S11,S21,freq
(-0.7885361566389966+0.302310813673478j),(3.5611661131560015e-05-2.514166387964007e-05j),1000000000
(-0.8111899084791448+0.3051851975434274j),(-3.8592582063731536e-05+8.641232563794602e-06j),1003000000
(-0.8085341621045223+0.37988663022219904j),(-9.264132906496998e-05-1.433917618253226e-05j),1006000000
(-0.7635287481203591+0.46874974977125256j),(8.096291356773049e-05+5.982825981269286e-05j),1009000000
(-0.7029409274124074+0.5118710269924494j),(4.671003420526431e-05+2.132330273405484e-05j),1012000000
(-0.6517732219505225+0.5608410729532747j),(7.095032292653336e-05-1.7685375378406396e-05j),1015000000
(-0.5744675475199951+0.5964026332972753j),(-8.510265765600733e-05-2.8976408202009394e-05j),1018000000
(-0.4864095745762107+0.5569920239647432j),(-2.8938765722241452e-05+3.9012641532393566e-05j),1021000000
(-0.5530051580040448+0.5322833127371855j),(1.5074953625210868e-05-2.2488748520416357e-05j),1024000000
(-0.5720634263169216+0.6156994292530688j),(1.9782090025820635e-06-1.1427421117774579e-05j),1027000000
(-0.5438117415853372+0.7063203352801809j),(1.8500553822875258e-05-4.679005072793822e-05j),1030000000
(-0.46912135547474765+0.7658115721033454j),(2.824843563868241e-05-4.612473348486838e-05j),1033000000
(-0.38496223541822316+0.7952999829247114j),(4.687043343758727e-07-7.238293156266421e-06j),1036000000
(-0.37365233668105974+0.8042625562544452j),(1.3790011542932856e-05-1.1772053281662272e-05j),1039000000
(-0.29385744060009283+0.8567668772958742j),(7.634625958569856e-06-4.6270754114421004e-05j),1042000000
(-0.22603890770279403+0.8780607746169419j),(8.839211103525246e-06+1.3038705454357373e-05j),1045000000
(-0.15231110208102747+0.8917158113757504j),(6.214839012704036e-05-1.2482643552718792e-05j),1048000000
(-0.08275372636542151+0.8965922604845894j),(-5.191590966767518e-06-1.5546109901859887e-05j),1051000000
(-0.01621654714362704+0.8926229256518543j),(-4.0069134002228425e-06+3.540729276667633e-05j),1054000000
(0.04637555338120509+0.8798644889305869j),(3.63593897501774e-05+2.3263945077835432e-05j),1057000000
(0.09577986335290056+0.8649787680955856j),(5.223717344632275e-06-4.959238189973778e-06j),1060000000
(0.13662137591852266+0.8598733840545604j),(-9.363380869373991e-06-4.858928235712526e-05j),1063000000
(0.19087172386117401+0.8611178282005176j),(-7.746292629075531e-06-2.655160460780787e-06j),1066000000
(0.2532008199190002+0.8575175074609208j),(2.8705332497126647e-05-2.0969395250657777e-05j),1069000000
(0.31431130314808226+0.84428037631627j),(5.07263454178766e-05+1.158019966109394e-05j),1072000000
(0.38193722741150277+0.8189940614214856j),(-1.1407243070104786e-05+2.488012579015219e-05j),1075000000
(0.4377902013384386+0.7932395200512502j),(-3.874305406609105e-05+8.32005970998509e-06j),1078000000
(0.4982267572383523+0.7567165857810232j),(2.044986204979411e-05-2.827894330744477e-05j),1081000000
(0.5211632649567323+0.6896017494352071j),(-6.764284854098443e-05-2.104172902745888e-05j),1084000000
(0.5636300704895113+0.6806913713958268j),(-2.1951581732747467e-05+5.192908575717036e-06j),1087000000
(0.6161669243809188+0.6577008757285088j),(-3.2850215116766826e-05+1.6668431331162567e-05j),1090000000
(0.6705140270235825+0.6106657565805033j),(-1.194019730119185e-05+2.4678889341145693e-05j),1093000000
(0.7141084144035785+0.5597956601129369j),(-3.510595157975477e-05-2.6428227289455887e-05j),1096000000
(0.7512004979391181+0.5075240413393424j),(-3.975451034029006e-05-2.4215879365147703e-05j),1099000000
(0.7813298844432418+0.4526645747755104j),(-9.865238559166803e-05-2.6691430697557584e-05j),1102000000
(0.8096729165783614+0.3961166499329627j),(2.2257683596643132e-05-5.484987717936358e-05j),1105000000
(0.8346204238529586+0.34057943116345424j),(-3.1223956346618084e-05+9.491345869217689e-06j),1108000000
(0.8544371591507779+0.2781549223805336j),(4.1200089084487486e-05+1.3710109239069704e-05j),1111000000
(0.8673290308080036+0.21753112165659574j),(-2.465885164033542e-05+5.725703648150701e-06j),1114000000
(0.8731378714164579+0.15016541878039621j),(2.217395709669342e-05-1.3332832931258434e-05j),1117000000
(0.8737891014297392+0.0943877037017028j),(1.310571265302803e-05-1.842737770269887e-05j),1120000000
(0.8760224456277153+0.03921425309822981j),(6.881008747044509e-05-3.0451588218869745e-05j),1123000000
(0.8733342636507102-0.023766071735586727j),(-3.1456160799958335e-05-2.473742366830083e-05j),1126000000
(0.8609476799710438-0.08431480062203563j),(4.565066296464586e-05+2.5541211647363065e-05j),1129000000
(0.8513480817538476-0.13937357967788108j),(7.135161268674525e-06+1.999592373019421e-05j),1132000000
(0.8260886146301495-0.2083839214267579j),(-3.0324835747013224e-05+1.7898755041667247e-05j),1135000000
(0.7929912259761778-0.25607175894060435j),(-2.2703450075779156e-05-3.561381030651337e-05j),1138000000
(0.7540062268478437-0.2922482231012879j),(-7.372128717574268e-05+2.4409439008571655e-05j),1141000000
(0.7295978057015768-0.307236430636811j),(-7.307149016820422e-05+1.48138904959331e-05j),1144000000
(0.721401493570708-0.3426456917965182j),(-5.754988361093717e-05-2.9121395658242735e-06j),1147000000
(0.7159334040281834-0.3872703981915744j),(-5.403438128796569e-06-9.332268001310409e-05j),1150000000
(0.7034410641300128-0.43503386786018167j),(-2.1675449357192974e-05-1.2745174308127947e-05j),1153000000
(0.6846860211870033-0.488850575211591j),(2.880770073837873e-06-6.197522509024488e-06j),1156000000
(0.6546953056849866-0.5448767332066019j),(-7.123668495689793e-06-4.166632756439524e-05j),1159000000
(0.6151663129775721-0.5981537144407844j),(4.175293638282624e-05-4.246892680703449e-05j),1162000000
(0.5677243626627451-0.6471363465959721j),(-4.526352007321438e-05-2.6701630329627036e-05j),1165000000
(0.5183601092135783-0.6914749872599996j),(8.505892986515873e-06-6.0255824462273664e-05j),1168000000
(0.4607528914050919-0.7294679070349759j),(6.35462687978297e-06-2.4300406576121167e-05j),1171000000
(0.4011409555388287-0.7567669003644754j),(-3.7628861636012295e-05-0.000100876536917576j),1174000000
(0.34083476514002403-0.7858620767368729j),(-2.4085920437610482e-05+1.572745873324534e-05j),1177000000
(0.2737659446193506-0.8018032252163323j),(8.93452860835093e-06-1.8011800011681736e-05j),1180000000
(0.2333123903956277-0.803098924628785j),(-3.2964803240069264e-05-6.0874986404358226e-05j),1183000000
(0.1688902876736582-0.8419428135941894j),(-8.419709699127927e-05-2.4662836732453122e-05j),1186000000
(0.10111732557793733-0.8467136658060566j),(-6.238807279608508e-05+2.0227555227563942e-05j),1189000000
(0.030788666184757747-0.8473073083684537j),(-3.762383914395335e-05+3.166054377027104e-05j),1192000000
(-0.035205754019990106-0.8459929022673616j),(-5.149712521888051e-05+7.139569667024193e-05j),1195000000
(-0.09792232239383841-0.8400002786166336j),(-5.448897454456231e-06-7.008299004205809e-06j),1198000000
(-0.16798010445899106-0.8281011666599553j),(-6.319933697249636e-06-8.134740782605486e-06j),1201000000
(-0.23922071853371754-0.8074703922317078j),(-5.1355182071732744e-05+4.773393592362015e-06j),1204000000
(-0.30505635494415795-0.7800855510661762j),(1.4517018259860675e-05-8.766021654760274e-06j),1207000000
(-0.36860007648736337-0.7420146302015391j),(-4.084715614187999e-05-6.966509249837369e-06j),1210000000
(-0.43206706530522665-0.6927894860198571j),(1.4547121205269879e-05+4.845127807815791e-05j),1213000000
(-0.4889702767463402-0.6333954105237898j),(-3.228734032598495e-05+1.9465230414583383e-05j),1216000000
(-0.5304912684607062-0.554671207406771j),(-2.4482159906867983e-07+7.664169183886774e-05j),1219000000
(-0.5454417624643819-0.4536778507183737j),(-6.339950704048052e-06-1.1428060102073849e-05j),1222000000
(-0.4761731866407151-0.36193549848423917j),(-1.6975233555017325e-06+4.691855129888062e-05j),1225000000
(-0.39873015089313824-0.3692083213409923j),(3.819668772985918e-05+1.984662751120134e-05j),1228000000
(-0.3667037273548888-0.5636389230470826j),(-8.982923437268132e-05-1.0770825145109433e-05j),1231000000
(-0.5826103900555205-0.4130789160180557j),(1.3671985575514465e-05+3.5512590525621466e-05j),1234000000
(-0.5263374904430005-0.4882082782893416j),(-8.314566730114578e-06-5.5881278740520495e-05j),1237000000
(-0.6009710983375035-0.45797175921985894j),(-7.088094935709742e-05-1.3669547902706263e-05j),1240000000
(-0.6621109461296905-0.40302175804600776j),(-1.7388139159940953e-05+3.732886380251942e-05j),1243000000
(-0.703259034013626-0.3800067279130605j),(3.0873307402852767e-05+9.552346425932422e-05j),1246000000
(-0.7663460772901177-0.31488060715534977j),(-7.320310303343231e-06+5.203022827410828e-05j),1249000000
(-0.79498729308167-0.24112145971275462j),(1.2451446856029799e-05-3.489714596198237e-05j),1252000000
(-0.824718835176627-0.17153456753933696j),(1.8724235923202956e-05+0.00010023291327217818j),1255000000
(-0.8413592367091741-0.09441071126632174j),(-3.5383465386833537e-06-4.212547533751866e-06j),1258000000
(-0.8422261149562299-0.019383619576785287j),(-1.71903419350288e-05-6.450715512642597e-05j),1261000000
(-0.8375726253472988+0.05389322031046565j),(-6.40880498313395e-05-1.370771195898141e-06j),1264000000
(-0.8298654150344165+0.11837559138834748j),(3.5113959729479835e-05-2.1257315219608228e-05j),1267000000
(-0.8139794424599341+0.18589013029066845j),(1.232568641157046e-05+2.173173534375452e-05j),1270000000
(-0.7930362857749926+0.2501735504416236j),(1.0089848688328632e-05-9.251224124114023e-05j),1273000000
(-0.7683964990943173+0.3075513068837655j),(-6.675991779190021e-05-2.5648457457372193e-05j),1276000000
(-0.7392776946871367+0.36150994435731765j),(-1.4666834794565829e-05+2.278412860602991e-05j),1279000000
(-0.7080815755344744+0.4155774283101007j),(5.0604456201001704e-05-5.645884832869529e-06j),1282000000
(-0.6747451888179185+0.46586187450638333j),(3.863034813113028e-06+7.010641338949254e-06j),1285000000
(-0.6367963093561603+0.5169317352907629j),(-1.0667760809636199e-05+2.8650410146050246e-06j),1288000000
(-0.5818693216206972+0.548362336848243j),(9.402385808609714e-06-7.824037523323093e-05j),1291000000
(-0.5469285749759927+0.6167937624475789j),(-1.298569667084331e-05+2.0689777606395725e-05j),1294000000
(-0.48231697472848095+0.6443578247196665j),(1.3848863473356368e-05-5.327425366396068e-05j),1297000000
(-0.4318204922076247+0.6397013575316197j),(-5.407415530678243e-05-8.15481797937667e-05j),1300000000
(-0.4322070324142462+0.6401795162782902j),(-5.191603062773939e-05-2.7788864019884047e-05j),1300000000
(-0.4195586620110551+0.6993982438206612j),(3.761786824426796e-05+1.7494215730207135e-06j),1303000000
(-0.3498985215228673+0.7109077109356499j),(-1.2535224076440314e-05+3.6517093059640915e-05j),1306000000
(-0.3154043540737678+0.7603209798681575j),(-8.869899563560802e-06-5.3533499494070085e-05j),1309000000
(-0.23568884632958179+0.7875791980956844j),(-1.5580795439885976e-05-4.309843264971224e-06j),1312000000
(-0.18153076970005538+0.8109404019660996j),(-2.1869802420920772e-05-4.4943367681183216e-05j),1315000000
(-0.11098022343917821+0.8067365966811371j),(4.343151497839757e-06-4.002923504538143e-06j),1318000000
(-0.033211012089994635+0.8109205612250489j),(6.292846299511106e-06-2.606948071363827e-05j),1321000000
(0.0388345634875336+0.7927735959415827j),(6.341661305707295e-05-5.109978320730144e-06j),1324000000
(0.09983366494878422+0.7666068213936719j),(-0.00010355415513723736-2.3234086085599263e-05j),1327000000
(0.16078488546964048+0.7325039548174033j),(-4.5471992698254794e-05-4.764539688710226e-05j),1330000000
(0.22885581231306085+0.6834631354349318j),(-2.2791666318367844e-05-5.746224707147093e-05j),1333000000
(0.1986849558096803+0.6323767727750579j),(-4.547054194194053e-05-4.866404685153753e-05j),1336000000
(0.20170668310515766+0.6211087587850511j),(4.582493168533725e-05-2.8037791049345026e-05j),1339000000
(0.23700497650857485+0.6109147335881723j),(-5.299872355593211e-06-3.42292737195335e-05j),1342000000
(0.16236737546092964+0.5994942613340186j),(-3.05146083878298e-05+3.962960460311154e-05j),1345000000
(0.25203714596988064+0.6913761950119359j),(-9.631111203691464e-06-1.6619554420875486e-05j),1348000000
(0.31578521193671866+0.6255433952068918j),(-1.3276664831586095e-05-7.201381448622359e-05j),1351000000
(0.40038080460204956+0.6521577986060273j),(-5.506457426867634e-05+3.4374593550179574e-05j),1354000000
(0.3186296367028119+0.6052419976291437j),(2.4437057923364432e-05-8.311710134781149e-05j),1357000000
(0.41667564297701254+0.6404077693313377j),(-1.406720355491962e-05+2.907835749265766e-05j),1360000000
(0.4916838876323595+0.6206259778118682j),(5.326451702250227e-06-2.1841054465179206e-05j),1363000000
(0.5427171043121412+0.5844540764333103j),(-5.262337487516199e-05-7.602112297994721e-05j),1366000000
(0.5903843638102286+0.551668395567401j),(-1.503478432524186e-05-4.110900041905378e-05j),1369000000
(0.6441717586948101+0.518511962464752j),(1.5092603791932597e-05-0.00012230849326806507j),1372000000
(0.700510523694992+0.4544365487763509j),(1.5074714828813058e-05+7.996590074028841e-05j),1375000000
(0.7056930301160104+0.3948983627988383j),(3.6148950262111024e-05-1.838878894409446e-05j),1378000000
(0.7597185590626718+0.36353669896219637j),(-5.334455396645545e-05-3.9010963481650684e-05j),1381000000
(0.7821670242133772+0.2917198521420791j),(-3.920823911062408e-05+3.4594059037599175e-06j),1384000000
(0.7974002433583836+0.23563906515397712j),(-3.240496908574593e-05-7.685789754459703e-05j),1387000000
(0.8129678526094984+0.17685417826761599j),(-2.5979449105789067e-05-9.646925922270914e-06j),1390000000
(0.8089973795318842+0.13543037408506808j),(-3.139077013779577e-05+7.191561782665455e-05j),1393000000
(0.8295926062590864+0.061099291909495194j),(5.046845039862187e-05-4.859361247524501e-05j),1396000000
(0.8204131095655239-0.0060035637197024955j),(-1.9218699673532085e-05-1.2479162194676283e-05j),1399000000
(0.812492072667874-0.04642596810816577j),(4.553287086440351e-05-6.038195516536076e-05j),1402000000
(0.8185225981594808-0.10419696566475765j),(-4.971883149153123e-05-5.0738691020997e-06j),1405000000
(0.8090768225424316-0.1729878275261547j),(-3.9393039256850185e-05-2.0073695036596753e-05j),1408000000
(0.7900377848386854-0.2346855937441855j),(-2.0899994614547306e-05+8.804356641294873e-06j),1411000000
(0.7639542043533151-0.29157107352895734j),(-2.9821433900368663e-05-1.1009670364783507e-05j),1414000000
(0.7314704805842128-0.3480640337772964j),(4.272920560381198e-05-2.5591331547130847e-05j),1417000000
(0.6949553136072105-0.3971520272321363j),(2.1240061888152426e-05+7.067714444752733e-07j),1420000000
(0.651849491475427-0.4382903706045131j),(8.693512111475128e-05-4.4085600747979285e-05j),1423000000
(0.6132328090150868-0.47037069829441686j),(7.462920384533939e-05-9.384112990840808e-06j),1426000000
(0.5886705132944912-0.5049863986694728j),(4.5950248050607166e-05-3.4482435629830765e-05j),1429000000
(0.5432870164831054-0.5550351489057701j),(-4.666659099586417e-05+7.633704812694435e-06j),1432000000
(0.48702723173400403-0.5884587567011483j),(-1.0584935304632586e-05+8.952206532449925e-06j),1435000000
(0.43267533108514916-0.6126575065019254j),(7.521424537904318e-06-7.241459088977656e-05j),1438000000
(0.3877935769364029-0.6254995856135419j),(4.650536343730049e-05-4.095746375668688e-06j),1441000000
(0.348823661596829-0.6471120420648875j),(2.4318732541434403e-05+1.6600214816334304e-05j),1444000000
(0.2926074726994987-0.6645433192112766j),(-4.0266271503584204e-06+2.7872663096135242e-06j),1447000000
(0.24692848339228787-0.6904264410650659j),(1.0964373837015262e-05-2.7858145458560595e-05j),1450000000
(0.18146140856842566-0.6966766732687332j),(3.093647592784456e-06-4.180373393335145e-05j),1453000000
(0.14379691949637796-0.6986510925040277j),(2.3688508501281895e-05-3.6142918453943705e-05j),1456000000
(0.06601675459047941-0.7137889497517581j),(-8.095696873363945e-05+2.9362734820158803e-05j),1459000000
(0.020596259054099775-0.6931518422398039j),(-2.1853702374118857e-06-2.2774648378585433e-05j),1462000000
(-0.03411920377145682-0.6803772024076137j),(7.569832735595654e-06-5.2111996793825205e-06j),1465000000
(-0.08690448104729973-0.6619921473060961j),(-3.146972811324863e-06-3.179690885029343e-05j),1468000000
(-0.1293942968837485-0.6362507358903409j),(-2.191249756197773e-05-2.4166722227010282e-05j),1471000000
(-0.16557621979997494-0.6245965553806911j),(-8.70085838747919e-06-1.0804904545883449e-05j),1474000000
(-0.20986484225717536-0.6007314813797242j),(-2.8076433504100015e-05-7.9413053450852e-05j),1477000000
(-0.2469200767703743-0.576078652748538j),(4.740869645161339e-05+3.596682764725969e-06j),1480000000
(-0.27780951264068204-0.547934120622502j),(1.5975836375531496e-06-3.636459148571725e-05j),1483000000
(-0.3087567889814727-0.5226920197355772j),(8.477068813545011e-06+4.4614956446359914e-05j),1486000000
(-0.3411570906358657-0.5051996839499928j),(-2.611695205801632e-05-2.2634930692447945e-05j),1489000000
(-0.37864923115649063-0.4803129399425968j),(-4.069774449302907e-05-5.212709205886818e-05j),1492000000
(-0.416581024464378-0.4499227613719312j),(4.410918403023558e-05+3.141235439878776e-05j),1495000000
(-0.46137057542560217-0.42085231721380456j),(4.602062886343301e-06+6.882917890978913e-05j),1498000000
(-0.4933610108265195-0.36204780012564297j),(-2.515253290097545e-05+4.9542466038528767e-05j),1501000000
(-0.506884800526436-0.30069941424903684j),(4.661575330124499e-06-2.255062219907546e-05j),1504000000
(-0.4897927855585338-0.23809427310738265j),(5.992808430817641e-05-6.925053597302821e-05j),1507000000
(-0.43347735660082043-0.2641937321836519j),(3.8671839732406944e-05+5.948726809559023e-05j),1510000000
(-0.454903014693861-0.3279666445088788j),(3.428563527115972e-06-2.6783480013501756e-07j),1513000000
(-0.6136885429226433-0.26224998827509777j),(5.613372355543696e-06+3.373251954611749e-05j),1516000000
(-0.6409066400553755-0.12175026792770194j),(4.3401858027037414e-05-7.046948596194327e-06j),1519000000
(-0.5559497189330966-0.19248514151441026j),(5.036827320003657e-05+1.7334853850367808e-05j),1522000000
(-0.678063024997293-0.08137924697295804j),(6.304811775864189e-05-8.260125699019926e-06j),1525000000
(-0.6628087603827607+0.033179682961807996j),(1.821444634314482e-05-4.743015858193458e-05j),1528000000
(-0.6485470142117008+0.11655320805201731j),(-2.1616527080043908e-05-3.5788304164613937e-05j),1531000000
(-0.5559763575854584+0.20067633328593534j),(-2.858240170508464e-05+4.717782519397876e-05j),1534000000
(-0.6040741671211823+0.2426916764759214j),(1.1901684367492925e-06+1.6421650254078905e-05j),1537000000
(-0.5576566909657293+0.3005523528810246j),(1.979651815229295e-05-2.544511118466826e-05j),1540000000
(-0.49985564806887184+0.36041318178976234j),(-1.409212782400789e-05+7.037167657478618e-06j),1543000000
(-0.4300562233639715+0.40022027957032574j),(3.0356942067138324e-05-4.64671653496422e-05j),1546000000
(-0.35100106707945083+0.41969862296381805j),(5.2581991682234584e-05+7.170574920646545e-06j),1549000000
(-0.2884302388664529+0.4208804416463866j),(2.5436038100411276e-05-8.21329303376998e-05j),1552000000
(-0.22480113667291854+0.39142796475061015j),(1.5089241713133718e-05-9.763121670147925e-06j),1555000000
(-0.2131543105481674+0.3454465691906482j),(2.600674599495485e-05+8.279650540655699e-06j),1558000000
(-0.23344607727525504+0.34411425699710435j),(-1.545319736440611e-06+4.3161976046277806e-05j),1561000000
(-0.2292811427907915+0.39426877741107114j),(3.251273891355095e-05-4.535150110316306e-06j),1564000000
(-0.16051600478294734+0.3551105651064609j),(5.250694537204857e-05+8.087026837228326e-05j),1567000000
(-0.1569898409758892+0.3974240367563456j),(3.930506444140183e-05-7.028115580183007e-05j),1570000000
(-0.12171986715168802+0.3986759132363459j),(1.9059532642375933e-05-3.744270181221523e-05j),1573000000
(-0.09431421551983384+0.4022013886077016j),(2.8708052060420218e-05+3.611184912701432e-05j),1576000000
(-0.05690501822263365+0.39936500027233474j),(1.1214583405919206e-05-3.4262289973577124e-05j),1579000000
(-0.04648048021158441+0.4009980012249608j),(4.398888031935408e-06+5.282659783646796e-07j),1582000000
(0.0015106470715478347+0.3721769455273532j),(6.369186743949332e-05+3.0255578271945123e-07j),1585000000
(0.013595050627000203+0.3516388513680622j),(4.194586426621301e-05-2.4846470544684646e-05j),1588000000
(0.020817661527400076+0.3432843675940822j),(5.476605263807571e-05-4.936178218909358e-05j),1591000000
(0.03012543257568912+0.3367186695109543j),(-3.834459976519051e-06-3.349704328415819e-06j),1594000000
(0.024201654245456693+0.33560353093171796j),(-2.5684506776432162e-05-8.865389598951939e-05j),1597000000
(0.0654208306081118+0.39847087744312115j),(-2.0241698831959316e-05-2.1773987857067028e-05j),1600000000
(0.07354723621848039+0.40029303332629607j),(2.185042712631727e-05+4.785504211913467e-05j),1600000000
(0.14591747407674285+0.3628223218475143j),(-1.5547187954636655e-05+3.3762362302325435e-05j),1603000000
(0.15562426837129287+0.34527013011947133j),(7.283592367114608e-05-2.6388245002157856e-05j),1606000000
(0.1905768358476935+0.3059374261885252j),(4.7598315176912144e-05-3.4585693747408246e-06j),1609000000
(0.20968080390606506+0.25916516836730974j),(1.224254040317102e-05-5.956550790774001e-05j),1612000000
(0.21363123421956323+0.2074791127189809j),(4.4314179541069e-05-3.0989968108379985e-06j),1615000000
(0.16602919485566983+0.1642700444481833j),(5.856657293714397e-05-3.568344950387587e-05j),1618000000
(0.16645248180159491+0.2699960907007771j),(3.7247212314375314e-05-1.3274808720288023e-05j),1621000000
(0.2724726657009303+0.17996467248465933j),(-3.4224069174994423e-05-6.348405564874873e-06j),1624000000
(0.25797078344581503+0.08871720121506198j),(-6.123027612689522e-05-4.297209618486247e-05j),1627000000
(0.21177723253892633+0.030179909300852317j),(2.0220999036750394e-05+2.0678108842938618e-07j),1630000000
(0.1475746680463752-0.003818318249225551j),(5.495015395549039e-05-6.048621585505564e-05j),1633000000
(0.10722925547026718-0.0053559181059492054j),(-6.375579808963617e-05-8.405483876546865e-06j),1636000000
(0.05135581550374352-0.019486233615375357j),(3.911610103477849e-05-2.1735848907706108e-05j),1639000000
(-0.016326974920140732-0.005949712658529135j),(7.247363826182364e-05-4.9727417491601925e-05j),1642000000
(-0.07603918911365601+0.03500396666914064j),(-3.227880069120596e-05-6.0093955899356965e-05j),1645000000
(-0.12136611195248379+0.09590237019454603j),(4.690168175711411e-05-8.764631381859922e-05j),1648000000
(-0.1302685341659668+0.16607443407564892j),(-2.0687267600606724e-06+2.874597018768043e-05j),1651000000
(-0.13393089238065667+0.23045005708644128j),(-8.23977489418608e-05-7.760816847813217e-05j),1654000000
(-0.09178867345889+0.31325794629779524j),(-3.584990452191148e-05-2.047347208156578e-05j),1657000000
(-0.0974826490559059+0.345637495994828j),(4.1884965473543954e-05+4.578071968528835e-06j),1660000000
(-0.04192619356759564+0.4189603389733285j),(2.1883656740473653e-05+7.017869333806408e-05j),1663000000
(0.03574940895071874+0.46139038419281975j),(1.2273260582292183e-05-5.629152474958439e-05j),1666000000
(0.11139746718177253+0.43269319603612166j),(-5.325582273412793e-05+3.4917544400963353e-05j),1669000000
(0.14336349954053207+0.48667896423850954j),(4.110937056945603e-05+3.507969132134124e-05j),1672000000
(0.20578010313435943+0.4593868564490383j),(1.8888312260252153e-05-6.139824200160599e-06j),1675000000
(0.238600435887539+0.46593993261492705j),(9.389415368295108e-05-1.4865568388389598e-05j),1678000000
(0.2958801666740696+0.4730765102375467j),(-1.8361980794671854e-05+9.372284281408187e-05j),1681000000
(0.3589295643611027+0.46838514818389976j),(5.518049325101918e-05-1.5397254345296234e-05j),1684000000
(0.4233989294519405+0.44751403374332777j),(2.585215035421914e-05+4.705668140835503e-05j),1687000000
(0.4852229805753324+0.4108575743480317j),(-1.1086034041766024e-05-5.666806946932714e-05j),1690000000
(0.5361574599822304+0.3693180175110052j),(-2.0236007669371994e-05+4.2403881804663265e-05j),1693000000
(0.5732935907013282+0.3211965105765673j),(3.644254382551591e-05+3.1712350760930234e-05j),1696000000
(0.6070294464026387+0.28911193392120527j),(-5.727533260100722e-06-1.9251142758656438e-05j),1699000000
(0.6749774182361553+0.23233670048981242j),(-4.750298381784023e-06-1.5061212942997384e-05j),1702000000
(0.6800741544315642+0.1860760446351943j),(5.2484784931699974e-05+7.386920248114429e-06j),1705000000
(0.7012744429622327+0.10733584351113203j),(5.3755332081131144e-05+4.500886167964122e-05j),1708000000
(0.7275578297047924+0.07891914461373789j),(4.844665093199936e-05-3.1568608823152666e-05j),1711000000
(0.7590874022672891-0.010856067788925033j),(5.074650857039117e-05+2.8353587515397492e-05j),1714000000
(0.7611931266520177-0.10116981310041259j),(-2.3212587125076934e-05+4.8740436883816387e-05j),1717000000
(0.7449261836849906-0.1706374994249696j),(-1.679934595283911e-05-1.3276413149426632e-05j),1720000000
(0.7151003620577936-0.25160445232903067j),(2.3428726687989253e-05-1.3891240741779272e-05j),1723000000
(0.6792469575617811-0.28294142906057845j),(-5.190240879588191e-06-1.3300633031979594e-06j),1726000000
(0.6978367659679869-0.3638424920648768j),(3.895899768682399e-05-1.3464071734565233e-05j),1729000000
(0.6294597722140592-0.47560564298421715j),(7.313674510956224e-05+7.30728328191085e-05j),1732000000
(0.4820268191444345-0.5246763684589963j),(2.945279450617986e-05-2.2907754499160495e-06j),1735000000
(0.39601993438640626-0.4450883452614225j),(-1.3530207035026603e-05-3.5668972734110936e-05j),1738000000
(0.5023057561781885-0.3449183205286318j),(5.198534803170572e-05-1.532961033653785e-05j),1741000000
(0.5298527689182948-0.5018257595508648j),(3.119422831594136e-05+7.292465678981835e-06j),1744000000
(0.3986618874662822-0.5702203480985605j),(7.50699192616283e-06+3.8800125977663944e-05j),1747000000
(0.3875259596890545-0.6706761479738235j),(1.18800011830721e-05-5.364376613832394e-05j),1750000000
(0.25869472127487325-0.7061811739859802j),(6.733552823503651e-05+4.103163993190061e-05j),1753000000
(0.08697862064455532-0.6958323019195573j),(3.0660436160494665e-05+3.20149405637881e-05j),1756000000
(0.11480685682235979-0.3940565899752144j),(9.14513541866392e-05+2.050252323377039e-05j),1759000000
(0.1516221831310116-0.6204103640270203j),(-2.1785650584037634e-05-3.82412163538663e-05j),1762000000
(0.05173808090910491-0.613899538731828j),(-1.8734604423155237e-05-3.796168374989822e-06j),1765000000
(0.06640344706449491-0.45426196332568874j),(-2.5711261454106163e-05+1.4975653390323738e-06j),1768000000
(0.1921142628517115-0.6102571337554897j),(5.6751831154955075e-05+5.882892090513794e-06j),1771000000
(0.09603497864676509-0.6973729293013142j),(5.7015640322047245e-05+3.499638388324009e-05j),1774000000
(-0.047394528170753514-0.7545985136541065j),(-4.7148473722563784e-05-1.686748820730594e-05j),1777000000
(-0.14716113171204448-0.7101662980347447j),(0.00010827196719412765-1.812685556959142e-05j),1780000000
(-0.2639728309262058-0.6827921443603976j),(1.2228113512276788e-05-4.07523117010836e-05j),1783000000
(-0.3268839631631193-0.6177472110306447j),(2.9182682289892557e-06-2.3586769889859856e-05j),1786000000
(-0.3845771759817889-0.5645206362826861j),(0.00012744993526717368-4.910509584816445e-05j),1789000000
(-0.4409317220103856-0.5031481959068739j),(-8.69282313438922e-06-3.538216040497949e-05j),1792000000
(-0.4891762721897848-0.4215968034752392j),(6.965734168371707e-05-4.5472454541056704e-05j),1795000000
(-0.47273540372994893-0.3366446945777233j),(9.581428119561303e-05-4.1529356954363815e-05j),1798000000
(-0.4716547923129625-0.32663767125417353j),(2.060049304145491e-05-2.9098615449049927e-05j),1801000000
(-0.5135559738134913-0.28110034059791245j),(7.680487537307674e-05-4.873961122642083e-05j),1804000000
(-0.5504576584571844-0.21618685032559598j),(0.0001378632844530527-6.004151642829844e-06j),1807000000
(-0.5341574224158038-0.10982639928076172j),(4.157868607760685e-05-8.69316547345531e-05j),1810000000
(-0.49117053842529457-0.06582173989710748j),(5.475982776720796e-05-5.164449380365967e-06j),1813000000
(-0.4907882607693026-0.08177247504436516j),(-2.7270291333605608e-05-6.322488224364552e-05j),1816000000
(-0.5104997095315505+0.02744459452180173j),(7.75376217426711e-05-1.4716473266889761e-05j),1819000000
(-0.4665760264505896+0.008842941833396848j),(2.1160809509589646e-07-8.243057545183624e-05j),1822000000
(-0.4635176673363283+0.10153105164247671j),(5.058893211408425e-05-5.459756647837116e-06j),1825000000
(-0.3580335646711092+0.14465704286580458j),(7.82316814144434e-05+1.1154501226064666e-05j),1828000000
(-0.28318332088582104+0.08069834888895006j),(3.3334131201336385e-05+7.754234549593904e-05j),1831000000
(-0.32850828810248606-0.018820739775785j),(6.207569669023955e-05-3.1011026304967995e-05j),1834000000
(-0.48764099082805823+0.12748509370401753j),(6.807105134794087e-05-1.588815524232582e-05j),1837000000
(-0.4271460785480453+0.004235528671088528j),(1.654320935979186e-06+3.7704926757232896e-05j),1840000000
(-0.538729246884468+0.09833022305005727j),(4.314928020449127e-05-2.991985246554592e-05j),1843000000
(-0.5326979866226387+0.24152576629874992j),(5.515223521734887e-05+4.818312980968996e-05j),1846000000
(-0.49573182179015546+0.320141506606637j),(2.15431902527455e-05-7.982250004350817e-05j),1849000000
(-0.4400431132134557+0.4088610826807363j),(3.811162756845478e-05-6.207614067161884e-06j),1852000000
(-0.3524463415040078+0.47610620764132977j),(8.008931952426963e-05-2.318448193903305e-05j),1855000000
(-0.2742688650318239+0.4838526863495731j),(0.00010367404378984737-6.200784666300941e-05j),1858000000
(-0.19417134998900362+0.5067683313897661j),(4.348694128316867e-05+8.252977827639663e-06j),1861000000
(-0.1075758445772626+0.5039292400083741j),(7.726552914962718e-05-5.972263283675933e-05j),1864000000
(-0.01835505191849553+0.4668550732637017j),(9.570404302690988e-05-1.710884945444357e-05j),1867000000
(0.019433721634837333+0.4239811778974418j),(-7.138629042967975e-06-8.404518644843975e-05j),1870000000
(0.07432822072608657+0.35162983711660306j),(3.8420319718508085e-05-5.544383126742539e-05j),1873000000
(0.07065207920629618+0.2756474599379197j),(4.105057465279323e-05-0.00011050605163358536j),1876000000
(0.020183620449322023+0.226645655681914j),(4.4570997961422886e-05-1.1662740597396565e-05j),1879000000
(0.007221084569415755+0.266952115164991j),(1.2695616947191847e-05-2.0683597083752634e-05j),1882000000
(-6.646242785821457e-05+0.26983155744285386j),(1.4659488139409507e-05-0.0001047329171120649j),1885000000
(0.03742763504281685+0.24025309125997857j),(-1.8938449786252074e-05-3.18250545550984e-05j),1888000000
(0.0019896275443942882+0.23853129675729576j),(1.7115643494622626e-05-5.97828746716479e-05j),1891000000
(0.003914682943309884+0.2550126944663108j),(2.2387549729346895e-07-7.382089601369944e-05j),1894000000
(0.012682432956914146+0.26021241839154335j),(2.1891715758740083e-05-7.821427744606174e-05j),1897000000
(0.013432419586145253+0.26598552914502327j),(-3.207621300779e-05-8.271979107420304e-05j),1900000000
(0.013867097534374526+0.2660284318199651j),(-7.394761877264497e-05-6.574156852360746e-05j),1900000000
(0.02697652000956753+0.2853086956281023j),(-3.132092780456022e-05-7.475671310845594e-05j),1903000000
(0.05521887057077471+0.30306494399358186j),(2.1316359133192556e-05-9.978149490774574e-05j),1906000000
(0.11089750897522262+0.2840656971129592j),(3.511651304890598e-05-6.838122779069444e-06j),1909000000
(0.09887087549361114+0.23351762754443972j),(-4.681726882417025e-05-5.992361041940783e-05j),1912000000
(0.09233729564083541+0.20485228682110881j),(-9.204435614552065e-06-5.184062730939103e-05j),1915000000
(0.038648702817657546+0.2476899016295785j),(3.503913638837528e-05-6.346521253658188e-05j),1918000000
(0.10968524734026791+0.3109458900488041j),(-3.774675452282278e-05-1.8089534242471994e-05j),1921000000
(0.16003930932741114+0.29826503105253865j),(-3.893973913320656e-05-3.047397216644998e-05j),1924000000
(0.23767399538731737+0.21360045014895085j),(-3.287328456111992e-05-6.49617241601295e-06j),1927000000
(0.20510313868543822+0.11712281436708893j),(-8.454861737674974e-05-5.757264968192322e-05j),1930000000
(0.14380077309370923+0.09247447152698758j),(3.217743148147231e-05-2.4861789615981946e-05j),1933000000
(0.09454376320902355+0.07771681770788406j),(5.2742865952344185e-05-7.723608779372249e-05j),1936000000
(0.05397708298364384+0.10133034030780436j),(3.604021984521118e-05-9.26252642687657e-05j),1939000000
(0.01474996260624359+0.12494885237268333j),(-9.183435017240234e-06-1.693560637439131e-05j),1942000000
(-0.005542385838821205+0.17507565148685403j),(7.692294100457279e-06-0.00011604538414153404j),1945000000
(-0.011511984275435098+0.21829175796449715j),(-1.913916662940097e-05-6.646945223987482e-06j),1948000000
(0.003454158495407643+0.2686752600373477j),(-8.026936144199919e-05+3.815996005855833e-06j),1951000000
(0.03442460877477657+0.3145027648504023j),(-6.819775158486932e-05-3.0892106466234146e-05j),1954000000
(0.08230058506383232+0.3392442016449212j),(-4.291551667357279e-05-3.553032851172171e-05j),1957000000
(0.14040049855721723+0.34428890898739145j),(9.19591013313279e-06-5.575442392066638e-05j),1960000000
(0.18287248323125418+0.3007453909844858j),(3.593429901863911e-05-6.102019600173731e-05j),1963000000
(0.11717757461189117+0.2939632946313093j),(-9.814985467038343e-05-2.6843654818002546e-05j),1966000000
(0.1353475100570663+0.3713070192000878j),(-2.9743158086945952e-05-2.3647215118875278e-05j),1969000000
(0.21083407950847083+0.4103545279157874j),(7.998115862244365e-05+1.3579246869849714e-05j),1972000000
(0.2549064879949994+0.4312983469569399j),(-0.00010972160142409835-3.4876837733243855e-05j),1975000000
(0.3361441121067791+0.42828054933678866j),(-5.181450532718314e-05+4.479420837669501e-05j),1978000000
(0.40099686942460017+0.4091385953380611j),(-4.9885072604686404e-05-3.2364358017149676e-05j),1981000000
(0.46713061299721503+0.3816160558691511j),(-1.6795539569827071e-06-3.8149850604611984e-05j),1984000000
(0.5278653198826484+0.3321440280074294j),(-4.406060777891569e-05-7.283984453378137e-05j),1987000000
(0.573546815564867+0.27551904804850497j),(-1.660888171001332e-05+5.13490848816691e-05j),1990000000
(0.6054457843222704+0.21668152274491978j),(7.606382406571559e-07+4.4160283236701925e-05j),1993000000
(0.6309898175947588+0.15175872333880475j),(-1.94257358494932e-05+6.668128915854655e-06j),1996000000
(0.6380860866990049+0.08252417919362144j),(-1.201592246357543e-05+6.50109910610281e-05j),1999000000
(0.6407181521624932+0.018819250525788384j),(1.630424233243611e-05-6.23812569687712e-05j),2002000000
(0.6305752666377091-0.03126546259230949j),(1.783464413388122e-05+2.809642689773451e-06j),2005000000
(0.6047710893135155-0.07835961503833912j),(-4.312986577949837e-05+1.7132447990133845e-05j),2008000000
(0.5896326027854549-0.10337888314298578j),(-5.90476037799708e-05-3.208695662902141e-05j),2011000000
(0.5942146931740262-0.13512996208203146j),(-6.95153637101543e-05-3.361233480548921e-06j),2014000000
(0.6010461775339033-0.20241318645772552j),(1.1486646219811747e-05-4.76127988602e-06j),2017000000
(0.5708715730730854-0.2526818794611222j),(-5.9125058342061034e-05-6.883280267795544e-05j),2020000000
(0.46908793608199545-0.3098042079747518j),(-2.9667237424007516e-05+1.0526031808354072e-05j),2023000000
(0.4369451496943854-0.24925002987395398j),(2.1582499979149527e-05+4.524361290352047e-05j),2026000000
(0.4648017644614191-0.2458117676422135j),(7.079265646919072e-06-6.007266586044903e-06j),2029000000
(0.4876416843910414-0.2894581100717613j),(-1.78233643843647e-05+2.919000923927542e-05j),2032000000
(0.45924669515098854-0.2824273703185621j),(-7.102531957917723e-06-3.4817395870823585e-05j),2035000000
(0.47378304774597235-0.3574098385064849j),(4.991978155142927e-05+2.6520259248943734e-05j),2038000000
(0.48242635714704113-0.4490539917902929j),(-3.6416755290098136e-05-1.535712161192722e-05j),2041000000
(0.39398501896642585-0.5134797824813889j),(3.5201785303686775e-05-1.7583815731519287e-05j),2044000000
(0.4552248128117605-0.4949122135648036j),(4.692998294562685e-05-6.880298607558532e-05j),2047000000
(0.2467532569001887-0.6368859128870434j),(-1.4752654288010202e-05-4.1206980984688994e-05j),2050000000
(0.26431349212836724-0.6251154367167083j),(6.118582598521795e-06+8.625965561395427e-06j),2053000000
(0.09074036526753382-0.5444558824281982j),(3.6280352663333085e-05-1.2632345671873243e-06j),2056000000
(0.15723997558608446-0.42962759066758793j),(1.4145380815723384e-05+2.3295370764840673e-05j),2059000000
(0.17036623455247824-0.4143580022867233j),(3.719937022490454e-05+2.8790415663151563e-05j),2062000000
(0.23028649632727605-0.587525139087428j),(-1.1964227351353809e-05+6.565087561422141e-05j),2065000000
(0.1327794386315618-0.673415769248805j),(-6.029715161458753e-06-3.8606424757499955e-05j),2068000000
(0.005900717191259342-0.7010200528780917j),(3.8123169693971014e-05-1.7947257790559545e-05j),2071000000
(-0.11173299781345436-0.6472217238249731j),(4.700019867987005e-05-3.61267030397078e-05j),2074000000
(-0.16151047641250094-0.6741644875340557j),(8.228282709507232e-05+4.661962806792831e-05j),2077000000
(-0.321768750126164-0.44869614939947045j),(3.688431557085973e-05-2.7525319220036565e-05j),2080000000
(-0.3004238482720079-0.4205919109620609j),(-5.92119597752749e-06-4.282097797582093e-05j),2083000000
(-0.25213009865863356-0.34454602325524947j),(-2.3129853652233006e-06-5.5810715552041104e-05j),2086000000
(-0.23143009423073066-0.3287668835825266j),(-2.2631544170083686e-05-9.014286733428448e-05j),2089000000
(-0.2022597697992768-0.3128404908725369j),(0.00011063347637305555+5.25463899961322e-05j),2092000000
(-0.17192405244451983-0.31831017198782563j),(8.661897366481105e-05-1.6335261382542084e-05j),2095000000
(-0.17486546289375243-0.37094287553381533j),(4.9127704796757515e-05+3.9210009700884e-05j),2098000000
(-0.24464764185618768-0.41184508466580244j),(-1.184985220805066e-05-7.116370467682457e-05j),2101000000
(-0.3350466020710294-0.3834766251427039j),(-6.2344192089456684e-06+4.4569677130579804e-05j),2104000000
(-0.30912591593952893-0.2813219967772203j),(1.4035240743938362e-05-6.337892028365848e-05j),2107000000
(-0.42819097951315327-0.3365469024987934j),(6.490705783816848e-05-3.253253516738601e-05j),2110000000
(-0.533459286905-0.27339952303430975j),(1.5838859256786998e-06-7.019941335050039e-05j),2113000000
(-0.5508884679945639-0.16029008719523147j),(5.300716861870222e-05-6.910416201076263e-05j),2116000000
(-0.5459374160285503+0.018158520775891085j),(-5.15658538694128e-05-5.218397250658875e-05j),2119000000
(-0.40652751634426976+0.10546094281403887j),(6.136056970098087e-05-3.793105886158744e-05j),2122000000
(-0.2705445137308377+0.11847110512409056j),(2.400144501382646e-05-7.297011933970773e-06j),2125000000
(-0.22577546718415498+0.0178278868264995j),(-4.253224721923923e-06-4.269314000393452e-05j),2128000000
(-0.15729169876182603-0.07795186275047114j),(-3.4205409623008075e-05-6.703845541307207e-05j),2131000000
(-0.24577304248908982-0.1416224393949365j),(7.508580825617278e-05+1.893428747052724e-05j),2134000000
(-0.3168053773061037-0.11743718858722182j),(5.4883037268173244e-05-4.804529135382274e-05j),2137000000
(-0.3103108718825892-0.0955834870167434j),(9.261367208337295e-05-2.030858213946456e-05j),2140000000
(-0.3674784341457945-0.10975312333080779j),(-5.9981965080925074e-05-3.0605893391186526e-05j),2143000000
(-0.39264335071666845-0.09725453394794478j),(-6.723216586113923e-05+2.2820059003099317e-05j),2146000000
(-0.46336711816039833-0.04557442620850653j),(1.9865301236408932e-05-1.8063805135797117e-05j),2149000000
(-0.49246921316219144+0.021240861337703455j),(9.551943083424029e-05-4.2617625879451065e-05j),2152000000
(-0.5038441241004916+0.06193523760562931j),(-5.385973176687461e-05-8.075027226838545e-05j),2155000000
(-0.48933384655060425+0.1601145298661424j),(-4.12842498455994e-05-6.029972114605018e-07j),2158000000
(-0.4992333352623835+0.11026441175860012j),(1.994151342315655e-05-0.00010819797053638126j),2161000000
(-0.5149564916228079+0.2116850659771617j),(-4.816720471816082e-06-2.7521752342553473e-05j),2164000000
(-0.4900354011661856+0.25300738723465355j),(1.9756286036263555e-05-3.6903976553470625e-05j),2167000000
(-0.5116939891996756+0.3116937351413206j),(-1.684231998287971e-05+1.748438703199093e-05j),2170000000
(-0.42119119132067623+0.357128526397433j),(-1.8685678040647003e-05-1.229041875391528e-05j),2173000000
(-0.4267372262411168+0.39494915435229444j),(6.613539982756235e-05-7.15631494591244e-05j),2176000000
(-0.40574894946193923+0.4250326194004707j),(8.709011714160647e-05-1.0351125610874314e-05j),2179000000
(-0.38410420204449697+0.4857533397367299j),(7.200983693632315e-06-7.34106232833991e-05j),2182000000
(-0.3476291700531774+0.49760307983979185j),(3.440990334142047e-05-7.551491962974861e-05j),2185000000
(-0.3245581436556613+0.570103815266162j),(8.028215356593369e-05-9.542159657311986e-05j),2188000000
(-0.21817913744795134+0.6024846979517712j),(5.7627795746395835e-05-2.439444709763848e-05j),2191000000
(-0.24055330192856542+0.5362349302025987j),(8.331469704697179e-05+2.10122192259535e-05j),2194000000
(-0.23634369365048438+0.6138506517157057j),(1.1086135791338096e-05-1.2197151821284021e-05j),2197000000
(-0.18657605618910086+0.6667045995700117j),(-2.024547829686494e-05-7.694352423317343e-05j),2200000000
(-0.17485324429891508+0.6742734442364355j),(-4.024931413286759e-06-5.031161931947087e-05j),2200000000
(-0.10900612500331822+0.7116967264180851j),(2.756803813472007e-05-7.375934126153472e-05j),2203000000
(-0.047579842207757954+0.738202409368701j),(7.350283014123661e-05-6.339548242278526e-05j),2206000000
(0.029667037935018882+0.7472289732829746j),(6.35819449465354e-05-1.7360246660639525e-05j),2209000000
(0.10818650867787437+0.7542962616292022j),(-1.1887313476899524e-06-2.1690966290626718e-05j),2212000000
(0.1891500413421879+0.7476357662608103j),(7.198680344969807e-05-4.0245578042591926e-05j),2215000000
(0.2648860990343394+0.7182940466550701j),(3.2420435223938247e-05-9.70840539485096e-05j),2218000000
(0.34211278231953524+0.6741838161691565j),(6.550104759607765e-05-2.4202947824469355e-05j),2221000000
(0.4018001338025186+0.5878847000991991j),(0.0001061656274616104-3.510224085687244e-05j),2224000000
(0.4345433540284841+0.5131037500231357j),(3.590180029667544e-05-5.457834901937522e-05j),2227000000
(0.3886184243038499+0.44583340629864704j),(7.231951713138461e-05-8.79590883862517e-06j),2230000000
(0.35527797905001585+0.4578426013375674j),(-2.5576337487378054e-05-3.664871973502242e-05j),2233000000
(0.38380453462990205+0.4683264470260583j),(7.491330924864661e-06-3.6099108765542045e-05j),2236000000
(0.4110242063550558+0.44269683817859407j),(1.9179887492793916e-05-1.0231164579345743e-05j),2239000000
(0.4589138423922196+0.4283830912816679j),(1.802737238000194e-05-9.371103089801433e-05j),2242000000
(0.4655229906521304+0.37521335770104575j),(-3.881675674652016e-06-4.780656705279975e-05j),2245000000
(0.4159905038913193+0.3707124258103316j),(2.2738368847570384e-05-4.424756657405262e-05j),2248000000
(0.45165807228015076+0.4183441327797125j),(-1.4834029445493162e-05-7.276873673895586e-05j),2251000000
(0.5203510115213169+0.43477193717298435j),(2.037359299373115e-06-1.859502351358909e-05j),2254000000
(0.601301777502531+0.36698288139120555j),(-3.131002693825906e-06-4.5102068872145064e-05j),2257000000
(0.5975525639379822+0.3716193983296046j),(-7.19656681010974e-06+3.50455160626914e-05j),2260000000
(0.6617743548307586+0.32367250626425687j),(-1.3823052582456918e-05-7.941096604410876e-05j),2263000000
(0.6884222057105464+0.2800156511196677j),(4.2784601647793484e-05-5.624506696959754e-05j),2266000000
(0.7368177135530501+0.22686791726789646j),(-3.832943247925874e-05-3.34168700814328e-05j),2269000000
(0.7633872375537868+0.15747274705283848j),(2.6724043186382056e-05-5.763677463811056e-06j),2272000000
(0.7673294436617697+0.07935860037719723j),(1.2430487892359337e-05+4.894391910177314e-06j),2275000000
(0.7574849142066303+0.018080359978486085j),(3.108383545879978e-05-5.8563362240085667e-05j),2278000000
(0.7402455958316118-0.04264699291194681j),(2.298288051368132e-05-2.237221342317171e-05j),2281000000
(0.7351485362890731-0.10604228790151081j),(3.134870628926888e-05-5.1960559325387666e-05j),2284000000
(0.6471467444851164-0.15411146504432768j),(6.681701808498497e-05+8.5699598165611e-05j),2287000000
(0.6258888504877059-0.08866782215540248j),(3.991330142397896e-05-6.707058816117591e-05j),2290000000
(0.7030852506634937-0.10333500853638933j),(1.1176143957684436e-05+3.720947747344185e-05j),2293000000
(0.7075677789134336-0.17921764247431932j),(-3.111153694823695e-06+3.3737765168869684e-05j),2296000000
(0.7085999939905674-0.2297213319187194j),(6.813990883783002e-05-4.751074905266197e-05j),2299000000
(0.7000401248491904-0.27474947496948315j),(-2.9540837263330696e-05+1.0014139128608425e-05j),2302000000
(0.6942172818166307-0.34110902264617166j),(-1.82318120453731e-05-8.999336866799322e-05j),2305000000
(0.6635408005534311-0.4020088925380601j),(2.0274015413947214e-05-6.119379606458331e-06j),2308000000
(0.6175728979692889-0.45520424595093767j),(2.886119872945113e-05-1.9495933376914226e-05j),2311000000
(0.5582901921167909-0.46207617761299746j),(1.4875876229435168e-05-7.592395872179482e-06j),2314000000
(0.5648732577593045-0.47171203341416473j),(3.611850641933818e-05+1.9326327073608463e-05j),2317000000
(0.5637989491515922-0.5282316133738937j),(-1.4663098109669111e-05-2.8091041037263864e-05j),2320000000
(0.5126714340074576-0.5943574306290177j),(1.32906760550879e-05-3.0162292100216102e-05j),2323000000
(0.44856904873190606-0.5944022850578689j),(-3.945540013734237e-05-3.7777333113239533e-06j),2326000000
(0.4270457788748835-0.6419376158811819j),(3.6869401703960476e-05-6.270882496698445e-05j),2329000000
(0.3652121928573932-0.672203315775701j),(4.7396882117684567e-05+3.4035767194281664e-05j),2332000000
(0.33156783586389527-0.6835849442781647j),(9.360422555726061e-07-6.340791549201298e-05j),2335000000
(0.29158186518739476-0.7045604547820351j),(-7.517701284501149e-06-1.4232820564992436e-05j),2338000000
(0.21893316043058422-0.7357395015204822j),(1.2016160930910579e-05-6.028117688212102e-06j),2341000000
(0.16803827777262673-0.7329879036550689j),(3.823426864790819e-05+2.561229447334989e-06j),2344000000
(0.13622553243450958-0.7399556685122166j),(2.0902015872501715e-05-2.7532709092985938e-05j),2347000000
(0.0772834751466753-0.7641012084868009j),(4.303079112378883e-05-4.480612175701558e-06j),2350000000
(0.024370987057392-0.7668629463141848j),(1.7672108100248126e-05+1.2210165677774517e-05j),2353000000
(-0.04387460359832458-0.7474120908785474j),(2.608235596404466e-05+1.7256986488958523e-05j),2356000000
(-0.08588205185509093-0.7313336181520035j),(3.023800613866778e-05-6.886258775271619e-05j),2359000000
(-0.11413676452195734-0.7374188736584023j),(-7.061834766409166e-05-2.6047321602387693e-06j),2362000000
(-0.18021628310111631-0.7502159160507572j),(6.578719440590495e-05-6.642028505522571e-05j),2365000000
(-0.260561363119695-0.7369993921069079j),(-2.7108314201637492e-05-1.4906752754273986e-05j),2368000000
(-0.3308793021475534-0.697924853641336j),(-1.0986280196172184e-05+1.2479108296412298e-05j),2371000000
(-0.37655745747064734-0.6553774047911031j),(3.5181312581729683e-06-4.6249607869933246e-05j),2374000000
(-0.41656979361693336-0.592915353947048j),(6.337207905527901e-05-9.519303053973358e-06j),2377000000
(-0.4159662415808509-0.5709176852205816j),(4.203233036658374e-05-1.98109518675329e-06j),2380000000
(-0.45982717650403254-0.5367646858200898j),(-1.2569956555616028e-06-4.66421439136838e-05j),2383000000
(-0.4922506324209003-0.5285295014246816j),(3.965731945445971e-05-1.3750868010060918e-05j),2386000000
(-0.5407480270881704-0.510880627943172j),(-8.55286014470312e-05+4.80250435328574e-07j),2389000000
(-0.5995726032391612-0.4750907223130521j),(1.540357344803837e-05-9.526718731522767e-05j),2392000000
(-0.666694256291426-0.4152514621856788j),(4.849279876856623e-05+3.8559415000361564e-05j),2395000000
(-0.6913277486684763-0.3448824936697817j),(5.0676639409156536e-05-5.215868925503543e-05j),2398000000
(-0.7328247357683517-0.27898508212685724j),(7.447842158924652e-05+9.089845226639092e-05j),2401000000
(-0.7286859377947197-0.16950000073072435j),(8.040122451811363e-05-3.964723569800647e-05j),2404000000
(-0.7315301219028675-0.16342446239726857j),(-2.7658279990321437e-05+1.5733715483341678e-05j),2407000000
(-0.7541892783438593-0.10696185150764188j),(7.119653148722383e-05-1.0153905116365476e-05j),2410000000
(-0.7707590587677859-0.04188091772757741j),(8.900142253246215e-05-7.115798807943748e-05j),2413000000
(-0.775714632120197+0.03798649005853798j),(2.9858879054556778e-05-5.294905236935177e-05j),2416000000
(-0.7726151687017678+0.10446333734856852j),(6.882359628332632e-06-1.3184930249128182e-05j),2419000000
(-0.7548714480988881+0.17515439442589806j),(-5.758873683239103e-06-3.511145759944023e-06j),2422000000
(-0.7397603801553879+0.23233884358965814j),(8.855566679557199e-05+1.71301703280316e-06j),2425000000
(-0.7178461972727036+0.3003667884540458j),(1.939697818490973e-05-3.501894777257662e-05j),2428000000
(-0.6989180183027489+0.3519903093525332j),(0.00014943482804609238+3.056560792215869e-05j),2431000000
(-0.6632922031758277+0.41957420311714644j),(-1.812246803222594e-05-7.038431203776695e-05j),2434000000
(-0.6229342986769608+0.4730121137685872j),(-5.21675451414077e-05-3.6724750265950125e-05j),2437000000
(-0.5825040743605356+0.5168818046070512j),(2.5637789776826883e-05+7.503714095319429e-05j),2440000000
(-0.5396207991413183+0.5648825674045321j),(-7.714222155222933e-06-4.438699874370817e-05j),2443000000
(-0.5041376249308511+0.6047700883004066j),(7.199683005167008e-05-3.309902728354783e-05j),2446000000
(-0.47133876380986695+0.6449411651629028j),(7.086741173179884e-05-3.272218562514172e-05j),2449000000
(-0.3966347094652177+0.6809467760752599j),(-4.128356245745987e-05+5.8476193475737724e-05j),2452000000
(-0.3383347777188361+0.718505420184153j),(6.489682248958394e-05-2.482451359921277e-06j),2455000000
(-0.30156216771055416+0.7338733264861681j),(-2.4972254539516496e-05+3.451226606865486e-05j),2458000000
(-0.2499772796751445+0.7760769758985572j),(0.00014926596121315783-1.367177445773098e-05j),2461000000
(-0.1746287493171032+0.799395166859944j),(5.32542525193308e-05-1.012778617554697e-06j),2464000000
(-0.10656176434131999+0.8133721041304192j),(3.0104632127620435e-05+4.037847022255495e-05j),2467000000
(-0.03879878467749357+0.8023510697116293j),(1.3295056319631746e-06-1.879020088863793e-05j),2470000000
(-0.0012624333735772421+0.8118845741377894j),(3.3193273894818954e-05-5.723151023274977e-06j),2473000000
(0.09861485871006827+0.814924511673109j),(4.716724119936625e-05-5.7707340919579644e-05j),2476000000
(0.10922093425333552+0.7618102014727854j),(6.242246181330635e-05-2.5778139468741328e-05j),2479000000
(0.14865287720467532+0.7658934045912333j),(3.805238918590737e-05+8.061203383600873e-06j),2482000000
(0.20623939461769494+0.7897110630275397j),(1.1058222207724758e-05+1.7634030474402377e-05j),2485000000
(0.2725910199592357+0.7850689364149418j),(1.980178126766364e-05+1.4504820581370545e-05j),2488000000
(0.3379514655986539+0.7638838271476196j),(2.6454361005294016e-05+2.1725646542838947e-05j),2491000000
(0.39665216840239653+0.7344485165210876j),(2.843813627986107e-05+3.206661386992733e-05j),2494000000
(0.4435283477570035+0.6728228603651193j),(9.078546397865508e-05-1.6314368007133047e-05j),2497000000
(0.4988659389001785+0.6652821227077528j),(1.8593394979258067e-05+1.5515020227725866e-05j),2500000000
(0.5107918070890762+0.6631209457996595j),(-8.318225029097806e-06-3.270951918499247e-05j),2500000000
(0.5669657241777019+0.6147643736466122j),(8.59472547452102e-06-9.173617747883766e-06j),2503000000
(0.5976010816033674+0.5417566332550027j),(1.0453884677581971e-05-2.9181242613556473e-05j),2506000000
(0.5990553771698949+0.4854990217842263j),(-3.795808854793239e-05+4.718818820309914e-05j),2509000000
(0.6094004663437677+0.4642352032081711j),(6.404676131939329e-05+4.026082470242392e-05j),2512000000
(0.6231536694255966+0.4063278270797975j),(1.8680571289798577e-05-1.086353087106128e-06j),2515000000
(0.6158654506960812+0.3948566294817785j),(4.719532120166395e-05+5.6799647288808046e-05j),2518000000
(0.6468713226632854+0.3704443309381348j),(7.509783769729767e-06+4.857980538674272e-05j),2521000000
(0.6688900370257209+0.32030528475450065j),(4.7479969397623755e-05-5.71165722897637e-05j),2524000000
(0.6426959262290526+0.31734319307868186j),(-4.735488839680372e-05+4.312140975874584e-05j),2527000000
(0.6588820446316005+0.25119477082667546j),(-1.1890543301385539e-05+5.261513252612823e-05j),2530000000
(0.7207049016934484+0.2946526747485086j),(-4.910535725174278e-06-4.7245328228405277e-05j),2533000000
(0.7325512620857275+0.2419900372915932j),(1.875517211003364e-05-2.673790618253355e-05j),2536000000
(0.7742675882579725+0.19051164197970022j),(5.7106723805151704e-05-1.1766353575719066e-06j),2539000000
(0.7962105179678381+0.12674200750452452j),(2.1905505169626356e-05-3.208265976889787e-05j),2542000000
(0.8009275169001715+0.06887851526936214j),(-7.404379968235673e-06+9.956028305421994e-06j),2545000000
(0.8003359688163475+0.014959098472892533j),(9.557492171290605e-05-2.3028874865557146e-05j),2548000000
(0.7952286423995987-0.028503190172146933j),(4.300126056972308e-06+2.8773845302987814e-05j),2551000000
(0.7977398584659878-0.07480391246507145j),(-7.572972177260714e-06+4.8255634828265105e-06j),2554000000
(0.7837927045223613-0.1237048220757779j),(6.915957720064819e-06+1.0376736804253532e-05j),2557000000
(0.778824176230316-0.17441755869688963j),(-0.00014223057235751243+2.3084603666413072e-05j),2560000000
(0.7792702846739537-0.22091106063262073j),(-2.18126234295027e-05-2.5638397468707863e-05j),2563000000
(0.7533761142841892-0.27445822757602806j),(2.283076851026843e-05+1.889984811203144e-05j),2566000000
(0.7385451845742722-0.31675303987047004j),(9.829865583542126e-05+1.0458272806609558e-05j),2569000000
(0.7416596292770516-0.35274252972629394j),(0.00011959265441830122-3.6137334846437155e-05j),2572000000
(0.7160847072287155-0.42849274089890704j),(2.9897591812161904e-05+8.918040762523224e-05j),2575000000
(0.6741942022066044-0.49765008801350213j),(-2.8428980613687395e-05+9.581060009080747e-05j),2578000000
(0.6193127254037302-0.5181658618420799j),(-1.898307111324095e-05+6.415603925927476e-05j),2581000000
(0.5836782979272345-0.5501353237425067j),(-4.099465323231574e-05+1.91690250225678e-05j),2584000000
(0.5240835949465756-0.58834000359084j),(3.6059079846348976e-05+1.5051029192088117e-05j),2587000000
(0.48392699640907677-0.6023745972048213j),(1.0258613026377569e-05+4.9073314933706076e-05j),2590000000
(0.46670691226160677-0.6282880519480952j),(-4.97261656404277e-07+1.535169145030322e-05j),2593000000
(0.4420633135197677-0.6654714346265571j),(-3.649046100517225e-05-2.5958847410957043e-05j),2596000000
(0.3673102950410009-0.677700399902973j),(4.37324640966845e-05+6.416920029483253e-05j),2599000000
(0.3556878314783305-0.6976181670525242j),(2.1185758832478517e-05+7.197523084720737e-05j),2602000000
(0.30146604461189547-0.716362953147909j),(1.191420950729727e-05-8.694566185185978e-05j),2605000000
(0.2561520554473606-0.7496261847109531j),(-5.253490593464436e-05+3.981334161508034e-05j),2608000000
(0.21590169142367108-0.728262018937782j),(-1.990111881791385e-05-1.3295838547582131e-05j),2611000000
(0.1577962016421894-0.7792720324581854j),(-3.4237126605199866e-05+3.0260911357649376e-05j),2614000000
(0.1036927182700468-0.7956304737780645j),(1.2503299433412302e-05+9.268870283628676e-06j),2617000000
(0.0429289139503573-0.7969581550931679j),(5.3505725992201215e-05+5.7114951451503523e-05j),2620000000
(-0.023517373778154993-0.8015616416680345j),(1.627070055366729e-05+1.0936751526385743e-05j),2623000000
(-0.10951566595498863-0.7667261720191909j),(7.161771008576825e-05+3.573124545006825e-05j),2626000000
(-0.1353449513823837-0.7378684993965515j),(4.5663553638975376e-05+3.3579743200571615e-06j),2629000000
(-0.18433565710845104-0.7158711624760246j),(8.82600124281071e-05-3.2301906948630856e-05j),2632000000
(-0.20573392653547917-0.7242118018527117j),(3.241526060943705e-06+1.1539797629474728e-05j),2635000000
(-0.2734427607483547-0.6772411936802722j),(6.477568255177854e-05+1.6830480974345228e-05j),2638000000
(-0.29301414527540875-0.6204099337910202j),(-2.78049985600785e-05+2.746588071680621e-05j),2641000000
(-0.33428199587144697-0.6518359471375907j),(-2.6467971563826226e-05+3.545807511028126e-05j),2644000000
(-0.35038671227956747-0.6082444675484587j),(5.6625624894412976e-05+6.107891750269807e-05j),2647000000
(-0.41400387740359285-0.6019632514881329j),(-4.520501229956028e-05+3.7605832646472777e-05j),2650000000
(-0.42406886542083894-0.5631359944893368j),(1.3717067939913143e-06+6.134055668363924e-05j),2653000000
(-0.4934486135067309-0.55772534117195j),(3.378745589292644e-05+4.741870335057162e-05j),2656000000
(-0.5532025769224014-0.5115322145783193j),(-1.3540918872573612e-05+2.9388481509289218e-05j),2659000000
(-0.5862757013700879-0.4393851573138332j),(4.609841259316678e-05+6.400876399884611e-05j),2662000000
(-0.5872265473066307-0.4050793553508199j),(8.58939417732137e-06+1.1672443335794841e-05j),2665000000
(-0.6177088437761916-0.394277379826602j),(-7.283739499525454e-05+6.505035635405859e-05j),2668000000
(-0.6795449074552964-0.3412986040046273j),(1.348206910141374e-05+6.84824299860462e-05j),2671000000
(-0.7192462018321656-0.27440069021857916j),(-7.359321356573827e-05+4.531010245019445e-06j),2674000000
(-0.7354680982347094-0.20513863152183168j),(-5.364717784123325e-06+9.513636607037252e-05j),2677000000
(-0.7498904545915547-0.1286222562526345j),(6.690456804117175e-05+6.276329606157603e-05j),2680000000
(-0.7322459279219593-0.05042723827291407j),(-1.7646818720342752e-05+7.542448516179006e-05j),2683000000
(-0.7065666827048025-0.03789191868697496j),(2.2359570982582044e-05-8.016311429046016e-05j),2686000000
(-0.7455886795877317+0.006359210865999511j),(5.524961224169213e-05+8.197750034242178e-05j),2689000000
(-0.7613527851351543+0.10425460079796409j),(-2.814828343508193e-05+6.275010849125164e-06j),2692000000
(-0.7586548301576546+0.14753693924773523j),(-1.2516628370834409e-05-8.68759371092005e-06j),2695000000
(-0.7435132233565401+0.23360044549210976j),(-3.197913571262027e-06+1.1990403151865612e-06j),2698000000
(-0.7195401715523719+0.2951793671426359j),(-2.0618945918604026e-05-1.6906925383872313e-06j),2701000000
(-0.693043662484192+0.367120809371258j),(1.7378496317130517e-05+7.105687985891713e-05j),2704000000
(-0.6320055168670664+0.4341390198553429j),(5.286565705774993e-05-1.7627671596238975e-05j),2707000000
(-0.5884665385502785+0.46614077982011554j),(-3.720223028074735e-05+4.9251600042019944e-05j),2710000000
(-0.5586979447073062+0.5111795939600536j),(0.00010156978556267486-2.3896142913916334e-05j),2713000000
(-0.5307506527458826+0.525617058795528j),(-2.5833622688146435e-05-3.788902258621122e-05j),2716000000
(-0.471428324641212+0.6056317711901636j),(9.842989784193416e-05+0.00017037659133785677j),2719000000
(-0.4317882721391052+0.6336500098622735j),(5.5573971874294283e-05+7.692763488296526e-05j),2722000000
(-0.3776109788843215+0.6694858058173035j),(-5.643462133903624e-06-9.592758825050634e-06j),2725000000
(-0.3201521280346376+0.7142632674523055j),(-1.3435879186950004e-05+4.912037509107748e-05j),2728000000
(-0.2627711840150812+0.7455805050296183j),(-3.4782587969870586e-05+3.9108033031404454e-05j),2731000000
(-0.1817520503151793+0.7707536641875647j),(1.596038026520404e-05+7.405074630346101e-06j),2734000000
(-0.11666822001426011+0.7717580722872811j),(-3.513756498093085e-05+2.5544372876290213e-05j),2737000000
(-0.04349379103676613+0.7424300099453425j),(-2.3903442051972583e-05+4.0153512479485626e-05j),2740000000
(-0.05299738967892641+0.7670503909420624j),(-3.137764311931807e-05+1.9515903289645433e-05j),2743000000
(0.04355147782718326+0.8090206256644781j),(8.616119538001463e-08-5.216909662722942e-05j),2746000000
(0.12008993970580745+0.7862506423720742j),(-6.435204524492831e-05+7.952256289363722e-05j),2749000000
(0.1771882781404019+0.771135641419476j),(-5.43085254364071e-05+5.604533344793932e-05j),2752000000
(0.22029700320862614+0.7222159759094388j),(3.385304176019952e-06-6.243335115867393e-05j),2755000000
(0.25919155215288603+0.7220771772908973j),(-1.3757066534705399e-05+2.1994822805442215e-05j),2758000000
(0.3091675921756458+0.6991004973557696j),(-7.484101539831257e-05+2.4827737763699692e-05j),2761000000
(0.35344045010249714+0.6778866004511587j),(-3.728343721922053e-06-4.669617416923915e-05j),2764000000
(0.4054828768727256+0.6366907789289006j),(-5.397673479883785e-05+2.300625189904557e-05j),2767000000
(0.4085028841080873+0.6116913823667959j),(-7.169465410116639e-05-1.7304884180708947e-05j),2770000000
(0.43967304978166727+0.6127961457034672j),(6.204825971771148e-05-4.431743417042617e-05j),2773000000
(0.506462249516094+0.6197705901488387j),(-9.091019873742744e-05-8.111967441866295e-06j),2776000000
(0.5722225171838436+0.5765134868682392j),(7.015114069583538e-05+2.1391748739005792e-05j),2779000000
(0.608595323005162+0.5103802985062331j),(-1.1731259818957966e-05-1.842972838607164e-05j),2782000000
(0.6237053193856028+0.4555368594424525j),(-4.9816097433945676e-05-4.346598286856483e-05j),2785000000
(0.6630747243621515+0.43086561622274505j),(-7.450286684814975e-06+3.162562151230715e-05j),2788000000
(0.6717410689448341+0.3748009354764827j),(-5.1499153077853185e-05-5.179039387716141e-05j),2791000000
(0.6929127191667036+0.3226662460682924j),(-6.976124989506651e-05-5.451408530569052e-05j),2794000000
(0.7132260873059131+0.2730655761976665j),(7.045482639188724e-06-2.5316882708930113e-05j),2797000000
(0.7245228662819074+0.2086976698315763j),(-8.160662434703488e-05+4.501380149687215e-05j),2800000000
(0.7186288561038932+0.21317387263165805j),(-0.00011993956670460852+6.859075918260634e-05j),2800000000
(0.670488770892527+0.17088964947533072j),(-3.246595263917592e-05+2.706806206701678e-05j),2803000000
(0.5951718507085502+0.1723615759112118j),(3.260892755771916e-05-7.634944397379527e-05j),2806000000
(0.6306929007015607+0.22375502019898705j),(-4.7187741756960407e-05+3.1323662924818675e-05j),2809000000
(0.7237169698330529+0.18268188965083748j),(-3.9865157202488804e-05+3.126389327820034e-06j),2812000000
(0.7428121487319729+0.11525750538990696j),(-8.519771699897646e-05-4.647135705224529e-05j),2815000000
(0.7652255297221856+0.08076665633843784j),(-1.8634029899161534e-05+5.714316813956176e-05j),2818000000
(0.8065215863798145+0.012808961124006831j),(-2.4619220934677145e-05+4.713403344919077e-05j),2821000000
(0.7918633329149926-0.054216951844883426j),(-1.2700876552975495e-05-5.503217726702192e-05j),2824000000
(0.7684980271424897-0.1084283109323168j),(2.1351930821268047e-06-5.671403122782699e-05j),2827000000
(0.7177304799524624-0.13101314474119863j),(-3.677629702303667e-05-2.3116944871531108e-05j),2830000000
(0.7473773438376189-0.15708753844480886j),(3.1755708257813444e-05-1.2906343928344559e-05j),2833000000
(0.7688903793756031-0.21264892235962254j),(-3.35667208896373e-05-6.142438563403324e-05j),2836000000
(0.7344708687337842-0.2818775378405268j),(-1.2029521205482763e-05-9.344264788902854e-06j),2839000000
(0.6938164823922844-0.33171246784360003j),(-5.339090317076827e-06-1.1214903448845681e-05j),2842000000
(0.6652566514584851-0.3755883559564757j),(1.776245143008671e-05+3.108822631323127e-05j),2845000000
(0.5990454129638733-0.40039358381619045j),(5.841045763362281e-05+3.8895232194987205e-06j),2848000000
(0.6062225825147077-0.3955858279447666j),(-5.464375609426118e-05+3.2682729759052825e-05j),2851000000
(0.5891955171518145-0.4288763660613533j),(-5.710136289478951e-05-4.4125912412969765e-05j),2854000000
(0.5637015880009056-0.46613911955857656j),(6.287701999621219e-06+2.7602788602983456e-05j),2857000000
(0.5483198544177296-0.4985976289242187j),(-1.6090495527952144e-05+0.0001876603187480247j),2860000000
(0.5348684625962266-0.5398880636350046j),(-7.713450720495326e-05+3.16368255360391e-05j),2863000000
(0.4660711209175797-0.614441692081446j),(-3.758365056216877e-05+0.00013677217932522032j),2866000000
(0.4311042468581967-0.6015772221876075j),(-5.739583046238164e-05-7.490995317041392e-06j),2869000000
(0.3907555805217177-0.6339903634263173j),(2.671439207417305e-05+5.840473868744927e-06j),2872000000
(0.33980526681380413-0.6710515349278681j),(1.4240708273855251e-05+5.0142579913558636e-05j),2875000000
(0.27997880588651985-0.6906620847095418j),(4.989965909963091e-06-1.6194046744890988e-06j),2878000000
(0.2015823566387035-0.6842401123169777j),(4.606007615191948e-05+1.737673572119495e-05j),2881000000
(0.1785612402688907-0.66131386029156j),(4.315311166874238e-05-1.9125968234284463e-06j),2884000000
(0.13840577517095368-0.667527276651955j),(-3.9887789847521425e-05-0.00010484103535201582j),2887000000
(0.09574230242461407-0.6387973462339289j),(9.745357298449674e-06-3.431748750559567e-05j),2890000000
(0.1229345408553208-0.6330704269969791j),(3.723982269300872e-05-3.5995556605353023e-06j),2893000000
(0.12437698786749021-0.7078309579294498j),(-2.651201772579342e-05+1.97074422783052e-05j),2896000000
(0.04788815258021766-0.7664834534536452j),(1.1194631588169175e-05+6.391643496512328e-05j),2899000000
(-0.051887616717205924-0.7807756358570801j),(6.558872215123829e-05+3.5248663395192883e-05j),2902000000
(-0.13417449822225577-0.7694278156564011j),(-6.928144025998261e-06-7.69156048574967e-06j),2905000000
(-0.20441496627723826-0.7417722158802953j),(-1.10168244164976e-05+2.3654865425678475e-05j),2908000000
(-0.27576023343495903-0.7160920351767684j),(-2.5220058432800603e-05-4.4025138278776565e-05j),2911000000
(-0.34197375121541274-0.6916661589995101j),(5.674885644791493e-05-1.7032364819589647e-05j),2914000000
(-0.42592323081558-0.635684840473395j),(9.540291807902491e-06-6.334759434684643e-06j),2917000000
(-0.45768493539672117-0.5350284465143338j),(4.143856399461111e-05+7.66389264738044e-06j),2920000000
(-0.4795967399436118-0.4837486238843663j),(-9.626783970665386e-06-3.963677694325121e-05j),2923000000
(-0.5066343445439953-0.3606135087341268j),(1.8220971848912e-05-1.9183233639912487e-05j),2926000000
(-0.4265831240824882-0.32952197551694984j),(-1.9698062431351023e-05-1.919028693319028e-05j),2929000000
(-0.27160709268160554-0.3025943151308935j),(2.917802608594735e-05+6.230961178036557e-05j),2932000000
(-0.37683379581691884-0.48293528098274896j),(7.753169056882508e-05+3.498767312788085e-05j),2935000000
(-0.506471029211393-0.44207111123468834j),(-2.2791705191827012e-06+1.4907820311837368e-05j),2938000000
(-0.5422583065041716-0.38519114267961146j),(-1.8172384255713472e-05-1.736634259787625e-05j),2941000000
(-0.5876647336086689-0.3407659334168075j),(-8.995371997238975e-06-6.946405186618723e-05j),2944000000
(-0.628886126894202-0.2910021607319154j),(9.805041526668357e-05+4.623151543358593e-05j),2947000000
(-0.6602571329358536-0.21055377220495114j),(2.194296473080624e-05+7.129260037228958e-05j),2950000000
(-0.6793171567189724-0.14540487425882154j),(8.102989562729458e-05-1.1055149312628772e-05j),2953000000
(-0.6196313354223358-0.10132005661036844j),(-7.21381361543089e-05+2.9493261401847095e-05j),2956000000
(-0.6711454500258729-0.06228772355099031j),(-1.071963999162208e-05-3.751978425790079e-05j),2959000000
(-0.6706437079482073-0.01708358187521054j),(4.48258599606423e-06+8.233070679693594e-05j),2962000000
(-0.7009147957007622+0.053842879006531015j),(4.469893267679973e-05-4.404149411915221e-05j),2965000000
(-0.6846617229944657+0.1193151131945773j),(6.573140292584497e-07-3.3593414362160274e-05j),2968000000
(-0.6599947465544883+0.17816061108300826j),(3.263123241489835e-05-5.2967564008817083e-05j),2971000000
(-0.6377060288321681+0.2471332921570685j),(1.2541151239059285e-05+5.669845630627567e-05j),2974000000
(-0.5663309999148514+0.29190542580846357j),(-2.2098944545566355e-05-4.369870658327049e-05j),2977000000
(-0.5958391691632883+0.30136966682450533j),(3.725562080771023e-05+9.393564767531562e-05j),2980000000
(-0.5576820368819236+0.3740379723365071j),(-9.055974963192948e-06+4.398845447275421e-05j),2983000000
(-0.5299341817381679+0.4136340153496619j),(-3.317585635750118e-05+5.46427226145081e-05j),2986000000
(-0.489800932035715+0.4604167354220697j),(-3.935652086629576e-05-1.1518033473117675e-05j),2989000000
(-0.4332442864926632+0.4885985646349672j),(-3.20535470371378e-05-6.146339094787768e-06j),2992000000
(-0.4669553177306709+0.5199046963204803j),(-4.453694310122886e-05+1.0561314345166551e-05j),2995000000
(-0.43172736299922454+0.5657138401358558j),(-8.527331616975511e-05+0.0001380086334060347j),2998000000
(-0.35667888784858026+0.6506024192856631j),(-1.54773245417864e-05+9.515537000823396e-06j),3001000000
(-0.27220740615258276+0.6987721815780363j),(2.4456466747781278e-05-3.101074883401083e-05j),3004000000
(-0.1729122016340575+0.7056751501961521j),(-3.010971162830066e-05-2.8924130226768015e-05j),3007000000
(-0.10153434128907009+0.6896394185835668j),(-1.5437737371268457e-05-0.0001436455743765585j),3010000000
(-0.03176549939122953+0.6784096620576391j),(7.526718402472539e-06+4.0489959504578836e-05j),3013000000
(0.0034980723065517515+0.6089512524233901j),(-1.3433452047470823e-05+0.00014195251245288637j),3016000000
(-0.003847186775477882+0.627526354500334j),(3.440449023938418e-06+6.109191056753789e-05j),3019000000
(0.050206655103495916+0.6436509976441535j),(-3.435960538229047e-05+4.276832951269173e-05j),3022000000
(0.0336312378854804+0.5967069141463565j),(-1.0024204815328955e-05+2.8558986397511025e-06j),3025000000
(0.08175208538180484+0.7003530395313183j),(-2.9860491658409395e-05+8.88841178692124e-05j),3028000000
(0.17863255219904675+0.6766840709066736j),(3.3805544718919786e-06-2.887451204363096e-05j),3031000000
(0.21601984725559834+0.6698664246578514j),(-5.4170225969300175e-05+3.771764019989178e-05j),3034000000
(0.26959906404587614+0.6489411377117719j),(-3.46402909346804e-05+5.6160207742238984e-05j),3037000000
(0.34045743024764724+0.6397978700249868j),(-2.356329493172244e-05-4.709712076265162e-05j),3040000000
(0.4044372148528924+0.6046255340846157j),(-8.724932955457366e-05+3.739712030260397e-05j),3043000000
(0.4453136788689858+0.543132489248989j),(-2.6960487880936046e-05-1.0993975448725521e-05j),3046000000
(0.45200552547337236+0.48685423959201357j),(-2.742436518036698e-05-3.92217439310193e-05j),3049000000
(0.46010561952276335+0.4655569779341776j),(4.5488008650066105e-05+4.175338384262823e-05j),3052000000
(0.4681372353839946+0.42577175387422167j),(-5.683026606595467e-05+8.435368010095693e-05j),3055000000
(0.4679438111136566+0.4091031375839189j),(-1.675197760911539e-05+2.590338436950352e-05j),3058000000
(0.44889022328686456+0.4296436995972783j),(-1.874430034820385e-05+6.508645646549208e-06j),3061000000
(0.5386670700820442+0.4682515365982974j),(-7.17498996293806e-05+4.210663070633691e-06j),3064000000
(0.5685871192724886+0.40627139094387377j),(7.732627365148625e-05+4.153888695829929e-05j),3067000000
(0.6286475612964777+0.41954267402958934j),(-7.279930201618719e-06+4.277693142479897e-05j),3070000000
(0.6863868107087784+0.36078465623167094j),(-1.228222363454557e-05-1.7142666642031334e-06j),3073000000
(0.7259779745107011+0.29463430334163626j),(-2.2802705193442527e-06+2.1357766684603186e-05j),3076000000
(0.7343747496534501+0.21684449403851472j),(4.460639819754036e-06+5.563647604658217e-05j),3079000000
(0.7318811657111207+0.16372339320097215j),(1.1076514104952444e-05-1.919439433198921e-05j),3082000000
(0.713471190800924+0.1213493242896276j),(5.966453599293591e-05+5.923100225346763e-06j),3085000000
(0.727515169213626+0.09970999311824921j),(4.415207958262668e-06-1.0155556441201391e-05j),3088000000
(0.745573298919715+0.05700731443829214j),(4.7241714697341047e-05+7.975056120220568e-05j),3091000000
(0.7620145482661624+0.01136474874665779j),(5.696769540323628e-06+3.720403503926549e-05j),3094000000
(0.734114542995542-0.050192349552540316j),(-6.727585794716518e-05+1.348912171522624e-05j),3097000000
(0.7416169265144384-0.06304504230527261j),(-8.12105042168754e-05-3.9552333496840234e-05j),3100000000
(0.7408460300264967-0.0631942408886353j),(4.15300222105327e-05-1.704405921723724e-05j),3100000000
(0.7447186636552847-0.1400897060358076j),(5.006268134435013e-05+1.1184387055106278e-05j),3103000000
(0.7100669950996857-0.20347789608799874j),(4.166254287205932e-06+7.953603615160388e-06j),3106000000
(0.6229353314550244-0.24729982922406707j),(2.397524645591515e-05-4.270309905288023e-05j),3109000000
(0.6394048624045594-0.19747603325758903j),(0.0001056672685980369+3.471793916111776e-05j),3112000000
(0.6715785769839641-0.22415761057772313j),(4.18013079032755e-05+2.857519559144966e-05j),3115000000
(0.6529415744543954-0.2867995490709812j),(3.022858024403241e-05+2.8104563760827654e-05j),3118000000
(0.6183359050144844-0.3371312875104024j),(4.5505870083332753e-05-8.176480140279037e-05j),3121000000
(0.5946612237710349-0.36592467079557134j),(7.269631639248807e-05+6.688956213530253e-05j),3124000000
(0.5372198180439344-0.37323174550928284j),(-7.432428864702776e-05+0.00018111696453775887j),3127000000
(0.6116855889850586-0.40385829511819193j),(5.0526866120360935e-05-9.355967051463374e-05j),3130000000
(0.5286795721881141-0.4875428525733694j),(0.00019902654356214946+2.0130619780152234e-05j),3133000000
(0.47225730101190994-0.486726933352317j),(-1.2554732604366613e-05+2.378208579747451e-05j),3136000000
(0.4557996469210398-0.4813749700498066j),(-1.1829595860882355e-05+4.286339403830365e-05j),3139000000
(0.44787864813422174-0.5233806309846354j),(0.00017793074901210375-4.339880085334975e-05j),3142000000
(0.38647031101264734-0.5521593791348032j),(-0.00011342899752841904+5.0806618207379115e-05j),3145000000
(0.3549990428072714-0.5160854254738712j),(-4.0993853386623634e-05+6.040786514396262e-06j),3148000000
(0.3248593970280892-0.6234894442924477j),(-9.943298067496904e-06-1.7735677768974857e-05j),3151000000
(0.26571938105420456-0.6139560365704009j),(-0.000121176395344641+7.109064478291272e-05j),3154000000
(0.19739471485203977-0.5998484787586267j),(4.7083730370509104e-05+0.00012941100761576114j),3157000000
(0.17918795519447506-0.5958678270144495j),(0.00011229173605628102-3.445713696001711e-05j),3160000000
(0.18326761263333372-0.5866985827485455j),(1.1061849125253337e-05-0.00010315064259300524j),3163000000
(0.1604432279197694-0.5995182311078758j),(1.2501173980060718e-05-2.2517595565548668e-05j),3166000000
(0.12945607336840764-0.6356487576377791j),(6.860358146489012e-05-3.733427920824213e-05j),3169000000
(0.06833063856098288-0.6543327256346054j),(-5.3604816485694177e-05-9.810806365749917e-05j),3172000000
(0.020056617714862234-0.6510957074916107j),(-8.227576971996516e-05-6.00643515804217e-05j),3175000000
(-0.025870947197588447-0.6649627209087234j),(4.6320118827632545e-05+3.458683892017778e-05j),3178000000
(-0.08331141669669218-0.6629248552216024j),(-0.0001247452007536111+3.623596158787558e-05j),3181000000
(-0.13862682859479067-0.6582143433647846j),(4.917909141304845e-05+7.685466104167406e-05j),3184000000
(-0.2064338968516807-0.6482090356134471j),(-6.797406050826461e-05-8.715479652131918e-05j),3187000000
(-0.27766814470894613-0.6217064708004643j),(-3.592474490939734e-05+2.9388484245850037e-05j),3190000000
(-0.34673755208426515-0.5783041337682828j),(4.2601367066179556e-05-5.781291097879433e-05j),3193000000
(-0.4031891296873201-0.5162432861282458j),(1.1136340465409005e-05-6.858943187405077e-05j),3196000000
(-0.4404099191485561-0.42892824817944725j),(-9.541760376323153e-05-5.762848217283616e-06j),3199000000
(-0.4342284211997487-0.3472029824302492j),(-3.0385484445847364e-05+9.445550078769633e-05j),3202000000
(-0.3642906806965633-0.31790215097008534j),(6.422964793791082e-05-5.7423330361015225e-05j),3205000000
(-0.3870890777833915-0.33570463001844475j),(3.4822651885394365e-05-6.398279551616683e-05j),3208000000
(-0.41656026220850795-0.30676365622742086j),(5.771541646414323e-05-1.0740991855821578e-05j),3211000000
(-0.4503175474736997-0.3116625003277452j),(-1.3590738957293632e-05-7.72274951078002e-05j),3214000000
(-0.4870787150663083-0.256863225667871j),(-5.117843720538212e-05-4.956607442670112e-06j),3217000000
(-0.5231990698949347-0.21509642853674876j),(-1.3058011059816236e-05+3.956885171469615e-05j),3220000000
(-0.5111438245274115-0.12348551185604979j),(7.067220674152354e-05+3.997874715689293e-05j),3223000000
(-0.47615830962560174-0.04918569897369195j),(2.0455210877887404e-05-0.00012585049916510134j),3226000000
(-0.4603879773990994-0.08218807607621333j),(-9.597987055818444e-06+1.9528322849276122e-05j),3229000000
(-0.433174851507001-0.03274058797365126j),(-8.330872180651588e-05-6.435537369654089e-05j),3232000000
(-0.48079092257214745-0.05148832991337257j),(-6.324878398574351e-05-6.434783245993445e-05j),3235000000
(-0.48553466647070015+0.0037664905233718918j),(4.7174476448192476e-05+8.773599170691219e-05j),3238000000
(-0.5027402210003589+0.06440382813881927j),(-4.771201674329061e-05+2.658953604211791e-05j),3241000000
(-0.4290586160214253+0.13206667603030162j),(-2.1443662176184773e-05-5.696238536450264e-06j),3244000000
(-0.451302259572589+0.025355315747011744j),(-2.3832431762480784e-05-0.00010961291611311752j),3247000000
(-0.460838886163864+0.1985644832906791j),(-3.37360159600001e-05-2.7160185442609332e-05j),3250000000
(-0.4481157934315974+0.22677613583810244j),(2.378854889015662e-05-3.9045358019503356e-05j),3253000000
(-0.4194988578422217+0.3031557549334634j),(-2.8577264869286037e-05+7.855952846795378e-05j),3256000000
(-0.3169246865434853+0.38073430668183394j),(2.5620832765820114e-05+4.107552843265553e-06j),3259000000
(-0.16844737288822859+0.32304614982814517j),(-3.829224653636692e-05-1.8330363624742623e-05j),3262000000
(-0.1694716693203001+0.17923435491321207j),(-3.2282753542772146e-06-2.0622222963884223e-05j),3265000000
(-0.26943815485333916+0.15566287676525944j),(0.00013785713120269199-2.239152139418384e-06j),3268000000
(-0.3177588698742296+0.2299728466907204j),(5.819991620550847e-05-6.280401739986116e-05j),3271000000
(-0.30355532450906175+0.2724755383186256j),(3.164656437463041e-05+2.2048944633558258e-05j),3274000000
(-0.3134484418522831+0.3403752102767122j),(6.319549702059286e-07-7.985835542046398e-05j),3277000000
(-0.21474650287589706+0.4348521641026059j),(4.3500811777101174e-05-6.390733703515198e-05j),3280000000
(-0.12466869108327848+0.3887541674283639j),(-2.317548315554237e-05+2.3729696407248928e-05j),3283000000
(-0.10235274885219488+0.3595872350994595j),(-2.7379607900413564e-05-3.192250936047973e-05j),3286000000
(-0.10861664910174858+0.2643875734099124j),(-1.6218466690036777e-05+3.097215236460441e-05j),3289000000
(-0.13766659445522247+0.41545566312262716j),(4.7048326089480004e-05-1.2355253607649134e-05j),3292000000
(-0.06052098920421255+0.36511117285191325j),(-1.2584861563221009e-06+4.944191214075137e-05j),3295000000
(-0.06269937583319471+0.33490239277759976j),(3.9049965211413825e-05-5.967469391962152e-05j),3298000000
(-0.16756116993825682+0.3362809911231838j),(9.227247573111714e-05+2.979513951903131e-05j),3301000000
(-0.1488470440039247+0.4481265552527753j),(3.265438481590786e-05+9.851831992940035e-05j),3304000000
(-0.0779861555615785+0.5106489393338981j),(2.484674292490746e-05+9.414384868562255e-05j),3307000000
(0.013772305366271506+0.5407251824935309j),(3.204662384147011e-05+8.139168732731946e-05j),3310000000
(0.08145817534960921+0.5266845435538333j),(9.830335852060017e-05+9.196494565279487e-05j),3313000000
(0.14770647540591222+0.49139571254528713j),(0.0001320983831429752-2.4023063658423378e-05j),3316000000
(0.16332931091073968+0.4253928486635182j),(1.885701307833117e-05+6.485577474597545e-05j),3319000000
(0.12664369327918076+0.439634059990621j),(5.09883638016923e-05-8.074919259384267e-05j),3322000000
(0.17025010195529944+0.49394936161212044j),(0.00024684876193638365-0.00010835342799148474j),3325000000
(0.2861017705618358+0.48494469867165807j),(8.913006070904856e-05+4.715097357352301e-05j),3328000000
(0.31507532727175913+0.3757732607359798j),(-7.391023107983332e-05-8.916805319205413e-05j),3331000000
(0.23784425291694944+0.3463960408303972j),(-8.078535515165785e-05+9.854601596829098e-05j),3334000000
(0.23759663367254644+0.4144049945081964j),(-7.60765385681729e-05+7.443319651300943e-05j),3337000000
(0.31522713302964234+0.45315255138304567j),(3.626161533467109e-05-3.600015891060822e-05j),3340000000
(0.40371992377552857+0.432055658156306j),(-6.454315305297266e-05+1.196499892305615e-05j),3343000000
(0.4355450387836441+0.3085695525838386j),(7.483126283257225e-05+4.9259766006906e-07j),3346000000
(0.4138415758880555+0.32968095090380795j),(-5.600234651675595e-05-4.039303827831294e-05j),3349000000
(0.4403730697908526+0.2976658154684551j),(1.9816480994893784e-05-2.4944699619916627e-05j),3352000000
(0.4579827326281443+0.2847568473100782j),(-4.850488446137078e-06+0.0001025651584073991j),3355000000
(0.4301328844398302+0.2522002865350357j),(-1.3058919942952696e-05+0.0001718875670942909j),3358000000
(0.4174879822764237+0.22647404931498538j),(3.112835866539204e-05+6.787168115962286e-05j),3361000000
(0.4778991878618951+0.2680442306629092j),(0.00010779627938435048+1.8709871046098914e-05j),3364000000
(0.5074620460534618+0.20156059420831587j),(-9.322973761794902e-05+5.003471008751846e-05j),3367000000
(0.47868102961535364+0.18389112701416663j),(5.7614749191523124e-05+1.7975245851658177e-05j),3370000000
(0.469206820698386+0.1899416717533014j),(-2.5610350721406876e-05-3.298847383141886e-05j),3373000000
(0.4870909008890112+0.21648650310181808j),(-8.282142185931271e-05-2.137920806931677e-05j),3376000000
(0.5433512645652573+0.2518362521761313j),(-5.8331937815191526e-05+3.350971944194331e-05j),3379000000
(0.6245781641606821+0.1743216648937903j),(3.2724037051096085e-05+1.4604043457469375e-05j),3382000000
(0.6711138193922328+0.15479479895728712j),(2.7030901110122223e-05-0.0001752372500727305j),3385000000
(0.6533108713070769+0.09668826131008647j),(-3.2922591669187325e-05+1.263318207395944e-05j),3388000000
(0.7052668776765558+0.08569133737202353j),(6.445068436185977e-05+6.785571516002368e-05j),3391000000
(0.7393747867001227+0.03678738786261605j),(0.00010372114836603142-1.0290218483367545e-05j),3394000000
(0.7521706875303893-0.023336712837744182j),(3.465338571762382e-05+8.73988124269211e-06j),3397000000
(0.7703688911197609-0.10035144052661313j),(2.02210946489897e-05-8.145718602509536e-05j),3400000000
(0.7725321773483025-0.09964655165247564j),(6.884510044695705e-08+3.186114937906316e-05j),3400000000
(0.7602120824092139-0.16806834206347834j),(4.654774271200637e-05+3.796851151820524e-05j),3403000000
(0.7517103764657285-0.21823552596967682j),(0.00010412660359045447-2.100811586198018e-05j),3406000000
(0.7401107691631487-0.2992986217014398j),(4.823452038163312e-05+4.3215733062432065e-05j),3409000000
(0.7098173582689461-0.3444475202429174j),(-0.00011058082036203537+0.00012768085797319355j),3412000000
(0.6710421158853881-0.39216788060759206j),(-8.694388275755352e-05+7.112278475043412e-07j),3415000000
(0.6400067894729544-0.4596647600535107j),(4.600513660981183e-05-8.830370624175664e-05j),3418000000
(0.550819204596638-0.5222667315098535j),(1.1070332578159437e-05+2.572705258308919e-05j),3421000000
(0.48564085074002356-0.49292491935154015j),(-0.0001607579159236488+1.7262466791638913e-05j),3424000000
(0.43755877270112437-0.5086525122195552j),(-7.116767008547489e-05-7.975691639306977e-05j),3427000000
(0.443798447091803-0.4525045284169809j),(-0.00012170538347888764-1.2365666264863816e-05j),3430000000
(0.43409093897531587-0.4803529481409904j),(-1.5199777960950856e-05-3.636646036513169e-05j),3433000000
(0.4337933450369504-0.48639023877324367j),(1.9422924995308564e-05+0.0001230266312237771j),3436000000
(0.43818944702911006-0.5465676099631062j),(2.743910554703017e-05-5.238430734981101e-05j),3439000000
(0.3774286995272013-0.5785172901823868j),(-2.2630661291635856e-05-0.0001638593774575485j),3442000000
(0.36953424689946973-0.5961702502375515j),(-3.9229261574308546e-05-6.247194096588445e-05j),3445000000
(0.3175038045701969-0.6595136953959836j),(-8.25903318031324e-05-0.00016387032492461815j),3448000000
(0.2548547619566773-0.6431193566396934j),(-4.273289347060675e-05+1.19285838194304e-05j),3451000000
(0.2351441786059941-0.6768275206104961j),(-2.6532919921665325e-05-6.76594978173562e-05j),3454000000
(0.16697501821703015-0.6679878608321418j),(-0.00010534006568131778-8.557582923004087e-05j),3457000000
(0.13897712616751393-0.7051315509065577j),(-0.00010445351096063143+8.170790388706371e-06j),3460000000
(0.07702792316179677-0.7000351955746937j),(4.572990241334309e-05-9.622038914893093e-05j),3463000000
(-0.010399133608955946-0.6815611212271586j),(1.507853673501975e-06-7.036364295767999e-06j),3466000000
(-0.039347305091032875-0.6183080566113655j),(-3.3321675714659393e-07+1.3261098341294309e-06j),3469000000
(-0.0343167342502372-0.6505642122424776j),(-0.00011002455134834967-0.000141126774198915j),3472000000
(-0.0835503472572185-0.6139880674630223j),(-7.67031678529394e-06+4.362335979513533e-05j),3475000000
(-0.06130501220409845-0.6141114982808774j),(3.516303088052816e-05-3.910067488637464e-06j),3478000000
(-0.09597982075549791-0.667587987130179j),(-0.00012357708309698883+2.1281580336694533e-06j),3481000000
(-0.18937019047369638-0.6727993149625253j),(-5.363971213844003e-05+3.287839427280422e-05j),3484000000
(-0.25635892161564494-0.6432459914088028j),(-5.9250866677344044e-05-2.932217573845746e-05j),3487000000
(-0.32277382852862774-0.6267340359965049j),(-0.00023959281757823139-7.769261900617011e-05j),3490000000
(-0.36255532000128976-0.5381031729122239j),(-0.00010207729008499885-5.803601191051611e-05j),3493000000
(-0.33684116541308795-0.49490609292151794j),(-6.712269286103958e-05-4.263014827449904e-05j),3496000000
(-0.3826467952284506-0.5528897819043854j),(-3.815027019332667e-05+8.809565336252278e-05j),3499000000
(-0.471624587205394-0.4686906958110495j),(3.887641217957718e-05-1.667222588874121e-05j),3502000000
(-0.4748540413616302-0.42844375474968344j),(-5.3817410384828194e-06+3.537444652632689e-05j),3505000000
(-0.46416644416037156-0.3965397975408862j),(-0.00010136795937725024-8.163726487294654e-05j),3508000000
(-0.5337502816729934-0.3841383037341022j),(-4.805463895136889e-05+3.79674186865843e-05j),3511000000
(-0.5593538789611976-0.33196127519279195j),(-0.00011856123345512075+6.657092961777281e-05j),3514000000
(-0.5709184207310445-0.2908491151201068j),(-6.850886735736626e-05-9.926111223570659e-05j),3517000000
(-0.6033422850003476-0.2410735527913342j),(-4.320606858178262e-05+4.8764400326748574e-05j),3520000000
(-0.6158863284511031-0.19599514145649516j),(-4.249287586526636e-05+7.28994005940492e-05j),3523000000
(-0.66686770218234-0.1366498606178507j),(-2.0350316494980275e-05-1.4249923321413449e-05j),3526000000
(-0.6547157193382548-0.04711261243540472j),(-5.593027446473267e-06+6.656906657057167e-05j),3529000000
(-0.6520840383947402-0.003138286133603017j),(-9.152969201769568e-05-8.88162364172861e-06j),3532000000
(-0.6240848871816762+0.09540435255985656j),(-3.345027943650592e-05+9.657766056071124e-05j),3535000000
(-0.5651964667369384+0.15893993505155643j),(-0.00020589818827862003+6.924504962866926e-05j),3538000000
(-0.4710340098134813+0.10318420604885983j),(9.568165845421132e-06+9.91590802198276e-06j),3541000000
(-0.5358362871404355+0.08516018059605705j),(-0.0001313068468019993+8.831027972475616e-05j),3544000000
(-0.5626178440642542+0.13638572306697017j),(9.120815878068879e-05+7.131058827387805e-05j),3547000000
(-0.6001525451205457+0.19946975659920266j),(-5.85156564668491e-05-3.1932407131688323e-06j),3550000000
(-0.5793194781864761+0.3182857164003215j),(1.747652481932425e-05+4.7697029279203256e-05j),3553000000
(-0.5030584094819192+0.37862124954103815j),(9.594214235981131e-05-4.778491696041052e-05j),3556000000
(-0.4577209035959255+0.3600322907394983j),(2.142862692558391e-05-9.207880748615476e-05j),3559000000
(-0.4578821978221559+0.378978675928629j),(-0.00014792327789218938+0.0001257549534080003j),3562000000
(-0.40153725751791564+0.43575883982793845j),(-4.239779680606737e-06-8.180382172328454e-05j),3565000000
(-0.4024556941039673+0.41417924518742855j),(-7.699574281687559e-05-0.00010683000796713195j),3568000000
(-0.35920957173914647+0.5101109760345894j),(-6.976274566798028e-05+1.6315048321934578e-07j),3571000000
(-0.2980591827044737+0.5010709957747955j),(-7.631893399810303e-06-1.238448691897956e-05j),3574000000
(-0.2640292906925959+0.49476112948268386j),(1.3514432694721178e-05-2.669620945877751e-05j),3577000000
(-0.2707153232254826+0.4489671003405017j),(9.421372988344585e-05+0.00014989719232713235j),3580000000
(-0.31732704291989555+0.5606997629344314j),(8.069995887015032e-05+0.00010238761200521407j),3583000000
(-0.20485495142214455+0.6364374939110365j),(2.094015747840294e-06+0.00011442379281528913j),3586000000
(-0.13619434573518727+0.5990922981219796j),(-0.00019388733563533076+4.492887414449477e-05j),3589000000
(-0.14314945571096763+0.6054711829920228j),(3.2190787581707156e-05-0.0001766931571098923j),3592000000
(-0.12935499425076538+0.6524807720316855j),(1.4013887739365204e-05+9.537080936425623e-05j),3595000000
(-0.07274753978767207+0.7091079813335526j),(0.0001456903291582259+6.565238146858006e-05j),3598000000
(0.021953214389754443+0.744157792779617j),(0.00012365729927145945+0.0001490971634814823j),3601000000
(0.08245023709450319+0.7375824032646906j),(1.0266355176613257e-06-0.0001066984589188339j),3604000000
(0.15588115037757294+0.7383667547121873j),(2.767947313637796e-05-0.000149191327098405j),3607000000
(0.2375642388288725+0.7108432087834735j),(4.914829423430834e-05-8.286643415247852e-05j),3610000000
(0.30426686698722066+0.6690506153337904j),(0.00010720395993549237-0.0001665698722142893j),3613000000
(0.3277621260927058+0.6677551412752785j),(-3.472999990813685e-05-6.267625379514294e-05j),3616000000
(0.3915808002096834+0.6206364180600819j),(5.1559788844525426e-05-0.00012085561894767714j),3619000000
(0.42729467186193953+0.5853621039964105j),(-0.00013511557235276506-0.00011540689495545096j),3622000000
(0.4499612059783498+0.5510680783750914j),(6.535385140631773e-05+1.596713630210589e-05j),3625000000
(0.4834550463411345+0.5382673387139988j),(7.209663469423945e-05-0.00015061341363688732j),3628000000
(0.5364872890548333+0.5156577774605685j),(9.184561796643852e-06-0.00013705747221203063j),3631000000
(0.5729561192681956+0.46434322256926885j),(6.610281736725688e-05-7.459409234605884e-05j),3634000000
(0.6015419845248365+0.42868300858037645j),(-0.00014680625124519574+9.141181442783367e-05j),3637000000
(0.6278610729189927+0.36915466809987424j),(-0.00015192119923209245-6.473577153224857e-05j),3640000000
(0.6408642821946428+0.34501277466966135j),(2.4377852818175075e-05-7.292884343216947e-05j),3643000000
(0.6748301025246027+0.3293346925041053j),(-0.00017646010124911922-6.626563318552115e-05j),3646000000
(0.7059237420820288+0.2786716050537341j),(-4.5428613729108854e-05-7.260282136225671e-05j),3649000000
(0.717430267263889+0.23185569018643898j),(2.4877646060076062e-06-5.1667984671913856e-05j),3652000000
(0.7331894103860517+0.18000780323210244j),(5.424592779608705e-05-0.00015555597303006254j),3655000000
(0.7328777457941397+0.1446934899312744j),(-0.00015426939655402484-0.0001092921043047971j),3658000000
(0.7527353122641242+0.10657178448437392j),(-8.426921063516349e-05-0.0002115311044595834j),3661000000
(0.7804854439418178+0.059809851195923615j),(0.00010108402364920557-3.430690879928529e-06j),3664000000
(0.783455328809319-7.880367162776828e-05j),(5.638571981083245e-05-2.4797325868013834e-05j),3667000000
(0.781354464077376-0.023944829406038023j),(-2.9507395079535575e-05-0.0001969429443736307j),3670000000
(0.7955507751569717-0.09252012144258748j),(-5.2234199530834334e-05-8.883673383339187e-05j),3673000000
(0.7856540473541282-0.1456804562610711j),(-0.00014781175814623272-4.4395702452352793e-05j),3676000000
(0.7730366968184713-0.20755925130810898j),(-0.0001339850437084397-0.00020614460364833448j),3679000000
(0.7408194237813376-0.2622665503209121j),(-5.120308743131011e-05-7.324481115541822e-05j),3682000000
(0.7202902186675967-0.28133290459099325j),(-0.00013520170009181421-0.0002395791933711983j),3685000000
(0.7005824061530158-0.3190806950381396j),(-7.685279373166984e-05-4.343246608109089e-05j),3688000000
(0.6790023903388338-0.36117705863755545j),(-0.00013197401641334644-0.00016112706537942345j),3691000000
(0.6644566799353031-0.3776831018191432j),(1.188927806860692e-05-7.359101319190575e-05j),3694000000
(0.6459067968168494-0.4185427710571874j),(-0.0001454049939318785-0.00018480471296256486j),3697000000
(0.6202811333640025-0.4608016266437804j),(-7.261271066842111e-05+9.6928592343207e-05j),3700000000
(0.6186583642499975-0.4636947503321457j),(-5.0051348976765e-05-5.276251611761777e-05j),3700000000
(0.5766019688639601-0.4841200859015478j),(4.304619652785969e-05-3.9807505335518324e-05j),3703296703
(0.5764676041583611-0.49838553292690035j),(6.220060136606436e-05+0.00019954442766051823j),3706593406
(0.5602914838004087-0.5330502154977247j),(-3.874149430511846e-05-0.00010066217499654695j),3709890109
(0.535614563337602-0.5957092588231995j),(-7.507518500047656e-05+0.00015701910557479228j),3713186813
(0.4770922796322726-0.6425401890991934j),(-9.073522811403263e-05+2.9598000916296905e-05j),3716483516
(0.4436677662509909-0.6485197537336211j),(-0.00014899292413586692+0.00022922699734869285j),3719780219
(0.38426157789120646-0.6808794800890863j),(8.511247673074881e-05+7.344103006353478e-05j),3723076923
(0.3378721140790685-0.7059819469948824j),(-0.000191003439434053+4.151766807721368e-05j),3726373626
(0.3086226454775471-0.7296469188980318j),(-0.00016126762421614157+4.864682704188097e-05j),3729670329
(0.24501393191963988-0.7500784366127199j),(-0.00012197744040471816-0.00015345285974710697j),3732967032
(0.19992868916612197-0.7487761983133927j),(5.5372979843521856e-05-7.404426681587886e-05j),3736263736
(0.1587886436067782-0.7529114929063212j),(8.109377657535474e-05+0.00010356773127611804j),3739560439
(0.11538506278187943-0.7653779836384826j),(-1.0753508748355382e-05+5.18356270812845e-05j),3742857142
(0.0581949879496733-0.7788380901543972j),(3.0745409601390475e-05-6.456746951029138e-05j),3746153846
(0.025841037660109957-0.7734504187997879j),(-8.025726816507851e-05+0.00015018336070101102j),3749450549
(-0.050924579291604016-0.7790172620158857j),(-3.240606060550862e-05+2.2680715879412376e-05j),3752747252
(-0.10644790103761412-0.7634832099819197j),(-0.00022687852508426146+0.00016310912385681753j),3756043956
(-0.17500641134194828-0.7587181505512759j),(-0.0001190163804067581+6.2735618921061e-05j),3759340659
(-0.23436323853912452-0.7318287249252619j),(8.87906956239202e-05-0.0003368438973467494j),3762637362
(-0.28515410357139115-0.6719883001843966j),(7.116037924800942e-05+8.723874914255603e-05j),3765934065
(-0.32654034585624836-0.646150586320156j),(0.00024891480814161356-0.0001422880343894024j),3769230769
(-0.370389984851819-0.6205554367367344j),(0.0003155080654964101-2.2742094821624243e-05j),3772527472
(-0.4048778342817093-0.5694511811803358j),(0.0002816992348396015+0.00022579451146027338j),3775824175
(-0.44057425585564625-0.5056100298212729j),(0.0002273988601926605+0.00020423991993358015j),3779120879
(-0.4825203559028974-0.48257771006449995j),(0.0004530097720762368-4.216951777512532e-05j),3782417582
(-0.42791974628129464-0.4279231233065329j),(8.681118636809915e-05+2.94846178332549e-05j),3785714285
(-0.45238741083049483-0.43825095729684244j),(0.00029480600832114856+0.0002349055655984192j),3789010989
(-0.5214203068766717-0.4229925239923529j),(0.00018872082573596278+3.2701089879283565e-05j),3792307692
(-0.5652186648771289-0.3651835307971859j),(0.00025329056571197356+0.0001820776305993767j),3795604395
(-0.5944577403081707-0.3177387071818506j),(-4.998975484312438e-05+6.708962369710642e-05j),3798901098
(-0.6219036134360578-0.27124983203351666j),(0.00045437849933655053+0.00037426508098511324j),3802197802
(-0.6449539395950704-0.20336785679050068j),(8.561838895804537e-05-2.50305998482689e-05j),3805494505
(-0.672209229542462-0.16973847081213173j),(0.0002178380677552682+4.788807793262151e-05j),3808791208
(-0.6882170681358325-0.09508599078287003j),(0.00011332892979566037-0.0001473342994334771j),3812087912
(-0.678401318148379-0.02674877447356795j),(9.767383851928206e-05-0.00013772043250580483j),3815384615
(-0.666784142464083+0.029356208583595514j),(2.6845950256622506e-05+1.4604505251619593e-05j),3818681318
(-0.6883700623048096+0.04653297558017617j),(3.005409745187282e-05+2.7636424816348983e-05j),3821978021
(-0.7112269332896508+0.13678707681045107j),(3.9005281520599824e-06+0.0001779178983545398j),3825274725
(-0.7069714448103301+0.22135259311180963j),(-0.00021011286625500377-4.689524137898309e-05j),3828571428
(-0.6657461610619947+0.3109918611952795j),(-6.398210713905499e-05-0.00013437192071500732j),3831868131
(-0.6222263439785379+0.37320884578961183j),(-8.221398568052291e-05+0.00015113034967488093j),3835164835
(-0.5721680172835645+0.4286129180003823j),(0.00038529500634030265+5.1237449003612256e-05j),3838461538
(-0.5212368223283883+0.46919138015011946j),(9.203374332144104e-05+0.00018085816808484118j),3841758241
(-0.46915067087013745+0.5231624649392707j),(0.00018739076655463943+5.202970089727547e-05j),3845054945
(-0.4032304630985457+0.5393567147290022j),(0.0001307260074430145+0.00012677608404876715j),3848351648
(-0.34939681290771246+0.5785851767836462j),(0.00020161997482899145-2.1552437469477435e-05j),3851648351
(-0.27365020866394046+0.5371955640204225j),(-0.00013801413354523278-5.4672634019724763e-05j),3854945054
(-0.3389933819339873+0.5559741350469178j),(0.00016702107342549065+9.176385290201182e-05j),3858241758
(-0.24144827635802193+0.6171588048184333j),(0.0001462977362637002+9.209865102453413e-05j),3861538461
(-0.2358022975139035+0.6318451368261949j),(-0.00018932552688497468+0.0002306166551359901j),3864835164
(-0.19619454699941377+0.6630023308602429j),(0.00011030664972349346+0.00018209745177642366j),3868131868
(-0.14253862499742026+0.7151832562458783j),(-7.797364979378194e-05-0.00014094444078662776j),3871428571
(-0.059493281888886154+0.7409493420250237j),(-0.0002386007425607713+1.5886461024358985e-05j),3874725274
(0.011320154030595967+0.7413994624293896j),(5.459468001399794e-05-0.00015271407024056873j),3878021978
(0.08854859588238766+0.7294750727417324j),(-0.00013531152135534848+0.0002627256053077582j),3881318681
(0.16957111406119307+0.712756436209092j),(7.776485201622066e-05+0.00029457681260507026j),3884615384
(0.20278532038142033+0.6856257897910755j),(0.0004244162348536013+0.00012354129432599214j),3887912087
(0.26473765620515083+0.6482674104409003j),(-0.00010530089562213983-7.72753668717061e-05j),3891208791
(0.3008967130030476+0.6341799825140894j),(-0.0002899606962154736+0.00024305534442318748j),3894505494
(0.3402025232856564+0.573586515822765j),(-9.28635905451317e-05+0.0001972398775532745j),3897802197
(0.3616819249831166+0.5843485308238463j),(7.834283833289775e-05-4.1461302529010044e-05j),3901098901
(0.4292101431162146+0.595052997900645j),(0.00010569616507194191+5.264867930510288e-05j),3904395604
(0.4840723543110898+0.5503628169655271j),(5.877846975756666e-05-0.00015818804775102427j),3907692307
(0.5439597408241148+0.5126920588678238j),(-4.52725627002794e-05-1.1928223423591236e-05j),3910989010
(0.5838434522745463+0.4437707509239503j),(-0.00022510138350759145+4.256253421769935e-05j),3914285714
(0.5906014777432861+0.3884982943371434j),(-6.9179599007865e-05+0.00016115122034169205j),3917582417
(0.6113357735986372+0.37524064921503825j),(-0.00029203395672068225+0.0004161575494225812j),3920879120
(0.6614594100086775+0.31820500679244107j),(7.064169904490955e-06+0.0002838311606557753j),3924175824
(0.6791728073604908+0.26447449096043385j),(0.00018332011451576905+3.532118979367774e-05j),3927472527
(0.6820737194145049+0.21664553973389916j),(-0.00014738494204824383+0.0002855523550013143j),3930769230
(0.6961041495493455+0.1652350953854429j),(0.0001652099666713656+0.00042997273571443174j),3934065934
(0.6921469817632003+0.12679531224557528j),(-0.0001382182372638505+0.00038489442678765165j),3937362637
(0.7242343877031389+0.08860704363121848j),(-4.056297834335914e-06+0.00011627588559107822j),3940659340
(0.7201034739330963+0.021134012667217233j),(-0.00021751517832264912+0.00038218968153174495j),3943956043
(0.7370754040047591+0.004331293560911305j),(-5.156058966826692e-05+0.00023540484428489635j),3947252747
(0.7615845967172165-0.06997638541408177j),(1.0370961310361367e-05+0.0005117197286525861j),3950549450
(0.749976187829092-0.14130880459176415j),(3.288992325823326e-05+0.00028560607949422554j),3953846153
(0.7283658008493822-0.20296957354217526j),(5.446631142249984e-05+0.0003567815521605768j),3957142857
(0.7013436162440393-0.2621845620365671j),(0.00013020455649213214+0.00018096330907843423j),3960439560
(0.6565821232128797-0.28371700666576005j),(7.851257446566934e-05+0.00010791684587873549j),3963736263
(0.6535692243616968-0.3032491705086173j),(9.88497069904203e-05+0.00015789432055649728j),3967032967
(0.639491259569473-0.36874257247393205j),(3.3366762074723996e-05+0.0002987862738676036j),3970329670
(0.5737099937378961-0.4160273501554261j),(-4.150900671149408e-06+0.00029346010083774874j),3973626373
(0.581170577538206-0.422986987133457j),(2.1341080068112704e-05+0.00029078225182220416j),3976923076
(0.5321273975909894-0.48501560781967573j),(-5.1766308910994365e-05+0.00022883427770445947j),3980219780
(0.47731461386672036-0.48292805236075664j),(8.717549649598932e-05+0.00011287679713900572j),3983516483
(0.45036268811672736-0.4761394991296933j),(8.701927867025003e-05+0.0001113971027039515j),3986813186
(0.43378458533580516-0.4870451534384005j),(0.0001545203272097916-0.00011016950694700125j),3990109890
(0.42169930764748037-0.5132546401190428j),(-6.578619445886844e-05+0.0002253509419240144j),3993406593
(0.41535281548582603-0.5168130222594123j),(-0.0001793027434894387+0.00018726936358144373j),3996703296
(0.40291526709554104-0.5617201816580218j),(-2.2845855378262317e-05+6.0597463968680115e-05j),4000000000
