S11,S21,freq
(0.587330931258193+0.5878395749667431j),(8.967799346412018e-05-8.308660494356556e-06j),1000000000
(0.6032490543373425+0.59484196682299j),(1.3032052707710036e-06-5.732791837196161e-05j),1003000000
(0.6581078237310527+0.5622866843471875j),(-6.309786575045133e-06-9.248975426766038e-05j),1006000000
(0.7120521978862236+0.4928970744050653j),(9.679534322344048e-05-6.725558994632566e-05j),1009000000
(0.7260166828539614+0.42935089805005755j),(0.00012962744632131007-2.0112255236013406e-05j),1012000000
(0.7482764831775719+0.36707859564443424j),(6.758025094601545e-05-0.00010430896189943158j),1015000000
(0.7509262437000084+0.29318153156075294j),(-1.4399823367737286e-05-0.00018144180797285045j),1018000000
(0.6925555589114983+0.2337950154981077j),(1.9895591053694582e-05-2.5799025434596464e-05j),1021000000
(0.7007859729091978+0.28489735263184485j),(3.4574942833998386e-05-0.00010666318788753564j),1024000000
(0.7711129121804104+0.25810953130029646j),(4.622654068454628e-05-9.701179197244716e-05j),1027000000
(0.8272714609264312+0.1979480422779579j),(2.8641410715226805e-05-9.997443585494636e-05j),1030000000
(0.8453051366541092+0.11405302716660808j),(-6.068331147347655e-05-0.0001089419832290193j),1033000000
(0.8373665186574566+0.03167574644277188j),(-8.756881551409736e-05-9.887475797804783e-05j),1036000000
(0.8403135615437632+0.010750176226548258j),(-3.9775503859061215e-05-8.263800287079693e-05j),1039000000
(0.848999566700491-0.07467938462123525j),(-9.411187754702801e-05-0.00011084924006188793j),1042000000
(0.8371946574949356-0.14638901409091767j),(-0.00010336633458154654-2.910791437545164e-05j),1045000000
(0.8178767792846945-0.21683601836754493j),(3.6168675160834556e-06-8.756323702974433e-05j),1048000000
(0.7911008295535753-0.28305600244557966j),(-5.975308114927361e-05-1.8490770047702765e-05j),1051000000
(0.7572365818546302-0.3424570340071479j),(-0.0001092718209389059-1.185396901024073e-05j),1054000000
(0.7157197565685901-0.3953802023120967j),(-5.2784017744802e-05-4.913813092511128e-05j),1057000000
(0.677789685777621-0.43593685967797974j),(-4.596104930699871e-05+5.231320624978112e-06j),1060000000
(0.6484326874270793-0.4746838905923601j),(7.93087608791466e-06-7.286006492472231e-05j),1063000000
(0.6193340245099788-0.5235673356164239j),(-4.686444397649598e-05-2.3508380965614733e-05j),1066000000
(0.5802357908994734-0.5796146084717699j),(-4.553417520863467e-05-3.448972994493958e-05j),1069000000
(0.5318188795682746-0.6293472396272559j),(1.3211479821942394e-05-8.042555596402446e-06j),1072000000
(0.46985235826985233-0.6755244309785935j),(-5.5302244353907104e-05+3.2734240406692704e-05j),1075000000
(0.409744707212186-0.7153176854712312j),(-2.599126544500872e-05+4.7879916235887135e-05j),1078000000
(0.3399873593985365-0.7508085593326298j),(-4.547113957514902e-07-3.6068882923951535e-05j),1081000000
(0.2624502659057642-0.7360906718116649j),(-4.030164367754944e-06+2.2658098581711125e-06j),1084000000
(0.2223306347057957-0.7683292261443668j),(-1.4284018929522237e-05+4.4912488583337436e-05j),1087000000
(0.1612836888362657-0.7988059636339323j),(1.690905887519963e-05-5.70123722766242e-05j),1090000000
(0.08345989250138756-0.8158129948127163j),(1.4984873175348287e-05+2.7834964685977702e-06j),1093000000
(0.005832556962656006-0.820777211546151j),(-3.1719769476889506e-05-7.992539057343852e-05j),1096000000
(-0.07159400619582154-0.8163372796003345j),(-2.8576385862423487e-05-2.5187272856962835e-05j),1099000000
(-0.14738654843071386-0.8035915241086357j),(-5.159651726537e-05-6.547021532697926e-05j),1102000000
(-0.21983805940535014-0.7865547406198367j),(-5.9801413516247617e-05-4.119263457152414e-05j),1105000000
(-0.2919511558539669-0.7601046179010985j),(-6.649923137018759e-06-7.156447187113113e-05j),1108000000
(-0.36187080011380507-0.7293939292139144j),(-3.3571572452244584e-05-7.815744565082434e-05j),1111000000
(-0.4282001702284439-0.6892182839182319j),(-0.00010522433920230158+9.306485700559159e-06j),1114000000
(-0.48896344844089906-0.6379267347640666j),(-5.6728172425862396e-05-9.589738558526664e-05j),1117000000
(-0.5370186837364217-0.5904383460332978j),(-5.949464869877544e-05-7.971475850554163e-06j),1120000000
(-0.588266666952831-0.5418624365074465j),(-3.550229757295416e-05-1.1091886081234273e-05j),1123000000
(-0.6347774358336129-0.48251292616025127j),(-6.502237602310685e-05-2.4334475963371954e-05j),1126000000
(-0.6708988356766735-0.41919371500955405j),(-7.704330659154149e-05+4.1943910100634315e-05j),1129000000
(-0.7074580150784324-0.3588247367326157j),(-6.543414587755527e-05+1.2691592257088993e-05j),1132000000
(-0.7329165096044575-0.28024163939435515j),(-0.00013788051693910925+9.935919704620366e-06j),1135000000
(-0.7402091803674882-0.2097884841481341j),(-0.0001019451630782625+1.9656966718290416e-05j),1138000000
(-0.7296745825557138-0.14806886218114781j),(-0.00010096955876147546+2.248206444090936e-05j),1141000000
(-0.7190671008130348-0.1166392553805038j),(-0.00010910710961411403+2.66739922043287e-05j),1144000000
(-0.7350427602396453-0.07262991869158508j),(-0.00012169058266874318-2.563148629076008e-05j),1147000000
(-0.7560928605068422-0.025523800151920295j),(-8.704348989923132e-05+1.3678677088633982e-05j),1150000000
(-0.7725628875058866+0.028694309712112936j),(-7.133270373885701e-05-2.1759358183016073e-05j),1153000000
(-0.7857750327974371+0.09509865556029554j),(-7.399277723282316e-05+7.905923526215622e-05j),1156000000
(-0.7881308423506354+0.16718431642459985j),(-3.1153328976081224e-05+2.8280497284356926e-05j),1159000000
(-0.7782181853704094+0.2410626223351098j),(-6.251141998064619e-05+2.2939534724226152e-05j),1162000000
(-0.759689688185783+0.31192222376773865j),(-6.854822273372284e-05+3.830312212031659e-05j),1165000000
(-0.7318974660306274+0.38380225893633824j),(-0.0001402782616794697+8.175804881379529e-05j),1168000000
(-0.6949128740034675+0.44933864281925356j),(2.4535262643537352e-06+5.1402197968355623e-05j),1171000000
(-0.6513905153776721+0.505583298474702j),(-0.00012030573329850525+6.356331478785669e-06j),1174000000
(-0.6061816595422299+0.5615961499927592j),(-5.558431009439665e-05+5.3400499709162426e-05j),1177000000
(-0.5502153416266078+0.6095016806789226j),(-3.8139544234231874e-05+9.564228125393247e-05j),1180000000
(-0.5089408672130216+0.6308581083875245j),(-0.00010271218294926361+1.3208554110094598e-05j),1183000000
(-0.4622413027187082+0.6936866301444178j),(-8.401673522701137e-05+3.131939583401462e-05j),1186000000
(-0.39855857698202063+0.7265952152368256j),(-5.924318177899165e-05+7.9380992682146e-05j),1189000000
(-0.3317239034143661+0.7568347726261849j),(-1.3847373028792085e-05+8.694394052714684e-05j),1192000000
(-0.26424054255212925+0.7800892527427805j),(-5.264857071544402e-05+0.0001851606485895286j),1195000000
(-0.2021732235770033+0.7981435154666109j),(1.5631421551963424e-05+6.29695081550355e-05j),1198000000
(-0.13071599705340406+0.8133941855966951j),(-2.4618565321234834e-06+8.055626508300145e-05j),1201000000
(-0.05501912357587699+0.8186647124308813j),(1.5174830732760894e-05+4.7304660144026127e-05j),1204000000
(0.017141291805376623+0.8144129887817926j),(8.431653763289995e-05+2.755076703141052e-05j),1207000000
(0.09130358974302534+0.799378001165486j),(-4.053695320523053e-07+3.547393202098419e-05j),1210000000
(0.16566468715322927+0.7771117555513933j),(1.2123528621395196e-05+4.3421075405853175e-05j),1213000000
(0.2403115633729669+0.7395284364699204j),(0.00011012166076695748+1.0218603351598524e-05j),1216000000
(0.3046310334258707+0.6830181728439892j),(6.391313593265453e-05+9.1198550847026e-05j),1219000000
(0.3517937569203786+0.5976678531769294j),(5.368667880709862e-05+3.590143264486905e-05j),1222000000
(0.3273908849852079+0.495553395300748j),(4.354008994429423e-05+8.687324377944664e-05j),1225000000
(0.2623954859646532+0.47326732577976294j),(2.2822473271121274e-05+1.1097288652960464e-06j),1228000000
(0.18024224916796106+0.6302935975000582j),(9.472600178512061e-06+4.6922443422578e-06j),1231000000
(0.4153194261827379+0.5573352461874935j),(8.85493727362705e-05-2.5569189651032053e-05j),1234000000
(0.3506202741445789+0.6024353550184964j),(5.779809687085661e-05-1.3042913074816988e-06j),1237000000
(0.4262589610411771+0.5909043169611183j),(1.5707061640181966e-05+5.676593314436377e-06j),1240000000
(0.49906808834021654+0.5530439501878013j),(4.727701157686485e-05+2.366915171765318e-05j),1243000000
(0.5453306436567625+0.5383446170256821j),(4.595026556209423e-05+1.4656390981302984e-05j),1246000000
(0.6195568045785897+0.49133066381697077j),(4.437521744693131e-05+9.99208530000865e-06j),1249000000
(0.666349851208902+0.428954152210422j),(4.278918653705738e-05-3.425843969482723e-05j),1252000000
(0.7082896543025763+0.36950061474497253j),(1.2140888946439807e-05+6.428074026010785e-05j),1255000000
(0.7430974205901795+0.29665079132630545j),(3.3792523373947796e-05-8.496250432622571e-06j),1258000000
(0.763693612502435+0.22578557952106573j),(-5.540214007323688e-07-4.097055539467541e-05j),1261000000
(0.7758764925142979+0.15742624400452152j),(-3.746020649549772e-05+3.622172641949486e-05j),1264000000
(0.7836038792345522+0.08809331623556357j),(4.54202889529079e-05-5.045558658126053e-06j),1267000000
(0.7852583610297806+0.01985759120238181j),(1.593212826590902e-05+2.146100438960725e-05j),1270000000
(0.7778774202157188-0.04378688565610961j),(1.1339780019022986e-05-7.687165287940693e-06j),1273000000
(0.7663746790814308-0.10944535525041624j),(7.892600656160894e-06-5.843888344132663e-05j),1276000000
(0.7507542708769339-0.16867402787675187j),(2.0557122760021366e-05-4.579606128531531e-05j),1279000000
(0.73283810578418-0.22455097203418428j),(-6.125968691089016e-06+6.248923755475557e-05j),1282000000
(0.7111311644869153-0.28360904239098633j),(-3.56881992223486e-07+1.7949738922935877e-05j),1285000000
(0.6833186316739872-0.341497344891021j),(-1.4065541162546685e-06+5.998777291320806e-06j),1288000000
(0.638113946514488-0.3824078883089058j),(3.8661023259584805e-05-1.5195858168671e-05j),1291000000
(0.6170940189353344-0.45279746094311135j),(5.875285981650612e-06+4.205227524160755e-05j),1294000000
(0.5584582723983693-0.4946832955080856j),(2.2492381917185652e-05+4.586100930747638e-06j),1297000000
(0.5128009646800711-0.5024883235920545j),(-4.022729938286447e-05-7.541783884582e-05j),1300000000
(0.5114834975700555-0.5028982425902228j),(-2.580403255378051e-05+7.562489344615334e-06j),1300000000
(0.5049446436694836-0.5622393463121932j),(9.451000893456438e-05+1.5049467039603854e-05j),1303000000
(0.44142725241424047-0.5870754138746637j),(5.0575772592419046e-05+6.574539131819916e-05j),1306000000
(0.4123195019344793-0.6380773078677274j),(2.009622909724412e-05-1.8210203664316128e-05j),1309000000
(0.33903160612231703-0.6783926064185352j),(8.021955102914653e-06-2.7483079356597054e-06j),1312000000
(0.2901991367442184-0.7078773542729266j),(1.6431967369775788e-05+1.4755220840874473e-05j),1315000000
(0.22005495351418886-0.7159657317031753j),(2.823000441486392e-05+5.829716659089849e-05j),1318000000
(0.14704059867569083-0.7315024573188322j),(1.4183914278924773e-05-3.718937882026303e-05j),1321000000
(0.07425857017158115-0.7261137671769655j),(8.061123129211268e-05-2.441189967567692e-05j),1324000000
(0.009922767126226993-0.7069388209862514j),(9.351679223397983e-07-4.490345355288516e-05j),1327000000
(-0.054838151917883556-0.685732736470517j),(-1.5712983093297e-05+3.596842281195332e-05j),1330000000
(-0.1265485711357346-0.6482053437445328j),(9.543246472054073e-06-9.139830109844454e-05j),1333000000
(-0.10506366963481592-0.5968451427768868j),(7.556035042489589e-05-6.659397184384943e-05j),1336000000
(-0.11043136714604984-0.5870157269635207j),(5.0362479591843984e-05-6.219423960257448e-06j),1339000000
(-0.14688874712818628-0.5799369108098821j),(5.3161075226407075e-05-6.11859633227714e-05j),1342000000
(-0.08686376748218265-0.5620749908517781j),(2.897517656203636e-05-4.0603667301616305e-05j),1345000000
(-0.1662428847338475-0.6509798914398174j),(3.1580436806236525e-05+2.7617397621782823e-05j),1348000000
(-0.23120038229498877-0.5952930563904929j),(5.1189294769803585e-05-2.6685953357098347e-05j),1351000000
(-0.31613091813964916-0.6217578063562493j),(-2.794070123843129e-05-4.241879604760512e-05j),1354000000
(-0.24781528473996495-0.5713335338595225j),(7.403944617850902e-05-0.00010643386795622488j),1357000000
(-0.33936148757323426-0.6091008793752329j),(5.012243859492538e-05+4.059660076977181e-05j),1360000000
(-0.4107923866961779-0.589536008730149j),(8.355753289660255e-06-1.1551685862849724e-05j),1363000000
(-0.47094112114795716-0.555324907823411j),(-2.0993990323171572e-05-9.98024743689073e-05j),1366000000
(-0.5189803278660763-0.5229609062945513j),(3.333266121128929e-05-7.528089827690876e-05j),1369000000
(-0.5767094799591733-0.4862804148707731j),(7.159534360745493e-05-9.132850014785507e-05j),1372000000
(-0.6363928187252974-0.4222122604935632j),(-5.627527461994142e-05-3.459650335335421e-05j),1375000000
(-0.6414169046952424-0.36259826588690697j),(5.175548128922637e-05-7.868840176228073e-05j),1378000000
(-0.6987314852559763-0.3245577542563213j),(5.22801628384547e-05-0.00010462343706571971j),1381000000
(-0.7227721939807296-0.24786106312673076j),(-1.1230696721043024e-05-3.218719228940402e-05j),1384000000
(-0.7354598324227954-0.1942012737772849j),(-7.522660865022766e-06-0.00011560116077795716j),1387000000
(-0.7533557503725076-0.12090455862913682j),(-4.134638226333502e-06-0.00012971685708743736j),1390000000
(-0.7488439041046916-0.07326824581410983j),(-4.3669942838623186e-05-7.569927330699038e-05j),1393000000
(-0.7649539761345614+0.004722767195034224j),(-7.061025118000732e-07-0.00010098774719317597j),1396000000
(-0.7496402786467945+0.07906557596068099j),(-2.9243267787064473e-05-6.589804386212007e-05j),1399000000
(-0.7387239926779092+0.12283050349683239j),(-3.300194733103195e-05-0.00012516631778046081j),1402000000
(-0.7389968460065476+0.189082586978202j),(-5.613596276264011e-05-8.466765644298033e-05j),1405000000
(-0.7195736047535072+0.2610040801945403j),(-3.450609489717156e-05-6.332446367708122e-05j),1408000000
(-0.6888060736914244+0.3278009057045781j),(-0.00010715500827518453-3.26620237824214e-05j),1411000000
(-0.6509903282231716+0.38871864206324114j),(-0.00010344095271111468-4.949964333314891e-05j),1414000000
(-0.6071096143527281+0.44391611043794943j),(-4.473693954317122e-05-6.652418966531675e-05j),1417000000
(-0.5540786835191382+0.4948905137133736j),(1.6182563533615722e-05-3.110809787126749e-05j),1420000000
(-0.5023163229492559+0.5316151423076116j),(9.532556841881373e-06-1.91678185532274e-05j),1423000000
(-0.45255297151254065+0.5583938952585672j),(7.68202392774191e-05-1.6187008758455125e-05j),1426000000
(-0.40937931406128536+0.595331941943682j),(6.282782423596084e-06+5.860070132103083e-06j),1429000000
(-0.35559549204907603+0.6356078419637586j),(-4.5985422886910766e-05-5.857196681090641e-06j),1432000000
(-0.28257351979621276+0.6561072770716909j),(-5.063242716900688e-05+5.0760205091800044e-05j),1435000000
(-0.21909073534262508+0.6689244112759074j),(2.6989015427856938e-05-4.6473206443276015e-05j),1438000000
(-0.16764532800093607+0.6701519142223678j),(-1.0747387787233523e-05-2.7812069391189708e-05j),1441000000
(-0.11628105644008901+0.679890906426699j),(3.17899523070312e-05-5.244494259749899e-06j),1444000000
(-0.05266496325655845+0.6823062531014116j),(4.1348941742078435e-05+1.664546165313714e-05j),1447000000
(0.005990432318721691+0.6897076086395406j),(2.6967172448278562e-05+4.761855773094157e-06j),1450000000
(0.0757930979473302+0.6739132777580752j),(-4.692661649377511e-06+2.673166903240622e-06j),1453000000
(0.11527799905043959+0.6635947262250774j),(1.644642030281551e-05-6.716660962534176e-05j),1456000000
(0.19706958368826152+0.6490769866862373j),(-9.90909174777831e-05-3.703997494365133e-05j),1459000000
(0.2396733866750987+0.6103082318967111j),(-1.2266939239676349e-05-4.572190297236876e-05j),1462000000
(0.28910219926479197+0.5791681848780079j),(-1.9999832456567142e-05-4.072326424869246e-05j),1465000000
(0.3291940775946113+0.5403321245288145j),(-4.6792076238407774e-05-2.4152831154077063e-05j),1468000000
(0.3621128014756854+0.4960605191564377j),(-9.704611793469207e-05-9.456129334838579e-05j),1471000000
(0.39479992811760245+0.46909373096015194j),(-3.865454295633395e-05+3.210405310608205e-08j),1474000000
(0.4259273278143439+0.42737363089424424j),(-7.778872678831881e-05-3.711668095589165e-05j),1477000000
(0.4492519056438422+0.3881909699334283j),(-2.624833995985834e-06+4.409341972097708e-05j),1480000000
(0.46945022932133185+0.3471268302594561j),(-1.9306160228070133e-06+5.008869720402133e-05j),1483000000
(0.4873914291675054+0.30870539242115436j),(-3.893420190314152e-05+3.651773361562446e-05j),1486000000
(0.507410503031003+0.27641507536914167j),(-6.491941455527697e-05-1.2599832709331731e-05j),1489000000
(0.530703541121964+0.23542505807133016j),(-3.073639982215188e-05-4.205154317997338e-05j),1492000000
(0.5496640132046561+0.1900616830225848j),(3.8855538892022694e-05+2.1047011909657055e-05j),1495000000
(0.5735707817704253+0.14267117474069738j),(7.210406670447285e-06+3.4084437247836815e-05j),1498000000
(0.5729611931746292+0.07683836893780037j),(2.2073445632826647e-05+1.941317085503944e-05j),1501000000
(0.5578538950005786+0.015622436432689938j),(-3.10044322918195e-05-2.603763820490205e-06j),1504000000
(0.5167938056629073-0.02877503038485043j),(-2.871654098984383e-05+2.3932642579731375e-05j),1507000000
(0.4849583393729791+0.00319465909766365j),(2.0135194473264786e-05+1.256808615479412e-05j),1510000000
(0.5326033132644653+0.038988238586324955j),(6.592863434266365e-06+1.840476596142998e-05j),1513000000
(0.6232525638347122-0.09136478532541105j),(2.150454092529713e-05+1.5534324024088696e-06j),1516000000
(0.5756297314588164-0.2147301643083454j),(2.8429585629481868e-05+7.943178287331187e-06j),1519000000
(0.5428710051718298-0.12783703635307123j),(5.551544436538535e-05+1.816356017016339e-05j),1522000000
(0.5779707421624374-0.27483013544147844j),(7.649118260536213e-05-8.486342466943096e-06j),1525000000
(0.5095318618504069-0.35578786246596833j),(5.213536610496817e-05-5.0862507459446035e-05j),1528000000
(0.4559833931952983-0.4151620243937066j),(-3.817460042314788e-05+2.3182673004301694e-06j),1531000000
(0.3454569611798593-0.4380065787348546j),(-1.9403124045150454e-05+8.846841460520324e-05j),1534000000
(0.35320471247918817-0.49400516403428557j),(1.0998469016940664e-05+5.823958645059369e-07j),1537000000
(0.28996447051937113-0.5171844315740168j),(1.6336309377914137e-05+1.7740498578235497e-05j),1540000000
(0.21337385041841428-0.533841275705325j),(-2.0184428087335117e-05+1.9460553572897753e-05j),1543000000
(0.13902376074733297-0.5340224655907572j),(1.07631818064106e-05-3.3251459194999134e-05j),1546000000
(0.06783072096267381-0.512000051514511j),(6.585081111411998e-05+5.558544416652212e-05j),1549000000
(0.017328566911865424-0.48400187789259036j),(5.200172396613099e-06+1.297861359936546e-05j),1552000000
(-0.019789622868856632-0.4313316932163994j),(1.7080123424320083e-05-2.7210561408149263e-05j),1555000000
(-0.011272440299259426-0.3924425049326995j),(2.2513564865539562e-05-1.5668715792379948e-05j),1558000000
(0.0018349646797636728-0.40133113772117646j),(-2.8074899736895316e-06-7.109717756483506e-05j),1561000000
(-0.02952498792051501-0.4356289016345458j),(-3.504559151748914e-05-2.3598189179909266e-05j),1564000000
(-0.0644823696410677-0.374261080538445j),(8.322558530388484e-05+7.147965507993338e-05j),1567000000
(-0.0896957540278188-0.4019064320933528j),(6.706835131931437e-05-3.0742236683981415e-07j),1570000000
(-0.12038408981042681-0.3846143700922147j),(4.9257865228372563e-05-5.6502146098898044e-05j),1573000000
(-0.14586907710974817-0.37247448615224926j),(3.7268331682157105e-05+5.23743478235525e-05j),1576000000
(-0.1722998695371512-0.34986965726967406j),(5.422856654597394e-07-5.078928037893441e-06j),1579000000
(-0.18359231152691105-0.34518498817461396j),(-3.468558023943072e-05+7.849166791516022e-06j),1582000000
(-0.20630902970913098-0.2961848518715613j),(1.3592642172664243e-05-2.3594101319652302e-05j),1585000000
(-0.2045269378461771-0.2738036009833806j),(-5.504517820207701e-07+1.8631194003436273e-05j),1588000000
(-0.20789025771943276-0.263345686306058j),(2.6544894582955912e-05-1.0449350225695464e-05j),1591000000
(-0.2126139287401517-0.2521013430513489j),(2.4604390304596094e-05+7.498539163691124e-06j),1594000000
(-0.20995120080032567-0.25228618930826957j),(1.4510927764584184e-05-2.3898557478238547e-05j),1597000000
(-0.27563988806201395-0.27193931156479945j),(9.232038466290336e-06+3.618986722922542e-06j),1600000000
(-0.2765295306168183-0.27166774313580105j),(3.6919925516749845e-05+2.5924527794547946e-05j),1600000000
(-0.30723006234565914-0.20269388131785535j),(-2.5044712283441016e-05+7.304637925438478e-05j),1603000000
(-0.3094778235711564-0.17853882663817294j),(3.061273515517955e-05-7.391069224536287e-06j),1606000000
(-0.31213203978493403-0.12795780106823315j),(3.881560766121175e-05-2.598891620278468e-05j),1609000000
(-0.2958674410431298-0.08179661601042817j),(6.712102563625364e-05-4.082881279179187e-06j),1612000000
(-0.2660401644471168-0.04440135088927596j),(4.485813878886505e-06-2.6144724895033216e-05j),1615000000
(-0.20743060573614575-0.04305788870989637j),(2.9394708080322193e-05-2.1166595058986102e-05j),1618000000
(-0.2746658487201175-0.11269478178750972j),(-2.6176779258395667e-05+2.180745091164926e-05j),1621000000
(-0.2876725880114537+0.0163863994923455j),(-8.23203047418993e-07-9.462289147000155e-08j),1624000000
(-0.2161854451066685+0.07062448027250279j),(-3.276781924189964e-05-3.0435593545263217e-05j),1627000000
(-0.142898945562632+0.07907173547290616j),(3.460799742913633e-07+1.9728394527940185e-05j),1630000000
(-0.07883587637197371+0.056139526522004816j),(3.0034270801786584e-05-5.3919773383186136e-05j),1633000000
(-0.05125857944253567+0.028805405041175285j),(-3.715800553520522e-06+1.0272264287755083e-05j),1636000000
(-0.005316185371720171-0.0007506992692546361j),(6.452114589724753e-05-3.529201554455554e-05j),1639000000
(0.026015461199234965-0.05736239746041525j),(1.586133111360849e-05-6.117928435753481e-05j),1642000000
(0.03217631270625427-0.12386771312036851j),(-4.715334638655203e-05+1.5984114802639547e-05j),1645000000
(0.014617564310832176-0.19269006308561046j),(3.298045380494102e-05-7.695605965114431e-05j),1648000000
(-0.02990595011136667-0.23915888042431657j),(-1.94966105791356e-05+1.2385128745943659e-05j),1651000000
(-0.07326282085259558-0.2781023721357359j),(3.861103180816284e-07-6.305783496884415e-05j),1654000000
(-0.15548106166317122-0.29693617184150106j),(-3.242517466509606e-05-1.3878309449967471e-05j),1657000000
(-0.17592279445972067-0.3184760112927738j),(8.652022287669168e-06+1.2517244316849699e-05j),1660000000
(-0.25816327867952676-0.31853621837265267j),(1.9993993205053805e-05+4.623484275786304e-05j),1663000000
(-0.3326725734699763-0.28753261222642096j),(-4.334816518451898e-05-8.760495154281396e-06j),1666000000
(-0.357035444486298-0.21877719511028054j),(-5.827321310327454e-06+4.9800778358938525e-05j),1669000000
(-0.4159684104090101-0.2261146462739379j),(4.306594327058653e-05+4.759149206793201e-05j),1672000000
(-0.4330002593654186-0.16277318649346317j),(7.696389821194627e-05+6.584820862648243e-05j),1675000000
(-0.456298420202784-0.13910469663542768j),(-2.2885861229100105e-05-5.2137368064972325e-05j),1678000000
(-0.4947196221704917-0.10201053293560657j),(3.9453268776738865e-05-6.071388555932495e-06j),1681000000
(-0.5281381486124936-0.04860179600424942j),(3.354519754683451e-05-7.971997886174574e-05j),1684000000
(-0.5511293225076745+0.017569147533083515j),(-1.0214083769651998e-05+4.477667115491292e-05j),1687000000
(-0.5592090895688299+0.0874165968885249j),(5.263615627631903e-05-2.824155586211592e-05j),1690000000
(-0.5531421511341053+0.1566786274832181j),(1.536809467044412e-05+2.1070795888850057e-05j),1693000000
(-0.5345701171573396+0.21626948186869213j),(4.437172218640925e-05-2.132623519937249e-06j),1696000000
(-0.5261331898145588+0.26648235192209985j),(9.180814861295533e-05-5.344268089832409e-05j),1699000000
(-0.5154609987730197+0.35946687123235604j),(-1.2400257613142102e-05-3.283785344048761e-05j),1702000000
(-0.4772254485726683+0.3966164543129052j),(8.673052831561071e-06-1.317465096992886e-05j),1705000000
(-0.41569936176197037+0.46210380145275337j),(6.616013299743776e-05+1.931635353285677e-05j),1708000000
(-0.4027937419839629+0.5039907572953375j),(5.0101098557276476e-05-5.554330715860416e-05j),1711000000
(-0.3312480041750714+0.5824829447034343j),(4.2439391998306073e-05+2.2987373031477403e-05j),1714000000
(-0.24345865365803213+0.6347110584259331j),(3.5532481061852745e-05-2.818802821330581e-06j),1717000000
(-0.16943565387593867+0.6566517888712547j),(2.418060611464279e-05-2.733205895453154e-05j),1720000000
(-0.06695535425845504+0.6687756216287732j),(-2.1662780309280502e-05-7.577367377302145e-05j),1723000000
(-0.011111114932040537+0.6488137209883311j),(1.1440691037935965e-05+2.9470712808641677e-07j),1726000000
(0.06030133904813508+0.7025903701799486j),(2.6525082176824804e-05-4.449049928279776e-05j),1729000000
(0.2052075407541219+0.6783249404267864j),(5.9376800048500175e-05+8.221067617153214e-07j),1732000000
(0.31564036124202877+0.553041825599785j),(-2.2348741315500668e-05-2.0516173957835612e-05j),1735000000
(0.27495964130523415+0.44383797342235765j),(-1.9351910682313622e-05+1.1377788160326273e-05j),1738000000
(0.14831327917875842+0.5049215825265437j),(7.74548091950416e-05-6.035757541615683e-05j),1741000000
(0.2966513322456355+0.5819745565851323j),(3.5681374311023054e-05+2.883848185947645e-05j),1744000000
(0.40653315394983314+0.478403213203673j),(-1.7256933459743545e-05+4.075488198245068e-05j),1747000000
(0.5128751872738354+0.48615634177687156j),(6.131346279491957e-05-9.832275646461169e-06j),1750000000
(0.5873096950543718+0.3709497688788105j),(2.7680663272000304e-05-2.704629685850633e-05j),1753000000
(0.6173985817939379+0.20477689157540427j),(7.158585196865578e-05+2.2663842434523497e-05j),1756000000
(0.3403864908594663+0.14927620529720648j),(1.9051928096116108e-05+5.4925169252174884e-05j),1759000000
(0.5394761993434163+0.2325650633276586j),(2.029086889610458e-06+8.727963231844638e-06j),1762000000
(0.5582164105037556+0.13855685482996197j),(-2.9651291023514692e-06-2.4049900387677142e-05j),1765000000
(0.41197839186271473+0.11235005335758932j),(-7.568867134085954e-06-5.8874194541227175e-05j),1768000000
(0.5332629028031514+0.2541156388893162j),(9.228032511302381e-05-1.560698106708087e-05j),1771000000
(0.6316921643989989+0.1791808457222129j),(-3.7307225527329497e-06-3.5678593345253647e-05j),1774000000
(0.7079134589934609+0.052745238225305545j),(3.649272659759824e-05-2.7002198273694118e-05j),1777000000
(0.6824596729734692-0.05053678836223834j),(8.577198747407758e-05+8.125212778094588e-06j),1780000000
(0.6743705188119846-0.15894509494510478j),(-1.4201370470123627e-05-7.187383462549687e-06j),1783000000
(0.6267371202168112-0.22753231864039863j),(6.331314318343857e-05-4.45174123035359e-05j),1786000000
(0.5884877487538648-0.28952433778094033j),(9.212842705552774e-05-4.9355646712177216e-05j),1789000000
(0.5415882812533768-0.3503723229377354j),(4.6242832662057355e-05-2.956313765546919e-06j),1792000000
(0.48001428261019613-0.4018303464105906j),(5.517258242945373e-05-4.055566066739942e-05j),1795000000
(0.4050855456918312-0.4080243925064312j),(0.00013743761166585373-2.2642392149299095e-05j),1798000000
(0.39207348813730714-0.41189543494393976j),(4.333986746991523e-05+1.9347274330478147e-05j),1801000000
(0.35939863543756523-0.4539753442964448j),(5.3765058700337794e-05-4.7374065633829234e-05j),1804000000
(0.3073869916918472-0.49541798822524996j),(5.840635727396377e-05+3.3772381197002e-06j),1807000000
(0.2158472628057047-0.5018024108735197j),(4.1953969923410525e-05-0.00010245266028668323j),1810000000
(0.17056887112107183-0.47478317747826837j),(9.02256893211853e-05+1.6439095559754218e-05j),1813000000
(0.17831071113040742-0.47266405872423556j),(-2.5953237917579813e-05-4.978709637118937e-05j),1816000000
(0.08857726080458887-0.5072143801643249j),(3.485481904917152e-05+9.255990232278996e-06j),1819000000
(0.09358889200086533-0.4696475520492689j),(-1.4865785747302942e-05-5.316570798671266e-05j),1822000000
(0.011456391010233928-0.4800568437797861j),(9.034545582410587e-05+8.836105628031287e-06j),1825000000
(-0.04438432744884179-0.402238749901446j),(8.457116604373787e-05-3.911781249670128e-06j),1828000000
(-0.005105777387601262-0.32933297045317667j),(7.952259304071078e-05+5.870109736674265e-05j),1831000000
(0.08171450495905537-0.3538421650340464j),(2.221598019741624e-06+1.1806755696704669e-05j),1834000000
(-0.01834355856395695-0.5038456516202968j),(6.371790613407153e-05+4.98748645646982e-05j),1837000000
(0.06926108033028723-0.43947467705567395j),(7.245151764718122e-05-4.757139971519502e-06j),1840000000
(0.0009925110611073633-0.5441260675760486j),(2.991896822876118e-05-1.9913307076093493e-05j),1843000000
(-0.12033587664765578-0.5565728073588996j),(7.321907927403617e-05+1.336992394268339e-05j),1846000000
(-0.19392315697291246-0.5371118857410532j),(6.084592280359247e-06-3.426430072727046e-05j),1849000000
(-0.27766006351382155-0.500644057844452j),(4.404553357326357e-05-1.8565824609534575e-05j),1852000000
(-0.35117208888768464-0.4347824496810589j),(3.170180270023646e-05-1.6032618305226817e-05j),1855000000
(-0.3742901119359774-0.3687815490768133j),(8.459746232488334e-05-5.2839746911523516e-05j),1858000000
(-0.40743760615454955-0.29813192495862845j),(8.92552695316859e-05+7.952640028567021e-06j),1861000000
(-0.41818643172130376-0.21862946835572997j),(6.803605662567142e-05-0.00011826642240073425j),1864000000
(-0.3980804892140509-0.13151514875204162j),(5.491996446301698e-05-1.3879375568115177e-05j),1867000000
(-0.3632290347580859-0.09033720986545131j),(-3.0193892429077466e-06-2.2460374911644324e-05j),1870000000
(-0.30445049713302336-0.028722137229758367j),(4.179333058287243e-05-4.146347398451737e-05j),1873000000
(-0.2341026725515544-0.02506354357184856j),(4.609010334906783e-05-0.00010704751063785627j),1876000000
(-0.18678436271498297-0.06745857192107618j),(1.1388711676867811e-05-1.1712991506052819e-05j),1879000000
(-0.22175500400581163-0.0803016761489378j),(1.1908702582255007e-05-7.968092616603472e-05j),1882000000
(-0.22516532191041358-0.0860734772031378j),(3.7201157301088176e-05-0.00012472037392662655j),1885000000
(-0.1994293308085436-0.04889563831011932j),(-2.0513016325135596e-06-9.803972298134844e-05j),1888000000
(-0.1974697301130777-0.08074549899507491j),(7.413195903859696e-06-5.058795321045487e-05j),1891000000
(-0.2130172088352028-0.07653201500813615j),(-2.4248489079238414e-05-3.3833689102662844e-05j),1894000000
(-0.21775793495644738-0.06698120329363637j),(1.0930861227834623e-05-3.553393700055213e-05j),1897000000
(-0.22354671908843798-0.06623228040362131j),(-8.83743919543432e-05-4.204539259524823e-05j),1900000000
(-0.22298226277517272-0.06512950273691773j),(6.500947113918937e-06-2.3083220859559654e-05j),1900000000
(-0.24098458085387753-0.052911326859023666j),(3.834205333635527e-05+1.1511649019447813e-05j),1903000000
(-0.258475370052084-0.024348680363510976j),(-1.2729962805207168e-05-5.187014106044319e-05j),1906000000
(-0.23657294476618104+0.028049136275341946j),(3.815427368327379e-05-3.209249144836636e-05j),1909000000
(-0.19043828950163605+0.015921844260301573j),(-8.915743670843238e-06+1.647078110736364e-05j),1912000000
(-0.16448796064330082+0.009730597820296647j),(-2.2638247662147818e-05-8.075209098258197e-05j),1915000000
(-0.20629660780863168-0.037156608009963j),(2.968502290761266e-05+3.7740590563216617e-05j),1918000000
(-0.25925030905480406+0.033688580380695506j),(-2.881609632815214e-05-7.350162325794928e-05j),1921000000
(-0.24325294806537778+0.08290363026119885j),(-6.054474036295537e-05-5.662478061226307e-05j),1924000000
(-0.15688468378514284+0.15024686058931486j),(1.8421154208079766e-05+3.833147643748873e-05j),1927000000
(-0.06586279657118825+0.10908281958361818j),(-8.705091060512858e-05-7.035687753901581e-05j),1930000000
(-0.049005304882505124+0.04791238905878153j),(3.553426666080394e-05-1.5106805973254688e-05j),1933000000
(-0.041627618774732096+0.0013134629499629222j),(-1.7191005279555786e-05+1.7718956205661898e-06j),1936000000
(-0.0674678733844263-0.034609331141059727j),(3.042728030310736e-05+1.3846395483288366e-05j),1939000000
(-0.09535350714808832-0.0643424170069433j),(-1.1303145927090642e-05-6.824129889339187e-05j),1942000000
(-0.14350726404729844-0.0766761094362255j),(9.679840954928494e-05-6.721985469751882e-05j),1945000000
(-0.18258618466795845-0.07484681482277952j),(-1.2780695399534503e-05+1.3726713606586322e-05j),1948000000
(-0.2234645685757946-0.0517147739044251j),(-4.1602753955394955e-05+4.908478724517842e-05j),1951000000
(-0.2586395301051665-0.019597110072504496j),(2.842674839725532e-05+2.1738063831897583e-05j),1954000000
(-0.2778773086055333+0.03096306800532689j),(-2.8279853904174134e-05+8.544388582099776e-06j),1957000000
(-0.26845669858426524+0.08855633323802209j),(-2.2316240995186017e-06-2.642932826694336e-05j),1960000000
(-0.21594038928569365+0.11758279624894759j),(5.082817057434946e-05-5.809343189927327e-05j),1963000000
(-0.2220436842091908+0.05130964403430208j),(-6.436203352264774e-05-8.192470803901823e-05j),1966000000
(-0.29524986537953035+0.08446662383923456j),(1.6342344685179172e-05-8.07746176920944e-05j),1969000000
(-0.31573839252654795+0.16926405515057502j),(0.00011017952811483686-1.3754064214070875e-05j),1972000000
(-0.3259697613463976+0.2166036073714691j),(-9.388628012722235e-06-5.533019971724906e-05j),1975000000
(-0.30200965129587565+0.3001466538452244j),(-1.349420338766201e-05+8.629599455172005e-05j),1978000000
(-0.2659276245130057+0.359798993750255j),(1.6535855762305267e-05-1.2319548969253741e-05j),1981000000
(-0.21324451889300436+0.4245214047501421j),(6.68264219109061e-05+2.1537766255032082e-05j),1984000000
(-0.14666136348105432+0.4685766280742425j),(-1.41049497353609e-05-4.107238903713356e-05j),1987000000
(-0.07065691537414691+0.4975489942176469j),(-2.1735101237961944e-05+1.9867933302637303e-05j),1990000000
(0.006236639774432063+0.5097708548460613j),(5.17827143405313e-05-2.2737020715586025e-06j),1993000000
(0.08579029969255765+0.5122959713259234j),(-5.025243385950216e-06+2.3445607493236495e-05j),1996000000
(0.1631085725055869+0.4880074730780173j),(4.75550099563973e-05-3.0543092733295525e-05j),1999000000
(0.2273607593869444+0.46608613690061457j),(6.480171340537775e-05-4.97281288819329e-05j),2002000000
(0.28154108168878306+0.42497292953642823j),(4.818073834293575e-06-2.4723105199646148e-05j),2005000000
(0.31551752906999936+0.37934278958240225j),(1.7264699275101846e-05-3.071117325998001e-05j),2008000000
(0.3376545862102664+0.3525949095980106j),(-5.2153596375427544e-05-6.047201728787595e-05j),2011000000
(0.37491338002129304+0.33613990489504625j),(-1.7147058656450655e-05-5.786091800465745e-05j),2014000000
(0.4396120177199188+0.307788576989428j),(2.7898120375895557e-05-4.369793912973308e-05j),2017000000
(0.4667369085384163+0.2483831621457359j),(-1.3328387040728148e-05-0.00010467931287362658j),2020000000
(0.46975784841018425+0.12995145612864176j),(-2.4473614685649596e-06+5.324244840564111e-05j),2023000000
(0.4091049601172937+0.13101385692940923j),(-2.203073136153935e-05-7.910567543433667e-05j),2026000000
(0.4219788732265773+0.14930358193318985j),(3.1043697196580085e-05-5.295417202984473e-05j),2029000000
(0.4728878059998875+0.1439015790474821j),(-1.2888191662472036e-05-8.43706511308545e-05j),2032000000
(0.4493887207788034+0.11635627148911072j),(-4.530118647870815e-05-1.5858904040949309e-06j),2035000000
(0.5244713134755851+0.08552838083670164j),(2.773915627559845e-05-3.3500043598720494e-05j),2038000000
(0.5957171746125662+0.03872488587473226j),(-3.830608821509509e-05-7.62768330807721e-05j),2041000000
(0.5949263491856416-0.07231148839532794j),(-6.928640325384457e-05-3.643686312982891e-05j),2044000000
(0.6157315553450675-0.021399408793773347j),(5.9723026586120184e-05-5.034605088399571e-05j),2047000000
(0.6001800871974451-0.2505880389319404j),(-2.100869288081376e-05-2.3307163612411775e-05j),2050000000
(0.5998625648546001-0.23929642534864934j),(6.98301716910279e-06-5.792192460359769e-05j),2053000000
(0.46165753692190753-0.31280271814137867j),(2.2435212825302565e-05-5.432248098005079e-05j),2056000000
(0.41345513161718483-0.21778267889083652j),(-6.201096907552486e-05+5.81415498306063e-06j),2059000000
(0.41223446057733454-0.2058627015641853j),(7.909882765735711e-05-3.9665707597714154e-05j),2062000000
(0.5557559430494518-0.2581778767581788j),(-4.549362244637409e-05+6.627796262291174e-06j),2065000000
(0.5555579475324157-0.3721362229328056j),(-6.846008565642949e-05-2.1848891412060155e-05j),2068000000
(0.5055553240857152-0.46845218448401577j),(1.8568971079620625e-05-2.0177143865235964e-05j),2071000000
(0.41493350852678157-0.5140774410832956j),(3.964619837272522e-05-5.3706847141770074e-05j),2074000000
(0.4023409041200146-0.5605381809303724j),(9.613982534642469e-05+8.69213998972459e-06j),2077000000
(0.18816207003636481-0.5616125682476063j),(6.098316762825427e-06-1.224619990937028e-06j),2080000000
(0.17696050626939652-0.5344317686692256j),(5.511793791113063e-05-5.202770012327812e-05j),2083000000
(0.1497251038661344-0.47254431519271134j),(-6.96728895650086e-06-4.733864749454606e-05j),2086000000
(0.14694393265852426-0.45239474124323775j),(-9.06964305778762e-06-8.020468087119737e-05j),2089000000
(0.1441665931986192-0.42977854819265837j),(9.591941442553159e-05+1.2359991640563654e-05j),2092000000
(0.15824398954858945-0.41515312329083165j),(9.284052511421874e-05-6.434150915313155e-05j),2095000000
(0.19080145189427403-0.44485922908995607j),(5.30855199746877e-05-4.652770069065706e-06j),2098000000
(0.17665790102266163-0.5027792025607832j),(1.5071869170590598e-05-5.961472475026999e-05j),2101000000
(0.11559520276549522-0.5499668663176869j),(-3.951524134158277e-06+2.002306702871559e-05j),2104000000
(0.059662863322484334-0.4881191067866212j),(4.750625427220281e-06-5.6831902644142846e-05j),2107000000
(0.0406601478651621-0.5822401092836209j),(4.7876438492746325e-05-7.226157147009327e-05j),2110000000
(-0.04952398528751763-0.6237387223800426j),(-5.7161371878156575e-05-4.6377402842218276e-05j),2113000000
(-0.1301189517184892-0.5840940312281415j),(-5.2882118249655334e-05-0.0001063442432428501j),2116000000
(-0.2485406522110755-0.5069316933879958j),(-1.980117364798001e-05+8.430881382153133e-06j),2119000000
(-0.2523482984337494-0.37044268849334155j),(1.7476711978299573e-05-5.84172903959487e-05j),2122000000
(-0.1973216546537762-0.26979727632396866j),(3.004058781343196e-05+4.143276550689538e-06j),2125000000
(-0.10899644300325816-0.2887061336010989j),(-1.6179603196027905e-05-3.2796790312849834e-05j),2128000000
(-0.011631064395333625-0.29337722608702593j),(-3.0377834216168694e-06-3.752295059828588e-05j),2131000000
(-0.01927546294174933-0.38263687951083597j),(8.206280026426661e-05-2.6082523045570806e-05j),2134000000
(-0.07414619557186786-0.4141207689992353j),(-4.095521804752856e-06-4.1369217193786126e-05j),2137000000
(-0.08627134809935937-0.39929729459862884j),(4.569103265113826e-05-1.1393305685644211e-05j),2140000000
(-0.11071692884767079-0.43911098591394887j),(1.8497590143059231e-06-5.498298070329031e-05j),2143000000
(-0.13285848572457426-0.44872394786888925j),(1.419990949816172e-06+2.6352460599606523e-06j),2146000000
(-0.20190159938769336-0.46444888096406406j),(-1.827603396836728e-06-1.037022197929043e-05j),2149000000
(-0.2619482080116786-0.44930619620219353j),(0.0001136567350910975-0.0001146634814479438j),2152000000
(-0.2957453925564665-0.433836380470634j),(-2.769304458720053e-05-8.461444168129943e-05j),2155000000
(-0.35522096270423764-0.37375993532004964j),(2.919419985138616e-05-3.091800202790875e-05j),2158000000
(-0.3291387076726909-0.40255882036544166j),(2.1935972582602348e-05-0.00011069894880416637j),2161000000
(-0.4073881835670795-0.36020961669948726j),(7.73019868999022e-05+2.1941090285969512e-05j),2164000000
(-0.4227142395875839-0.32143365994888945j),(-5.3265844027282966e-05-7.873477865652916e-05j),2167000000
(-0.47374597968076576-0.2994417280731262j),(-1.4233818922700088e-05+2.1356658522201027e-06j),2170000000
(-0.4604460296281289-0.20909876063081742j),(6.869276592876464e-06-3.3494581898887306e-05j),2173000000
(-0.48716279196083606-0.19197077082781272j),(-1.5266681262350616e-05-4.753273326185531e-05j),2176000000
(-0.5002103832452849-0.1549118158341253j),(5.948786568406113e-05-8.143266536840569e-05j),2179000000
(-0.530048298050568-0.10102108014764377j),(-3.3332901755276227e-06-9.11845199097343e-05j),2182000000
(-0.517626138718611-0.06333466911112004j),(6.683240199477053e-05-6.798328308442507e-05j),2185000000
(-0.554647980737657+0.000427243412834088j),(5.284514567927915e-05-7.143340021404319e-05j),2188000000
(-0.5101853744211+0.11045245164736138j),(0.00010155264061515959-1.126639174858219e-05j),2191000000
(-0.4752504759340407+0.04855488680992268j),(0.000117941787818186-3.6180467039222484e-05j),2194000000
(-0.5273624285043758+0.10701563037652072j),(4.483143209399846e-05+2.3043220619342696e-05j),2197000000
(-0.5333167496147597+0.18577650896739306j),(5.3370004151449847e-05-2.722408782326663e-05j),2200000000
(-0.5320502755835451+0.200442062393943j),(1.0033683618612243e-05-7.5195836901607346e-06j),2200000000
(-0.5108330282050932+0.2785000692158508j),(2.1439251260884236e-05-2.4195859390580744e-05j),2203000000
(-0.47814049090512784+0.3529248849193385j),(-4.079233865642022e-05-2.4189370965954354e-05j),2206000000
(-0.42079851096510673+0.42263281791376356j),(4.1956866743580055e-05-7.084864995886125e-06j),2209000000
(-0.3578943977298937+0.4877511810539805j),(5.895804529897249e-06+1.964976600531635e-05j),2212000000
(-0.2770099711308798+0.5411596409430154j),(4.8628425642079704e-05-3.7584291879627006e-05j),2215000000
(-0.18098645770044702+0.572649167319753j),(3.8001988264719216e-05-1.7186219962477196e-05j),2218000000
(-0.08239204574660947+0.5783784010733717j),(0.00012116185292674987-2.9203682170828907e-05j),2221000000
(0.032953070297867114+0.5357299077458701j),(6.943460868564032e-05+2.523375111434029e-05j),2224000000
(0.1237705906168621+0.4858325277595238j),(2.058076304937078e-05-8.329236172657983e-05j),2227000000
(0.127256062817347+0.3924659934904782j),(3.194302257777671e-05-3.3797396778038954e-05j),2230000000
(0.09404562165879692+0.38000142859231584j),(-6.031370249079491e-05-2.696994414405154e-05j),2233000000
(0.11620873753768429+0.4023992855796071j),(-8.274747859050992e-06-4.0602419229031916e-07j),2236000000
(0.15965856550358978+0.3925720523005147j),(6.349926708643119e-05-5.900930101335497e-06j),2239000000
(0.21687877205049963+0.4003956880408576j),(-2.6185580146229157e-05-5.7670873037098013e-05j),2242000000
(0.25595264346238933+0.3445746563220104j),(1.175922099767291e-05-5.5570905744125234e-05j),2245000000
(0.21187571523168594+0.31406868067393245j),(-7.859357586537642e-07-5.3060596653440966e-05j),2248000000
(0.23090430106510768+0.3740586524955766j),(4.914891096468811e-05-7.681534080071632e-05j),2251000000
(0.2973983013090053+0.41258005426620786j),(-1.8380884446746012e-05-5.1601311558749716e-05j),2254000000
(0.4085305445308315+0.3655786738334084j),(-7.473494712427212e-06-1.1899454956684621e-05j),2257000000
(0.40869000529924426+0.36711665999964876j),(-1.543660141230831e-05+3.417518557138492e-05j),2260000000
(0.490230058664315+0.3305397250985848j),(4.483870021009802e-05-6.030776607809994e-05j),2263000000
(0.5331158035966898+0.2900218153179882j),(7.316626779919734e-05-8.809096799690569e-06j),2266000000
(0.5980801817116254+0.23898016694889024j),(-2.490276160012818e-06-1.296562815513097e-05j),2269000000
(0.6407078671720365+0.1705636481119002j),(1.6544508713587106e-06-3.666858736975703e-05j),2272000000
(0.6582135162219136+0.08969865580437568j),(1.3689437507730731e-05+2.9062916164595398e-05j),2275000000
(0.6588534126011959+0.017853517144897114j),(-1.7879567828196375e-05-7.122048754180544e-05j),2278000000
(0.6564221405505981-0.04201109265539457j),(7.698349120188673e-05-5.3023392070572674e-05j),2281000000
(0.656509263076482-0.10620856815324714j),(7.463673152187054e-05-6.21219428707293e-05j),2284000000
(0.5879656005615143-0.167938363800279j),(2.215492339649123e-05+6.362100062244153e-05j),2287000000
(0.5578931549130797-0.1239289403858204j),(3.36091188294381e-05-8.994200559778776e-05j),2290000000
(0.6243113705295188-0.13098461676077505j),(8.844551470137564e-06+7.014874999413611e-05j),2293000000
(0.6342499979403596-0.2052691421978046j),(-3.1316345425306085e-06+1.7725726212415185e-05j),2296000000
(0.6383480598956883-0.2522194308879375j),(4.8974239507727455e-05-4.362985625609827e-05j),2299000000
(0.6302595625561828-0.3010007986588808j),(4.83371952331643e-06-1.9791815750856666e-06j),2302000000
(0.6299940717597456-0.3558953668419033j),(-4.198464940062174e-05-5.769919415346302e-05j),2305000000
(0.6066261139541772-0.4085544089469173j),(-1.597452409803429e-06-6.59184288585633e-06j),2308000000
(0.5689439307517382-0.4566072242028948j),(6.80685003309241e-05+4.144602323246983e-05j),2311000000
(0.5220265128459846-0.47122148197503694j),(-1.0217759836829399e-05-2.3660853724182823e-05j),2314000000
(0.5209752824969182-0.4844306345599319j),(5.3787264036429987e-05-4.748251191247797e-05j),2317000000
(0.5224817585461677-0.5292441568028259j),(-2.3963219054184386e-05+2.078581816533625e-05j),2320000000
(0.4833166961536448-0.5840816530431777j),(8.76928177766858e-05+2.2913725534785228e-05j),2323000000
(0.4322395871483081-0.5933802714296006j),(1.6657169138714803e-05+6.588628784625028e-06j),2326000000
(0.41838963148347086-0.6302172278654391j),(2.474649199737299e-05-5.473994331757298e-05j),2329000000
(0.3760851152120826-0.6560709500490559j),(-8.444590439777244e-06+4.9129837590895046e-06j),2332000000
(0.3448663430478115-0.671541795905415j),(3.603282389767238e-05+1.3373755152103931e-05j),2335000000
(0.3206088854837946-0.6892164106153623j),(1.0503231536532444e-05-7.680070356355886e-05j),2338000000
(0.2684510900289566-0.7171616648035511j),(3.273181726536333e-05+2.6841479387920107e-05j),2341000000
(0.2278246617587393-0.7237507472037743j),(7.386438313845764e-05+1.3236517762582032e-05j),2344000000
(0.20769973480467258-0.7315580046522835j),(6.481560521576971e-05-2.0995497512038976e-05j),2347000000
(0.16905542502817913-0.7529138006962609j),(2.7712842359629747e-05+2.556593556632862e-05j),2350000000
(0.1276944331288-0.7623686443576453j),(4.165952287245199e-05-2.3319564688674945e-05j),2353000000
(0.08082933668635933-0.758170053144212j),(8.989857961769643e-05+4.871055605240279e-05j),2356000000
(0.04444858979836376-0.7546428502767688j),(4.1249635979169106e-05-2.5435536830686193e-05j),2359000000
(0.024693493933139618-0.761447805051928j),(3.3699591775410586e-05-7.5947511088078575e-06j),2362000000
(-0.017302014699477678-0.777884181379302j),(5.786318909682136e-05-5.955062148923761e-05j),2365000000
(-0.07206514934193362-0.7828078884896484j),(-6.717792844158757e-05-3.32818100631732e-05j),2368000000
(-0.12953200531364367-0.7689039718352216j),(9.202144705028993e-06+1.620691996811187e-05j),2371000000
(-0.16851984081322155-0.7490023621486726j),(-4.5238641410723826e-05+3.27414415957618e-05j),2374000000
(-0.20897469020481588-0.716297498040558j),(-2.526263014673484e-05+4.7062477856790985e-06j),2377000000
(-0.21626531825571244-0.7018359755753526j),(-9.529132353951083e-06+4.155256885663648e-05j),2380000000
(-0.2547405072091903-0.6873298767957584j),(-4.164105671858567e-05-3.9616761877271695e-05j),2383000000
(-0.276424270580851-0.6881912170811177j),(3.534928745295463e-05-5.508028263534817e-05j),2386000000
(-0.3154939874928309-0.6849633232144763j),(5.9516013914010004e-05+2.785040628478677e-05j),2389000000
(-0.3680104188134558-0.670436685980846j),(-3.323542263838529e-05+2.5478385634884596e-06j),2392000000
(-0.42674505675472774-0.6466185933664749j),(1.5043460102416661e-05+9.465616494562433e-06j),2395000000
(-0.46216540426869357-0.6057330120346491j),(3.854532585841862e-05-4.1082156058902194e-05j),2398000000
(-0.5122105539177273-0.5664690047078971j),(7.729386479960505e-05+2.1164139316084933e-05j),2401000000
(-0.5411901071643683-0.48667984558933164j),(1.5951617649911614e-05-1.6894386246243063e-06j),2404000000
(-0.5445755267288965-0.4835068571080408j),(-2.9802465412070516e-05-3.7029814115612944e-05j),2407000000
(-0.5825294711321787-0.4401694857888033j),(1.2376265649187882e-05+9.081779503740219e-06j),2410000000
(-0.6163635923609169-0.3914241618063888j),(7.856018603409558e-05-1.4918555801301618e-05j),2413000000
(-0.6447499140726756-0.3327131637429371j),(-3.608333911698388e-05+1.3812921198460416e-05j),2416000000
(-0.6641310431094903-0.2725051396774858j),(2.7882766814175184e-05+7.732721597646543e-06j),2419000000
(-0.6730520256379937-0.20467213702712522j),(4.658818939057533e-05+3.7159019569717943e-06j),2422000000
(-0.678260834132117-0.14753814373216168j),(7.377739474969685e-05-2.9736568880910933e-05j),2425000000
(-0.6799325809154169-0.07287015438622033j),(4.352674706609601e-05+3.8498166753541154e-05j),2428000000
(-0.6779063968019428-0.016394018505704315j),(6.072030683330723e-05+4.254697869357887e-05j),2431000000
(-0.6644331826155084+0.06362169602193345j),(-1.7319249085065594e-05-5.6031353519877854e-05j),2434000000
(-0.6344303329408318+0.13453837795560142j),(-5.294902732327176e-05+2.5761453330901155e-05j),2437000000
(-0.6035776016475978+0.19399810359163536j),(-1.4659885656043437e-05+2.414167874155016e-05j),2440000000
(-0.5659285466088778+0.26289186839504497j),(-3.947130760069206e-06-3.2130051403939325e-05j),2443000000
(-0.5336196216991813+0.31614539862300034j),(2.3480190468745548e-05-2.3436613567627756e-05j),2446000000
(-0.49383766109339705+0.3787423836737692j),(4.3734644682114935e-05-1.54746062900232e-05j),2449000000
(-0.40757616030718535+0.4341434201333196j),(1.0276718504596743e-05+8.9615592823706e-05j),2452000000
(-0.3399109180233899+0.4834598363820973j),(2.5459590271768887e-05+1.437497120586259e-05j),2455000000
(-0.2810366543930441+0.510585917013396j),(-1.2576628437011395e-05+5.657836462445408e-05j),2458000000
(-0.21256457381095412+0.5614172729116498j),(0.00013936471652451895-3.2988128962694524e-05j),2461000000
(-0.10768347531421868+0.5887713367903741j),(-8.518935982374406e-06+3.3245301419081966e-05j),2464000000
(-0.010690604898109144+0.5965399365722137j),(-8.343963580368352e-05+6.0977001478645774e-05j),2467000000
(0.08108021394318443+0.567985614448061j),(-2.427503402725473e-05+2.8537901998012382e-05j),2470000000
(0.13406407464005773+0.5681158679197257j),(-3.942576777771105e-05+6.629254445372702e-05j),2473000000
(0.2678986530807887+0.533575074829505j),(5.166578332595814e-05+1.6179227465470778e-05j),2476000000
(0.2694971809105051+0.46443448319943037j),(6.024404413932288e-05+1.2950711872490226e-05j),2479000000
(0.3216663208506411+0.4500738758833106j),(7.937714577634797e-05+3.8289886212827086e-05j),2482000000
(0.4023584470858306+0.44504431729080635j),(-1.7447422379568398e-05+8.148981544630628e-05j),2485000000
(0.47872092871211946+0.400228404851832j),(2.329272247246856e-05+2.462356564878841e-05j),2488000000
(0.5376611471007183+0.33733979774784745j),(3.438740322685338e-05+6.598358809360976e-05j),2491000000
(0.589474158892652+0.27254506802439316j),(7.781519569473863e-05+8.365476574253665e-05j),2494000000
(0.6028155542597352+0.17193118445930414j),(8.551413812171427e-05+1.6257471262355888e-05j),2497000000
(0.6519358957678774+0.13057523417597852j),(3.8062195791501795e-05+2.4167357447751046e-05j),2500000000
(0.6503363209412032+0.132198193372469j),(5.085092742351303e-05-5.454343450532683e-05j),2500000000
(0.6745577298871016+0.04719472859658769j),(1.2842236703346907e-06-2.57172433133183e-05j),2503000000
(0.6607675924877359-0.03962549580668816j),(1.4408828146737052e-05+1.4107153422774095e-06j),2506000000
(0.630652599999014-0.09151973686067144j),(-7.732628087516656e-07+1.5500342713171292e-05j),2509000000
(0.6251247173453022-0.12062202875676507j),(4.014914892457166e-05+4.6098397782259095e-05j),2512000000
(0.6026177675119528-0.17629007642681713j),(-7.726156355986693e-06-2.6358141407257517e-05j),2515000000
(0.5913750574858182-0.1912455722232622j),(4.467573370752171e-05+6.937383632271544e-05j),2518000000
(0.6027054306420572-0.22517756316189724j),(2.0097678012136002e-05+1.234819372494491e-05j),2521000000
(0.5860631557986077-0.2780691804547999j),(9.258300057206386e-05-4.873508020599394e-05j),2524000000
(0.5674307176742132-0.27460340755273305j),(-3.1839662290720114e-05+4.4650064690563264e-05j),2527000000
(0.5425282000776094-0.32889543687949824j),(-7.530937366115115e-05+3.273046325946333e-05j),2530000000
(0.5964543057969648-0.34145056950786395j),(3.131429134463513e-05+3.783452100876561e-05j),2533000000
(0.5774487752582336-0.38469969366525325j),(5.3709834459887355e-05+1.999415525336726e-05j),2536000000
(0.5723719724642142-0.44008654010789666j),(3.695199332303847e-05+1.3671603042949854e-05j),2539000000
(0.5477389528009187-0.4973332929846387j),(8.814582954659312e-05-2.1902564303185266e-05j),2542000000
(0.5217996903401398-0.5313570057501263j),(-6.390361586580154e-05+3.68782584439203e-05j),2545000000
(0.4928512921159732-0.5602049077038982j),(3.242240557191831e-05+1.3328768301367412e-05j),2548000000
(0.458703274364112-0.5861798083701457j),(5.462346095748877e-05+2.5949924992409357e-06j),2551000000
(0.43321979686045764-0.6244162351372045j),(3.073050864184629e-05+7.125866924757759e-05j),2554000000
(0.41357583900838046-0.6383237354227682j),(6.07929689330013e-05-1.6323972831376185e-05j),2557000000
(0.3768760135444106-0.6697409565049893j),(-0.00011175185524706468+3.3932062985093994e-05j),2560000000
(0.3514622635212181-0.6863983142238388j),(8.660741904554413e-06+2.294818144928242e-05j),2563000000
(0.3236774628105649-0.7045226988616835j),(8.336062982436808e-06+6.289317417216345e-05j),2566000000
(0.2931968852528285-0.7332094446736226j),(2.675125892152758e-05-6.7651906623732885e-06j),2569000000
(0.2665638247634587-0.7507792179265844j),(2.2161569848747582e-05-7.008019817833054e-06j),2572000000
(0.23123791468805494-0.7717205288855751j),(3.337329273812374e-05+9.310664477630909e-05j),2575000000
(0.18409539148225376-0.7907793348422062j),(-1.571904213589138e-05+9.786171128205623e-05j),2578000000
(0.15404876919165195-0.784320951372938j),(3.327260132583172e-05+4.0923603119053304e-05j),2581000000
(0.1163214583505357-0.7971719775434082j),(3.3309184527348726e-05+5.030445017038376e-05j),2584000000
(0.07265419308416987-0.7978131424287613j),(-2.014607241389937e-06+1.837497896718086e-05j),2587000000
(0.04388166110443671-0.7967083996607808j),(-2.012497262602993e-05+5.488778721456661e-05j),2590000000
(0.017793692909933545-0.8037385082080156j),(-2.892189938921141e-05+6.513428949658423e-05j),2593000000
(-0.010182431990327425-0.814467485602795j),(-7.237287127650078e-05-7.4038725868765095e-06j),2596000000
(-0.04752251895128699-0.7955678731239222j),(-6.071173960917453e-05+4.6713653720831704e-05j),2599000000
(-0.06276004443264961-0.7997868479243565j),(-7.269726434794059e-06+9.257752172126743e-05j),2602000000
(-0.09531488038018254-0.7956132096005806j),(-2.6426093999589566e-05-1.9618363025648636e-05j),2605000000
(-0.13124310716200752-0.800621082253917j),(-6.604749601319279e-05+2.6317650725717318e-05j),2608000000
(-0.14909635069433808-0.7807216297425843j),(1.8721537137990454e-05+1.7312750804091448e-05j),2611000000
(-0.1875174236241475-0.7931597774884138j),(1.3058717245849413e-05+6.203551394761871e-05j),2614000000
(-0.23106961447052773-0.7862145189344821j),(0.00010324069361803941-4.104665261240616e-05j),2617000000
(-0.26001051830476263-0.7724610457360895j),(4.9166085674351636e-05+2.4518804983547198e-05j),2620000000
(-0.2992115783470191-0.763129476529226j),(2.0984194090608607e-05+9.879165651966273e-06j),2623000000
(-0.3446191695987933-0.720465636640529j),(5.9521587219090277e-05+2.7578883072682116e-05j),2626000000
(-0.3582596156016699-0.7040118638532527j),(-2.6843614079999877e-05+9.379084221933917e-06j),2629000000
(-0.3779790940150391-0.6785466590498817j),(4.10751033554177e-05+4.7879162282181605e-06j),2632000000
(-0.397068051564813-0.6804516897563212j),(4.756204633519676e-05+3.785512253249599e-05j),2635000000
(-0.42788348030718265-0.6339841139903798j),(5.8255906942676806e-05+2.3031791505410808e-05j),2638000000
(-0.43736466109904376-0.5981737412715438j),(-2.001577043872265e-05+3.716105275134576e-05j),2641000000
(-0.46295227087928503-0.6161388788145317j),(-1.5467217958661308e-05+2.4653552292752472e-05j),2644000000
(-0.4670371494995163-0.5793297650804053j),(7.78953022663861e-06+1.6659413409430892e-05j),2647000000
(-0.5136179144480255-0.5619011549920522j),(2.915398394399219e-05+1.2873392550035165e-05j),2650000000
(-0.5191229842107261-0.528808512202666j),(-3.249534440459904e-05+2.0953401187798366e-05j),2653000000
(-0.5627665120955595-0.5092807568480308j),(1.7555087804664158e-06+6.250969970380359e-05j),2656000000
(-0.6006605924470159-0.4667396168110492j),(-1.769060655010113e-05+2.541527413461623e-06j),2659000000
(-0.6109636109932153-0.406030186629798j),(-3.207090510871657e-06+3.662947809723843e-05j),2662000000
(-0.6067779807575285-0.3786645085647877j),(-1.2058192419868508e-05+6.144888972703732e-06j),2665000000
(-0.6319509600200702-0.3600883168600202j),(-1.9951251679627875e-05+1.918896695006482e-05j),2668000000
(-0.6664847220400959-0.3085375467263966j),(-1.694896329184971e-05+7.90290466327561e-05j),2671000000
(-0.6802038285137092-0.23346858921232871j),(-2.33791860400702e-05-1.184053081854472e-05j),2674000000
(-0.6830286049937195-0.1759826691898896j),(-6.383390989142574e-05+0.00012279755468283982j),2677000000
(-0.6769480592803895-0.09993899066888615j),(6.357258331537554e-05+5.1366777447458275e-05j),2680000000
(-0.6372696189423165-0.02705166052099467j),(5.400116898437657e-05+2.2072541660931313e-06j),2683000000
(-0.6069022678961069-0.02000516700795616j),(5.1238664322850236e-05-4.132160418504744e-05j),2686000000
(-0.6284143542189522+0.03696656986107219j),(4.440054433385533e-05+2.3988180024565796e-05j),2689000000
(-0.6039362028514426+0.14484152756400542j),(-1.1232205060810656e-05+5.34600614045163e-05j),2692000000
(-0.5741688761754022+0.19530573279907498j),(-3.265519820092969e-05-5.2407857885305276e-05j),2695000000
(-0.5177885183300115+0.2816694515777859j),(-1.1594125774317588e-05+7.703350239034123e-05j),2698000000
(-0.4471277887417485+0.3434436903476861j),(-2.5352797825171502e-05+8.877454211718147e-05j),2701000000
(-0.36361720120472746+0.4054034864064079j),(3.0315406682164738e-05+6.408447807598604e-05j),2704000000
(-0.24371707728466385+0.4278433218162929j),(3.604218758339114e-06+1.1785651396144804e-05j),2707000000
(-0.15963120057549396+0.4338270121256919j),(-1.5758830585593644e-05+9.316540818368642e-05j),2710000000
(-0.07989661637479342+0.4495340420467795j),(2.617228238399647e-06+1.7907290362480343e-05j),2713000000
(-0.0392727452363262+0.42738703222547053j),(7.208877456550599e-05+5.026098332321553e-05j),2716000000
(0.09093795389653946+0.44133377551496883j),(2.061904147620412e-05+8.295977283846705e-05j),2719000000
(0.1780838112074473+0.4196102992637589j),(-1.9486848280914407e-06+0.00017362221211049262j),2722000000
(0.25711638232673+0.36958259131802873j),(-3.061981761853706e-05+3.7260685620370684e-05j),2725000000
(0.33724501388059314+0.3306153030888178j),(-2.283985600672259e-05+6.855914823227862e-05j),2728000000
(0.41384417458890055+0.2722771485705179j),(-5.569635436778023e-05+2.6104261859883637e-05j),2731000000
(0.47185869515086387+0.19169491815217102j),(-1.5508997151512868e-05+5.65522263156291e-05j),2734000000
(0.5223480012634134+0.11457110026025881j),(1.5432915165269806e-05+4.607826228658421e-05j),2737000000
(0.5198878679388983+0.0194227583966596j),(5.1479328113616903e-05+8.41973280060873e-05j),2740000000
(0.5318388890946902+0.020013709972190583j),(-3.394774217889222e-05+9.231311031131253e-05j),2743000000
(0.5960553448733278-0.07225778523981594j),(2.9692184735022018e-05-3.283244978776504e-05j),2746000000
(0.594050254027225-0.1564564294225471j),(-4.211913542099821e-07+8.359425490091935e-05j),2749000000
(0.5815000335738818-0.23484909960536346j),(-5.920403769915733e-05+8.731539410574718e-05j),2752000000
(0.5427360448157409-0.29211728078314675j),(3.034794328179653e-05+4.381080433673131e-05j),2755000000
(0.5344615818770905-0.3209965392110548j),(1.0810591292934764e-05+4.1838785641264035e-05j),2758000000
(0.5119883421421522-0.3773746572868969j),(-4.198146995202162e-05+4.152750538632016e-05j),2761000000
(0.5046896539078638-0.4226600133396183j),(-8.35770522336811e-06+5.569068081662322e-05j),2764000000
(0.4689489219464937-0.4705178465917515j),(-7.353683885223649e-06-3.1840602387595616e-05j),2767000000
(0.4458565258200956-0.4738982384737031j),(-8.172966918135494e-05-9.491326683938894e-06j),2770000000
(0.4520336667919478-0.5054447723985763j),(8.822547965692245e-06-3.301512323822171e-05j),2773000000
(0.4504720522731163-0.5628882956130494j),(-3.604179894689028e-05+3.7969650325942974e-06j),2776000000
(0.41238589529943925-0.6124366661869285j),(6.032040052068116e-05+9.272679096631197e-05j),2779000000
(0.3695104613305346-0.6494195486892922j),(5.8638424731397964e-05+8.69816476936351e-05j),2782000000
(0.3258203746401692-0.6514913011352559j),(2.297287480853913e-05+5.0064776544405405e-05j),2785000000
(0.3044893248077206-0.6858752236920777j),(1.8953591865695312e-05+3.0479403286795564e-05j),2788000000
(0.27170187951049807-0.6898982024234555j),(5.539835213117569e-06+1.1099579763576297e-05j),2791000000
(0.23165675202234765-0.7097413271360196j),(3.8105708763435483e-06-2.1703393515270874e-05j),2794000000
(0.20067275961884923-0.7246887853236252j),(-1.0934280248088056e-05-1.5122584236039511e-05j),2797000000
(0.15427187298513031-0.7397191152510428j),(-7.691176428889012e-05+9.17246852506264e-05j),2800000000
(0.14896126553854291-0.7480854353562678j),(-2.5495646752416327e-05+6.240443014063072e-05j),2800000000
(0.12028749486820445-0.7165111531848094j),(-1.5193759070416713e-05+1.428295076804533e-05j),2803000000
(0.10924212271121268-0.6780896080639469j),(0.00010522766459570907-4.167893154230015e-06j),2806000000
(0.12668689509417363-0.7030453185130818j),(4.771544914048548e-05-4.536745821863523e-05j),2809000000
(0.10525644868791205-0.7542468275607358j),(-4.557143568120802e-05+1.817190894282032e-05j),2812000000
(0.06381932557418818-0.765713668528478j),(-5.442201659338948e-05+8.820740658287572e-06j),2815000000
(0.04000557792305547-0.7809800036120921j),(-1.2868723259820367e-05+7.666041621444525e-05j),2818000000
(0.008226587855293965-0.8101025924705189j),(1.0353360299440613e-05-7.497226732910731e-06j),2821000000
(-0.023440910389937914-0.7986835845447566j),(-1.2731370128580922e-05-0.00011958755011827195j),2824000000
(-0.06324234423046562-0.7926914233702341j),(-6.610994146134319e-06-5.922799206679242e-05j),2827000000
(-0.08119003506320042-0.7886733672425973j),(-7.121690633275643e-05-6.556031602396267e-05j),2830000000
(-0.0980335564621059-0.7961064168288488j),(9.634427364477346e-06-7.653790648546303e-06j),2833000000
(-0.14137913195869625-0.8000313494162522j),(-6.389171052470598e-05-4.691057065642649e-05j),2836000000
(-0.15446059601535975-0.795566174511082j),(9.958879391419342e-06-4.08226617019656e-05j),2839000000
(-0.19813657340161286-0.7922315212031887j),(2.443572086472967e-05-1.7475817121899272e-05j),2842000000
(-0.22178999669443356-0.7716294384052139j),(6.745791058466237e-05+2.4365386081897346e-05j),2845000000
(-0.2382068994686873-0.762149677422626j),(8.888285202881116e-05-2.6107832621871036e-05j),2848000000
(-0.2476271800722464-0.7536769035749672j),(-2.3375983811105057e-05-1.7805438718915604e-05j),2851000000
(-0.2779287668196054-0.7472441374904931j),(-5.4373112258981193e-05-3.030728838864517e-06j),2854000000
(-0.28677413193283946-0.7506231305879473j),(8.431007078839252e-07-9.403514386802194e-06j),2857000000
(-0.31079684065381735-0.7441924838591092j),(-8.071846761426609e-06+6.460562414266687e-05j),2860000000
(-0.33764588832414155-0.7469550502152903j),(-2.053661153908621e-05+4.327960303769535e-05j),2863000000
(-0.39848528812622647-0.7319055178948756j),(-7.341774133712452e-05+5.347172025118872e-05j),2866000000
(-0.40004296693365915-0.716276809541219j),(-3.706388148906526e-05-3.109948475935321e-05j),2869000000
(-0.4160715605345681-0.7022910561400253j),(1.6845293388702986e-05+2.16537679939369e-05j),2872000000
(-0.4521789693350707-0.6883443250219388j),(2.8173820187922888e-05-5.39348296145541e-06j),2875000000
(-0.4677491937963648-0.6657013538402925j),(8.579600028878664e-05+3.2324760477472313e-06j),2878000000
(-0.4884476561649261-0.6297150382836428j),(3.856380674816245e-05-2.437267108978337e-05j),2881000000
(-0.4952626683472495-0.6143410854949473j),(-4.4948509857076416e-05-1.1338489205335348e-05j),2884000000
(-0.5116081998456049-0.5955286820606318j),(-4.583823897517986e-05-6.714769869126863e-05j),2887000000
(-0.5075946676286631-0.569681402757428j),(2.538138699590019e-05+2.308013999449991e-05j),2890000000
(-0.5051572947895643-0.5737886753355177j),(-3.774054926395628e-05-3.1105994573203845e-05j),2893000000
(-0.537058403156106-0.5925224716650884j),(-6.424334530469859e-05+9.673254873762373e-06j),2896000000
(-0.5909263840606199-0.5739234761128443j),(-3.389947885747467e-05+4.802654708020429e-05j),2899000000
(-0.6273727207318783-0.5350688329894835j),(3.96085358564658e-05+3.470815491385213e-05j),2902000000
(-0.6524098469521483-0.4950489952090155j),(-6.366113112921816e-05-4.5589937267508194e-05j),2905000000
(-0.6673809093550751-0.4525071440695428j),(-1.3712146039129015e-05-2.6733089737288316e-05j),2908000000
(-0.6855220895855335-0.4075643120874579j),(-4.3807792790035696e-05-5.069484523694627e-05j),2911000000
(-0.6966345211975573-0.36650641167122205j),(1.2850972465794485e-05-5.467421005943587e-05j),2914000000
(-0.704227670663329-0.2990727293644709j),(-3.3504387545405214e-05+9.291055195622998e-06j),2917000000
(-0.669184799952518-0.2292986300112903j),(-1.7998214633839157e-05+6.602155826906942e-05j),2920000000
(-0.648804972837441-0.18795871978756232j),(-6.177245130042569e-05-4.213272365936651e-05j),2923000000
(-0.5782195351533382-0.1076484476208767j),(3.2060451576041265e-05+6.228230086880627e-05j),2926000000
(-0.5186200425740219-0.14541953624082482j),(-7.145239674193465e-05+3.9396129599901456e-05j),2929000000
(-0.442812215421229-0.2477864896523509j),(3.4592592161204766e-05+3.6883007247057805e-05j),2932000000
(-0.6034728311539679-0.2389273506765589j),(2.238824912854716e-05+8.545595293046855e-06j),2935000000
(-0.6338246682495792-0.13580256371339067j),(1.9453517424247062e-05+2.1162567698464425e-05j),2938000000
(-0.6124978997392936-0.07491805702008068j),(-1.6763417767896796e-05-3.567977467503025e-06j),2941000000
(-0.5977719851474346-0.018090054718922832j),(-2.13817406821115e-05-5.9128765110868325e-05j),2944000000
(-0.5771747337215313+0.04722751341583663j),(7.679570527071092e-05-1.1417668072451725e-05j),2947000000
(-0.5174564087364012+0.12566797308819647j),(-2.1138599192627786e-05+0.00013974734316349097j),2950000000
(-0.4603095613843335+0.1826813707961257j),(2.2330771659966975e-05-1.3129035954504855e-05j),2953000000
(-0.38149726472361245+0.13628503214350146j),(1.282694222947593e-05+4.077956148402815e-05j),2956000000
(-0.3558465665548911+0.20996313442756726j),(-5.576688801846035e-05+2.2231232245259383e-07j),2959000000
(-0.29104270960470285+0.22810560895981974j),(1.2465937773783701e-05+0.00012665934523783837j),2962000000
(-0.2184425672416197+0.29036819098904193j),(6.942145588348901e-05-1.6760423718810048e-05j),2965000000
(-0.1124364382611133+0.2824328770801727j),(-2.9846659226588294e-05+1.0357369608783793e-05j),2968000000
(-0.02398018559038696+0.25492835843651623j),(3.742917172035716e-05+3.1276830822031476e-05j),2971000000
(0.07287459790638881+0.2202596910492584j),(6.854043365489452e-05+1.181526385496969e-05j),2974000000
(0.1318242172966787+0.11246162470968271j),(5.516857771863622e-05+1.5137631411256541e-05j),2977000000
(0.15545940183794452+0.14764165257435968j),(4.9528637371669e-05+3.594717718586222e-05j),2980000000
(0.23949969724544118+0.08040963259435245j),(-2.870263910968593e-05-1.697488440526228e-05j),2983000000
(0.2821231827971276+0.013856225706058429j),(-1.0736659547547177e-05+6.181717214657986e-05j),2986000000
(0.3214745056252528-0.055681862329998735j),(-3.562454583415009e-05+9.248252079844571e-06j),2989000000
(0.32664604763254496-0.1393024137584098j),(4.916786447533189e-05-1.4656021848081256e-06j),2992000000
(0.3722007817103567-0.12447766911953213j),(-1.6959461805648805e-06+3.7023000036648923e-06j),2995000000
(0.39634205349216123-0.19870341713471498j),(-8.11297631828522e-05+6.783384476306713e-05j),2998000000
(0.43054052812550275-0.31697643091113875j),(-8.289381599482589e-05+2.4929026986920167e-05j),3001000000
(0.40149639367478723-0.423241879503988j),(-4.976014202086397e-06+1.0056231106751613e-05j),3004000000
(0.34769341992340635-0.500283715031449j),(-6.294447078723112e-05-4.834194648151978e-05j),3007000000
(0.29519193722282283-0.5296650462178902j),(6.820997812798225e-05-6.947929870926201e-05j),3010000000
(0.24914179663737646-0.574492145830282j),(4.745173702299665e-05+6.305791882264087e-05j),3013000000
(0.18764145063065749-0.5671841735177424j),(-8.224502666429117e-05+5.423644485112456e-05j),3016000000
(0.1951668374604242-0.5709314527356489j),(-8.521844041949808e-05+9.383893301993413e-06j),3019000000
(0.18435667011785886-0.6096111726526343j),(5.2861595568534994e-05+4.352269377435236e-05j),3022000000
(0.15697986520861107-0.5847449133081613j),(2.8239654698918497e-05-3.4307483884925735e-05j),3025000000
(0.18360300931371776-0.653819180626979j),(1.1327855560362792e-05+5.585694415615086e-05j),3028000000
(0.12738560599814652-0.6981397869623382j),(-1.8217096926129007e-05-2.516980889603853e-05j),3031000000
(0.10510759855184534-0.7108723737816562j),(3.456915156684962e-05+0.00012809145881968113j),3034000000
(0.07109747686157418-0.721462269597125j),(-4.589554130210137e-05+1.8710909561011065e-05j),3037000000
(0.038003703044691424-0.7558788774247027j),(-3.9733602181261806e-05-1.585582820302173e-05j),3040000000
(-0.0042861809113314145-0.7592036711952906j),(-3.5702651869058506e-05+9.727778405444844e-05j),3043000000
(-0.044672766602462506-0.757871300674174j),(-6.308539871033432e-05+0.00012081862598953662j),3046000000
(-0.0740927410217958-0.7452544049625903j),(-3.22551583026924e-05-0.00012971381054403344j),3049000000
(-0.08496398913783478-0.739735864359586j),(-3.0894456014898414e-06+7.828080233003779e-05j),3052000000
(-0.10671840910944465-0.7315575597243884j),(-1.803727194681798e-05+8.920582259721444e-05j),3055000000
(-0.11263868987806357-0.7237416937441123j),(-2.7932001727274874e-05-2.1713094921732286e-05j),3058000000
(-0.10435400714385659-0.7267308924453705j),(-3.802923281551276e-05+4.8208179459955566e-05j),3061000000
(-0.11827269180267211-0.7668659796841972j),(-3.466519672491345e-05-1.6232610693413797e-05j),3064000000
(-0.15185057927067044-0.761241887101758j),(-3.538759395155306e-05-7.089899309009666e-05j),3067000000
(-0.16717810031968272-0.7850230797860267j),(5.29964664475631e-05+4.1187485502584225e-05j),3070000000
(-0.20111083340325017-0.7893526847869583j),(-2.0672004839223228e-05-4.560235126058475e-05j),3073000000
(-0.23458524263468886-0.7890740914657657j),(7.862452393915786e-06+3.3778619391137976e-05j),3076000000
(-0.2655039405033521-0.7746773833431647j),(3.134055318733268e-05-1.4682089877357077e-05j),3079000000
(-0.2894430656708078-0.7637517914207562j),(7.66061448817561e-06-1.2751028251201741e-05j),3082000000
(-0.29815658410000295-0.7485046820919816j),(4.0099175306588626e-05-0.00010456841819870691j),3085000000
(-0.31947981495347005-0.7409196130784331j),(4.995376261426074e-05-7.409130216992926e-05j),3088000000
(-0.3419561689951368-0.7431304038624297j),(0.00010679164432768939+1.0889304358347134e-05j),3091000000
(-0.35510951885249453-0.7439447919410773j),(-8.801271782125576e-05+4.864579732968022e-05j),3094000000
(-0.3858675176003406-0.7252670438148062j),(-8.872219610328076e-05-4.576109447099457e-05j),3097000000
(-0.3899494518947789-0.7227471102461246j),(-0.00011752949522275249-2.399389952030386e-05j),3100000000
(-0.41474189069233397-0.7145441991523243j),(-0.00011561239639942987-7.001849591960872e-06j),3100000000
(-0.4415177719157675-0.7067436945512993j),(-1.7984371565711046e-05-5.194614424399889e-06j),3103000000
(-0.47115172399041305-0.6817545132850679j),(6.380943078102365e-06+9.046719616187471e-05j),3106000000
(-0.47833884426448414-0.6450682185545669j),(-2.5936736267873025e-05+2.6534060344971686e-05j),3109000000
(-0.45980125424945123-0.6591481390478849j),(-2.132343051184802e-05-2.608058624209862e-05j),3112000000
(-0.4824055543614583-0.6626260120913693j),(-3.8945213186824775e-05-3.0028693418390557e-06j),3115000000
(-0.5052515612362974-0.648687110784465j),(-9.163240603905442e-05+1.6473040163074922e-05j),3118000000
(-0.5238700351804101-0.6321327431252695j),(-1.478638130650617e-05-9.585176049784132e-05j),3121000000
(-0.5449962412020098-0.6079735657971411j),(-3.31757457685836e-05-1.1635711261877993e-06j),3124000000
(-0.5407234333535174-0.591183780528101j),(-6.728919861551703e-05+2.8124762408063538e-05j),3127000000
(-0.5604320157094965-0.6154622411031822j),(0.00015874548037812404-6.134118280014592e-05j),3130000000
(-0.5918721634576043-0.573252913645512j),(9.14709363358735e-05+1.3787054898597003e-05j),3133000000
(-0.596708540070676-0.5433660471312386j),(-8.768135061833947e-05-4.398526695926076e-05j),3136000000
(-0.5912989952118777-0.5417269259238066j),(-6.079325872961214e-05+0.00010702097669259375j),3139000000
(-0.6130374404071449-0.5289404414666651j),(0.00013586685575857444-4.516603007820599e-06j),3142000000
(-0.6327387974095366-0.49636283268922365j),(-2.6092011298514225e-05+4.188746606761441e-05j),3145000000
(-0.6116030686744734-0.48454367843540275j),(-2.350824067696227e-05-3.899225757345983e-05j),3148000000
(-0.6596969281437463-0.46896618860904643j),(-3.4284267416789354e-05-7.631809810620686e-06j),3151000000
(-0.6634848545008212-0.42952463523415557j),(-3.6080452647395654e-05+3.5584184818016614e-05j),3154000000
(-0.6562256024898273-0.3974117787338939j),(9.520724576397788e-06-8.585169452045401e-05j),3157000000
(-0.6515150241323682-0.38802004264744816j),(-3.111241541936644e-05-5.671100342438339e-05j),3160000000
(-0.65366706530298-0.38164968696323703j),(-2.233280169227424e-05-2.5358899607211153e-05j),3163000000
(-0.6618795128053232-0.3702262053168144j),(-6.16218958695943e-05+6.783546443320738e-06j),3166000000
(-0.6785025736474846-0.3528259409236066j),(2.9669001207733922e-05-0.00013018325782484077j),3169000000
(-0.6928087540358036-0.31502536987392205j),(-3.797251925248412e-05-7.014435783982344e-05j),3172000000
(-0.6932496484183579-0.28678188132093935j),(-2.8536454519985206e-05-3.945420523983371e-05j),3175000000
(-0.7028714749058891-0.2557491785478462j),(3.1903079417773664e-05-1.5852195743136743e-05j),3178000000
(-0.7044187172028245-0.21424927001144353j),(-0.00010385896935400685+3.297938780971568e-05j),3181000000
(-0.697109048273106-0.18363190782995586j),(-4.5697800462459445e-05+7.152868508296948e-05j),3184000000
(-0.6912941547745158-0.1341867881687271j),(-9.600617692758231e-05-2.207863011179707e-05j),3187000000
(-0.6744827502865288-0.07456841293162834j),(-0.0001871531748433431-2.5142531631109944e-05j),3190000000
(-0.6402894672135928-0.014335386874456442j),(4.451112898625128e-05-8.012951177428258e-05j),3193000000
(-0.5823451095325674+0.03706240079773227j),(-3.0031983413965757e-05-3.36323504183096e-05j),3196000000
(-0.4920623682911575+0.06659651093903883j),(-0.0001887147357122495+2.2451669193438844e-05j),3199000000
(-0.40995302820012397+0.0426711112932161j),(-8.57994926012591e-07+6.320926210628798e-05j),3202000000
(-0.4023578915862897-0.03086695272275005j),(3.0752746350885466e-05+1.1206884824108182e-05j),3205000000
(-0.41026334870778747-0.003759732666361067j),(4.2671974660259875e-05+8.645640137646115e-06j),3208000000
(-0.3716653215490373+0.014951550614650722j),(8.022228966178e-05-5.476500496520593e-05j),3211000000
(-0.3635658502947469+0.04668439476572818j),(4.267289539019982e-06-0.0001276064639769038j),3214000000
(-0.29192073897927767+0.06324284955788183j),(-6.050973126171083e-05-9.478249188484217e-05j),3217000000
(-0.22616742968704698+0.07745673933799761j),(-5.797718811336804e-05-6.685712472790571e-05j),3220000000
(-0.14716089814660482+0.0034575394111851115j),(3.313074151024171e-05+3.0034581702132315e-05j),3223000000
(-0.10753933482756678-0.07798467436432675j),(4.092768472040409e-05-5.570061657370423e-05j),3226000000
(-0.14314348090617435-0.07041809539320298j),(-5.249314972732094e-06-2.3476777509114793e-05j),3229000000
(-0.1252150909190872-0.12982957414358529j),(-5.623477938190375e-05-5.4102315659700125e-05j),3232000000
(-0.1040091669694658-0.0819738709920637j),(1.53627639412581e-05+2.6762118163896452e-05j),3235000000
(-0.05868820057144295-0.12577589019689744j),(-3.345959211736414e-05+1.5315089501705335e-05j),3238000000
(-0.003274447157370365-0.16906619845836493j),(7.565955374872153e-06-5.350948423248878e-05j),3241000000
(-0.029990672177882465-0.27066575234723544j),(-0.00012404346566595795+5.334207750521477e-05j),3244000000
(-0.07211563615827361-0.17471985869136508j),(5.8238686093400606e-05-7.385538303858734e-05j),3247000000
(0.02461714204547651-0.32039429813819753j),(-1.3163643708266394e-05+7.256446413993606e-05j),3250000000
(0.019985374632923963-0.35418124057967654j),(5.0445389107379166e-05-2.6734111281889965e-05j),3253000000
(0.01800301109537953-0.43009772375402433j),(-3.168465464145282e-05+0.00013008324628242977j),3256000000
(-0.046375453719441996-0.5157887899419148j),(2.7296784287168993e-05+3.719771014759803e-05j),3259000000
(-0.16235372593116593-0.5088472079898778j),(-4.454744694530304e-05-9.213056227197307e-05j),3262000000
(-0.20675037723484446-0.4231786144760702j),(4.764017773795784e-05-3.750005265479933e-07j),3265000000
(-0.14872968104362713-0.3773371337972642j),(5.620251162539062e-05+1.0969472209913366e-05j),3268000000
(-0.09364412890950062-0.4162458505057749j),(2.057086313753612e-05-0.00013116356712125643j),3271000000
(-0.0955599303148514-0.4503431181485949j),(1.2299821968861955e-05+0.00012762504633026306j),3274000000
(-0.07866339254558771-0.501764605283038j),(-1.3481344822083735e-05-0.00011232131553571962j),3277000000
(-0.13161604568656926-0.5814899495999353j),(-1.6103761971343408e-05+2.1046436400857747e-05j),3280000000
(-0.19561603350124282-0.5664795416654143j),(2.5477858349376414e-06+8.898356686318456e-05j),3283000000
(-0.21409237958385371-0.5544705746989299j),(-1.527425293764788e-05+5.974364642921079e-05j),3286000000
(-0.23381107756664898-0.5007854634940715j),(0.00010441272885531126-0.00011272480753060615j),3289000000
(-0.19428112334383665-0.5823245349197261j),(5.9336223525116625e-05-5.9704130048502664e-05j),3292000000
(-0.24475575970718724-0.5692134099811481j),(2.231244625539132e-05+9.118739954552283e-05j),3295000000
(-0.25299931852804736-0.5523199827698677j),(-8.741767418707987e-06-0.00011969882434793538j),3298000000
(-0.19777050639013186-0.5375305610729311j),(3.494592126051644e-05-1.7829052142641382e-05j),3301000000
(-0.19655332788593674-0.6062042033718406j),(-5.916135342710902e-05-1.0059761588063157e-05j),3304000000
(-0.2301316918404786-0.6458306973451751j),(-4.034592979706151e-05-7.178614891561246e-05j),3307000000
(-0.2772986476689959-0.6635378819199276j),(2.893907266644251e-05+7.687942070997659e-05j),3310000000
(-0.31516305009777773-0.6622116955474364j),(-4.63501475222073e-05+3.011307775200253e-05j),3313000000
(-0.34839548472946147-0.6553106063000695j),(0.00010994096244114347+1.4507466727983153e-05j),3316000000
(-0.36564368701004474-0.6270839449395246j),(5.7588306742518e-05+4.739408894079302e-05j),3319000000
(-0.34784747188651033-0.6273550792644812j),(-2.1865477562708168e-05-3.55445452493392e-05j),3322000000
(-0.36738399978843483-0.6566768744500212j),(0.000176410736426131-9.913886094641746e-05j),3325000000
(-0.41240255077182203-0.6602511254670284j),(-1.5909060442915307e-05+7.413697678480951e-05j),3328000000
(-0.43833014774848544-0.6179282480787399j),(-3.3651386331105073e-05-3.010086553577173e-05j),3331000000
(-0.41647428641105383-0.6008891081195089j),(-1.2632425705611628e-06+3.389707687779634e-05j),3334000000
(-0.4110759449548636-0.6204759070772651j),(-0.00016443961763542187+9.38986175515233e-05j),3337000000
(-0.4354634451019219-0.6418319721939549j),(5.6254668031944116e-06+5.067120800573183e-05j),3340000000
(-0.4685825940346482-0.6460183969933123j),(-0.00012680263986319815-2.531348545319004e-05j),3343000000
(-0.5007181153850359-0.6027182068907178j),(0.00011368703829354589-2.275569766508026e-05j),3346000000
(-0.48787454545872544-0.6008382795260989j),(-3.0484218179496317e-06-5.933792651231021e-05j),3349000000
(-0.5057360015095953-0.5935715517263103j),(-2.1504933942227797e-05-7.598963494176742e-05j),3352000000
(-0.5127976116836618-0.5886949637870861j),(-7.281511155230725e-05+5.6933631652931456e-05j),3355000000
(-0.5094393981499936-0.5730644115164438j),(-3.502823480250328e-05+0.00015780161370205478j),3358000000
(-0.508176449756531-0.5625336132262155j),(3.40885462452982e-07+3.2456395446306325e-05j),3361000000
(-0.5277794356487308-0.5806116136125787j),(8.669342337197508e-05-6.265760743264865e-05j),3364000000
(-0.5462145350063348-0.5630983385910817j),(-5.034854712825862e-05+6.207216884992571e-05j),3367000000
(-0.5417889205479584-0.5526540225284658j),(2.191218578468717e-05+2.1578001522833945e-05j),3370000000
(-0.5424258870900027-0.5470622553771513j),(-0.00013234547134378398-6.76049628190434e-05j),3373000000
(-0.5432860843550377-0.5593501237078071j),(-8.88814189513442e-05-2.0875430478890157e-05j),3376000000
(-0.5552349232107887-0.5753024226237675j),(-4.0447271179040934e-05+8.112064693081835e-05j),3379000000
(-0.594269768868595-0.5609170274096067j),(-3.505732370950425e-05-3.1061637197782785e-05j),3382000000
(-0.6094599990114961-0.5636406627934941j),(-2.2795582103971085e-05-0.00022654924066065884j),3385000000
(-0.6162354921391882-0.546650723221656j),(-5.964274630901561e-05+2.764786010786999e-05j),3388000000
(-0.6387648342755206-0.5399756319169495j),(-5.6847770027531904e-05+2.1993852313721388e-05j),3391000000
(-0.6543442576158912-0.5358893508761753j),(4.4497166122903334e-05-0.0001579300435672426j),3394000000
(-0.6672772616332087-0.5249410086658496j),(-4.888190016358185e-05+7.416790776021867e-05j),3397000000
(-0.6936812150528647-0.5055369830614196j),(-2.0756330310207516e-06-0.00012014660657345638j),3400000000
(-0.7073191111136883-0.4963694682483787j),(-5.489963871034181e-05-8.840182808888155e-05j),3400000000
(-0.7184205242359922-0.4798274322263023j),(-4.745178175356247e-05-8.523518655134069e-06j),3403000000
(-0.7338282195287242-0.4550264985474528j),(-0.00010964807048782912-2.510465968245183e-06j),3406000000
(-0.7527084848242285-0.43753591011541565j),(2.0821445353710967e-05-6.77024070042533e-05j),3409000000
(-0.7435672075491851-0.4326830138522425j),(-0.0001034371472341308+7.05935200971726e-05j),3412000000
(-0.7536046393673858-0.4069469626309163j),(-2.1964425006577164e-05+2.9559972091942636e-05j),3415000000
(-0.7685343111848363-0.3807773364236966j),(-0.00010928510147222587-4.927928879284758e-05j),3418000000
(-0.7742038957621015-0.3375212693980319j),(-7.242470790795573e-05-4.209694557019637e-06j),3421000000
(-0.7499167143686931-0.3181921550975903j),(-0.0001185002849328479+7.111002926574884e-05j),3424000000
(-0.7554573787614067-0.2833702837332669j),(-3.369176286664278e-05+3.3048637864203886e-05j),3427000000
(-0.7357983657638312-0.30412568399902934j),(-7.201492806898752e-05+1.615977053589581e-05j),3430000000
(-0.743885706825642-0.28647919401120325j),(5.676558298054962e-05+9.34338569112342e-06j),3433000000
(-0.7497907138348473-0.27813626654594015j),(-6.280978527073803e-05+9.491193537327811e-05j),3436000000
(-0.770547559276802-0.2683448060344051j),(1.2090278962309954e-05-9.085626901302349e-05j),3439000000
(-0.7684709095996863-0.23213688144603023j),(-9.812379476790671e-05-6.989550707209396e-05j),3442000000
(-0.7762842206520212-0.218125660038176j),(-1.0908116592789756e-05-2.8219546912926502e-05j),3445000000
(-0.7899504412181308-0.1785560871703377j),(-4.5999133599224265e-05-2.1505580643584773e-05j),3448000000
(-0.7644805821933567-0.15117975225275238j),(-6.095100416242471e-05+5.9225376258954396e-05j),3451000000
(-0.777115868956871-0.1256412021617141j),(-0.00010684683118631845-3.435092630875519e-05j),3454000000
(-0.7503323531750947-0.09474008057080399j),(-4.004793006734092e-05+3.7682644365064395e-06j),3457000000
(-0.7606177712525752-0.06692591527925922j),(-8.108856634012915e-05-1.3688408354939044e-05j),3460000000
(-0.7390306355126365-0.024252473144236595j),(6.559360417069376e-07-5.513929379257158e-06j),3463000000
(-0.6930326881291806+0.022267144279371518j),(1.8722242538181604e-05+4.2374548548038716e-05j),3466000000
(-0.6396517467177312+0.00994924211302419j),(-6.607948694520317e-05+2.1057938996136975e-05j),3469000000
(-0.6616706011210991+0.029572493876474707j),(-4.8620489420124774e-05-0.00013141982387216181j),3472000000
(-0.6132202323789389+0.04356370254894136j),(2.5564062009796866e-06+2.0282257483471725e-05j),3475000000
(-0.6250045172175883+0.030118174201349084j),(1.1008875712840345e-05-4.141591479089119e-05j),3478000000
(-0.6362835810702805+0.08570563897480438j),(-4.360417655693457e-06+4.762799951251247e-05j),3481000000
(-0.5873188498647361+0.15835051950007187j),(1.8790760819069385e-05-3.319945238293553e-05j),3484000000
(-0.5127003671853241+0.19020199538547358j),(3.0998303169544454e-06+1.7870429982072774e-05j),3487000000
(-0.44349699238887313+0.2298375428801986j),(-4.6669468149572856e-05-1.7775127691707385e-05j),3490000000
(-0.3406204694141445+0.17048569537658598j),(-2.6977238216079454e-05-2.996292783253953e-05j),3493000000
(-0.34321156334669956+0.1140778683069872j),(-6.415875619962845e-05-4.863940112869133e-05j),3496000000
(-0.31974155396559417+0.1933794129242677j),(-8.372566812013883e-05+2.479862693142842e-05j),3499000000
(-0.17283507823303046+0.14487021745248052j),(2.4403715738824325e-05-5.321520306428018e-05j),3502000000
(-0.151194286738364+0.08864238105732054j),(5.8537409395441334e-05-2.5227613111196833e-05j),3505000000
(-0.15145675025212207+0.04054769258143997j),(-0.00010743293695475374-8.945582832827974e-05j),3508000000
(-0.05790725976606938+0.039665857305471834j),(-5.012189110912889e-06-5.8110078308578444e-05j),3511000000
(-0.02061939376830243-0.03840265079960265j),(-2.3739208397077895e-05-3.3354863830943535e-06j),3514000000
(-0.011942241092734307-0.0980904069569592j),(-0.0001062356395154647-8.931067440552707e-05j),3517000000
(0.018780900527930463-0.1738584085375885j),(-0.00018417995008881616+6.704231790703059e-05j),3520000000
(0.013828741309978328-0.23485783914637062j),(-4.227177612711263e-05-2.6759221862979234e-05j),3523000000
(0.037790587790172525-0.3291724195793735j),(-8.196793536768261e-05-5.079793423057238e-05j),3526000000
(-0.024287564891465437-0.41637382855722194j),(-0.0001139816530766636-3.9485140537579796e-05j),3529000000
(-0.05342169830094799-0.45381114274739165j),(-0.00011434656029057918-3.177732566450015e-05j),3532000000
(-0.13656184993280188-0.5132557622795597j),(-0.00012200979336735252+4.619399270659195e-05j),3535000000
(-0.2059191336777551-0.5244345444186378j),(-0.00010822285548864162-4.9018598134410407e-05j),3538000000
(-0.24609433365602446-0.45478809884003574j),(-3.7265163579133525e-05-0.00011741068845123458j),3541000000
(-0.201740100103494-0.4705519825501771j),(-8.523561688637726e-05+1.1116892952146365e-05j),3544000000
(-0.21350268427675723-0.5143098261239458j),(-6.534016006511976e-05-3.898848769445795e-05j),3547000000
(-0.22412598916263043-0.5686359738130593j),(-0.0001171471951481859-3.95024961856326e-05j),3550000000
(-0.2952666021481569-0.612947779767821j),(-5.5369483991633505e-05-6.157769025202518e-06j),3553000000
(-0.35301959474234296-0.6053927715444245j),(2.9092966140288034e-05-0.00013612651475228838j),3556000000
(-0.3713301061724758-0.5811118420537699j),(-4.591406842185619e-05-5.94925114911493e-05j),3559000000
(-0.37645357193026907-0.5873136772572075j),(-0.00018893211000715627+3.078862145299792e-05j),3562000000
(-0.4221238695463427-0.5872806684931405j),(-9.947016708070751e-05+2.5149486700544707e-05j),3565000000
(-0.4230467558494955-0.5785414221644718j),(-0.0001786872731162008-8.367331268704982e-05j),3568000000
(-0.46899453096968513-0.5971972543964513j),(-0.00019536285828936027-9.974487498904094e-05j),3571000000
(-0.4825352770765837-0.578187523685851j),(-0.00012022961069625077-6.560828970120083e-05j),3574000000
(-0.5025908259272227-0.5618437697338914j),(-5.757872927951131e-05-5.739757473759724e-05j),3577000000
(-0.4886435136557333-0.5496122516344512j),(8.361891174935995e-07+4.041827351985999e-05j),3580000000
(-0.5094411268248142-0.5928068440287834j),(-2.02677753663915e-05+5.413960913843556e-05j),3583000000
(-0.5619785812673342-0.5876630079098483j),(-4.553793299355372e-05+1.983285726658146e-05j),3586000000
(-0.5728805374422699-0.5607014184828678j),(-0.00012057080628309824-9.912103140917083e-05j),3589000000
(-0.5738901894308461-0.561900884657931j),(-5.671522912355718e-05-0.00016805891682239376j),3592000000
(-0.5989544687614032-0.5676516542705388j),(-0.0001221505370976487+8.897898252660451e-05j),3595000000
(-0.6152276922775263-0.5768096529893494j),(-5.559813791059147e-05+1.647339233618207e-05j),3598000000
(-0.6499366326137799-0.5550346814780116j),(-4.197482718585771e-05+1.8725867122706583e-05j),3601000000
(-0.6706896348562922-0.5454969856159645j),(-3.359559779286476e-05-2.688156963351753e-05j),3604000000
(-0.6892938708318681-0.5339378392181945j),(-9.506664367129576e-05-0.00010156336303951681j),3607000000
(-0.7052321115845452-0.5134352306116055j),(-9.11500268132342e-06-8.963655771802958e-05j),3610000000
(-0.7226405054846308-0.49094246991064644j),(-1.3854581402059607e-05-9.096609093403859e-05j),3613000000
(-0.7254611996637419-0.4889687405327806j),(-0.00011871772319713316-1.1588702646955947e-05j),3616000000
(-0.7360642969651787-0.4673035180827476j),(-0.00017353814588422656-3.531581060811533e-05j),3619000000
(-0.7497679340148568-0.4512245615042805j),(-0.00016774008369699046-0.00026795972356361133j),3622000000
(-0.7508499589396157-0.443694333935248j),(-0.0001164956602689068+2.854981858277618e-05j),3625000000
(-0.7573538221551699-0.43154149341029024j),(-0.00010426798743058293-2.154714072131324e-05j),3628000000
(-0.7713902653844272-0.4235857219174432j),(-0.0001267922584142806-9.084022389135408e-05j),3631000000
(-0.7755884688226072-0.40982548477060704j),(-5.8777529271799866e-05+8.575143653062836e-05j),3634000000
(-0.7810840429887227-0.3989103019790123j),(-5.4761555023158577e-05+0.00019590826946831854j),3637000000
(-0.7935638937855726-0.37335622163218884j),(-8.229023236737621e-05+1.3557635630469399e-05j),3640000000
(-0.7903997663912852-0.3802524727778274j),(-6.52602422229521e-05-1.4086259444082454e-05j),3643000000
(-0.8034921035824985-0.36128398230841924j),(-0.00017812165589032046+1.4391412185870433e-06j),3646000000
(-0.8130165088752513-0.3480368108028447j),(-5.783023655234207e-05+0.00013424057831656837j),3649000000
(-0.81513042519016-0.33995926703620066j),(-6.0237283641483245e-05+1.2854162380919548e-05j),3652000000
(-0.8211139869226789-0.32314375055423156j),(-4.036315227365838e-05-6.580432089151033e-05j),3655000000
(-0.8260899473724004-0.31034062881877506j),(-0.00019910445767548513+0.00011607253438318412j),3658000000
(-0.8308446023391539-0.3089449580090556j),(-0.0001324374400478192-0.00010470586216577045j),3661000000
(-0.8392099970309654-0.2854040424818668j),(-6.375084116222106e-06+0.00012072875458923304j),3664000000
(-0.8472388775558726-0.267422834900437j),(-6.288195240757031e-06+2.9386340593758434e-05j),3667000000
(-0.8452857046458677-0.2653077794923078j),(-0.00015699401238428783-0.00013255784989946021j),3670000000
(-0.8585466363230052-0.2380128858728081j),(-5.5478510691649884e-05-9.310032803566463e-05j),3673000000
(-0.8618627358726431-0.2203153858519971j),(0.00014433856775717153+0.00019021609117032384j),3676000000
(-0.8595813976359774-0.21139728651372797j),(-0.0001525321919869965-0.00017266729834801054j),3679000000
(-0.8604269230238255-0.17974379530067264j),(-0.00013073380462483641+5.542412504957268e-06j),3682000000
(-0.8553709844269327-0.1718752756270234j),(-0.00014548216541174967-7.588910513223928e-05j),3685000000
(-0.8569941295111475-0.1525179206512303j),(1.7520755443812366e-05-9.14585353525496e-05j),3688000000
(-0.8567051740669831-0.140327850772797j),(-6.42130253672417e-05+2.866891514004553e-05j),3691000000
(-0.8514679489619458-0.1295334195199518j),(0.00015599404517211668+7.348374108365014e-05j),3694000000
(-0.8542432257269954-0.10918913405146877j),(-0.00016550487111088372-0.00013202179119442008j),3697000000
(-0.8523719044295069-0.09110461532977253j),(4.785006287345718e-05+1.3898263065540817e-06j),3700000000
(-0.8529693197194121-0.08938582736306011j),(9.19895789206209e-05+6.636049990554256e-05j),3700000000
(-0.8429070319637735-0.072500766771214j),(-6.0514360939234796e-05+8.362884032809444e-05j),3703296703
(-0.8439347144362814-0.052727968227173176j),(0.0001129288063201195+0.0001695352460404906j),3706593406
(-0.8427197779947444-0.03071019484933721j),(8.997466464000158e-05+0.0001198082634102517j),3709890109
(-0.8492277023074832-0.007276603364427206j),(-8.465978966530792e-06+0.00010961718079696234j),3713186813
(-0.8345943709853573+0.032267274573570835j),(5.2000166574116395e-05+1.0273059118050785e-05j),3716483516
(-0.8179074936841094+0.05294018933925849j),(-0.00012276508717182585+4.5096799640208524e-05j),3719780219
(-0.8010650083411485+0.09030931444189669j),(3.720662018507757e-05+2.0629084589617044e-05j),3723076923
(-0.7794010868513279+0.11377922966421548j),(0.0001368511019169981-8.646552310230233e-05j),3726373626
(-0.76514839383884+0.15362095383573912j),(0.00035130996142320316-2.39445014034854e-05j),3729670329
(-0.7339268975317592+0.18604419277390002j),(6.388164360803162e-05-0.0003637455292771425j),3732967032
(-0.6935054885310383+0.20829480866891006j),(0.00012356077147173504-0.00014326448059135942j),3736263736
(-0.6637564834440277+0.22767176203427167j),(0.00028465241653586427-0.0002427650430149511j),3739560439
(-0.6277371365275877+0.2554769844904099j),(-7.799227318128685e-06-0.0002272448014955114j),3742857142
(-0.5706491939528601+0.29105566426510704j),(0.00011405191184127279-0.0003334857471236149j),3746153846
(-0.5304697445216188+0.30356662344383856j),(-4.1863904190480175e-05-0.00010947518794132673j),3749450549
(-0.43875963010740016+0.33497858788947726j),(-0.00021479106711994056-0.00041888500945525795j),3752747252
(-0.3604989608072801+0.3244329898269143j),(-0.0002673947059375041-0.0001594468980139834j),3756043956
(-0.2630199638043817+0.31189099889523797j),(-0.00026632710428484233-8.690729745373531e-05j),3759340659
(-0.15980637119678032+0.2552107776781045j),(2.4509397285243842e-05-0.0002812683962475339j),3762637362
(-0.11637673588727883+0.14649579104446994j),(6.751616703002633e-05-0.00010453664034654775j),3765934065
(-0.0793434390889433+0.08203212050922254j),(0.0003028052194030844-0.00010432281504264162j),3769230769
(-0.034235055836781166-0.0019779134122363076j),(0.0001578719637066053-4.0858118905080925e-05j),3772527472
(-0.04905158216582593-0.09477339727376066j),(-5.0282659122852425e-05+0.0001367514533279682j),3775824175
(-0.08756810971858368-0.19098102925070026j),(-0.00016454221472589914+0.0002931617157572015j),3779120879
(-0.08719557112763743-0.2640480898382212j),(-1.4951612493318501e-05+3.474950947546406e-05j),3782417582
(-0.17867829109017627-0.24044097677999035j),(-0.000159741037250831+0.00022687074245294223j),3785714285
(-0.1533292773165316-0.25966507423393664j),(-6.21987520240125e-05+0.0003413585842888628j),3789010989
(-0.14175947376742296-0.3406160000841727j),(8.702824042289891e-05-1.0500749975929857e-05j),3792307692
(-0.19037719119922503-0.4025442620533783j),(-0.0001501630213516404+0.00023270666995540293j),3795604395
(-0.2345995118564876-0.44489306215545515j),(6.71888379479805e-05+0.000256933620050212j),3798901098
(-0.2727892521239093-0.4716677973037512j),(0.0002654426835389503+0.00047175153006807794j),3802197802
(-0.33828684746335197-0.49238217253101535j),(0.00017586856773260415+0.00013176987517218207j),3805494505
(-0.36765134119620546-0.5152841837494119j),(0.0001515677535742036+0.00016150351390293872j),3808791208
(-0.4206484504846899-0.5275990846912225j),(5.9623975265405586e-05-0.0001751103224146668j),3812087912
(-0.4675449116475206-0.5144308858190219j),(-7.529263984251547e-05+0.000283238839634323j),3815384615
(-0.5030760255888168-0.5007862431226401j),(-0.000117307802559403+0.00011158910224092892j),3818681318
(-0.5193988892346074-0.5078885576455788j),(8.169522399477876e-05+4.063553218552299e-05j),3821978021
(-0.5679277042968555-0.5119402303651723j),(0.00029726403520571534+0.0001270663461881822j),3825274725
(-0.6055806650909609-0.5031944046528174j),(-7.348163245343836e-05+0.00030475413920293034j),3828571428
(-0.6402627670672951-0.4809374550627069j),(-0.0001257121914301971-2.4682679181060715e-05j),3831868131
(-0.6662555473261604-0.4630533147294714j),(-0.00010830733976296205+0.00011335253524869063j),3835164835
(-0.6855636792415207-0.44617541531567934j),(4.360998405186296e-05+0.00023587091456248152j),3838461538
(-0.7048599750719399-0.42373470979230393j),(0.00016360266372402073+0.0003902414565069552j),3841758241
(-0.7243325965392894-0.40689177800106213j),(-0.00011504530141416544+5.614821587947872e-05j),3845054945
(-0.7344963938563209-0.38732064189411547j),(-1.6288850374009187e-06-2.5681514153711235e-05j),3848351648
(-0.7482645933852038-0.3758962664098479j),(0.000259315842119011+9.785355801003011e-05j),3851648351
(-0.7466018276720521-0.3435689337949075j),(0.00017046563579815153-5.1526878098246426e-05j),3854945054
(-0.7470995217401368-0.363181396972432j),(1.376885899806367e-06+0.0001263329883719369j),3858241758
(-0.7723082593942733-0.3386952355815184j),(-5.5582408460704195e-05+0.0002489402045662722j),3861538461
(-0.7788445937676101-0.3396692667541287j),(-0.00030135378334248905+0.00012621855676736506j),3864835164
(-0.7923914244338225-0.3225286807264126j),(2.5515979627246363e-05-5.4251001379016767e-05j),3868131868
(-0.8084463995537868-0.3174294662733347j),(-0.00015576725403152158+0.0001909549672030819j),3871428571
(-0.8238771175201257-0.2916567324293439j),(0.00015498813358626217+9.95748993432568e-05j),3874725274
(-0.830885794659488-0.27848327523075506j),(-5.0236710436258275e-05+0.00022106055701130614j),3878021978
(-0.8425141968842831-0.2583501113296112j),(2.7394705584588785e-05+4.550218762529721e-05j),3881318681
(-0.8494865601872499-0.24098987080817244j),(2.8716862109962768e-05+6.137025657045296e-05j),3884615384
(-0.8514203968107107-0.23264991633528168j),(7.816099574323657e-05+5.257719267472215e-05j),3887912087
(-0.8540101987331814-0.21747631224978303j),(-0.00012655857047160087+3.7594201745222185e-05j),3891208791
(-0.8622245925606487-0.20441076078668102j),(-0.0003393730077033793+5.296197026941513e-05j),3894505494
(-0.8614996162609704-0.1855991422557343j),(-0.00016193926600532066+4.401001287772848e-05j),3897802197
(-0.8692470127061093-0.18034621490436029j),(-7.741967853233665e-05+8.474523709363886e-05j),3901098901
(-0.8780242323836362-0.16647019305915225j),(0.00012020494103393817+0.00031397124983959505j),3904395604
(-0.8794826211632354-0.15104762277385425j),(0.00017154331319974543-3.999820365335667e-05j),3907692307
(-0.8835030778217937-0.14270118509768512j),(9.150702775444107e-05+4.8988009876197815e-06j),3910989010
(-0.8868460030405699-0.11582273978497414j),(-0.00021899080101923636+0.00026947392370852834j),3914285714
(-0.8821253589418916-0.10552484999158422j),(3.1976416037351434e-05+3.6878994516465174e-05j),3917582417
(-0.8859105546891454-0.10122867201595305j),(-0.00033376281973873363+0.00014016427525756993j),3920879120
(-0.8893847278681631-0.08240260436458356j),(-9.903650096153201e-05+0.0003952959890876764j),3924175824
(-0.887761990840985-0.062494542321667235j),(0.00013061378958844716+0.0002118961053085006j),3927472527
(-0.8838556462604559-0.051809898256586696j),(-0.00023878980037281576+0.0004064588393819002j),3930769230
(-0.8825169602912971-0.029539656119088112j),(-3.316004063041644e-06+0.00017842045084449752j),3934065934
(-0.8800640865180563-0.02555846757527641j),(2.074192619662987e-05+0.0003299374351698119j),3937362637
(-0.8823036579421598-0.00795083272925444j),(6.720620362511371e-05+3.270782813084825e-05j),3940659340
(-0.8780189363975786+0.004128567238327553j),(-0.00011376696770388939+0.00010488645363275476j),3943956043
(-0.8802278927707323+0.01082428490271416j),(-4.219125538109645e-06+0.00016642658027516788j),3947252747
(-0.8827901874976661+0.036178231594452215j),(-3.878342974088779e-05+0.00027454785713785785j),3950549450
(-0.8733814616602539+0.06423960914998744j),(-0.00025001203089176097+0.0002127015328374927j),3953846153
(-0.8607810856353924+0.08111701170978236j),(9.952668890043894e-06+8.85528283189627e-05j),3957142857
(-0.8517642168758799+0.10083352060466003j),(4.771477729245665e-05+2.587287423305174e-05j),3960439560
(-0.8339601971209691+0.10414030850964585j),(-7.799385134087448e-05+7.117464966823278e-05j),3963736263
(-0.827650148991421+0.11954364041460722j),(9.416197150248922e-05+4.1912142947871525e-05j),3967032967
(-0.8219268877509469+0.14517766868135343j),(-2.408164036595651e-05+6.281266179042368e-05j),3970329670
(-0.7903285334443059+0.16130832890198313j),(-9.521388769492002e-05+0.00019799167909162737j),3973626373
(-0.7869455675528555+0.17781338583522807j),(-0.00013921578797968821+0.0002230056233010618j),3976923076
(-0.7613934215677467+0.20385487603497016j),(-0.00012197586548513787+8.63923389783158e-05j),3980219780
(-0.7305468788260584+0.19627099629976702j),(-8.972435048487353e-05+0.0001699869683327603j),3983516483
(-0.7131914789718253+0.19448535251154453j),(-1.357718970478064e-05+0.0001476177863873698j),3986813186
(-0.7016232794375675+0.20470933124146512j),(3.455655535088125e-05-1.6218332193191106e-05j),3990109890
(-0.6875010447963597+0.2156631943808132j),(-8.199934465941604e-05+1.8963762167229487e-05j),3993406593
(-0.6776316021670697+0.22379912584068298j),(-0.0002389154706752586+0.00011529570937191357j),3996703296
(-0.6600334700580639+0.2527473513099554j),(-2.837378091226423e-05-0.00013240282169023538j),4000000000
