S11,S21,freq
(0.5274849255766191-0.505323469389302j),(5.860149813931656e-05+2.3104305715541476e-05j),1000000000
(0.38263697395290164-0.6103449944300812j),(5.829697503910711e-05+1.078707531169532e-05j),1003000000
(0.2102212777528002-0.6800108620615666j),(-4.67462142029298e-06-6.310467576399105e-05j),1006000000
(0.018940565796640434-0.7032746557179825j),(0.00011027686400311366-1.0318574377005537e-05j),1009000000
(-0.1782003191497315-0.6760065892689315j),(0.00014214867912913117+1.4742829821090644e-05j),1012000000
(-0.3655872181465205-0.5934046074996084j),(0.00016311470278903547-5.1709032433498245e-06j),1015000000
(-0.5216798767319891-0.4646702451192589j),(2.5384001101444138e-05-0.00012552767897144608j),1018000000
(-0.6398766339959261-0.2946834430853377j),(5.546005772158599e-05-8.243546292774211e-05j),1021000000
(-0.7053339082307126-0.10079932115384589j),(7.765451327550914e-05-0.00018205619298091564j),1024000000
(-0.7149704294669716+0.09771358509009845j),(-2.7975396956915173e-05-0.00016457929934051514j),1027000000
(-0.6727906065602667+0.289888476229812j),(1.5253252911600567e-05-0.0001230956979390825j),1030000000
(-0.5816830022974652+0.46044945250393576j),(-2.7708605146103755e-06-0.0001341334960519175j),1033000000
(-0.45753475351812106+0.5955880556807868j),(-4.303231115432139e-05-9.03407844727687e-05j),1036000000
(-0.30541017489349725+0.6946788864341479j),(-6.502250304829586e-05-8.070786353033124e-05j),1039000000
(-0.1397464176936577+0.7546599671160861j),(-7.698706450813707e-05-0.0001329267232798511j),1042000000
(0.029054143331199506+0.7720989058296143j),(-7.840241826811266e-05-3.0203100382517483e-05j),1045000000
(0.1930234941292047+0.7508981961420805j),(6.990170642643901e-06-5.182786759042826e-05j),1048000000
(0.3466611018874074+0.6962838661944403j),(-3.9170516442351645e-05+8.70720798347216e-06j),1051000000
(0.4811111140038229+0.6109532800591676j),(-8.835260678221312e-05-6.8272829086397395e-06j),1054000000
(0.593848879502962+0.49805063012587847j),(2.4752002126996504e-06+7.4175254735077235e-06j),1057000000
(0.6811240104478782+0.36262971605241756j),(-3.075893354095441e-05-1.3148892088305714e-05j),1060000000
(0.7361519800084123+0.2149713163334866j),(2.9174206674824135e-05-0.00010184501576415956j),1063000000
(0.7584739886185528+0.05467917324832324j),(-1.8883346258885256e-06-5.196636793943684e-06j),1066000000
(0.7455918710908257-0.1101308376571476j),(-1.5734375076996194e-05-3.2450610459024926e-05j),1069000000
(0.697199389673176-0.2673196644596738j),(-6.260364634572038e-05-6.605168649598058e-05j),1072000000
(0.6106200938183376-0.41484074969513646j),(-7.389765540831821e-05-4.0455927523215024e-05j),1075000000
(0.4918343028504718-0.5400015458989395j),(-5.609659435094869e-05+2.6069679447822857e-07j),1078000000
(0.3437419481728145-0.6363877286976349j),(-6.447403916689812e-05-6.830931501109688e-06j),1081000000
(0.17108326132811655-0.6960818718741202j),(-8.867555882577289e-05-3.324212215745115e-05j),1084000000
(-0.016563038749687942-0.7113730392441755j),(-3.7039871918149615e-05-5.881126417816005e-07j),1087000000
(-0.20109472684150456-0.678439334429301j),(-5.763262806946083e-05-3.330099036151372e-05j),1090000000
(-0.3763995000558577-0.5993601597884425j),(-0.00010482761461324695-8.61736162734202e-06j),1093000000
(-0.5265939896863541-0.47588665522686086j),(-6.089858540525553e-05+1.3308924691938343e-06j),1096000000
(-0.6395192608260667-0.31805829312845424j),(-5.589103626619578e-05+1.712286250820911e-05j),1099000000
(-0.7081679048707997-0.13602910878670685j),(-5.265742423544104e-05-6.168827058092444e-05j),1102000000
(-0.7259429025503525+0.05502213467131406j),(-4.533247164968528e-05+5.247357583587343e-05j),1105000000
(-0.6951215878706517+0.24413690781650305j),(-5.1899627546903235e-05-1.0284120724745196e-07j),1108000000
(-0.6185681666667476+0.41426624493122455j),(5.975367118060182e-06-1.7871677822311498e-06j),1111000000
(-0.5023992664124648+0.5585721079315853j),(-0.00010961607176293757+1.5445048783510497e-05j),1114000000
(-0.3606457211074905+0.6677419734273635j),(-1.3557543967025697e-06-6.215840021429944e-05j),1117000000
(-0.19860660451229886+0.7372697412177792j),(-4.690851832056989e-05+3.8944558896961004e-05j),1120000000
(-0.02840646292482104+0.7644013156810594j),(8.441618845608078e-06+1.1415963294212723e-05j),1123000000
(0.14125831913453613+0.7555393276806293j),(-5.843951783291857e-05-3.613185351245056e-06j),1126000000
(0.30064714608328247+0.7096584284296944j),(-2.738601463929312e-05+6.96652065045265e-05j),1129000000
(0.44265508078256977+0.6265971277353214j),(-7.419620234133861e-05+2.621318002609907e-05j),1132000000
(0.5662543806296086+0.5168794924892081j),(-5.931606380843831e-05+9.76207897154805e-05j),1135000000
(0.6574805984421543+0.3841533074572251j),(-4.1800930053716475e-05-6.012393874506164e-05j),1138000000
(0.7198827725345863+0.23224202580670383j),(-1.7903773017910148e-05+2.3794060258147206e-05j),1141000000
(0.746635463283807+0.07137452573578941j),(-6.93013060272408e-05+5.29753709397375e-05j),1144000000
(0.7368937956984288-0.09270241425029552j),(-2.858329653892997e-05+2.463994396892345e-05j),1147000000
(0.6903117381115439-0.2537032550537984j),(-4.500147216739263e-05+3.2905036882312518e-06j),1150000000
(0.6077665052172384-0.4005391793677062j),(-2.029081359134179e-06+4.098389862318346e-05j),1153000000
(0.4928003486517253-0.5262932612763216j),(-1.8813117524058359e-06+3.4154207333061505e-05j),1156000000
(0.3489474883233182-0.6235312786609785j),(1.1122273204764299e-05+2.3612977063857537e-06j),1159000000
(0.1834940774457538-0.6848572620904824j),(1.0949328239436271e-06+4.905825557579936e-05j),1162000000
(0.004977211730710225-0.7035699219818772j),(-4.127464770916766e-05-6.864664061807323e-05j),1165000000
(-0.1757279343182178-0.6802321798869527j),(-7.286871027995109e-05-1.3714497324647067e-05j),1168000000
(-0.34718546879722295-0.6103414924910113j),(-5.576064047060452e-06-2.5859315733743798e-05j),1171000000
(-0.4957734553575745-0.4992684991211447j),(-5.49746265922773e-05-5.8337195497388034e-05j),1174000000
(-0.6133462612433834-0.351256007862913j),(6.611677223221339e-06+1.3097903091849587e-05j),1177000000
(-0.6875073934413217-0.18098490382910537j),(1.0248153155723925e-05+1.3925455769013858e-05j),1180000000
(-0.7160173754166852+0.003521501169109841j),(-4.6764542472158924e-05-3.811895367805449e-05j),1183000000
(-0.6975792155078254+0.18719419501216814j),(-9.151677950928038e-05+8.670225856703318e-06j),1186000000
(-0.6330512371488985+0.36059792465724j),(-7.340075862079529e-05+3.186791398012052e-05j),1189000000
(-0.5290451932503191+0.508665174756926j),(-3.264399503089377e-05-5.472436976205901e-06j),1192000000
(-0.3918443364463067+0.6266303663906763j),(-3.912489845950864e-05+0.00010708905427821416j),1195000000
(-0.23414627093900994+0.7044100294429628j),(-2.2668768043101036e-05+2.9820700129308708e-05j),1198000000
(-0.0655543242968286+0.7429107452427667j),(-5.168521927245611e-05+8.182794490617506e-06j),1201000000
(0.10847810446862488+0.7387910317532789j),(-3.416320036409967e-05+4.026749600683465e-05j),1204000000
(0.2701877401826101+0.6970365119133018j),(5.543659705594546e-05-3.2042079664277185e-05j),1207000000
(0.4163879534981514+0.619334226939873j),(1.6818033759483314e-05+3.805297822589776e-05j),1210000000
(0.5432261472328175+0.510882624146959j),(6.8511414299719345e-06-9.463705472724581e-06j),1213000000
(0.6402553944140813+0.3775494438017931j),(1.7770463432117847e-05-1.9655957552001474e-05j),1216000000
(0.7039010855407853+0.2295415854570902j),(4.3038439393310335e-05+3.663785672769938e-05j),1219000000
(0.7331539778615209+0.06691817130487301j),(-1.594603151440246e-05+8.621845005313848e-06j),1222000000
(0.7259995996881015-0.09664553640300394j),(1.4337577510769827e-05+3.120781758340467e-05j),1225000000
(0.6842141687466102-0.25193096742121185j),(3.3845518240895614e-06-1.853466181866362e-05j),1228000000
(0.6067800513290199-0.3991914362985959j),(-2.6169958360051097e-05-1.896627679861723e-05j),1231000000
(0.4971305401120811-0.5237874029483709j),(4.1802084375281824e-05+2.5148590111712354e-05j),1234000000
(0.36265498311191086-0.6205489807956208j),(-2.248835461723492e-05-9.800860815023913e-06j),1237000000
(0.20169141605587004-0.686952037531877j),(-0.00010308956745496858-3.514605983002131e-05j),1240000000
(0.03209415948620573-0.7134271031273356j),(-4.136051762218511e-05-1.7976363273350788e-05j),1243000000
(-0.14177242254658382-0.6968625445632884j),(7.897527657385061e-06+9.567363758336175e-06j),1246000000
(-0.3096600842701759-0.6380307020937724j),(-5.025287206717396e-05+5.695479088327358e-05j),1249000000
(-0.45992346856015653-0.5384229340540462j),(-7.113862544691119e-05-7.91158248300858e-06j),1252000000
(-0.5816798031277436-0.4046165904581639j),(4.4447772344395446e-05+0.00011324708128121908j),1255000000
(-0.6669360379315163-0.24002644587946162j),(6.963154972598369e-06+7.511974816055271e-05j),1258000000
(-0.706686575948687-0.058782023132418086j),(-1.8601161934853226e-05+3.259254367616011e-05j),1261000000
(-0.6973306170832113+0.12776233114899035j),(-6.091648820110629e-05+0.00011226853291528959j),1264000000
(-0.6410829460694143+0.30596823927861516j),(4.324933726546923e-05+9.78955625989107e-05j),1267000000
(-0.5397098778902032+0.462388908211491j),(5.543115157582103e-05+0.00012385725514164054j),1270000000
(-0.4022535136521486+0.587089654648683j),(5.6836873886295775e-05+7.363921899520658e-05j),1273000000
(-0.2381061512064572+0.6720060441690153j),(3.692129100303428e-05+4.775225818030755e-05j),1276000000
(-0.060642502708493584+0.7113003393253633j),(3.701162348822814e-05+6.488276686490839e-05j),1279000000
(0.11873611539348725+0.704212939538167j),(9.99003921223023e-05+4.118685492087665e-05j),1282000000
(0.288235120260981+0.6524174872564619j),(6.015165777847273e-05+3.8259508418188694e-05j),1285000000
(0.4387290923383078+0.5647217891637781j),(4.789024330424491e-05-1.388527142542688e-05j),1288000000
(0.5582214902480694+0.44691317530170294j),(0.00014275949596398365-3.494404667248409e-05j),1291000000
(0.6455980260813113+0.30583867533080505j),(0.00010187786223732368-3.895568020531377e-05j),1294000000
(0.7004731014881255+0.1475310542178897j),(0.00013493046505248148-7.645480411774086e-05j),1297000000
(0.7156020998239269-0.013441606712772525j),(-7.58758762133311e-06-5.9515451156852784e-05j),1300000000
(0.7156576105784511-0.013920922864835657j),(-3.380859668084371e-05-5.600550822816707e-05j),1300000000
(0.6955248635168146-0.17214765105207722j),(5.460720123205284e-05-4.727045823110461e-05j),1303000000
(0.6412734160199013-0.3200775297748998j),(9.249070864029817e-05+2.3650883523575518e-05j),1306000000
(0.5563728726035188-0.4515712902982847j),(-2.6024215071684624e-05-2.178042933353621e-06j),1309000000
(0.44389569566468756-0.5624817141229682j),(6.829320077430871e-05-2.9099803918307765e-05j),1312000000
(0.312924081052267-0.6440517810830916j),(2.94220696755695e-05-3.847506798689353e-05j),1315000000
(0.16642690319714348-0.6958767508639485j),(0.00014126958187603183+5.049655967535552e-05j),1318000000
(0.009871966425449984-0.714462734488989j),(0.00015178556813297798-2.969584766163271e-05j),1321000000
(-0.14461638366640295-0.6990191103878487j),(0.00019953904951517266-1.5991546193988282e-05j),1324000000
(-0.29353840180613655-0.6480009784409152j),(9.288356977958979e-05-3.6035532219909396e-05j),1327000000
(-0.4326365183402797-0.5646990835988001j),(9.695703864514534e-05-1.1306569832799773e-05j),1330000000
(-0.5483230927218427-0.4513631068348713j),(0.00010872023900081755-0.00016364060666032947j),1333000000
(-0.6370175841100946-0.3110450891213527j),(9.287641746450762e-05-0.00018041949437842852j),1336000000
(-0.6915992848848079-0.15239959338112108j),(0.00012504631798264073-0.00018078524340287436j),1339000000
(-0.7068272685496422+0.019885911950407027j),(3.9018027292347444e-05-0.00025524435339996664j),1342000000
(-0.6802366357201056+0.18939799946034078j),(2.024582185922657e-05-0.0002535986409193163j),1345000000
(-0.6094289411373847+0.3543545525836096j),(-9.578224723694733e-05-0.00022562396963309554j),1348000000
(-0.4994614689343123+0.4977198418083775j),(-7.947485828486078e-05-0.00021643649015827516j),1351000000
(-0.355368692109381+0.6075117781115283j),(-0.00020349071971255314-0.00020376052391176663j),1354000000
(-0.18270442062587974+0.6791049465156296j),(-9.166994204817011e-05-0.00018962902353496865j),1357000000
(-0.004010049389647019+0.7034590153722273j),(-0.000104113075425665-7.765280007744495e-05j),1360000000
(0.18046241511953737+0.6822205618493083j),(-0.00013905782133652827-2.0345627803003444e-05j),1363000000
(0.3476234135543256+0.6119938268107374j),(-0.0001901595801241463-4.2533675877543366e-05j),1366000000
(0.4939991643007906+0.5026867690420955j),(-0.00011174652619696588-9.14358777276052e-06j),1369000000
(0.6025843662297586+0.3651257044049565j),(-8.327223510419067e-05-8.70685709386302e-06j),1372000000
(0.6746400314370172+0.2063930858882322j),(-8.567112964340003e-05+8.159002394268881e-05j),1375000000
(0.7053877296242548+0.03552923945757038j),(-3.35073581877938e-05+3.4501390783335644e-06j),1378000000
(0.6943514498291877-0.1300887037938466j),(-3.466323650362884e-05+1.5451661131888844e-05j),1381000000
(0.6462257456450818-0.2876809335446145j),(-6.395608334301318e-05+6.917278001868909e-05j),1384000000
(0.5637496309269391-0.4270170352157869j),(-6.797850930831379e-05-4.320202537333719e-05j),1387000000
(0.45578511574376673-0.5428878545633972j),(-2.2040014145159746e-06-1.0226318310497779e-05j),1390000000
(0.32596173938727535-0.6311172218499594j),(-2.0568011449251337e-05+2.9287485686188268e-05j),1393000000
(0.18220624540713773-0.6873058736096707j),(1.550738236058773e-05-6.106861146937442e-05j),1396000000
(0.029100865938044684-0.7120111266711384j),(-4.461474838984622e-05-3.183169983732898e-05j),1399000000
(-0.12349045935826185-0.7035920363432935j),(-2.2491213751701773e-07-7.254860239664863e-05j),1402000000
(-0.2727704222650981-0.6609029080813653j),(-3.8520112416323555e-05-6.0131963634304815e-05j),1405000000
(-0.40976769534533725-0.5874473501285778j),(-1.5425109881805107e-05-1.666919736409226e-05j),1408000000
(-0.5296737444115447-0.48457989310825234j),(-9.589658038096362e-05-6.835245189521852e-06j),1411000000
(-0.6241124172505975-0.35544208553760226j),(-8.63345585126752e-05-1.9031342002340576e-05j),1414000000
(-0.6885847692272586-0.20874525957428988j),(4.5342805421795505e-06-4.016497037969023e-05j),1417000000
(-0.7180205269393363-0.04590654634499481j),(-3.5298314421617885e-05+2.682810033278288e-05j),1420000000
(-0.7103901841886137+0.12016667476570479j),(1.1688092865720863e-05-9.56493516337066e-06j),1423000000
(-0.661652185434442+0.281834447559723j),(4.385063968284922e-05+5.273773648075198e-05j),1426000000
(-0.5727223633165563+0.4330219652901049j),(-3.43816515144726e-05-1.4629522206565994e-05j),1429000000
(-0.45049053626641555+0.5587199829773146j),(-2.6825380572858697e-05+5.540233405782474e-05j),1432000000
(-0.2974798608955126+0.6497689649019535j),(-6.964481569110457e-06+7.027299706895594e-05j),1435000000
(-0.12161917627250025+0.7019060144927217j),(-5.166138020519829e-05-1.4298299663741627e-05j),1438000000
(0.05846377272777295+0.7077782173314374j),(-1.005028923405723e-05+5.5676277549960954e-05j),1441000000
(0.23743568410769897+0.6651726781780772j),(8.757561984059953e-06+7.03608033374874e-05j),1444000000
(0.3973553701070239+0.5810820552223479j),(2.291643701333121e-05+5.073064139873681e-05j),1447000000
(0.5306178143974988+0.45824963862401275j),(4.014457740415726e-05+2.5703659473532943e-07j),1450000000
(0.6278808733346781+0.30666333706584287j),(-6.343199673211007e-05-1.0485102457671029e-05j),1453000000
(0.6840831203819396+0.1378584448962038j),(3.7423590349367804e-05-1.9178258195749444e-05j),1456000000
(0.6950258865904848-0.037106314746690384j),(-5.1280212805337815e-05-8.975278007248884e-07j),1459000000
(0.6652310618480305-0.2059106447929939j),(2.862809895818922e-05+5.15938320265592e-05j),1462000000
(0.5944997042640607-0.36063871020102906j),(1.4128001655209731e-05-3.9411504083372306e-05j),1465000000
(0.49299577458365124-0.49204202727049334j),(1.8908459023797287e-05-5.125432837651171e-05j),1468000000
(0.36278139934474274-0.5956425674333623j),(-1.8908829051300026e-05-7.689446524876098e-05j),1471000000
(0.21753219467515106-0.6646890191088661j),(1.78206275582381e-05+2.750318455263622e-05j),1474000000
(0.055944326295078964-0.6991861919114153j),(-4.997576948232107e-06-0.0001038630506299851j),1477000000
(-0.09941291230741435-0.6968593939122492j),(3.4638276456520112e-06-1.1513552488672677e-05j),1480000000
(-0.25703469779524457-0.6565719895329866j),(5.799296756185628e-05+2.5916110468324274e-05j),1483000000
(-0.3958728761309664-0.5845210040754769j),(-1.7875064416710868e-05-1.3010698415181256e-05j),1486000000
(-0.5186727367052676-0.4824979519039768j),(1.9691308939481753e-05-2.062376317804062e-06j),1489000000
(-0.6159238136644515-0.3509152776074785j),(-5.2349441889067434e-05-1.626804696649013e-05j),1492000000
(-0.679283081879577-0.20715078008773358j),(4.394931809377286e-05-3.174434609072712e-05j),1495000000
(-0.7095877389760727-0.04612588131500147j),(6.38647768044974e-07+7.097288345840315e-05j),1498000000
(-0.6996444397900355+0.1200684416459005j),(-2.052721599728841e-05-8.873201929992666e-06j),1501000000
(-0.6517383981099344+0.2778009525666073j),(-2.1782029365038263e-05+1.0531042718985104e-05j),1504000000
(-0.5647167193516044+0.42326688874577995j),(3.5138240597731575e-06+3.628815363516776e-07j),1507000000
(-0.4442079304315719+0.5438899290663037j),(2.440200950860764e-05+1.2038314744012095e-05j),1510000000
(-0.29470947370690287+0.634238017438404j),(-6.414407067736611e-06-3.7500011906851654e-05j),1513000000
(-0.12921918410212338+0.6827478900026916j),(2.5430653611943383e-05+6.327947926628758e-06j),1516000000
(0.0481788547743138+0.6876804314842047j),(2.546285213256223e-05+5.114229554720773e-06j),1519000000
(0.22106408028160032+0.6474045381232395j),(-8.30948479521728e-06+1.1571694724544626e-05j),1522000000
(0.3758547534256842+0.5660185729817984j),(2.264726592822398e-05-2.537521287435498e-05j),1525000000
(0.503445376071033+0.4485516172727853j),(3.692289358073581e-05-3.0030268370037797e-05j),1528000000
(0.5968273607558113+0.3031287790984279j),(-4.272395683759793e-05-5.113447573339046e-05j),1531000000
(0.6496624654894642+0.14652341434240707j),(-4.083764088136295e-05+0.0001089606337968603j),1534000000
(0.6634647108658724-0.01956558988303219j),(-4.338099477356342e-05+3.619235775671774e-05j),1537000000
(0.6392412523782696-0.18163229987512516j),(-6.942242930445727e-06+2.0040659359150965e-06j),1540000000
(0.5796045189874367-0.3293471746683803j),(-1.3790660582086976e-05+3.4476949365725255e-06j),1543000000
(0.48890758145552626-0.46050398666031733j),(1.4930542581237622e-05-8.144605027136401e-05j),1546000000
(0.37038664834287854-0.5668672120243118j),(3.3075190386982734e-05+4.8707408456458136e-05j),1549000000
(0.23232731001112852-0.6420273667656791j),(-1.4061823148914775e-05-5.2510652211809105e-06j),1552000000
(0.0796478856241778-0.6810768783701227j),(4.317722888199864e-05-1.2919356140457018e-05j),1555000000
(-0.07785878392472773-0.6864563732080432j),(1.0550716134755823e-05-2.2734091363101234e-05j),1558000000
(-0.23054989819331687-0.6557734382040364j),(-2.5714129974345687e-06-1.722008421736051e-05j),1561000000
(-0.37160732573076866-0.5901947071659036j),(7.64461058667125e-05+3.1722855821759474e-05j),1564000000
(-0.4977465790386125-0.495159626202945j),(7.034934784344375e-05+1.6949071772874997e-05j),1567000000
(-0.5963063411496455-0.3726994479195861j),(0.0001125152803734484+3.4361664637999e-05j),1570000000
(-0.66605124870381-0.2269692609195584j),(7.530380959729461e-05-4.9007122528934136e-05j),1573000000
(-0.7020384394593414-0.06949329717194405j),(6.25593219112248e-05+5.561250042036189e-05j),1576000000
(-0.698704584043572+0.09635941906272948j),(1.8982013964007755e-05-3.6330189441205e-05j),1579000000
(-0.6542788685770067+0.25599906428519037j),(1.2504895339021336e-05+1.1482940473355488e-05j),1582000000
(-0.5737225071516739+0.40278898083613335j),(9.33922142145639e-06+6.94178686038946e-06j),1585000000
(-0.4511891962203148+0.5324097991077512j),(5.527549185351261e-05-3.4028540729194796e-06j),1588000000
(-0.30359984412232+0.6236817324582815j),(4.2068396182935055e-05-2.097658891508676e-05j),1591000000
(-0.13675603717528034+0.6758284642505211j),(-3.64942781543505e-05-2.4648292676860295e-05j),1594000000
(0.04396523607835988+0.6852920517316671j),(-4.1797754394025045e-05-1.7616812333107734e-05j),1597000000
(0.21820576274179068+0.6488064529763473j),(2.174746540145154e-05-8.86717036044404e-06j),1600000000
(0.2189610739635586+0.6486306036229857j),(5.53494246155941e-05+4.813449413670581e-06j),1600000000
(0.37562145924368656+0.5657529922779728j),(3.3749729976812536e-05+3.578361752768202e-05j),1603000000
(0.507377474641247+0.44768406554214324j),(4.6102246496600854e-05-6.598627762246661e-06j),1606000000
(0.6052319158077103+0.3019973482839379j),(4.646354705970369e-05-3.1198252882571195e-05j),1609000000
(0.6611066070501052+0.13915156380341004j),(1.8220386980346356e-05-1.1039564803701533e-05j),1612000000
(0.67531966260882-0.028997960705278818j),(2.913665106906126e-05+1.5657436751471905e-05j),1615000000
(0.6463793689787696-0.19461916067340876j),(1.3789649529939589e-05-4.261162559097147e-05j),1618000000
(0.5845995747450176-0.3422440876068363j),(1.4984754269327089e-05-4.212334119044531e-05j),1621000000
(0.49098533000346106-0.4714198463138788j),(-1.5394645185938927e-05-2.5516323423363524e-05j),1624000000
(0.37317242701694847-0.5734955720066669j),(5.144863463990921e-06-3.7865613352368404e-05j),1627000000
(0.23505815016837028-0.6453923382272784j),(-7.585458152507924e-06-8.754862685151986e-06j),1630000000
(0.08974758967998893-0.6842564144127179j),(3.1861476205035744e-05+2.1057462414292707e-05j),1633000000
(-0.05912136207676296-0.6895583823084057j),(3.335317276748427e-06+5.835396949143984e-05j),1636000000
(-0.2057607901209546-0.6636378303568848j),(8.082281858893915e-05-4.1701642352737624e-05j),1639000000
(-0.3464539934591961-0.6028579120791623j),(4.3965375202481785e-05-4.721276548579038e-05j),1642000000
(-0.46923586623654256-0.5123252591031426j),(-3.819624931306914e-05+9.607924098248114e-06j),1645000000
(-0.5706171423293853-0.3984722770301283j),(2.0312201670856773e-05-4.0337327348063326e-05j),1648000000
(-0.6422081567949064-0.2622931496165591j),(1.4374979460132044e-05-1.5327419476154378e-05j),1651000000
(-0.6831216049879225-0.11060272237208135j),(-8.952524755033468e-06-2.4518477487232284e-05j),1654000000
(-0.6882059591216958+0.04787704066854727j),(5.70779801498552e-06+1.649336390316599e-05j),1657000000
(-0.6545331264906988+0.2059900737250689j),(2.677304953027037e-05+2.319217556073194e-05j),1660000000
(-0.5829689183946326+0.35570783856585303j),(7.525829773635733e-05+1.784829099884017e-05j),1663000000
(-0.4779584924413796+0.4835006614031782j),(2.3549834446375862e-05-2.691014485396242e-05j),1666000000
(-0.33606077616399227+0.5834980523424486j),(-6.407967808038925e-05+3.344260939744874e-05j),1669000000
(-0.17767879766963096+0.647511009678511j),(2.4509498373510597e-05-2.7339065933228655e-05j),1672000000
(-0.0033985381841308473+0.6695990107467898j),(2.9121753442067956e-05+2.237896921963318e-05j),1675000000
(0.16664703518411503+0.6420108279752252j),(1.8570235398830562e-05-7.002306307555117e-05j),1678000000
(0.329775889830101+0.5804617638670848j),(5.86096708596963e-05-8.439040157636309e-06j),1681000000
(0.46615036614690897+0.47753503855677526j),(3.9246627418959984e-05-8.397185266415925e-06j),1684000000
(0.5711705352856493+0.34561680834448655j),(2.6965407150059825e-06+4.5561413816568157e-05j),1687000000
(0.6423195397242556+0.19239683396903934j),(1.627552555382562e-05+1.36308704235017e-05j),1690000000
(0.6720216354143503+0.041153288054610694j),(5.057619253617445e-05+7.637678970096268e-05j),1693000000
(0.6649443125166493-0.12073533599757234j),(2.6782277817099955e-05-1.1222279120829187e-05j),1696000000
(0.6253453542403443-0.2699163275508393j),(6.046273036999126e-05+2.1984138046084355e-05j),1699000000
(0.5534731657561996-0.4046821394122936j),(2.7519959993216386e-05-2.9306938038326763e-05j),1702000000
(0.454069035232723-0.5188939297780311j),(1.2022986862686758e-05-4.202191964297176e-05j),1705000000
(0.3356131719651458-0.6073842586810752j),(9.883201407564528e-05-1.665813766857774e-05j),1708000000
(0.20343916728842765-0.6645941083777132j),(7.339591347472571e-05-6.578358236829068e-05j),1711000000
(0.06211390455363243-0.6961112874380088j),(3.4410111488950204e-05+6.0097032840058544e-05j),1714000000
(-0.08105511442388591-0.6957036523575266j),(3.7708192657656496e-05+3.5273384910697105e-05j),1717000000
(-0.2186255421767455-0.6623202465752153j),(4.783926060375031e-05-2.5599059990534814e-05j),1720000000
(-0.3544874742018844-0.6028713708922008j),(2.4335181233500028e-06-4.05104563836243e-05j),1723000000
(-0.47251647608707376-0.5173984070937434j),(-3.394370806249756e-06-1.2866000047696945e-05j),1726000000
(-0.5623049274315357-0.403439811590943j),(3.086178486350016e-05-6.404463479385967e-05j),1729000000
(-0.6362705658825879-0.2729871983205467j),(3.4339832048411945e-05+1.25090640418032e-05j),1732000000
(-0.6756471048050458-0.12643870066511842j),(-2.377676005810346e-05-1.3508137230275442e-05j),1735000000
(-0.683870938948187+0.02657129462545455j),(-2.6183831994907386e-05-3.3625677167437464e-05j),1738000000
(-0.6539721245839066+0.1827606730824402j),(0.00011320785567084574-4.566054966991189e-05j),1741000000
(-0.5895566396650821+0.33367181715294386j),(1.5992714493320142e-05+5.946932189440714e-06j),1744000000
(-0.4890078122080784+0.46336966640742416j),(1.049080143458822e-05-2.0124038359925292e-05j),1747000000
(-0.35604599887307364+0.5667320163976919j),(9.27477975446845e-05-2.4007633252922873e-05j),1750000000
(-0.20002054373304662+0.6378746022759944j),(4.83402926114132e-05-5.040818632117405e-05j),1753000000
(-0.027209345399601747+0.6650772827258955j),(7.486646416877167e-07+2.3894084953769837e-05j),1756000000
(0.1451168179341215+0.6465881574189488j),(7.071860831343648e-05-2.214203391782419e-05j),1759000000
(0.30916846298957323+0.585327740437752j),(7.364526067129475e-05-8.822892671434129e-05j),1762000000
(0.45196916382261415+0.4848142238938563j),(-2.3955625298572988e-05+4.001281139242155e-06j),1765000000
(0.5622347175896525+0.3505783458255106j),(1.8472023732721824e-05-9.481784121965766e-06j),1768000000
(0.6338219908660826+0.19768387188046316j),(6.388463447752416e-05-3.378751729529116e-05j),1771000000
(0.66498654724407+0.031730078331379884j),(7.623981565400311e-06+3.0144048018366713e-05j),1774000000
(0.6542479559233602-0.13116749597480362j),(5.697386464949499e-05+1.9326384268445007e-05j),1777000000
(0.6021373720367791-0.28923002901322087j),(4.464077398826797e-05-7.883999638362467e-06j),1780000000
(0.518967482528808-0.42442583272112144j),(7.643163722289679e-06-5.1741977281502703e-05j),1783000000
(0.4096611550249628-0.5332328832333889j),(2.5103283314211714e-05-1.6120666275918028e-05j),1786000000
(0.2759135396120004-0.6139805151447035j),(6.817548002220512e-05-4.536519688574047e-05j),1789000000
(0.127059834977451-0.6641691006453658j),(5.137192382220689e-05-2.136228359680495e-05j),1792000000
(-0.01950084868653047-0.676950100742624j),(7.986908256093518e-05-3.5310698103246704e-05j),1795000000
(-0.17225818863656323-0.6554571251169055j),(0.0001537170294244451-2.6613258788813815e-05j),1798000000
(-0.31657902827333484-0.5987646649042081j),(7.072618296133204e-08-2.2511666741853005e-06j),1801000000
(-0.4414911870921627-0.5138201201373229j),(4.278937113413534e-05-8.764831399675958e-06j),1804000000
(-0.5448805090564981-0.40014008106495624j),(3.948220665475218e-05+6.441182969988196e-05j),1807000000
(-0.6233947143688469-0.26302168935041775j),(2.6006527558402482e-05-0.00010180041965358773j),1810000000
(-0.6660229351553114-0.11214808266909838j),(8.038347772733395e-05-3.7432721744245325e-05j),1813000000
(-0.6718744387947468+0.04787369626643415j),(2.334248606908855e-05-3.104167110608882e-05j),1816000000
(-0.6389945107477337+0.20837933684317847j),(9.35339116143114e-05-2.2552388246824525e-05j),1819000000
(-0.5664727360363329+0.35625211751475805j),(4.730054040661046e-05-5.5340760375819826e-05j),1822000000
(-0.46195798181556014+0.48100118680986936j),(0.00011740334041834336-4.008859532294068e-05j),1825000000
(-0.32353964910084887+0.5794366466042569j),(8.003719169828143e-05+4.081348490946508e-06j),1828000000
(-0.16120125237366736+0.640836656680524j),(2.0500349901611554e-05+5.023310585300175e-05j),1831000000
(0.0043011711901508+0.660132186300348j),(6.625975618788927e-05-6.663704981054659e-05j),1834000000
(0.17279458093135952+0.6334732113945107j),(8.176007513410912e-05-9.642879854329794e-06j),1837000000
(0.32743654270555933+0.569317059262701j),(7.488694328165759e-05+2.4663832955258716e-05j),1840000000
(0.46144240471856085+0.4672440713232726j),(4.5565893365140824e-05-1.2434138989904399e-05j),1843000000
(0.5626539320019867+0.3377838576175882j),(4.460882908094211e-05-2.9037985072806288e-05j),1846000000
(0.6287301642271629+0.1854234269791768j),(2.7716708781075237e-05-7.03781071396085e-05j),1849000000
(0.6559187224867418+0.027220659645319573j),(8.706305882810792e-05-7.63328580327248e-05j),1852000000
(0.6430656073546378-0.12818878417271434j),(0.00010130532320396287-7.129235216301536e-06j),1855000000
(0.5980299882069032-0.2740521495651161j),(9.852732717536007e-05-0.00012617074705039834j),1858000000
(0.5178588606456994-0.40662366611136763j),(2.6683173359967415e-05+6.43499730707655e-06j),1861000000
(0.41237244691885533-0.5163841876710518j),(5.343288101333302e-05-8.698471529067845e-06j),1864000000
(0.2865938664558699-0.5986727437529998j),(3.611976356771117e-05-5.730791786805741e-05j),1867000000
(0.14058284699998966-0.6495106885445895j),(5.570809832685457e-05-6.399099203603023e-05j),1870000000
(-0.0026031285589925733-0.6662763744996792j),(2.155813729520396e-05-5.361983105711184e-05j),1873000000
(-0.15329476468503686-0.6489701891960901j),(4.6801863872382355e-05-8.44120792955178e-05j),1876000000
(-0.2946427177203611-0.5967851696098249j),(-3.6577076311339667e-06-6.608804836995604e-05j),1879000000
(-0.420484731465944-0.5141853565103918j),(4.675549167834675e-06-6.0130375216169314e-05j),1882000000
(-0.5272317691016991-0.4042463168903116j),(-7.633248081994114e-06-7.845593793167819e-05j),1885000000
(-0.6065206974296095-0.2665117464553799j),(-1.3250361427930712e-05-6.274653267979617e-05j),1888000000
(-0.6512537050039203-0.11368441338015702j),(-2.5911574954672014e-05-9.700894380427606e-05j),1891000000
(-0.653161048384019+0.051974428563813055j),(4.827436954561846e-05-0.0001013671003780676j),1894000000
(-0.6209906971662308+0.21250022194383514j),(6.2989252680213e-05-9.022710937872915e-05j),1897000000
(-0.542108199924562+0.3602502071485412j),(2.1462576532589395e-05-5.730772057810538e-05j),1900000000
(-0.5378599018521698+0.3711738295054049j),(-1.644379821823482e-05-0.00014206524882826426j),1900000000
(-0.41918145855844785+0.498064170208263j),(-3.114450101773589e-05-5.146480512945696e-05j),1903000000
(-0.27305506607763547+0.5911515482724201j),(-4.071627597855378e-05-5.9832908447169214e-05j),1906000000
(-0.10614602327901326+0.6416085186647632j),(2.2994020235751263e-05+1.1564122834066808e-05j),1909000000
(0.06509619254833851+0.6459682188507719j),(-6.121888092071693e-05-6.068669165578262e-05j),1912000000
(0.23163486834803804+0.6086386101052551j),(-4.6500549166295e-05-1.7216469193605798e-05j),1915000000
(0.3800087626792118+0.5273448232891541j),(-1.4720409652235266e-05+9.930534230641073e-06j),1918000000
(0.5056511376061266+0.42114448097818236j),(-4.949348246594336e-05+1.125319131823688e-05j),1921000000
(0.598832525038903+0.28764425000336225j),(-3.307519837838076e-05-7.887190730161654e-05j),1924000000
(0.6520031741369113+0.13753530267602276j),(4.130848152933145e-05-5.01819176212798e-05j),1927000000
(0.666122404015668-0.008077545266987457j),(-5.526945692411791e-05-7.771597024044937e-05j),1930000000
(0.6541215977390811-0.1555819477228979j),(2.7329378970570652e-05+1.2684908767830989e-05j),1933000000
(0.6088920070674628-0.2949078003647286j),(5.8561435304645754e-05-6.03709791669332e-05j),1936000000
(0.5348123228965421-0.41860868378815014j),(4.936313985067797e-05-6.45866078218224e-05j),1939000000
(0.43724834864776874-0.5240031915524516j),(-2.059511239895631e-05-4.4481212704515266e-05j),1942000000
(0.32412518748985397-0.603401947906095j),(-3.7954066902152285e-05-8.860267143377038e-05j),1945000000
(0.19594391119965776-0.6562111715889439j),(-4.963892761370691e-07-6.651779581627281e-05j),1948000000
(0.06085270698501176-0.681744640520785j),(-8.486387778779284e-05+4.1398406208251523e-05j),1951000000
(-0.07848696275388374-0.678911671695874j),(-3.2384554871165427e-05-7.271335904236561e-06j),1954000000
(-0.21577393204763634-0.6422766445967258j),(-3.625728954759651e-05+9.464789127291777e-06j),1957000000
(-0.34534069000844647-0.5778714502733587j),(-4.516049660438209e-05-6.896597514233208e-05j),1960000000
(-0.4583019207019374-0.4850628883823676j),(1.1126079025215276e-05+1.21740399017378e-05j),1963000000
(-0.5460831576870014-0.36264645651372807j),(-7.701337215780783e-05-2.460548486685185e-05j),1966000000
(-0.6098927478951732-0.21762848321286424j),(-1.2837155495505399e-05-1.5614511517863585e-05j),1969000000
(-0.6348465404093113-0.061068773788738796j),(3.6506373585700264e-05+1.620195949255567e-05j),1972000000
(-0.6175862458918906+0.10187414698781598j),(-1.796330646733629e-05-8.387832180707491e-05j),1975000000
(-0.557423267910646+0.2665956343983723j),(-5.20188302314029e-05+8.769460064007716e-05j),1978000000
(-0.4567755952247741+0.4042937054885705j),(-7.625607641194946e-05+3.556153155703403e-05j),1981000000
(-0.31549739378780023+0.5134378259754107j),(4.389861382691169e-05+1.7741420624980347e-05j),1984000000
(-0.14944939222371426+0.5854016783109224j),(-7.896106441077364e-05-4.395296045901743e-05j),1987000000
(0.022053003453915154+0.6042639247555434j),(-3.130504122634869e-05+8.483543608742817e-05j),1990000000
(0.19547758219504885+0.575839813450019j),(2.8535770388160305e-05-5.654663063477368e-07j),1993000000
(0.35546170665711024+0.5055232315045701j),(1.1544798223690575e-06+5.486270058345044e-05j),1996000000
(0.4837246647738281+0.3985963654453426j),(1.1769397173147092e-05+1.0012518446235715e-05j),1999000000
(0.5794943798797387+0.2679782237583623j),(-2.9590104288623242e-05+7.153967050771463e-06j),2002000000
(0.6387083443445932+0.12645370738834483j),(-3.6340666972733166e-06+5.60694680134688e-06j),2005000000
(0.6623089963861183-0.020897511864334008j),(4.518620902842283e-06+1.833484634459069e-06j),2008000000
(0.6488155598420765-0.17017179224307372j),(-7.312608979398044e-06-4.582264626789267e-05j),2011000000
(0.6081861171189258-0.30827087106191065j),(1.3251508020756636e-06-2.5661722030269954e-05j),2014000000
(0.5422238718917282-0.4170626420569578j),(-1.0146429666680997e-05-4.426756782428967e-06j),2017000000
(0.4587595884486919-0.515099347016473j),(-2.0028137438852944e-05-4.317354236891383e-05j),2020000000
(0.35815518312005545-0.6008285164131624j),(7.354046401413712e-06-5.088607096793704e-05j),2023000000
(0.2448729182461699-0.6542249610730797j),(-2.0508084910050922e-05-8.236821539575331e-05j),2026000000
(0.12142833279526025-0.6883418220067393j),(2.121791999286602e-06+4.432298704025163e-05j),2029000000
(-0.008686364361661427-0.6914806800202793j),(3.617873751985773e-05-6.699435283861963e-05j),2032000000
(-0.13204950836112453-0.685880230837957j),(2.5419991011173553e-05-1.988532741469688e-05j),2035000000
(-0.25647934781132153-0.635510494652809j),(2.1196483536637493e-05-9.932244721373768e-06j),2038000000
(-0.37567326453786665-0.5700313549491847j),(-6.319040876397155e-05-0.00012303551092754755j),2041000000
(-0.47336198764613074-0.48031742038548375j),(-3.240533861768151e-05+1.959340219908937e-05j),2044000000
(-0.5522211307061319-0.36351238278307124j),(8.098950488527156e-05-5.276589228735451e-05j),2047000000
(-0.609472573670892-0.2266777226285266j),(-5.8001542493149675e-05-3.517448352497328e-05j),2050000000
(-0.6371518284049162-0.08671180456870295j),(9.253070344502275e-06+4.032743365693792e-05j),2053000000
(-0.6223899204160639+0.07469434332465086j),(2.800490401901406e-05-2.5606350618843224e-06j),2056000000
(-0.5718012659975743+0.23165086425361286j),(-3.9510595842794205e-05+2.862439533317951e-05j),2059000000
(-0.4849088355811314+0.36747415987140775j),(2.3515702046225733e-05-6.632870558307322e-05j),2062000000
(-0.35518148749367057+0.48111296687722244j),(-3.856169708840515e-05+2.7474414591766843e-05j),2065000000
(-0.1969114989425806+0.5571664079970112j),(1.1362449537555983e-05+7.5564250501712025e-06j),2068000000
(-0.02921530463733703+0.5917147692659357j),(7.625625945155952e-05-3.360046658755664e-05j),2071000000
(0.14050910508192083+0.5771810450314142j),(4.3021220146711516e-05-8.912919011548762e-05j),2074000000
(0.3013271437993681+0.5197071453618176j),(7.364754810997423e-05-6.546834335946173e-05j),2077000000
(0.43710605835682265+0.4206752265212096j),(9.957355773103512e-05-7.853078310845143e-06j),2080000000
(0.5419967117565431+0.30216763862589063j),(5.513230306204256e-05+1.5010836186461466e-06j),2083000000
(0.609663782729517+0.1576003364986799j),(3.801405207646306e-05-6.552550550350857e-05j),2086000000
(0.6388547538247294+0.008365865747022135j),(2.9874609312871394e-05-0.00011365674400845152j),2089000000
(0.6341618050198198-0.13567587101259615j),(8.729559612836795e-05+5.432568740809529e-06j),2092000000
(0.5941618662282134-0.27751203788054174j),(4.172233126302908e-05+4.480168645927912e-06j),2095000000
(0.5279026380247219-0.40118424000298203j),(5.587465559595037e-05-4.306764343548257e-05j),2098000000
(0.43626842026386825-0.501236518131931j),(-2.7840582468398537e-05-3.0236173545355807e-05j),2101000000
(0.3250978067661032-0.5824487785185949j),(-2.38090602503462e-05+6.839570807734975e-07j),2104000000
(0.20052577633882773-0.6370102428722224j),(1.4003145712393192e-05-7.295124256872457e-05j),2107000000
(0.06957939107392937-0.6640962999260418j),(9.488120954065845e-05-3.913651742582707e-05j),2110000000
(-0.07248022664060048-0.6625594927447968j),(-1.3558673447002584e-05-0.00013704063472801134j),2113000000
(-0.20831755765889237-0.6278888189330423j),(-1.3182782221489252e-05-0.00016895177019722547j),2116000000
(-0.33682689147742606-0.5590279968601856j),(-5.927656559042045e-06+1.5093770880751017e-05j),2119000000
(-0.4506949596594667-0.4599160748217579j),(5.249264651214369e-05+5.818821695212295e-06j),2122000000
(-0.5358026411452892-0.33778102286671924j),(-9.658107023828763e-07-3.2258909817468265e-06j),2125000000
(-0.5931247736095127-0.18762474215707264j),(1.6684642667542394e-05-7.938528656893533e-05j),2128000000
(-0.6108959299450082-0.02485386266658375j),(-5.474604855501419e-07-1.5019927057054427e-05j),2131000000
(-0.5854762212776309+0.13902952773837576j),(-1.9754121286868936e-05-1.0097536219890937e-05j),2134000000
(-0.511235499300066+0.2939811840753224j),(9.198406336544438e-07-1.950823311663278e-05j),2137000000
(-0.39852131145695335+0.4291552072120938j),(1.9519009651308707e-06-2.697197153629424e-05j),2140000000
(-0.252220107056668+0.5244892181608474j),(4.044100739578433e-06-4.44205337272935e-05j),2143000000
(-0.08490194100488+0.5747137551726463j),(-4.466221161670768e-05-3.1990796265448736e-05j),2146000000
(0.08990300347971981+0.5813940974794539j),(2.624714193050027e-05-1.0175865265937882e-05j),2149000000
(0.25103330248949834+0.539613740087152j),(4.3127781318532044e-05-0.00011115145927556626j),2152000000
(0.3959485866446193+0.4601754185791113j),(-1.7251726642068366e-05-4.91563591570443e-06j),2155000000
(0.509634963368142+0.3511466985630157j),(3.69435973568655e-05-2.098178305268075e-05j),2158000000
(0.5884399077898403+0.2227851320144886j),(3.696991219765281e-05-8.297634200013921e-05j),2161000000
(0.6354689449595432+0.08735182520737658j),(1.024460139515968e-05-2.9295269315774322e-05j),2164000000
(0.6480990050441983-0.05520850772945537j),(-4.542810371236755e-05-4.951110859272449e-05j),2167000000
(0.6306087635940193-0.190145047975623j),(7.213243536049353e-05+7.342654635066795e-06j),2170000000
(0.5874275947416727-0.3154333611472487j),(-3.165762166920313e-05+1.1580078445759882e-06j),2173000000
(0.5178826605928057-0.4234293983373847j),(4.40579738679683e-05-1.2586857140287688e-05j),2176000000
(0.43030221087685167-0.5181902866167685j),(8.585389510733826e-05-9.762306831915752e-05j),2179000000
(0.3290053291433572-0.5900298845598558j),(5.4840291843124364e-05-5.268514445767206e-05j),2182000000
(0.21325701830619842-0.6392913942206538j),(4.877246522254166e-06+1.2123870637043145e-06j),2185000000
(0.08853934597654077-0.6640719327994962j),(7.36890252097171e-05-8.940086400494997e-05j),2188000000
(-0.03979176214567593-0.6625954638612463j),(6.017250439057523e-05+1.880071600738909e-05j),2191000000
(-0.16891681902930747-0.6320666250028304j),(6.091347272494241e-05+5.3795138336864414e-05j),2194000000
(-0.29483176292796853-0.5701745199447786j),(1.4590019988130435e-05+3.73111839910883e-05j),2197000000
(-0.4082091413643191-0.4820052321915691j),(5.1930276189316317e-05-5.333844668608695e-05j),2200000000
(-0.418642278346551-0.4760925584711667j),(6.76866694925159e-05-4.194062448856539e-05j),2200000000
(-0.505375850653013-0.3491936273401394j),(1.7377773587197033e-05-0.00011709263813712688j),2203000000
(-0.5586983925344297-0.203154891129229j),(1.0613166021847084e-05-3.0027362152685843e-05j),2206000000
(-0.5771808612019119-0.03549942214776734j),(4.3897467422724106e-05+1.0338683232134875e-05j),2209000000
(-0.5443637818327+0.1387079349830552j),(-3.33400028473181e-05-1.187702611470146e-05j),2212000000
(-0.46007790144023203+0.29470205053271864j),(3.4379946670386876e-06-9.157542151923158e-05j),2215000000
(-0.33533609988379837+0.41533299679508884j),(2.1465263562482367e-05-4.8378957070562454e-05j),2218000000
(-0.17407128449139453+0.5021202304810766j),(7.141135500856985e-05-0.00010181242005685735j),2221000000
(0.006019938772927338+0.5387669677197755j),(6.029810057771451e-05+9.283642271375228e-06j),2224000000
(0.18156555361909407+0.5204106169575784j),(3.680648517329136e-05-6.409282879541687e-05j),2227000000
(0.340901670255304+0.45468912223563845j),(5.590835717371848e-05-1.3510015517380733e-06j),2230000000
(0.4690627263961033+0.3550682029010752j),(-2.6333365604688356e-06-2.378941093574455e-05j),2233000000
(0.5646610479627695+0.23370785844082445j),(-8.861761670979496e-05+7.1868159520104e-05j),2236000000
(0.6232583830746055+0.09921070159439388j),(-7.080588206756029e-06-2.9149103806375047e-05j),2239000000
(0.6495931310477447-0.03978577497286138j),(6.001653682591696e-06-4.553529203041195e-05j),2242000000
(0.6457750354436317-0.1678495887408157j),(1.673867182252311e-05-5.738327159846697e-05j),2245000000
(0.6145075266331633-0.2911290680441269j),(-5.26432476031207e-06-4.439310281719631e-05j),2248000000
(0.563472988516132-0.3996138530367146j),(4.383333609268402e-05-4.2506943996540235e-05j),2251000000
(0.49774458348939987-0.4914044504553425j),(-5.997553808533094e-06-3.085626078241086e-05j),2254000000
(0.4196574243247469-0.5689795507503135j),(2.094295410933848e-05-4.201253648907114e-05j),2257000000
(0.32355612904279957-0.630687326807072j),(3.316817944840976e-05+4.3235682079160685e-05j),2260000000
(0.22068064001140197-0.680514370341593j),(-2.2364470340201998e-05-1.0189352806785678e-05j),2263000000
(0.11773133470328066-0.701585758656281j),(3.368739785392386e-05-2.0565715880204475e-05j),2266000000
(0.0013182040291966194-0.7074173162582965j),(-1.2345310816882943e-05-6.720595639839603e-05j),2269000000
(-0.11305696414382425-0.6931859191297616j),(-1.9264533267122315e-05-5.2807613936306555e-05j),2272000000
(-0.2267110978657201-0.6522595358365599j),(2.607109522022267e-07+5.0677763304569267e-05j),2275000000
(-0.335218609256674-0.5880930728797013j),(1.0592595958871646e-05+9.751494253476412e-06j),2278000000
(-0.43076757233358187-0.4951443044208353j),(2.26648246196959e-05-2.651681939422612e-05j),2281000000
(-0.5102092566747589-0.37230111351584044j),(5.17641784029727e-05-9.356916908205527e-06j),2284000000
(-0.5621331556391912-0.22182480907895447j),(4.5502408805253686e-05+3.565776117279906e-05j),2287000000
(-0.5678630214061593-0.057257883350957654j),(2.6645997685128305e-05-3.5777884553106136e-05j),2290000000
(-0.525076035548169+0.11248850726229674j),(1.7291355831504e-06+2.5614182009786893e-05j),2293000000
(-0.4272306937506312+0.2726762154236489j),(-3.348877951258238e-05+2.370069220393876e-05j),2296000000
(-0.28025883394921824+0.39568160825162485j),(5.3550140460612814e-05+1.124631637672352e-05j),2299000000
(-0.10055541832313956+0.4648182703857805j),(-7.537634070094166e-06+4.715784878699693e-05j),2302000000
(0.09690836456259276+0.4745238672963362j),(-4.257694471945141e-06-5.9148971325892945e-05j),2305000000
(0.2738740957028491+0.42268193728378994j),(-2.5610066301618825e-05+1.8028047109013855e-05j),2308000000
(0.42052048624302835+0.3228883687512814j),(7.648813426505509e-05+9.558027529673784e-06j),2311000000
(0.5276150554857311+0.1918462446671282j),(1.4439734519333306e-06+2.2861136913074977e-05j),2314000000
(0.591412102843027+0.050996937233935856j),(4.096028842848925e-05+3.1372381148743295e-05j),2317000000
(0.6158701070574083-0.08750703608208915j),(1.5532354571444335e-06+1.5144906694036787e-05j),2320000000
(0.607301969998671-0.22218296592835204j),(2.3969042101082064e-05+4.809155723630572e-05j),2323000000
(0.5757510736859952-0.3455156369444748j),(1.0501318101547043e-05+1.4400864188206277e-05j),2326000000
(0.5216944914033186-0.4450764700194072j),(5.157886259752638e-05-8.811520130694264e-05j),2329000000
(0.44807246041775173-0.5395624307179582j),(8.848734659557325e-05-2.2899460829729515e-05j),2332000000
(0.368442475696688-0.6079797435175688j),(-2.1605835526943745e-05+4.140396270067759e-05j),2335000000
(0.28111544426971047-0.6594915257659982j),(7.330419902883834e-06-6.900605541259398e-05j),2338000000
(0.18309534725472404-0.6965048105399406j),(5.424399126125685e-05-3.600860243303217e-06j),2341000000
(0.08004964599835068-0.7174856368194031j),(-4.737061432801054e-06-7.851782107017689e-06j),2344000000
(-0.017951134496263073-0.7195178145027193j),(-2.9858451857195135e-05-4.669493220689476e-05j),2347000000
(-0.12063735231606303-0.7035334111076788j),(3.966628772080437e-05-1.4628249200234198e-05j),2350000000
(-0.22707213548464153-0.6697482546546663j),(4.648353590526111e-05-3.864675812107125e-05j),2353000000
(-0.3219765973510844-0.6176122043191672j),(4.4444312548507464e-05+2.5594305806549674e-06j),2356000000
(-0.4083041980791164-0.543089728524452j),(5.3673463479432824e-05-7.494944783023676e-05j),2359000000
(-0.48823944222836574-0.44763159615712356j),(-2.047669719841608e-06+3.4482981667328083e-07j),2362000000
(-0.5461059725348256-0.3322392092870827j),(2.5956533539655844e-07-2.7736341310581225e-05j),2365000000
(-0.5807041605327291-0.1920664639602428j),(-7.50169121913163e-05-3.297004270146705e-05j),2368000000
(-0.5801599163604738-0.04210681810566582j),(-1.8294095239619577e-06+3.299587743763747e-05j),2371000000
(-0.5358559695980416+0.11341426358956914j),(-1.9402306339758663e-05-1.0574009817914784e-05j),2374000000
(-0.44843044403228044+0.25702439501034424j),(3.769232615008613e-05-3.937981303230474e-05j),2377000000
(-0.3170041470741537+0.3740898794757788j),(1.683422970164373e-05+5.5302493219724834e-05j),2380000000
(-0.1498967102233638+0.45088107485286333j),(-3.90043390956752e-06-1.3077221928829052e-05j),2383000000
(0.030517816093549383+0.47280524738114915j),(-4.174051200401685e-05-2.5058334023198274e-05j),2386000000
(0.20492480807768423+0.4415628810289199j),(9.63999798111153e-06+4.595183990022069e-05j),2389000000
(0.35940629243615635+0.36219131832035484j),(-6.784327272718179e-05-5.236627454540001e-05j),2392000000
(0.47930453906619447+0.2468003066498145j),(-1.9170669058162057e-05+3.94142976105351e-05j),2395000000
(0.5596555049956248+0.11159862974029487j),(7.501201201663762e-06-6.211328801175963e-05j),2398000000
(0.599747068195924-0.026393263414688315j),(2.3910025799210814e-05+2.3766791138452292e-05j),2401000000
(0.6047195518371369-0.1613023459888132j),(5.2406502069150375e-06-2.5782925424780767e-05j),2404000000
(0.5822966804142687-0.2864863982223688j),(-4.095613284616025e-05+4.92083066481701e-05j),2407000000
(0.5399205334671432-0.3954484588801783j),(3.4979619598463837e-06-1.438851156590324e-05j),2410000000
(0.47579376187690464-0.49169250046700447j),(0.00011770063689969726+1.9305442228347805e-05j),2413000000
(0.39838429823945354-0.5716994813925155j),(-3.165188902563665e-06+1.8698649870242404e-05j),2416000000
(0.3112300845533548-0.6311653050285841j),(2.8851582175161515e-05+6.924237048540807e-05j),2419000000
(0.21660153837336618-0.6739918635290445j),(4.088220143529161e-05+3.500285731175741e-06j),2422000000
(0.11618850133938076-0.7001482150181099j),(7.143438014213964e-05+4.384196803672284e-05j),2425000000
(0.008230054981443823-0.7059033481028634j),(3.209996057009385e-05-1.6912673098043086e-05j),2428000000
(-0.09565195184976323-0.6922020722300456j),(5.334589952625195e-05+3.107565404206132e-05j),2431000000
(-0.20569808484521462-0.6578648035921413j),(9.460129742101471e-06-2.4597526599806128e-05j),2434000000
(-0.30526394910810284-0.5975527730373478j),(-2.0435229324926446e-05-3.2783446981206884e-05j),2437000000
(-0.39798429116067435-0.5145576522490505j),(-3.519798249096283e-05-6.924088254817491e-06j),2440000000
(-0.47521290863025134-0.40029971075570964j),(1.445527050360789e-05-1.507166031543806e-06j),2443000000
(-0.5250076233153511-0.26205167637225113j),(-1.8257439194823706e-05-3.761340092955754e-06j),2446000000
(-0.53660918707487-0.10497440256971947j),(1.909817990405884e-05+4.190612733533257e-05j),2449000000
(-0.4978863107429297+0.06160952009389706j),(-1.7535431173097667e-05-2.8382038041505395e-05j),2452000000
(-0.40211330558316183+0.2204515742435343j),(4.735829246539013e-05-2.36777497449088e-05j),2455000000
(-0.2576856259612023+0.3401871035054228j),(-7.514422045695807e-05+3.3582780240495277e-06j),2458000000
(-0.07579515779558302+0.40659997060192954j),(9.471104471627999e-05+2.3717655834567165e-05j),2461000000
(0.11802133517345999+0.40792104418915925j),(6.401968387151702e-05+4.1641820229583144e-05j),2464000000
(0.2889919134634876+0.3474549995772985j),(4.898134499737767e-05-2.1017868860692195e-06j),2467000000
(0.42721732617470404+0.24405823871411725j),(2.0578591947242175e-05-5.1026201386500584e-05j),2470000000
(0.5199937183337796+0.1129277041908202j),(-1.436107452233987e-07+6.526357817405733e-05j),2473000000
(0.5704388536206746-0.023732243841390645j),(4.492195640300096e-05-2.9986361818738145e-05j),2476000000
(0.5846323505783555-0.16206436569178764j),(4.958007910549429e-05+4.4606327599028064e-05j),2479000000
(0.5645233140844234-0.287738174580248j),(6.720153598311803e-05+6.792850215046774e-05j),2482000000
(0.526993386868946-0.3944844727234162j),(6.74565557146182e-05+8.181433640820054e-05j),2485000000
(0.4703479301326025-0.48769044753106205j),(4.0270478407955475e-05+3.2277511744132275e-05j),2488000000
(0.3986833377268077-0.5633415990686174j),(4.5759851436951515e-05+1.41433184399467e-05j),2491000000
(0.32924694801248816-0.6200015363526116j),(9.04856082475419e-05+2.050640572405101e-05j),2494000000
(0.2397647274493808-0.6664387863264575j),(8.679706411783351e-05+3.01049320712435e-05j),2497000000
(0.14900891323113133-0.6939496591352999j),(5.434283587800393e-05-4.317295132561179e-06j),2500000000
(0.13516293020295048-0.6995414113146785j),(7.975270135590055e-05-4.11326836699922e-05j),2500000000
(0.04467229119640628-0.7079409155531307j),(1.1836127423459374e-05-5.137575146685584e-05j),2503000000
(-0.053545940351107595-0.7040987194406563j),(-3.972964720211206e-05+2.093236318144862e-05j),2506000000
(-0.1513485730808808-0.6808863019424574j),(3.86397398672671e-05+5.035078252394844e-05j),2509000000
(-0.2473037245618034-0.6356733039432549j),(5.34969152537237e-05+5.498089348737262e-05j),2512000000
(-0.33237215899564787-0.5716787800685212j),(5.384033136714373e-05+4.178040811748923e-07j),2515000000
(-0.41674720532415416-0.4821469198885695j),(6.284123286848653e-05+0.00012319597998753938j),2518000000
(-0.4727576387771102-0.36909839365387714j),(1.805123237348351e-05+7.858074552188175e-05j),2521000000
(-0.5073208860264228-0.23368623720435j),(4.477543625189741e-06+3.6272778760588686e-06j),2524000000
(-0.49700483732392586-0.0762693024323857j),(-5.396783881896747e-06+7.028846302378772e-05j),2527000000
(-0.43475176428127377+0.07101667827326608j),(-1.6577516344344466e-05+6.641299783732752e-05j),2530000000
(-0.3197153837160607+0.21055759827938797j),(-2.8981627556637657e-05-5.24094719180815e-06j),2533000000
(-0.15744597542991517+0.3031896812060137j),(2.7477936191297206e-05+4.579924568182068e-05j),2536000000
(0.032680232986267224+0.33031259653519823j),(1.4771410962958396e-05+5.792849388921359e-06j),2539000000
(0.21349049269538967+0.29000161607359615j),(3.992130523617154e-05-1.1320209432573951e-05j),2542000000
(0.3607492368958815+0.19676977561142j),(2.7001412346275126e-06+1.5212252963225151e-05j),2545000000
(0.4635150619538702+0.07182968329625036j),(8.794874126027491e-05-4.445318020857576e-05j),2548000000
(0.5207923494798374-0.060372716136447985j),(3.700906189676156e-05-8.574564786892404e-06j),2551000000
(0.5406515970933353-0.19245797455942218j),(3.4875020811610535e-06+0.00010051544362934204j),2554000000
(0.52909600812142-0.31154790164385443j),(4.6841293417645155e-05-1.0642536432943575e-05j),2557000000
(0.4897013475913244-0.41287972125115546j),(-1.0534470137413921e-05+4.678784210945661e-05j),2560000000
(0.4408277237086336-0.5002660321507711j),(3.9388472813089275e-05-5.588929326167332e-05j),2563000000
(0.3844581254895833-0.5763975963798568j),(1.476683542441389e-05+6.360743092434357e-05j),2566000000
(0.3118666132194316-0.6325170740496372j),(3.577196927037854e-05-4.169565399935641e-05j),2569000000
(0.24504549895358754-0.6747528563021926j),(4.2608125558981976e-05-7.250498787402608e-06j),2572000000
(0.17291551641025113-0.7068432951840625j),(-7.844784736665266e-05-7.139876900291094e-06j),2575000000
(0.10134951300995326-0.7299916650334679j),(4.6811740266584586e-05+0.00010073985384284078j),2578000000
(0.020017510872229183-0.7387167856309925j),(5.0498611651202536e-05+2.402404162657532e-05j),2581000000
(-0.06054028992196652-0.7399917881584159j),(-2.3797725114395844e-05+7.625219538357556e-05j),2584000000
(-0.14428006531952398-0.7218187655879004j),(-5.036904396809915e-05+7.350788111826499e-05j),2587000000
(-0.22131457347047753-0.6866677080357187j),(3.9088139226970816e-05+4.40640473481275e-05j),2590000000
(-0.2958475225531615-0.6594230649483653j),(-5.035982629403746e-05+5.366546271713632e-05j),2593000000
(-0.36654594334687557-0.6027535879499011j),(-6.2299494837828265e-06+5.635395348142372e-05j),2596000000
(-0.42951601828204206-0.5192087627032635j),(-1.98349288355682e-05+1.7041103213259105e-05j),2599000000
(-0.4803352564305958-0.4243027630693297j),(1.1221954649931546e-05+0.00010218017241102911j),2602000000
(-0.5115752007361558-0.3056877841744675j),(-5.422702697690299e-06-3.2773142662120886e-05j),2605000000
(-0.5117430057925565-0.16944007122263788j),(-1.8348311429328287e-05+8.340860666903914e-06j),2608000000
(-0.4654838396649196-0.025247808532843394j),(-8.264553240150985e-06+3.9292706317665484e-05j),2611000000
(-0.3648710092959956+0.11008696965229647j),(-3.630133390283818e-05-8.008738297219664e-06j),2614000000
(-0.2120157091849807+0.20425116385330402j),(2.321152797665747e-05-8.227884197537676e-06j),2617000000
(-0.025496333835845538+0.23689198010466536j),(2.633385742575171e-05+4.663935006246088e-05j),2620000000
(0.1568038139755349+0.1962106254020836j),(5.235496073488223e-05+5.206513424301232e-05j),2623000000
(0.3062814607433141+0.09374645795666492j),(7.471470821104198e-05+6.6404210522958835e-06j),2626000000
(0.40194300293752433-0.04147050648633611j),(3.8813985683756807e-05+3.256326204425514e-05j),2629000000
(0.4379020063635836-0.18325469885971765j),(-5.7138172219807015e-06+6.214249575005043e-05j),2632000000
(0.4366322991723094-0.31134053403342193j),(7.333779078420436e-05+8.306119740570728e-05j),2635000000
(0.41559837281492695-0.4152153562237016j),(6.64324645054863e-05+1.2133520376532365e-05j),2638000000
(0.3550772281760342-0.5188125866002117j),(-4.248756404355034e-05+3.521583280331604e-05j),2641000000
(0.30473498180221475-0.590654478615032j),(-1.4902475909157572e-05+5.907618788506567e-05j),2644000000
(0.23255691525761343-0.6490992333106932j),(1.0247131471182037e-05+6.537880335010176e-05j),2647000000
(0.15670169791932906-0.6899798820272854j),(3.1106941399562813e-07+3.725337100167629e-05j),2650000000
(0.08354007881560775-0.7192356120992144j),(1.5571916605073628e-05+1.205939863183911e-05j),2653000000
(0.010060383131691459-0.7317743801466557j),(7.370129641553792e-06-1.940583419119673e-05j),2656000000
(-0.06718420883262931-0.733612829193844j),(-2.2064925936617863e-05-2.4873115314061814e-05j),2659000000
(-0.1360220583881438-0.7258941908524693j),(4.669114533760815e-05+4.390482011982214e-05j),2662000000
(-0.20981293133501844-0.7085219121400865j),(-2.427432523392346e-06+4.4882610778544504e-06j),2665000000
(-0.27179963881761116-0.6808476432618275j),(-1.4947076648499126e-05+8.384580880949284e-05j),2668000000
(-0.33982742803791927-0.6356669913582303j),(2.1637169198952568e-05+9.20500354426533e-05j),2671000000
(-0.4006374217472414-0.5811353730321764j),(-6.0866787436473126e-05-2.9747272164450206e-05j),2674000000
(-0.4410858692525244-0.5246448446899074j),(-3.070516631985543e-05-8.183229153354757e-07j),2677000000
(-0.5006719812107794-0.43442773998180334j),(2.0921549940544616e-05+7.762756580813835e-05j),2680000000
(-0.5248525303880262-0.33849831739168806j),(1.3163799145078985e-05+7.449304565561231e-05j),2683000000
(-0.5353956632068981-0.2267911855868482j),(3.9691584736275655e-06-5.672786111418158e-05j),2686000000
(-0.5132371784443615-0.10569141893867354j),(5.557495372504071e-05+7.884420057047991e-05j),2689000000
(-0.4556261495330811+0.014942378592650596j),(2.0594405787181024e-05+3.440864897295523e-05j),2692000000
(-0.3565296246703512+0.1279669290446755j),(3.0672143832828156e-05+3.602209508837327e-05j),2695000000
(-0.22003418076113254+0.2083719546343282j),(-1.6963861139437593e-05+8.332472266593931e-05j),2698000000
(-0.05869962312292913+0.23612000587977977j),(-3.118013974326335e-05+0.00010218260180285399j),2701000000
(0.11298478984031127+0.21206278643974225j),(4.1700504168404654e-05+3.967266393632758e-05j),2704000000
(0.25294685157099694+0.12893849626675588j),(1.6897386397528595e-05-8.675054458710073e-06j),2707000000
(0.35658319342497474+0.01422935363121885j),(1.0705897738190535e-05+7.615277172768231e-05j),2710000000
(0.4165841783631443-0.11525908547197894j),(4.7900221978190446e-05+9.212518544665395e-06j),2713000000
(0.43401887774665415-0.2451052552089714j),(4.226721817328822e-05+2.8977359438128533e-06j),2716000000
(0.4223032716657633-0.3605097454357131j),(1.8017952199399716e-05+6.242015308372606e-05j),2719000000
(0.38289470578786156-0.46523156444133956j),(6.294221739971629e-06+9.201963964611331e-05j),2722000000
(0.34156013892031534-0.5477385841505017j),(5.501333957430546e-06+4.919406546405941e-05j),2725000000
(0.27390024761631765-0.6092959996726226j),(3.9957930216409004e-05-1.1519238087849225e-06j),2728000000
(0.209876112949119-0.6512959783557662j),(-4.6051209936663766e-05-4.5754082441827205e-05j),2731000000
(0.13583007474004213-0.710149783992097j),(-2.5978526843691063e-05+2.4054246169751667e-05j),2734000000
(0.06542197388719152-0.7195142545749397j),(-4.9397052658903315e-05+4.174437862988529e-05j),2737000000
(-0.00963930607636787-0.7356272891511407j),(-2.2142935756540537e-06+3.351827616388088e-05j),2740000000
(-0.07390485517547472-0.7380977753967098j),(-6.352642661464216e-05+4.891059288668401e-05j),2743000000
(-0.14061225997330443-0.7197130074968479j),(9.447002940515059e-06+6.758410538777852e-06j),2746000000
(-0.21974366883478794-0.6966143959948786j),(-3.0158259569285487e-05-3.100800670922968e-05j),2749000000
(-0.286893986748444-0.6625783136097909j),(-5.300717909980716e-05+7.702494130482725e-06j),2752000000
(-0.3509831777604956-0.6108475302221876j),(-2.374734655399448e-05+2.5610789925583217e-05j),2755000000
(-0.4048321436532936-0.554710024118528j),(-3.811418802194336e-05+6.171951898256069e-05j),2758000000
(-0.4514121556675879-0.47751446998367575j),(-2.6270590107670977e-05+7.263880029760238e-05j),2761000000
(-0.4839153392844741-0.3829777619148893j),(2.489596795485096e-05-5.804634672684652e-05j),2764000000
(-0.5031886484104423-0.2669613261794134j),(-4.137294061170346e-05+5.285410531426067e-05j),2767000000
(-0.4734716345644944-0.12865804710130435j),(-2.685328709848089e-05+2.16935835973827e-05j),2770000000
(-0.41390568512301096-0.008379689805140006j),(6.561511360794594e-05-6.3412320733466e-05j),2773000000
(-0.2967899784447819+0.102849869952969j),(8.591849680556503e-06+5.8423411314805227e-05j),2776000000
(-0.13052219379475158+0.1680013380330003j),(5.66058963296674e-05+5.7478394426388897e-05j),2779000000
(0.04267018755019284+0.15395763925261302j),(9.837194438255716e-06+3.733019111267029e-05j),2782000000
(0.2047100311051053+0.08879696741285732j),(-0.00011127861653376499+2.886204739402165e-05j),2785000000
(0.31657225478315704-0.035181934137514095j),(-3.8652644885974396e-05+5.403759428779383e-06j),2788000000
(0.3769499635542868-0.16990478400734457j),(-1.6199899557112334e-05-1.717878049346179e-05j),2791000000
(0.38902576674232364-0.3070707970055108j),(-1.3481886826791786e-05-7.142031550703845e-05j),2794000000
(0.36661152115956014-0.4250261045327048j),(3.526875928002164e-06-3.0177052892742726e-05j),2797000000
(0.3138694351345464-0.5248259161933003j),(-3.0181183580200583e-05+2.7538939920955727e-05j),2800000000
(0.3203446925832636-0.5213626111728107j),(-0.00011693412439763056+2.1920984320205185e-06j),2800000000
(0.2576690081803895-0.5961649223002435j),(-4.560235031166653e-05+1.007877312609294e-05j),2803000000
(0.20301047019258353-0.6506138809315636j),(5.392111797213467e-05-4.299209759569605e-05j),2806000000
(0.11962458365076059-0.6877161805270938j),(5.864513481717756e-06+4.4369395471910646e-05j),2809000000
(0.057363249176088496-0.7160459446546082j),(-4.806708636376755e-05+6.861922731638394e-05j),2812000000
(-0.007554222784186574-0.7332723206843945j),(-2.7980991935348926e-05-6.703355217918124e-05j),2815000000
(-0.08513552228826014-0.7338665663529548j),(-6.806869442248714e-06-2.887036509937263e-05j),2818000000
(-0.15669442198686379-0.7111629947791803j),(-1.3977268265239216e-05+1.4345876490685392e-05j),2821000000
(-0.21738981206415964-0.7086623493008873j),(2.0019085975800073e-05-9.102700634219707e-05j),2824000000
(-0.29251135276351903-0.6754435937073396j),(1.6913165402831116e-05-3.0268242227533813e-05j),2827000000
(-0.347765765222307-0.6256806862962295j),(-5.030962531131291e-05-4.033764637387112e-05j),2830000000
(-0.4123613957508841-0.5868141780622295j),(1.0826596324881049e-05-6.607519632733326e-05j),2833000000
(-0.45519085517946667-0.5132356253383644j),(-2.0617488511583923e-05-6.0905902206229146e-05j),2836000000
(-0.49258401000588187-0.42535849696677613j),(1.4848884492325668e-05+3.451185833234042e-05j),2839000000
(-0.5224311278728765-0.3254815687055137j),(4.381494780273644e-05-1.7789866951814613e-05j),2842000000
(-0.5111295266918646-0.19757988040683183j),(-3.0068019055136366e-05-3.7461450327942816e-05j),2845000000
(-0.45807905488393325-0.06981652756840885j),(9.638814451217058e-05+3.698359205275678e-05j),2848000000
(-0.35721320249748945+0.04889927546675585j),(3.090536321401481e-05-3.3570768948576795e-05j),2851000000
(-0.19799202893616216+0.12757358368725416j),(-7.462716425313732e-06-2.194748996242541e-05j),2854000000
(-0.009254998431013838+0.13318727751479428j),(-7.703045038587106e-07-1.8259686620479304e-05j),2857000000
(0.16352149406514202+0.06169404314665521j),(-9.613874658021373e-05+5.074363358755147e-05j),2860000000
(0.2848970858853242-0.06832148521282962j),(-6.316813764727426e-05-4.250444697122393e-05j),2863000000
(0.34018124232811764-0.2166711143549931j),(-0.00010407198422562811+9.96240409287448e-05j),2866000000
(0.34959486520132904-0.3538523721954467j),(-9.811407485566753e-05-7.221733509921325e-06j),2869000000
(0.3146855601113633-0.4703569981757177j),(1.7583343763783872e-05-2.155497456200543e-06j),2872000000
(0.269813945948305-0.5688935090219303j),(0.00010052931020442663-7.307334115429882e-05j),2875000000
(0.19814531408330469-0.6213394618031848j),(7.699750417843667e-05+9.643664516535062e-05j),2878000000
(0.1330548125598634-0.6836617904858491j),(4.813505979186655e-05+6.278000582122448e-06j),2881000000
(0.0635628403837871-0.7284582958374908j),(-1.9207011998159032e-05-1.690936853524113e-05j),2884000000
(0.005225602820573599-0.7396082982562159j),(-5.5510896246402155e-05-5.408160673118471e-05j),2887000000
(-0.06715328811785409-0.7567480083447073j),(6.1918544398690105e-06-3.407064505773601e-05j),2890000000
(-0.11920234940441768-0.7614405260967696j),(-4.2134200578821585e-05+7.65089723555516e-06j),2893000000
(-0.17915058696572156-0.7639679138928461j),(-3.317515603148712e-05+2.37318756272711e-05j),2896000000
(-0.24753817896507727-0.7515272375820242j),(6.643928965789555e-06+5.607485127835011e-05j),2899000000
(-0.3012653792552358-0.7306691996137363j),(8.428482748703361e-05+3.065185226863043e-05j),2902000000
(-0.34887904223348454-0.7154238078627869j),(-4.245853746271359e-05-3.2859689288997324e-05j),2905000000
(-0.40513778294274166-0.6769117380492798j),(-1.7150829872934145e-05-3.564078848803338e-05j),2908000000
(-0.4537350765027514-0.6372057891355791j),(1.8574173346049217e-05-3.915341992113088e-05j),2911000000
(-0.4973856027109756-0.5938427471748786j),(6.435568501402887e-05-1.6565128011917372e-05j),2914000000
(-0.5449064574490101-0.5311962764781764j),(5.181573435119808e-07-4.176680660289153e-06j),2917000000
(-0.5741043013968241-0.45629084476107634j),(-5.414148730183744e-06+4.096571219960611e-05j),2920000000
(-0.5967218427763797-0.3712975652778715j),(-3.899541743715443e-06-4.376083020233534e-05j),2923000000
(-0.5962207843255952-0.2675870415795232j),(-3.066151431035774e-05+4.99955558606692e-05j),2926000000
(-0.5644164648253689-0.14410867073081907j),(-4.927575188528573e-05-1.561303991415541e-05j),2929000000
(-0.4869934670060762-0.026922668141729136j),(2.135018363773593e-05-4.3737228458134875e-05j),2932000000
(-0.35394737645055274+0.07291054643855874j),(2.7427941233737933e-05-9.642942117368724e-06j),2935000000
(-0.17181014355518323+0.11610684550144962j),(1.4127190300158795e-05+5.973357691418018e-05j),2938000000
(0.019681993159045712+0.07062956939698797j),(-1.2235623819173424e-05-1.0327815825080745e-06j),2941000000
(0.17352691179341978-0.057102674957344224j),(-4.985515354971084e-05-2.8152321283765098e-06j),2944000000
(0.24911891592442986-0.21586183791639468j),(0.00015754340531346644+4.522270900261191e-05j),2947000000
(0.2541014735694052-0.3789335802285696j),(6.0026590729148145e-05+8.954781932086632e-05j),2950000000
(0.21442133725448298-0.504904663915859j),(2.2111632530773387e-05+1.3756069086312529e-05j),2953000000
(0.14574821516110856-0.6065584725934714j),(-2.670110608990773e-05+0.00010277476532032284j),2956000000
(0.06990644484173507-0.6741782080357663j),(2.3569185653006092e-05+8.210793153343179e-06j),2959000000
(-0.00855316033613934-0.7144249118384848j),(3.9040254136602664e-05+8.13865024909548e-05j),2962000000
(-0.08379693603115389-0.7369259010316431j),(2.2433071924759965e-05-2.1413588320325806e-05j),2965000000
(-0.15168076045279535-0.7488677572506969j),(1.5170596738796417e-05+3.492695765064884e-05j),2968000000
(-0.21929806679460834-0.7448281199113714j),(7.417833615314851e-05-2.8506425409552065e-05j),2971000000
(-0.28329594824503773-0.737023420689227j),(3.735291460927904e-05+2.3700977407784337e-05j),2974000000
(-0.33293664113092825-0.7206405502482373j),(-2.9289117598465762e-05+2.44231316934367e-05j),2977000000
(-0.39308797970956993-0.7006929063750202j),(1.635021317635714e-05+8.014509589416223e-05j),2980000000
(-0.4459879889095139-0.6590865288970239j),(1.208799271304387e-05-0.00011143884593541403j),2983000000
(-0.49003263614153997-0.6302074164609864j),(-1.3051368833725329e-05+3.7030142565958756e-05j),2986000000
(-0.5322271737276406-0.5788610978517487j),(-1.3574025226993338e-05-7.538691152619953e-05j),2989000000
(-0.5728963754202262-0.5284643912901594j),(6.11676847199404e-05+5.0730680635065734e-05j),2992000000
(-0.6027883536990106-0.4578232129066792j),(-3.53736006985602e-05-3.2201038325101195e-06j),2995000000
(-0.6234471165038603-0.3774841840044526j),(-5.0571223575411386e-05+6.450050865349894e-05j),2998000000
(-0.6334599833855517-0.287007732831933j),(-1.652989400259982e-05+0.0001267776057042084j),3001000000
(-0.6164975795354551-0.18447926754211552j),(-8.143627364361947e-06-6.086092627292171e-06j),3004000000
(-0.5700278858104315-0.06844454867130828j),(-8.342925540818359e-05-7.408025432297877e-05j),3007000000
(-0.47957101635135685+0.040847937964472864j),(-8.923385670047809e-05-0.0001315292008359973j),3010000000
(-0.3439969371059995+0.12371143669959105j),(-4.1398795913358304e-05+0.00010488132299302896j),3013000000
(-0.16738203527871828+0.15495667248157002j),(-5.1897893732865196e-05+6.248226431442323e-05j),3016000000
(0.015313560704297405+0.1116899137109104j),(1.489039192222078e-05+4.117089724289671e-05j),3019000000
(0.16330480828330465-0.0027479751347045532j),(1.0646217291012233e-05-1.2362435286926381e-05j),3022000000
(0.2465698745019276-0.15789035030344126j),(3.277956718697448e-05-7.743136214904246e-05j),3025000000
(0.2701702570307659-0.31225139272999625j),(-9.84317239664618e-06+2.4802853438502317e-05j),3028000000
(0.2451831841791638-0.45317190213239517j),(-9.694414104869119e-05-4.359832666100385e-06j),3031000000
(0.19100223149431297-0.5564335538537882j),(-3.712545741303774e-05+0.00012187180201997609j),3034000000
(0.1216377708400746-0.6324964001495395j),(-7.967685155018203e-05+5.438906941820396e-05j),3037000000
(0.048000742338693995-0.6946205354802131j),(4.1123636442650506e-05+1.5289345063200783e-05j),3040000000
(-0.016477230349103075-0.7210474772649249j),(-5.514985090084204e-05+5.104767806926711e-05j),3043000000
(-0.09583164922859833-0.7382161663704022j),(-2.731018310917605e-05+7.506067314184733e-06j),3046000000
(-0.1575127805056379-0.7491187301423009j),(7.488646047068936e-06-0.00011985554449739239j),3049000000
(-0.2161339265023081-0.7464440742112256j),(-2.5753049478254294e-05+4.7978102377874164e-05j),3052000000
(-0.2742665552636874-0.7370746333417876j),(-4.990801973875254e-05+2.4004771037582854e-05j),3055000000
(-0.3272917349710077-0.7158813066770556j),(5.396309929302968e-05+4.1418208689189765e-05j),3058000000
(-0.3777070089253568-0.7007143418685059j),(-1.7651529281355808e-05+2.0986868371412197e-05j),3061000000
(-0.4211989274372514-0.674536071727529j),(-1.9609104671145583e-05+6.63358801763056e-05j),3064000000
(-0.4717169137148419-0.6324416857411834j),(-4.120500326472235e-06-3.17777198517563e-05j),3067000000
(-0.5127874165316185-0.5993259070055919j),(3.549568552599612e-05+7.591986138311015e-05j),3070000000
(-0.5481850603427424-0.5361081478690723j),(-7.387771877775168e-05+5.392249359472099e-05j),3073000000
(-0.5809184590156037-0.47957433844376324j),(-6.161843893436679e-05+3.356136905491808e-05j),3076000000
(-0.6089417678583764-0.40105887807979773j),(-7.334827820087883e-05+8.790358239089705e-06j),3079000000
(-0.6155952395217692-0.3203932799068491j),(2.3602781541243897e-05-2.2871532828180688e-05j),3082000000
(-0.6053710043390987-0.2199033865850709j),(6.784011184670083e-05-1.0621636567341557e-05j),3085000000
(-0.5583800558915952-0.10486045024525897j),(-4.008492918738707e-06-4.389887343468326e-05j),3088000000
(-0.4733687149262994-0.0036045283234945945j),(4.098790154598866e-05+3.6016613700328026e-05j),3091000000
(-0.3373245608963984+0.07673786305173576j),(-4.032170205230095e-05+4.7478108630428324e-05j),3094000000
(-0.15607755868139375+0.09683027593431674j),(-8.437492133151683e-05+2.4157534402891143e-06j),3097000000
(0.02097581395227933+0.030289099771749293j),(-3.073793356603801e-05-0.00013270359389263656j),3100000000
(0.02151515954902482+0.030656732931156214j),(-7.939763255276991e-05-4.95371309303249e-05j),3100000000
(0.14956850500686775-0.10766420871978909j),(5.671735432146151e-05-7.04289821128095e-05j),3103000000
(0.20051702001069938-0.2700667984545934j),(3.4314850914015814e-05-2.5264297903319188e-05j),3106000000
(0.18303749223117188-0.41819055747769485j),(-7.576943805910909e-05-4.969147377308534e-05j),3109000000
(0.1399223804630289-0.5325196493464507j),(-3.4699678795080767e-05+3.25169183436398e-05j),3112000000
(0.07082971939116024-0.6156479260429489j),(-5.52554557873547e-05+6.0865987925196515e-06j),3115000000
(-0.0027002673513190994-0.6708309626335894j),(-4.490062607799178e-05-1.8657951724740905e-05j),3118000000
(-0.07447953279438484-0.7044059963430115j),(1.315356076120214e-05-0.0001786567536529331j),3121000000
(-0.1493156350372635-0.7199590523194157j),(-5.0223316309578624e-05-7.313839551155058e-05j),3124000000
(-0.21225905633266945-0.7277732162880194j),(-4.4255096674527984e-05+4.9864476124002274e-05j),3127000000
(-0.2750260160918166-0.7227544700425516j),(9.611270487486864e-05-0.0001338675352470935j),3130000000
(-0.334479560190065-0.7056067432082564j),(0.00011107424144118111+2.1153077520274744e-05j),3133000000
(-0.38979221724743773-0.6874511159125701j),(2.2069747723154933e-05+6.06074187319645e-05j),3136000000
(-0.4333959227492923-0.6640405443505486j),(-3.537305554238358e-05+0.0001246453075794373j),3139000000
(-0.4793446386587426-0.6297904176783062j),(8.105511025368687e-05-7.540502248713211e-05j),3142000000
(-0.526324774215708-0.5907677121552499j),(-8.388032354038672e-05+4.637407121486082e-05j),3145000000
(-0.5633256973922961-0.5424473285233884j),(-9.19886635902832e-06-1.8491560947653477e-05j),3148000000
(-0.5936795814166647-0.4828728959226066j),(-1.3283976828404929e-05+4.238628912143284e-05j),3151000000
(-0.617858226905363-0.41581857382672194j),(-2.322307907587858e-05+4.293799481782141e-05j),3154000000
(-0.6307357482546708-0.33372367780265927j),(-9.811165058482005e-06+3.838050467720046e-05j),3157000000
(-0.6231333407976279-0.24116541969719157j),(7.578546697189326e-05-0.00011691962472257258j),3160000000
(-0.5837242354718762-0.14023946248485275j),(3.276060229826419e-05-0.0001140548271928622j),3163000000
(-0.5040965049395564-0.03877745066330421j),(-4.913907449138306e-05-3.0022083655091075e-05j),3166000000
(-0.37525837254164884+0.037274184351185j),(0.00013715761188076071-1.3544811407624272e-05j),3169000000
(-0.2054787233488667+0.05305138565072962j),(-9.114970850849523e-05-4.7998396660940785e-05j),3172000000
(-0.03330626385274997-0.013484391742029877j),(-8.773719883799745e-05-4.7491394711257904e-05j),3175000000
(0.08198540901936428-0.1505895698833921j),(3.402332517711352e-05-4.3714368187151525e-05j),3178000000
(0.12722693009222344-0.3063315880639911j),(-0.00012940046994330947+0.00011448083537531588j),3181000000
(0.10277787489144005-0.4500342598807342j),(8.918504850118971e-05+8.318021551897934e-05j),3184000000
(0.04966349518136687-0.5575106335635855j),(-4.399131479922429e-05-9.077103820413998e-05j),3187000000
(-0.021978121214442144-0.6301305879978502j),(-8.840039819165175e-05+8.623425145176024e-06j),3190000000
(-0.10493916509590417-0.6790827869725954j),(4.32937322571492e-06-1.2635561411103246e-05j),3193000000
(-0.17012410412312734-0.7045058653672124j),(-1.4280981572659811e-05-3.5166571305835066e-05j),3196000000
(-0.23659198342443574-0.7161813967289832j),(-9.506247181451639e-05+7.516662086737824e-05j),3199000000
(-0.2993405483422781-0.71700656595183j),(2.569846824407999e-05+5.038602835653924e-05j),3202000000
(-0.35059530784570386-0.7101280557312419j),(4.472158842148279e-06+6.141546229807065e-06j),3205000000
(-0.39809116078645035-0.6980215988293751j),(2.4032797224420874e-05+3.0809899288389045e-05j),3208000000
(-0.4437867800221595-0.6816659801507731j),(6.392533352885519e-05-5.097972741187414e-05j),3211000000
(-0.48318076488568135-0.6646572873612325j),(-8.469848481669894e-06-1.3550773131036278e-05j),3214000000
(-0.5256573003930066-0.6374748540380365j),(-4.747782026903746e-05+7.814376192371616e-07j),3217000000
(-0.5573776564362425-0.6107281414002134j),(-7.701153601636476e-05-6.570387855021662e-05j),3220000000
(-0.5940713710047464-0.5794018492019091j),(5.670384539343317e-05+3.747948124318134e-05j),3223000000
(-0.6189740501605961-0.5419604030610111j),(-1.9123866605408117e-05-3.564171269904461e-05j),3226000000
(-0.6485758848632731-0.4989956016506647j),(-3.985127404533589e-05+3.014512746875801e-05j),3229000000
(-0.6710798568205812-0.4531424486287568j),(-4.1426215138528214e-05+5.1265051969794e-05j),3232000000
(-0.6882678096404212-0.3941494937801908j),(3.220754976060757e-05-5.2543880079173134e-05j),3235000000
(-0.6983185988203906-0.32939721082921614j),(-4.5960708397702024e-05-3.5091080535435303e-06j),3238000000
(-0.6933384559383566-0.2575586753764646j),(1.1786359395380283e-05+2.276897222951061e-05j),3241000000
(-0.6722984353232861-0.1719950301218848j),(-0.0001234971322829335-6.706618090041232e-05j),3244000000
(-0.6195243845449835-0.08073935801383106j),(7.070382555775806e-05+6.817020861555877e-05j),3247000000
(-0.5277820044069028+0.003030300293506192j),(-7.493998767709591e-05+5.1462937919495314e-05j),3250000000
(-0.38998220545522627+0.05608337564335365j),(5.944226414827056e-05-0.00012633314034268513j),3253000000
(-0.21726189617379466+0.04326490907198043j),(-1.4309050562576915e-05+7.513294532289617e-05j),3256000000
(-0.06283093369351145-0.054879553528159j),(4.849894727923335e-05+6.352251301395068e-05j),3259000000
(0.025841812403776337-0.21487358746517704j),(-1.2504818379056046e-05-7.679989236393465e-05j),3262000000
(0.028316904605774646-0.3805646343768539j),(1.1890160243951698e-05+7.070791847776799e-05j),3265000000
(-0.02495878490450934-0.5116392763568907j),(-3.243318934063372e-05-7.068313959646518e-05j),3268000000
(-0.10349890887534856-0.598439039921796j),(-6.770959080016735e-06-2.368597729598537e-05j),3271000000
(-0.19113985983212958-0.6456207238107462j),(6.447212817950339e-05+4.362573771701502e-05j),3274000000
(-0.27034581356719556-0.668884369442235j),(3.855117142575098e-05-2.9134459110137517e-05j),3277000000
(-0.3417113674427254-0.6766334654936963j),(-5.90964045340312e-05-1.4038073929721432e-05j),3280000000
(-0.40448569972235443-0.6689391325015501j),(-0.00013518698667317096+3.030234676270782e-05j),3283000000
(-0.45491158061288806-0.6581730389693269j),(1.1042093788820325e-05-8.076875449268442e-05j),3286000000
(-0.5036200482564512-0.6394752394233769j),(4.0996453398073214e-05-3.731388058939993e-05j),3289000000
(-0.5494100118929951-0.6121988437622093j),(-2.6086623656685828e-05-5.233273351617317e-05j),3292000000
(-0.5848036119151874-0.5866362637704713j),(-1.7728467333118347e-05-2.9523438015718663e-06j),3295000000
(-0.6217134841884947-0.5522019563903214j),(-2.209768066489668e-05+2.9266445140493375e-06j),3298000000
(-0.6511301116549985-0.5162328333396844j),(5.32386783062078e-05+5.601431763185769e-05j),3301000000
(-0.6787364601192417-0.47100166719066183j),(-1.2298675543405185e-05-7.391517728929205e-05j),3304000000
(-0.699449687786931-0.42540530623794953j),(-1.1048776309534395e-05-2.983488906572747e-05j),3307000000
(-0.7156935614462648-0.36604494409296134j),(-6.177220614062553e-05+7.874777767618111e-05j),3310000000
(-0.7218638047441618-0.3075026825756176j),(1.382267022348212e-05+1.095545048452765e-06j),3313000000
(-0.7186720136417057-0.23540367426202377j),(7.860273207912518e-05-2.70966793396901e-05j),3316000000
(-0.7002335169147986-0.1589813198074075j),(3.007320369967468e-05+4.0128291436814696e-05j),3319000000
(-0.6577959063125651-0.07886671379621567j),(-3.459602777735062e-05-0.00010250199047704682j),3322000000
(-0.5857668197334367+0.005347928008231901j),(0.00011245495012079788-0.0001753629652485131j),3325000000
(-0.47245203324859547+0.07598163597381678j),(-6.452121660971401e-05+7.485152983849054e-05j),3328000000
(-0.3199068008280024+0.10012384893056747j),(7.29039034899741e-05-0.00010683673667416264j),3331000000
(-0.15468967246466137+0.05109737565747797j),(-3.5618657800634225e-05+9.241800177620825e-06j),3334000000
(-0.023308875158456123-0.07147760755019317j),(1.5349855974098918e-05+4.3270170374197685e-05j),3337000000
(0.040535190046062645-0.23441706794793202j),(-1.0997727555521578e-05+4.3064875362710424e-05j),3340000000
(0.029407838995872414-0.3903637475646255j),(-9.946047728705515e-05+2.347634011159195e-05j),3343000000
(-0.03195472543816343-0.512458673218305j),(5.252860872215385e-05-8.673134989976686e-06j),3346000000
(-0.11018977096187639-0.5892840302380067j),(-5.839917547097395e-05-0.00012320763640506186j),3349000000
(-0.1969660134879283-0.6352417010938617j),(2.792847397500372e-05-8.341105072915447e-05j),3352000000
(-0.2722025316415522-0.6555434262436144j),(-6.312791100269032e-05+5.34823185206712e-05j),3355000000
(-0.3351904371076737-0.661566660535319j),(2.2601290589573613e-05+8.073917791373362e-05j),3358000000
(-0.3968932339222928-0.6547494037269799j),(-9.683965724296297e-05+2.2802822133628177e-05j),3361000000
(-0.4559230615303886-0.6400186642619891j),(3.343069932233819e-05-0.00011191017805948753j),3364000000
(-0.49763606773638086-0.6237360062318335j),(-0.00011489615598557123+2.4619057038368036e-05j),3367000000
(-0.5408737141402963-0.5983543222649794j),(1.4646999989538935e-05-8.15606258324539e-05j),3370000000
(-0.5790039818476107-0.5714497195216901j),(-6.486947558299115e-05-1.3458984612861115e-05j),3373000000
(-0.6053795612613931-0.5480900281919746j),(-7.576698577595607e-05-8.62168722320213e-05j),3376000000
(-0.6392686957394841-0.5064982489917247j),(-0.00013353565052657838+0.00012427058401292878j),3379000000
(-0.6650468317789835-0.4699655813422655j),(1.9361307244138653e-05-3.7468208696091415e-05j),3382000000
(-0.6822101819217277-0.4380226846726746j),(-4.685470146571043e-05-0.00010407655689031758j),3385000000
(-0.7093031009978813-0.3800027044084035j),(-0.00017184686577476432+7.922730747511078e-05j),3388000000
(-0.7195764598915794-0.3285602992380098j),(-5.9345917615344564e-05+3.582588697717317e-05j),3391000000
(-0.7195654873301591-0.2742630304092162j),(-1.2691199929048266e-05-0.00012824258285011977j),3394000000
(-0.7155785662154646-0.20029403226468495j),(-1.6513613230953775e-05+9.66890225025087e-06j),3397000000
(-0.6920170270429346-0.12434064932967079j),(-0.00010823489122428241-1.1169166083957243e-05j),3400000000
(-0.6916912778286002-0.1219591555879457j),(-2.652175379896365e-05-1.752447556750049e-05j),3400000000
(-0.6421060380353913-0.04368140698648177j),(-6.930753145351008e-05+4.429546164064415e-05j),3403000000
(-0.5595498591143306+0.030603303317575773j),(-6.769170692621628e-05+3.4081236127135986e-05j),3406000000
(-0.4343019306055975+0.08109351414724392j),(-7.908154023156446e-05-1.8103270917896863e-05j),3409000000
(-0.2813581253297523+0.07481456521653551j),(-0.00014574197020791584+6.805796080611371e-05j),3412000000
(-0.13549953535439327-0.0004897788771491803j),(1.2389643869387394e-05-4.736278561699698e-07j),3415000000
(-0.03500434808358908-0.13779467390254224j),(-7.311973419974755e-05-4.594930725577305e-06j),3418000000
(-0.01153293115325275-0.2951003662207283j),(5.340386718076651e-06+3.1404696474849856e-06j),3421000000
(-0.042796500598821514-0.43385398606941206j),(-0.00016361780767064905+0.00012126042638438819j),3424000000
(-0.12291235094958163-0.5337987753926214j),(-6.635620789564555e-05-1.7564022100390006e-05j),3427000000
(-0.21200708378915784-0.5924641622795617j),(-0.00013129759617800925+5.109308919995269e-06j),3430000000
(-0.2884833917384098-0.6222820582258258j),(-3.2506929347795575e-05+8.366501120778018e-06j),3433000000
(-0.36770704689785316-0.6296769645578429j),(1.9259317275270316e-05-1.5965113656842934e-05j),3436000000
(-0.4339488519923026-0.6250619699637427j),(3.190201262468591e-05-4.475728995204264e-05j),3439000000
(-0.48417010317978193-0.6123767191903094j),(-0.000180851700590146-7.722171012757916e-05j),3442000000
(-0.5330733446316558-0.5919332676341764j),(-0.00011966146266048942+3.839920580758985e-05j),3445000000
(-0.5745351299081544-0.5701203295967755j),(-0.0001284760276894775-4.1090611253943336e-05j),3448000000
(-0.6134804216733781-0.5411410913138388j),(-0.00013647569222278996-3.5318019085635656e-05j),3451000000
(-0.6510013195292523-0.5067327690162451j),(3.5949681873625998e-06-2.5507623535962238e-05j),3454000000
(-0.6764585468657599-0.4744124285675469j),(-9.996229101182164e-05-4.591834789147897e-06j),3457000000
(-0.7002669394859445-0.4351264148510213j),(-0.00011144657241793634+0.00010599273949505155j),3460000000
(-0.724333595968681-0.38718207922655606j),(4.137845336903712e-05-6.547153653446509e-05j),3463000000
(-0.7345685889913837-0.34006420294512874j),(-7.44373414743108e-05+7.493276303211561e-05j),3466000000
(-0.7426643360113522-0.2853730120945437j),(-5.589681316992198e-05+2.8053065910817888e-05j),3469000000
(-0.7402220541958587-0.22037687325966662j),(-0.0001395994187124754-0.00010537010364726064j),3472000000
(-0.7214969785002393-0.15337456615395492j),(-7.376919603560968e-05+6.093395669239054e-05j),3475000000
(-0.6845155419425526-0.08166970771677537j),(1.8972558564262287e-05+3.394780519404465e-05j),3478000000
(-0.6190046699718336-0.007559535203579766j),(-7.279275194630636e-05+3.488960232415945e-05j),3481000000
(-0.5136833032195665+0.05255892336330767j),(-0.00017340381392550467-1.2663588046399688e-05j),3484000000
(-0.36980309990127747+0.06598524757118467j),(-2.1843638881127585e-05+1.7811934624024332e-05j),3487000000
(-0.2210345434881892+0.0025753945574704933j),(8.067211405658185e-06+3.67987496589158e-05j),3490000000
(-0.11661274589366273-0.12751219045519877j),(-1.605494839850382e-05+1.1433790312205927e-05j),3493000000
(-0.08671900670038747-0.28244875517918316j),(-7.111796746706506e-05+1.5590292912300194e-05j),3496000000
(-0.1275889936583572-0.4238290954669126j),(-6.259930068203564e-05+6.507674787025752e-05j),3499000000
(-0.2003411334980785-0.5135040744792577j),(-4.434613024167332e-05-4.346221937259346e-05j),3502000000
(-0.2865618592099306-0.5702915619568596j),(-8.74384691029244e-05+0.000127437053361086j),3505000000
(-0.3652620741756623-0.5940767488688615j),(-0.00015644559076495758-3.610596795152985e-05j),3508000000
(-0.4364308906374083-0.5958712053825073j),(-1.0160581499831215e-06-4.865184403651174e-05j),3511000000
(-0.4944697680781105-0.5907371934243755j),(-0.00011759199321665387+4.6855264402428857e-05j),3514000000
(-0.5456758647145515-0.5760155910974057j),(-1.1626200256271005e-05-9.124115308899722e-05j),3517000000
(-0.5888073032577144-0.5584964962917662j),(-3.911600700150152e-05+8.573701927980241e-05j),3520000000
(-0.6273227839173307-0.5356131191239639j),(-6.333467169054945e-05-5.322900227187193e-05j),3523000000
(-0.664833295843058-0.5076647055575346j),(-6.534957527347615e-05-4.20891328166244e-05j),3526000000
(-0.68877527355332-0.48636026641966373j),(1.7931785321996802e-05+3.23215499079444e-05j),3529000000
(-0.7109844929940323-0.4592009650236851j),(-0.00012245463141353225+4.40033331345687e-05j),3532000000
(-0.7393319970251682-0.4248477734012863j),(-2.898899995150929e-05+9.429926519610366e-05j),3535000000
(-0.7544944244842697-0.3954359566107879j),(-0.00015509597107191304+1.9588187569340413e-05j),3538000000
(-0.769148536873268-0.36291550290638674j),(-3.833138166028835e-05-4.826631818929379e-06j),3541000000
(-0.7832158218389456-0.32082667709847573j),(-0.000117127828947251+0.00012993318246094204j),3544000000
(-0.791317315517582-0.27970798707891237j),(5.997196972365165e-05+5.99689554768502e-05j),3547000000
(-0.7948053170454881-0.23737476226420287j),(-4.7224622020408536e-05-3.78849491749141e-05j),3550000000
(-0.7945222833957257-0.1780506205355074j),(2.774790510456509e-05+7.202923670279129e-06j),3553000000
(-0.7809686144223528-0.12767332133831j),(8.14246597738473e-05+2.512689543669108e-05j),3556000000
(-0.7575383270915922-0.07319619741504929j),(5.6617429421710996e-05-5.862292746721835e-05j),3559000000
(-0.7108405703947379+0.002497213711766134j),(-8.183165395340758e-05+8.020297819828626e-05j),3562000000
(-0.6429502965241426+0.057666284718894484j),(2.7853534173646318e-05-0.00010133562300842892j),3565000000
(-0.5351399104022962+0.10276892559386645j),(-2.9753325639036028e-05+2.2127062778027585e-05j),3568000000
(-0.3961077709332125+0.1065147383568794j),(-6.341002140216993e-05+3.9836386940257995e-05j),3571000000
(-0.255454085621434+0.030695308417529658j),(-0.00014075258608485123+6.309539618730962e-05j),3574000000
(-0.16160645803423654-0.10988055385567133j),(-4.662988523117028e-05-4.4247116618842247e-05j),3577000000
(-0.15092324372648247-0.27478112341034067j),(-1.0371936388199116e-05+9.019000697478338e-06j),3580000000
(-0.2064022534816568-0.40671657135767925j),(-8.54741897788911e-05+0.00012069800281570464j),3583000000
(-0.29485327831363395-0.49134794280165967j),(-0.00016022455028906553+7.289428467357646e-05j),3586000000
(-0.38794574460125986-0.5284778192249345j),(-0.00011769483993096141+6.367468183386534e-05j),3589000000
(-0.46645816127251877-0.5444846822238734j),(-7.660758276059379e-05+2.5702797369344137e-06j),3592000000
(-0.5420440850774706-0.5333451501894088j),(-0.00013094871790989267+0.00016370889834319469j),3595000000
(-0.5992449153772907-0.5139422432645729j),(8.811931668791043e-08+6.6442284391753e-05j),3598000000
(-0.6441709819379479-0.48914378294633354j),(5.520414793120157e-05+5.868694357470748e-05j),3601000000
(-0.6839491458380308-0.463805616462481j),(-3.7504386430219934e-05+7.471264146755836e-05j),3604000000
(-0.7201555996194348-0.43030493055499075j),(-0.00018632207584964405+4.0019468512813294e-05j),3607000000
(-0.7447635533884148-0.39323465632485355j),(-3.506441782893026e-05-1.0814843079834554e-05j),3610000000
(-0.7665862145965998-0.3565734035372086j),(-7.768946938373482e-06-8.205085346889807e-05j),3613000000
(-0.7840670690565064-0.3134273232261206j),(-0.0001692933277709854-2.1301711539232955e-05j),3616000000
(-0.7945120272578047-0.2825849701028471j),(-8.643493358871943e-06-3.729579423773983e-05j),3619000000
(-0.8054823444223504-0.22842689367970737j),(-8.654240045377699e-05-5.6765015694934484e-05j),3622000000
(-0.8069847882334386-0.1885107667557239j),(-0.00017247022324237853+2.727725809899285e-05j),3625000000
(-0.801220460859607-0.14086075064936546j),(3.5073505038748006e-05-9.293518763326489e-05j),3628000000
(-0.7901071917107075-0.08175370009930459j),(-7.098063771052366e-05+0.00011551034243248026j),3631000000
(-0.7642707465773217-0.02468682178394319j),(2.6076805730089442e-05+7.288113343165445e-05j),3634000000
(-0.7188826455437448+0.034000359885165865j),(-4.704957634673474e-05+0.00020254107191542274j),3637000000
(-0.6472794773776807+0.09817089570849667j),(-4.534229457435452e-05-4.0881804635544876e-05j),3640000000
(-0.5443050988792951+0.13796664473792375j),(9.415429104776324e-05-6.147621493885299e-06j),3643000000
(-0.41016095713199485+0.14126517750372403j),(-0.00010301270757023717+2.217975839444092e-05j),3646000000
(-0.2662897514939218+0.07829941624739582j),(-4.169114651744798e-05-3.0006495292991022e-05j),3649000000
(-0.16163540574017782-0.053980110804019814j),(-0.00011100744539195477-6.863651130881966e-05j),3652000000
(-0.13420169110506613-0.21914532545403342j),(5.521012037376082e-05+4.6744400969427835e-06j),3655000000
(-0.1809535601004978-0.3623560123471923j),(-0.00016633088402192108+0.0002205232413561091j),3658000000
(-0.26820004570250244-0.46012873886889644j),(-0.00014441336584208777+2.1093562133480626e-05j),3661000000
(-0.3586215899271035-0.507181447017522j),(9.665493895255633e-05+0.0002353633970057031j),3664000000
(-0.4510282945102924-0.523763416102807j),(-9.508042093347034e-05+0.00014337105858120878j),3667000000
(-0.5195180688856089-0.5245589588806518j),(-7.705179307090549e-05+5.687462336621478e-06j),3670000000
(-0.5899841994702951-0.5051166813407585j),(3.385415895687731e-05+4.782753709967708e-05j),3673000000
(-0.6365861782207336-0.4849976405704228j),(-6.305965435793907e-05+0.00020308828981973628j),3676000000
(-0.6722310542595425-0.46100711466509836j),(-0.0001605592248818556-0.0001553392369511139j),3679000000
(-0.7135980323240623-0.4270079486417332j),(-4.87824415121011e-05+8.463922866361383e-05j),3682000000
(-0.7403414813789437-0.3976390636182156j),(-2.9877824444799247e-05-0.0001644534557184209j),3685000000
(-0.7646784707597917-0.36695295833855424j),(0.000181332892458199-1.3321990532663955e-05j),3688000000
(-0.785368264768081-0.3319857452271843j),(7.024443436586727e-06+1.5283961827848466e-05j),3691000000
(-0.7944869718112736-0.30315904691511153j),(5.04241374736676e-05+0.00020426863015002037j),3694000000
(-0.8087305204391986-0.26616264629863523j),(-0.00010006986212602116-8.142196748021156e-05j),3697000000
(-0.818166894008894-0.22785756800265203j),(0.00015263946473808543+0.00019069570534883766j),3700000000
(-0.8180387995505171-0.22878780918214106j),(0.00019309371473070109+0.0002596798598340858j),3700000000
(-0.819989622919925-0.18232098455498644j),(8.897667548217605e-05-4.892268336031061e-05j),3703296703
(-0.8197064376590165-0.13436421687837682j),(0.00019031437079437109+0.00016582751654251686j),3706593406
(-0.8087868242074266-0.07791832470321838j),(0.00021469439768894016+0.00017796598039835477j),3709890109
(-0.7867046745516753-0.021246214823704722j),(0.00011627238944189936+7.914595401838168e-05j),3713186813
(-0.7477733742080604+0.04116846831805974j),(0.0002470780205956044+1.8033052846068042e-05j),3716483516
(-0.6819865635142132+0.10570114513088896j),(1.732369977856609e-06+0.00013621166255362176j),3719780219
(-0.588248444860643+0.15549206650923544j),(0.00020628221345846552+5.063364931866629e-05j),3723076923
(-0.45517041175036704+0.17595719071789703j),(-8.218824133790506e-05-9.33617174432221e-05j),3726373626
(-0.29944046101319904+0.12981080148522117j),(0.0001109386523852794-7.028810814230059e-05j),3729670329
(-0.17816181069402534-0.001234329243895615j),(9.50415508423846e-05-0.00021584153072825703j),3732967032
(-0.13848182332255005-0.18684210120087336j),(-0.00010552562342999128-7.693053805170338e-05j),3736263736
(-0.1943408450383566-0.34653712304282047j),(0.00011330830220048678-4.332608379304615e-05j),3739560439
(-0.2969173258871584-0.4467939285132725j),(9.198518957062585e-05+0.00015173559436310155j),3742857142
(-0.40095431742538-0.49846400263204194j),(0.00018807548402573196+6.0203791974809124e-05j),3746153846
(-0.49691094915494194-0.5002172658621542j),(0.00010558586896001964-9.561500464941568e-05j),3749450549
(-0.5793084536857164-0.4834482628658668j),(4.096639880268601e-05-4.2958225915241454e-05j),3752747252
(-0.6344320272393-0.4613965547908864j),(0.00012043545874147704-3.9076605992014215e-05j),3756043956
(-0.6854221044576972-0.4345854742454881j),(6.944825803615721e-05-8.139027980292549e-05j),3759340659
(-0.7268276778181382-0.39481840681295627j),(0.0002684163185066717-6.218110070219899e-05j),3762637362
(-0.7537878080615997-0.3615601701320807j),(0.00023852950902970095+0.00010645878318704913j),3765934065
(-0.7791331492206823-0.3200834498284454j),(0.0001556280591266407-0.00017375603252363497j),3769230769
(-0.7987889690172817-0.2799530175662558j),(0.00034172160078733136-0.00014875123692746089j),3772527472
(-0.8096592342459333-0.23946389839415796j),(0.00018727243306423385+7.883473511452977e-05j),3775824175
(-0.8191042100567232-0.1944185679582289j),(0.00011290917878704359+0.0001137480871061244j),3779120879
(-0.821976619437004-0.1450450326633004j),(0.00024761410481219604-0.00016015557233181558j),3782417582
(-0.8192269974753724-0.09551111778895213j),(-0.000102658982493756+0.00011129027160604716j),3785714285
(-0.8045819503644935-0.03963038780880737j),(0.00012423111065213024+0.0002377056874791061j),3789010989
(-0.7745376195378427+0.020564318385638502j),(0.0002718515048805232-0.0002970762316463081j),3792307692
(-0.7274286491437957+0.08099184917622462j),(0.00010098390793398181+3.2578307488594454e-05j),3795604395
(-0.648566833328458+0.14036131603783286j),(-4.8660418130529615e-05-9.775424740618729e-05j),3798901098
(-0.5294376859785435+0.17276710298920084j),(-4.327256057290842e-06+0.0001421898404749241j),3802197802
(-0.3860045643760999+0.14413579386016087j),(0.0001978775019529157+6.966757749635546e-05j),3805494505
(-0.2572892455846844+0.03131428753830535j),(0.00012659099418907025-0.0002844150006246955j),3808791208
(-0.2088127321791177-0.14053769306037886j),(0.00018423261092454744+3.7615420060950336e-05j),3812087912
(-0.2544101378576145-0.2968586734940021j),(9.165226378802469e-05+0.00028139899439976384j),3815384615
(-0.3509886410484738-0.3936534896152272j),(-4.874718888786299e-05+0.0003785110701041091j),3818681318
(-0.4582270076021004-0.4326354314956002j),(0.00040387465397214+5.069182512389755e-05j),3821978021
(-0.5465441062381593-0.4408236542828065j),(0.0004767216705299628+9.559270154898233e-05j),3825274725
(-0.614209864912316-0.42084101043507j),(0.0002393916731607624+7.180879658004447e-05j),3828571428
(-0.6721577053788643-0.396259906543343j),(0.00011615156727617184+0.00021891677621899795j),3831868131
(-0.716096938993901-0.3734756321155107j),(-0.00011551435585624256+7.087938478795595e-06j),3835164835
(-0.7476829555749556-0.3374548395465988j),(0.00030984030186359074+6.778431744884559e-05j),3838461538
(-0.7767801045762677-0.29973255939056j),(0.00018796901026535274-0.00015812126014389888j),3841758241
(-0.7963798411067654-0.2763955411954658j),(0.00012472803060301833+0.00037036307563603364j),3845054945
(-0.8158925871144288-0.2351694817577971j),(0.0002088859062370964-2.4008085982067384e-05j),3848351648
(-0.8271067500275988-0.20571848251325126j),(0.0003658109740622014+4.667735457433025e-05j),3851648351
(-0.8350508731316263-0.16758396704457956j),(0.00024213254421905387-9.834425486987704e-05j),3854945054
(-0.8413935805557418-0.13424053269847339j),(0.0002232622325202675+0.00024878478353020794j),3858241758
(-0.8426145753456648-0.08266499425957888j),(-6.74219917297896e-05+6.998707415761056e-05j),3861538461
(-0.8392825180453605-0.05551461749349222j),(-0.0002908016255215233-6.00313958622238e-05j),3864835164
(-0.8287329205011518-0.005758834298875066j),(0.00020661150848850807+0.0001163331066424097j),3868131868
(-0.8068200452881357+0.041656965658663295j),(3.502326424329488e-05-0.00019410291006532795j),3871428571
(-0.774079363909795+0.08623245271322973j),(-2.4372076311498034e-05-0.00019951911712030727j),3874725274
(-0.7184301423905428+0.13471650316452702j),(9.92395775753177e-05+0.00013224656940700137j),3878021978
(-0.6418295583067525+0.1741215695018514j),(1.049159980119597e-05+0.00024274115315757252j),3881318681
(-0.534172096248879+0.18163732442794442j),(9.04407128275029e-06+4.5976277675827205e-05j),3884615384
(-0.40540747144944383+0.13791185581105891j),(0.00013780008130709307+0.0002873155773460478j),3887912087
(-0.306178194710232+0.017287719904239312j),(4.165820237604895e-05-4.777231692948793e-05j),3891208791
(-0.2895216081651089-0.1430438536742589j),(-5.179458654526969e-05+9.510853625723573e-05j),3894505494
(-0.35584027480399605-0.2763510541631621j),(5.48818500300672e-05+0.0002657780790706366j),3897802197
(-0.4625506343875836-0.3490979832037488j),(0.00024551788129356623-8.997545674506242e-05j),3901098901
(-0.5624220265313578-0.36505766485296365j),(5.809061144119658e-05+8.656845363411125e-05j),3904395604
(-0.6432587873320723-0.3531170670196128j),(0.00026252278930089207-3.434468792606677e-05j),3907692307
(-0.6997809194111765-0.3340746961664085j),(-3.532943891896516e-05-8.028996577120936e-05j),3910989010
(-0.7531039193592916-0.2897039425225669j),(-0.00012836226775288142+5.379511222648031e-05j),3914285714
(-0.7860531414728642-0.26224927710391455j),(0.00016428236167728843-6.965888636097201e-05j),3917582417
(-0.8086023497436089-0.22989345379306025j),(-9.970797110415111e-05+0.00024699335540696513j),3920879120
(-0.8289834915327194-0.19228245912631764j),(2.140071782258581e-05+0.000385958400568735j),3924175824
(-0.8441330693115612-0.15569068770708167j),(0.00027246766001557543+0.0001321321794420246j),3927472527
(-0.8523554836324033-0.11965612668117531j),(-0.00021666130716996464-0.00010704396052093244j),3930769230
(-0.8563814921965683-0.08344314771787975j),(0.0002542879182548299+0.00040951611839162453j),3934065934
(-0.8574845510998457-0.045514084841825994j),(-4.51588974741399e-05+0.00023434633093491253j),3937362637
(-0.8525777763551334-0.008130494924518847j),(7.845592116698185e-05+0.00012991897105791764j),3940659340
(-0.8407752887618436+0.0331875257928267j),(0.0001263646938043355+6.57242216913895e-05j),3943956043
(-0.8235177258870002+0.0802517840208077j),(0.00023869627383327059+0.0002620382249863237j),3947252747
(-0.793057556210125+0.12358534770513827j),(0.00021529052779154705+0.00038688356580745094j),3950549450
(-0.7450303092790419+0.1678354138784433j),(6.0724188447720695e-05+0.00015434020877537545j),3953846153
(-0.6766137067785847+0.2135395894711577j),(4.313479236813173e-05+0.00022500257029074423j),3957142857
(-0.5810890714413706+0.23485266522653214j),(-0.00016471721160242798+9.664082154245551e-05j),3960439560
(-0.4617991248341207+0.21858209211039276j),(0.00010752790622811317-7.799247362427242e-05j),3963736263
(-0.3381738959467512+0.14046623589352367j),(5.530416268164185e-05-4.5187231093912106e-05j),3967032967
(-0.2697813056243212-0.011731409501818387j),(-1.9824604308505196e-05+2.483015268295715e-05j),3970329670
(-0.2917451333077486-0.17346105427999867j),(6.434897192523661e-05+0.00015032148494946025j),3973626373
(-0.3849626430069396-0.29008933753747734j),(6.295130240904205e-05+4.456637806798419e-05j),3976923076
(-0.4951619610256026-0.3417989032617601j),(5.102158565249198e-05+6.554758676910569e-05j),3980219780
(-0.5918230634905391-0.34675277040776886j),(4.7473264932425645e-05+1.0137216360852575e-05j),3983516483
(-0.6701401315143861-0.3218589879881167j),(0.00019737395498652002+7.298882924925e-05j),3986813186
(-0.723560774624049-0.29643049702635504j),(0.0001610365791796129+2.611499559560201e-05j),3990109890
(-0.7661867805817846-0.25962680819364065j),(-5.151079600516959e-05+4.11026177381218e-05j),3993406593
(-0.800536036847094-0.2209298795858065j),(-0.00012219882974601827-4.787598161505333e-06j),3996703296
(-0.8221135335114474-0.18952460308409327j),(-5.868892975694586e-05+3.1171322024087914e-05j),4000000000
