S11,S21,freq
(-1.4082123886234923+0.34079280961408565j),(-0.0014467341222739502-0.0014301940695200842j),1000000000
(-1.5116496417376228-0.1985382748389441j),(-0.000258611894748089-0.0007952064792724396j),1005000000
(-1.411166983389933-0.5450478638144106j),(-0.00031340999699770554-0.0022518602359524902j),1010000000
(-1.1618602830661626-0.8876532573141794j),(-0.0008641967132890798-0.002220704250997299j),1015000000
(-0.7674560971432007-1.037710653342682j),(-0.0028361867047777462-0.0034883139101982907j),1020000000
(-0.22077875364472221-1.3618951439484193j),(-0.0037244802365200493+0.0008990881193436602j),1025000000
(0.09730421666523913-1.4920374986478364j),(-0.0014925518539081408+0.0011411933031392825j),1030000000
(0.4343963456098021-1.4243549430659037j),(-0.0007610539279817823+0.00042232488140262327j),1035000000
(0.8459066592527861-1.2423531615810124j),(-0.0009960357853048877+0.0005146305817412536j),1040000000
(1.1293240997086158-1.0029814642161659j),(-0.0006296804644326572+0.0003583995112201348j),1045000000
(1.366361845057374-0.6761556479588676j),(-0.0005195874640679667+0.0003100811506683494j),1050000000
(1.4846909893378264-0.278034337117544j),(-0.00017286469541198947+0.00014184564098210312j),1055000000
(1.4848079214865775+0.15665792119132727j),(-0.00022283452193906376+0.00010832822690316806j),1060000000
(1.3975723730977496+0.6010318477373199j),(-0.00016242757355816028+2.682894075806276e-05j),1065000000
(1.1985796202012309+0.9922435022277678j),(-4.71222708179384e-05-3.714469433857348e-05j),1070000000
(0.8950926271712758+1.2929588659295017j),(5.189952811998186e-06-2.8237979721985885e-05j),1075000000
(0.5206783030133647+1.5057491355777466j),(-5.495210314547202e-05-0.0001424431239630266j),1080000000
(0.056033606106465746+1.5446129011701726j),(-0.0001480808746908234+0.00013092333320517064j),1085000000
(-0.4326590397863875+1.5575820870736652j),(8.266714846700246e-05+8.037168896393392e-05j),1090000000
(-0.8536805359855654+1.4067996235027316j),(4.828250985038132e-06-8.680664702813522e-05j),1095000000
(-1.2311422042809008+1.1165713431727213j),(-6.219919222812394e-05-2.688031560324642e-05j),1100000000
(-1.5085514463952165+0.7115412358117819j),(8.584328325696527e-05+3.547004973927048e-05j),1105000000
(-1.6482163837573478+0.2347366592798529j),(-1.0952759608456503e-06+8.457714010610979e-05j),1110000000
(-1.6334585518453528-0.2394901591402804j),(-7.330437595417903e-05+0.0001625792485444364j),1115000000
(-1.4625093204486788-0.7037838917326521j),(-0.00018256830434915696-4.321206550750083e-05j),1120000000
(-1.1837020251943828-1.1004484619804011j),(-3.6215560143202294e-05+0.0001565329114199918j),1125000000
(-0.8129848178334598-1.3802204064617942j),(-0.00020323970835766248+8.528118193247753e-05j),1130000000
(-0.37459279229377007-1.53617320669725j),(-7.115101386107027e-05-2.747100056758212e-07j),1135000000
(0.10786388272786239-1.5057875290634462j),(-0.0003091569523926987+4.528420252289177e-05j),1140000000
(0.6279392712136376-1.3549294076288976j),(-0.00018466659987288243+8.807828834725487e-05j),1145000000
(1.0341941788945763-1.1138996848259437j),(-0.00021444821310755353-1.8117880402593025e-05j),1150000000
(1.35369117426501-0.7707716205578915j),(-0.00014896985129609667-0.0001876301700029147j),1155000000
(1.545836720832545-0.3714416940774223j),(-0.00023118354853033954-8.309809531987745e-05j),1160000000
(1.6076739020327278+0.06102956982789349j),(-0.0002915614840203687-0.00015431543156209357j),1165000000
(1.5365064886055868+0.4968159253725796j),(-0.00013616980500317981+6.936615402363495e-05j),1170000000
(1.3349034591492752+0.8985016926759175j),(1.2093820337808673e-05-0.00011816109273201016j),1175000000
(1.0293109743939515+1.2138256390661246j),(-0.00023025718691146917+5.1363265524399345e-05j),1180000000
(0.6121982902505813+1.4873722661578221j),(-0.00012904662866887906-0.00013902528802671766j),1185000000
(0.19209389295864668+1.5881632976315077j),(-3.639072993844104e-05-0.00011042714322718055j),1190000000
(-0.24647798642508137+1.5709720866221029j),(-7.962063606986786e-05-7.306268038775224e-05j),1195000000
(-0.6730608295227164+1.4416364322992576j),(-6.283366750135767e-05+5.089505221826357e-05j),1200000000
(-1.0277961306991046+1.2064013988204554j),(-0.00011816623122006224-6.231669655649467e-05j),1205000000
(-1.2934827091359515+0.8795384367745063j),(-0.00011686272979567133-2.079245473020613e-05j),1210000000
(-1.4385076504344483+0.5045076299145923j),(-7.673402342027288e-05-2.95659045602923e-06j),1215000000
(-1.4138337725764754+0.13571655732174753j),(-8.692729820511273e-05+3.559216235220193e-05j),1220000000
(-1.1177367746035383-0.23361201783970884j),(-6.106688151451202e-05+0.0002949501390192279j),1225000000
(-0.6679396677291547-0.8630031545506782j),(0.00029019294731750573+5.6151160253080715e-05j),1230000000
(-0.6082839010674702-1.0323687208783126j),(-4.5782002135843365e-05-0.0001585517265448002j),1235000000
(-0.19208455262269505-1.4066824446424762j),(1.2585729245725396e-05-2.24761204072006e-07j),1240000000
(0.20959050684675848-1.4545861589937445j),(-0.00013402770808214638+0.00012995675794292611j),1245000000
(0.602676304571519-1.4485350722581167j),(-3.274434317068027e-05-2.6002949409840526e-05j),1250000000
(0.9730836154028305-1.2508568015838395j),(9.45511913221723e-05+3.2564497819049074e-05j),1255000000
(1.2647018668011216-0.9569439172290995j),(3.925069657665712e-05-1.2663121932992598e-05j),1260000000
(1.4689726985585667-0.5743437366512716j),(7.276155235832461e-06+5.9896646346863046e-05j),1265000000
(1.560282382555874-0.1630369529070087j),(-0.00011654359679104402-1.2563915908100327e-05j),1270000000
(1.5346618403477885+0.2719980829201629j),(9.257126432079601e-05+8.584529449901063e-05j),1275000000
(1.392029290747419+0.6828098380564029j),(-0.00017417266978434618+0.00010961533077447385j),1280000000
(1.1498300121892209+1.046509145560063j),(-6.113134616993183e-05+3.801760212532757e-05j),1285000000
(0.8224494453786801+1.3088987471638236j),(5.016780177855961e-05+9.04345560640831e-07j),1290000000
(0.4272871607267951+1.4912217920356723j),(-5.5992054484252723e-05+6.153800282148734e-05j),1295000000
(-0.08276133518202473+1.4640786150307625j),(2.8663102730341588e-05-0.00013785183086034318j),1300000000
(-0.4777274433497106+1.4755385926428644j),(-6.688125021853017e-05-4.517312796848852e-05j),1305000000
(-0.9003242824480199+1.2897791848878404j),(-6.957074773605768e-05-1.9075296488697535e-05j),1310000000
(-1.1987387343226197+1.0073477156414796j),(-4.431583406597919e-05-0.00027577598636005583j),1315000000
(-1.3862823779172275+0.6527739022627387j),(-7.412675046534548e-05-0.00020094837679953296j),1320000000
(-1.4422438695748738+0.26580856706698086j),(-5.605793901625261e-06+1.2481069811673989e-05j),1325000000
(-1.3746671030005297-0.1364318553532721j),(5.872099277078321e-05+5.0413301745571014e-05j),1330000000
(-1.0891131317344889-0.5195441263052926j),(-0.0004349026929081726+0.0002886818478520263j),1335000000
(-0.8320494021064714-0.9095277454903591j),(9.004231597854944e-05+0.0005552968464338218j),1340000000
(-0.3254400358954252-1.143053901483473j),(0.0013886656081381768+0.00014999792794824442j),1345000000
(-0.16714016061221318-1.34335461043437j),(0.000660467605516531+0.0012395832186620115j),1350000000
(0.12553164210184586-1.3073794883362155j),(0.00047967153595196974+0.0008389474312377039j),1355000000
(0.7746683838713448-1.2449838375910245j),(0.0015800770172991394-0.00025612777316821346j),1360000000
(1.0436491840337425-1.1018728712430816j),(0.0010746544842376328-0.0006328541359003728j),1365000000
(1.2435119125839906-0.7805707301355409j),(0.0006079061615235749-0.0003157296015485163j),1370000000
(1.3971714412741605-0.34327231784689116j),(0.00045800606509202536-0.00027623422887131723j),1375000000
(1.5060101927583789+0.011353567286408997j),(0.0004030922040384539-2.8451645091142494e-05j),1380000000
(1.4301573406671917+0.4802170447011172j),(0.00012122983378414123+4.586480403901092e-05j),1385000000
(1.274759641589566+0.8398604846083824j),(7.66024937036851e-05-7.365125412825355e-05j),1390000000
(1.0135230909413633+1.1628172968372066j),(0.00019044918321000894-6.786404537792628e-05j),1395000000
(0.6386286956240953+1.3352119014541908j),(-7.725516002524484e-05-2.9722183019375362e-05j),1400000000
(0.24588479729537652+1.5418160747768135j),(-0.0002781471968231472-0.00016127040089669277j),1405000000
(-0.15256484008511262+1.553105509591204j),(-0.000259571517447947-0.0001316663540628451j),1410000000
(-0.570046037279983+1.4148942961380475j),(-0.0005926648330417938+4.2399262629959106e-05j),1415000000
(-0.9608877774611319+1.1753752275523248j),(-0.00025245636928097794+0.0002160301497540785j),1420000000
(-1.287523356918091+0.8602896786082294j),(-0.00020693670106199748-0.00014818711330410602j),1425000000
(-1.4776594413690998+0.5004307456154361j),(0.00010938195224509682-0.0002577643799634172j),1430000000
(-1.5403974807276601+0.0869110586675925j),(-0.00012633024625411925-0.0004200872187413339j),1435000000
(-1.4990386156285804-0.33055097324210453j),(0.000348888187132578-0.0005785194564785705j),1440000000
(-1.3367936349269032-0.7006064111302166j),(0.0001912911476047626-0.001059707210523703j),1445000000
(-1.0605782365699892-1.0207736419911433j),(7.976587919073587e-05-0.0015911972631890063j),1450000000
(-0.6882686970547504-1.2480847095665368j),(-0.00023907059953160467-0.0010406346374501043j),1455000000
(-0.33485227888285596-1.3794706220509516j),(0.00023881749476809133-0.0013192068507388434j),1460000000
(0.07065873831052369-1.4004855685496043j),(0.00040655352366629526-0.000893579939960902j),1465000000
(0.4286250756664786-1.289742205665841j),(0.0005620644708192428-0.0012992575168325107j),1470000000
(0.7702355710171325-1.0896939443003981j),(0.0005759720753692567-0.0010388867311039542j),1475000000
(1.0231296657160451-0.8085234528703752j),(0.0006791017547014925-0.0012490165114417307j),1480000000
(1.192673423200166-0.4623326853096404j),(0.0008096731368673723-0.0009166490340783807j),1485000000
(1.2765105453109324-0.07910098631745917j),(0.0006808715068020877-0.0008682543415282822j),1490000000
(1.2491225373034294+0.28023219372810476j),(0.0006949272022273004-0.0008843154384075708j),1495000000
(1.129215463688856+0.5991864160684374j),(0.000498755969355566-0.0005970134179619472j),1500000000
(1.12793871474666+0.6010940813973504j),(0.0003904980716742202-0.0005728789415503066j),1500000000
(0.8811085497347612+0.8148309243828021j),(0.0005419775359922052-0.0004977881491535974j),1505000000
(0.3740232417995903+1.0074550819360115j),(0.00044755627603524067-0.00018809620888888672j),1510000000
(0.024273640422024484+1.3805256506929233j),(0.0004909826970167461-0.0004079066588027876j),1515000000
(-0.0760494130879874+1.2754034877076021j),(6.910828270993843e-06-0.0003968190431105074j),1520000000
(-0.659659223499249+1.2712547988892569j),(-1.075208333137686e-06-0.00015434388303750242j),1525000000
(-0.8554317809573448+1.0882207267552841j),(-0.0003251816064570338-0.0001679711108124103j),1530000000
(-1.1186293292083016+0.7221184833465014j),(-0.0001944098518602581-8.212165362989688e-05j),1535000000
(-1.1937257909410945+0.4976572751070112j),(-2.9582089885803647e-05-0.00045463798996110835j),1540000000
(-1.1895459124753374+0.2118386207203561j),(-0.0002729411677030933-0.0006783923497404949j),1545000000
(-1.0790587837612322-0.07061289012983728j),(-0.0004120406857072341-0.0010160584667564443j),1550000000
(-0.8420751107323156-0.3162917806013006j),(-0.0009597622661795885-0.0010642615358739593j),1555000000
(-0.5332507990113292-0.6370135403718851j),(-0.0012259623661762808-0.0006702914519443342j),1560000000
(-0.4158605699600903-0.8466999850692942j),(-0.0006270550572833064-0.0004769726269863358j),1565000000
(-0.10447474385088104-0.8710077796411587j),(-0.0007087583572963834-0.0004963192477556015j),1570000000
(0.1333703395948139-0.8393240474509651j),(-0.0003580001745599041-0.00039848067419195654j),1575000000
(0.3278277478971936-0.7270216802051128j),(6.567958982400158e-06-0.00021469047640003164j),1580000000
(0.4762894098276555-0.5651360623754934j),(0.00024882293465510667-0.0005040744201678568j),1585000000
(0.5948874994572174-0.3276570178090108j),(0.00012575498909226756-0.00041674737733756514j),1590000000
(0.6789342427111982-0.09476634375083057j),(0.0002322825861440758-0.00034888317534970603j),1595000000
(0.7645215702795239+0.10219359147794439j),(4.3705524894598756e-05-0.00017009878037530337j),1600000000
(0.6804415387104185+0.20453926968277045j),(0.00022125883128068283+6.456898166751608e-05j),1605000000
(0.534286833145865+0.3075185197620758j),(9.329846392901489e-05+6.009640337779063e-05j),1610000000
(0.36530583629144586+0.3607154230058388j),(-0.00013121639519184428+0.00022732409449308146j),1615000000
(-0.021480104508344734+0.5097539224366826j),(0.00012316230965075988+0.00026684225237120753j),1620000000
(0.15588224877069276+0.5524146846383682j),(-0.00043246461640911-0.0002541124219150901j),1625000000
(0.07172962258216008+0.3587311897235294j),(-0.0006927283410934406+0.00011014289462081256j),1630000000
(-0.022051174023206103+0.17837473161580392j),(-0.0007596153600145418+2.2641109408421082e-06j),1635000000
(-0.023990595734726426-0.005152716920518651j),(-0.0009466892736537545+6.45413139859088e-05j),1640000000
(0.02324563988258429-0.2163209194624728j),(-0.0011777050752893692-0.0003029391720761337j),1645000000
(0.12014717518276229-0.40739088299274595j),(-0.001309530951295549-0.00031516247803804027j),1650000000
(0.27114005464111257-0.5372194387262118j),(-0.001714141823895034-0.0004528660678245204j),1655000000
(0.45158693820237006-0.5633026365798943j),(-0.0014179596077453416-0.0005813804480535473j),1660000000
(0.6478313169337359-0.6106476283817365j),(-0.001836026552270464-0.0004099302497354738j),1665000000
(0.798243547751609-0.43963437160717733j),(-0.0012993978609476863-0.00021684906798207735j),1670000000
(0.9591118193731926-0.3208745460616724j),(-0.0009653714058793321-0.00015293776865221855j),1675000000
(1.1284686961899146-0.04993780917707516j),(-0.0009682135437633999-0.0005717069633826096j),1680000000
(1.2328483085996778+0.203681775296181j),(-0.0010025704671947592-0.000611700952052217j),1685000000
(1.2070166345977726+0.44900788616169346j),(-0.0009244246476335826-0.0006546880784013067j),1690000000
(1.078463813923253+0.7348725310690818j),(-0.0008195168760531807-0.0004188237361045356j),1695000000
(0.9002232816194511+1.0718177873994486j),(-0.0006115982713651683-0.0005069339252183992j),1700000000
(0.6773689951272344+1.2766998304847272j),(-0.0005305002539866572-0.0006094898480100423j),1705000000
(0.3912689003504659+1.391223511047737j),(-0.00034285327794082287-0.000305136898209106j),1710000000
(0.0465837980271484+1.5230049255070133j),(-0.00029371759481180835-0.0003251065905458186j),1715000000
(-0.3520155430618524+1.5201459891409546j),(-0.00021854280976258187-0.00035711090713090777j),1720000000
(-0.6813226373553806+1.4397969524615568j),(-0.00011727624694175724-0.0003178009115131872j),1725000000
(-0.9582687745322073+1.3136000152467753j),(-0.0002451556488457392-0.00018966840541932982j),1730000000
(-1.029173551859595+0.9426450402268401j),(-0.00034981779023007136-6.135697786956566e-05j),1735000000
(-1.2218315189889986+0.40624304487636403j),(-0.00016397782628823525+0.00020084114136724443j),1740000000
(-1.6001419328627824+0.00950395307049904j),(-0.00019732010962853454-4.248712472481414e-05j),1745000000
(-1.5708287484114503-0.26216349728152516j),(-2.9644450927261147e-05-0.0001723520987360516j),1750000000
(-1.3596730763330227-0.6481119139453927j),(-0.00033881280548706455-0.00010294177361528377j),1755000000
(-1.228236523540827-0.9302806388908581j),(-0.00034770039848247515+1.4631099044096179e-06j),1760000000
(-0.9974079465185498-1.0185512294769705j),(-0.0002498559897855553+4.612801446484515e-05j),1765000000
(-0.09760744369066889-1.1564624228541946j),(6.04309367443188e-07-0.0005375516034689542j),1770000000
(0.24789444949672054-1.4684653574608884j),(-0.001221068438043344-0.00014796746206352445j),1775000000
(0.4782846897044154-1.4320538511266858j),(-0.00040612675704323835+0.00034688627038315876j),1780000000
(0.7242253795312351-1.2623810914164937j),(-0.000383601603032645+0.0003323080950662183j),1785000000
(1.0822112722359203-1.0830345291786616j),(-0.0005436016333764166+4.8677833149844886e-05j),1790000000
(1.206511422121323-0.8172380342145549j),(-0.0005950948347772014+0.000654935814175392j),1795000000
(1.2766451155742293-0.38257001786679706j),(-0.00015831119405181862+0.0009223139549042439j),1800000000
(1.4046508048780753-0.04104799251186601j),(0.00031666769110924055+0.0006123359369581479j),1805000000
(1.3042002870459568+0.1941043509201668j),(6.480313993486451e-05+0.00012514046908287328j),1810000000
(1.051822531277778+0.48000032203547527j),(7.313920073691177e-05-0.00014840702165084768j),1815000000
(0.8822074479345237+0.6412426729714257j),(-8.206506419610767e-05+0.00028935628075842595j),1820000000
(0.4833047757582353+0.8206916004406328j),(0.00021376521686250816+0.000554784254890015j),1825000000
(0.0286442398439981+0.9401391526624645j),(-0.0003645811539573812+0.00014334265471674954j),1830000000
(-0.4415948453973529+1.05202891037234j),(-0.00029656026195290963+0.00039841951439895687j),1835000000
(-0.6570922052583178+0.9861173173161412j),(-0.0004449928958617037+3.9686938145201666e-05j),1840000000
(-0.9117913898759895+0.8435166469177573j),(-0.000703226147740547+0.0003140458272008817j),1845000000
(-1.1630126977067317+0.6684375396779348j),(-0.0004277743158299814+0.00041214685522102145j),1850000000
(-1.2267369638212777+0.5034396951937904j),(-0.000129528094810006+8.613817091308591e-05j),1855000000
(-1.2229992089509982+0.21817573315566816j),(0.00015233917458921806+0.00023770674974765758j),1860000000
(-1.159750820747786+0.043311560760138194j),(0.0002035665615573491-0.00010798861218951779j),1865000000
(-0.9064036663148933-0.15234258883839796j),(-6.974502833927387e-05-0.00014698610635363612j),1870000000
(-0.6041040428160824-0.2469301669185047j),(0.0006021961816368063+0.0004937539214275957j),1875000000
(-0.20267642061363286-0.4223012321638743j),(0.0016367268827441408+0.0002583980108561229j),1880000000
(-0.0072809515786534645-0.5183898460546266j),(0.0015294815759488228-0.0008488589298754067j),1885000000
(0.16669679487207362-0.4325673824096317j),(0.00128683359105392-0.000764319664253433j),1890000000
(0.36755975447021955-0.3474853773346816j),(0.0009689408701103494-0.0010755729443732596j),1895000000
(0.5054689338134428-0.183239411995216j),(0.0008941208393675406-0.00046551452612066883j),1900000000
(0.6134287102599-0.040332438959556745j),(0.0013493576846266482-0.0002390124468987162j),1905000000
(0.5474895105985874+0.024453377872128562j),(0.0017715584478531752-0.0005295083886958522j),1910000000
(0.3813896979754101+0.26276623615540184j),(0.0014105698544128863-0.0002650840322887187j),1915000000
(0.27880288347160437+0.6376848968736983j),(0.00048170042164959203+0.00014730214444793444j),1920000000
(0.3892665411571106+0.61406935390117j),(0.0015102858697405364+0.00018649279250310176j),1925000000
(0.178581529586249+0.40665459990881064j),(0.0013183945687053585+0.00020163235049894935j),1930000000
(-0.08170790384093216+0.36182557404600424j),(0.0014775540307947037+0.000201281672218871j),1935000000
(-0.2681644234527037+0.19807330589225258j),(0.0010079700892638307+4.458808247477845e-05j),1940000000
(-0.45726197313976175-0.01327535633472851j),(0.0004383215583697542+0.00022128078576743552j),1945000000
(-0.565255408505134-0.22600973652019948j),(0.00034696038973540513+0.00031395943632751816j),1950000000
(-0.6122581429909529-0.4180483212542638j),(0.00012294345668284717+0.0004127566047776321j),1955000000
(-0.5266580995718817-0.5846915260569984j),(5.5054144615182634e-05-2.5158574871657285e-05j),1960000000
(-0.28668646942234416-0.5846630091492503j),(-0.0005368811129100498-0.00017377745753639588j),1965000000
(0.09272467188534839-0.8598959086166174j),(-0.0004131803878307825+6.826634261676848e-05j),1970000000
(0.3858414014766025-0.9352502986476325j),(-0.0008703958207758684-0.0004896198267913392j),1975000000
(0.6931910689778101-0.9741413669078872j),(-0.0009164843100187407-0.0004656061571775112j),1980000000
(0.9382638456419485-0.8893257086248193j),(-0.001037065092038766-0.00046225920706912326j),1985000000
(1.1450287172341975-0.7099121347520355j),(-0.0008719146477311885-0.0005226561191807515j),1990000000
(1.2966029439677647-0.4497626727910681j),(-0.0006334617346116771-0.0006206506252708857j),1995000000
(1.3652304046225148-0.14862848194819211j),(-0.0004362597166997509-0.0007345574597076923j),2000000000
(1.3656199740803903-0.15040589562251233j),(-0.0002812949707305078-0.0008680743375155543j),2000000000
(1.3128919734846634+0.13875354725591146j),(-0.00043971270358327-0.0009296518839363058j),2005000000
(1.180632758408575+0.47567190000075527j),(-0.0001686567489608719-0.000675646534341554j),2010000000
(1.0075000910124083+0.7634474828057731j),(0.0002695486855764634-0.0010237639858098467j),2015000000
(0.7395271336687669+1.004990253037688j),(-0.00011026055261613654-0.0007999461764151881j),2020000000
(0.38557313971616847+1.1980523819823015j),(0.000688019714072562-0.0005812630067187469j),2025000000
(0.07355419499667169+1.2506517430387687j),(0.0006555248779647796-0.0007742575233793163j),2030000000
(-0.356870374224449+1.1631949085797164j),(1.0215673884939458e-05-0.00042758032815211995j),2035000000
(-0.7781113423682968+1.2765374342410174j),(0.00027914930998166823-0.00039283459102813415j),2040000000
(-0.862248684159937+1.0375099678799198j),(0.0002606981060799049-0.0001461652956146119j),2045000000
(-1.1327308910888383+1.0708991370905978j),(0.00017617584367114113+2.0553011056987958e-05j),2050000000
(-1.242726658316687+0.7069075493996143j),(0.00018869880592678888-0.0001785177561913947j),2055000000
(-1.1754498032305107-0.056752406892568205j),(0.00013101640753276567-1.420538394596452e-05j),2060000000
(-1.3484444704913867-0.5922455039097j),(-0.0002247178657125551-2.2838412851254852e-05j),2065000000
(-1.417198956955045-0.8421335961905737j),(-0.00011058725629277828+6.5413970922725e-05j),2070000000
(-1.134591269881652-0.9828319554972905j),(-6.742288778033868e-05+0.00033436821639183775j),2075000000
(-1.0161741742239498-0.9002892285145301j),(-0.00030532510771973245-0.0002671494065626884j),2080000000
(-0.19021148662911194-1.1850929061232869j),(-0.0005510472006579559-5.079521884814394e-05j),2085000000
(0.09254489149402152-1.4144784886829829j),(0.00011725972935049054-0.00033893724557853096j),2090000000
(0.37307163228681595-1.2104038239935233j),(-1.5604127585179294e-05-0.000748276905168873j),2095000000
(0.8222878203112731-0.9687945979949721j),(-0.00010424407788766282-0.000906639095060058j),2100000000
(1.1159311620170955-0.8308744990861905j),(-0.00022470228770745944-0.0009813951521344259j),2105000000
(1.3634145005363978-0.45606122134949034j),(5.3292776371372455e-05-0.0008574916614203873j),2110000000
(1.4740550384909281-0.28624901036288847j),(-7.072524584409427e-05-0.0013864069589535435j),2115000000
(1.3897016442591819-0.1667715482332937j),(-0.0012128502006000961+0.00015997824051951478j),2120000000
(1.0568835421695415-0.02789646995484331j),(0.0006039434690398245+5.915761664734292e-05j),2125000000
(0.5315844864590902+0.2256703753372153j),(0.0009040335955641501+6.15002408151321e-05j),2130000000
(0.1556445662212159+0.6697602117702813j),(0.0013605380684035319-0.0005143761120695035j),2135000000
(-0.06800183408901538+0.7220019004069478j),(0.0012284236598018897-0.0009142874784624218j),2140000000
(-0.47675098170384056+0.657615742360241j),(0.0006168166065401349-0.000858959653484253j),2145000000
(-0.896570734771236+0.6192815661601951j),(0.0006309012646695928-0.0006531365010558743j),2150000000
(-1.0494416661977577+0.4644761773679378j),(0.0005107126137355768-0.00032652633306965155j),2155000000
(-1.0123868171167425+0.10278423433744259j),(0.0004112265416731156-0.000447356002394057j),2160000000
(-1.302575515145247-0.3381988237743169j),(0.0003240829873646612-0.00020111212996153777j),2165000000
(-1.2533270692548761-0.7437006042226967j),(0.00019498947165547126+0.00012744634518434305j),2170000000
(-1.0937313952397785-0.9653596361102952j),(-0.00010215423388600129-0.0004552398966198247j),2175000000
(-0.6236072560957278-1.3794995008972326j),(-0.000158834278314727+0.00011260423524155445j),2180000000
(-0.3884519915195745-1.6085618628078293j),(-0.0004459992740600883+0.000365215089586174j),2185000000
(-0.0024123537386434046-1.5400066993038775j),(-0.0006840972519368213+0.0006887927486741257j),2190000000
(0.6059168384837498-1.318212440951418j),(-0.00017861853098578742+0.00014344112941817467j),2195000000
(1.0736424610172344-1.2532308383025734j),(-0.00026011998267571387+1.897823611327066e-05j),2200000000
(1.405198893156939-0.9777187790249332j),(-0.0003697777752546997-0.00016259221455448838j),2205000000
(1.6102343831365498-0.6434647731877301j),(-0.0002738555680875064-0.00020635554933321384j),2210000000
(1.7244876277245604-0.21713111496591644j),(-0.00023724552290139926-0.00028080956455072136j),2215000000
(1.7153756629746162+0.15509098005944782j),(-0.00019561757313627263-0.0005961916449850336j),2220000000
(1.4798358203049702+0.42139747473309097j),(1.3669840526195351e-05-0.0007871641066971928j),2225000000
(1.0571420671809122+0.7674812680523908j),(-2.0150348510807604e-05-0.0007210581217712917j),2230000000
(0.7205937464444377+1.1950100529704741j),(5.161183423781978e-06-0.001018389374420497j),2235000000
(0.3561405251285543+1.3716815579494583j),(3.911746114263944e-05-0.0012866013377406114j),2240000000
(-0.04981670152775956+1.332281522900479j),(-5.837201965834718e-05-0.0008561146340390786j),2245000000
(-0.6283455273119622+1.2525365905410317j),(0.0004180796648843216-0.0009470156435012618j),2250000000
(-1.0901340456830626+1.1686157116345917j),(0.0005802092344586534-0.0009829849338187575j),2255000000
(-1.3986053046615523+0.8428291517992196j),(0.0007850116158496438-0.0008317903942452633j),2260000000
(-1.6709952024865915+0.515069977865617j),(0.00043976437169873986-0.0007933692203516068j),2265000000
(-1.7987804724608034+0.07628888780576425j),(0.000358936561631141-0.0004699702935740826j),2270000000
(-1.7992710012633328-0.34360660499164497j),(0.0002465455411269202-0.00029171997429479986j),2275000000
(-1.557640723756181-0.7819996333430729j),(0.00017500202758933056-0.00011954559824783884j),2280000000
(-1.312055222946022-1.1109261457128081j),(-0.0003105792958202359+0.0005149744529827373j),2285000000
(-0.5584956913160016-1.34093899391261j),(0.0004233946423034902+0.0008918020194286471j),2290000000
(0.00024009538655688737-1.7494707200662978j),(0.00013787006251827894+0.0002568488929706628j),2295000000
(0.5095505553734675-1.707265083074634j),(-0.0002671231860666401+0.0002762185646919912j),2300000000
(1.0012626496242405-1.554686286604649j),(-0.00014372362231829928+1.6097211515994378e-05j),2305000000
(1.3638084227399838-1.2521881003075124j),(-0.0006846527648222667+9.10559362408365e-05j),2310000000
(1.5555431806941904-0.6912268410136032j),(-0.0006318759067128343+0.00013684294374739176j),2315000000
(1.8340305552445866-0.1360320335551908j),(-0.000875339142688345-0.00043577749135734656j),2320000000
(1.796148103680075+0.2742146154741149j),(-0.0012224896873302678-4.041014920501495e-05j),2325000000
(1.6378108308817374+0.8550015245463523j),(-0.0006755611484335505+2.5285788947386502e-05j),2330000000
(1.3044501875999017+1.2423801924047835j),(-0.00048208337534712573-0.00048792703922982575j),2335000000
(0.9196533501466271+1.5761342215848488j),(-0.00045760733351788736-0.0009483929465691982j),2340000000
(0.4580918865184289+1.718198733141991j),(-0.0007597290621733564-0.0007083432658630685j),2345000000
(0.008968256490680428+1.8375161465821128j),(-0.00012928582362705423-0.0005632186588120435j),2350000000
(-0.45646889579522726+1.7656865018579628j),(-0.00033577623662908273-0.0008132889145440821j),2355000000
(-0.94228893351786+1.5268728416783386j),(-0.0003381027148600671-0.000267845300856937j),2360000000
(-1.3955850861785555+1.253662425965263j),(8.692195176326339e-05-0.00021085934355229602j),2365000000
(-1.6795403138537528+0.8911089365448773j),(0.0003306969451015391-0.0005113576983708912j),2370000000
(-1.8149996784264424+0.41343293856952934j),(8.670921694417904e-05-0.00014618570142360012j),2375000000
(-1.7728596974047746-0.1382901710857273j),(1.7493426242469797e-05-0.0003196774422874055j),2380000000
(-1.6600056613984087-0.7020516033226826j),(-1.161111209508416e-05+5.979228014316729e-06j),2385000000
(-1.4591252690603826-1.2094071484517168j),(0.000138097040105451+0.00019403376968991004j),2390000000
(-1.1470109985094217-1.5966296019389783j),(5.469955841288993e-05+4.222802296105973e-06j),2395000000
(-0.7046754578308605-1.8712012844701873j),(-9.95298396972925e-07+0.00037677326850139533j),2400000000
(-0.1199461386220152-1.8664701725284658j),(-0.000380363925510656+3.212350504204349e-05j),2405000000
(0.4884283278885676-1.899811527565859j),(-0.00016601351963582827+0.0001718797765314464j),2410000000
(1.0030776871324367-1.7111167034055217j),(-0.0002271784970900848-6.875389449327505e-05j),2415000000
(1.4535214858700594-1.3553241505639753j),(-0.0003255353209684656+2.5328736775470825e-05j),2420000000
(1.7601107321346363-0.8687603634407793j),(-0.0005346152276852471+9.732309673514224e-05j),2425000000
(1.9306824985658522-0.35526852098252826j),(-0.00027100524023752334+0.00021828816537122428j),2430000000
(1.9613121293249685+0.18808518411179562j),(9.914632410668133e-05-0.0006757185481738178j),2435000000
(1.8028496019869067+0.7468075211291166j),(-0.00012696588748639778-0.000544719813033593j),2440000000
(1.4899197871655172+1.2593959537675778j),(0.00044012751523748-0.0005731875350534979j),2445000000
(1.1370679896453229+1.6450330142908303j),(7.792031396127182e-05-0.0010408757484184545j),2450000000
(0.6433618394897379+1.8608050661518802j),(-0.0004292582347131202-0.0006771598432857457j),2455000000
(0.08251201530663564+2.0050654059310764j),(-5.022009040814448e-05-0.00048430137813054545j),2460000000
(-0.43387278395095186+1.9513893065103167j),(-0.00046564998376322854+9.829617295765853e-05j),2465000000
(-0.9295175304024997+1.7462427187570426j),(0.0011509284289000369+0.0002478010293287961j),2470000000
(-1.4600141768934665+1.4694247280226593j),(-0.00010512340541631567-6.497490132836237e-05j),2475000000
(-1.747686265788325+0.8763563525323612j),(0.00026421620692787415-0.0004876254656886063j),2480000000
(-1.9813910307344564+0.2971017200437715j),(0.0011241396611944955-0.0005121249973537468j),2485000000
(-2.044563424229894-0.2693029601168232j),(0.0002971439502082494-0.0005235275177926704j),2490000000
(-1.9233996249838565-0.7880964281001748j),(5.1408370606190884e-05-0.0003086702924611389j),2495000000
(-1.5838240131369106-1.2839907394202668j),(-3.71113162786252e-05+0.00028693834558420306j),2500000000
(-1.602180693953761-1.268314963685216j),(-0.00019647913570624006+0.0002987402441136084j),2500000000
(-1.2190258348548468-1.6219401163086873j),(4.823789678034338e-05-0.00017385716793913786j),2505000000
(-0.607756789659233-1.754570048072471j),(-0.0005114614193639755+5.604420400018767e-05j),2510000000
(-0.035375196836748744-1.9703023934893953j),(-0.0009825929189934606+0.0012554428301169147j),2515000000
(0.4653861476957315-1.804636581023099j),(0.0012354014510057847+0.0007257726582171444j),2520000000
(0.9749989591634058-1.3460320047692893j),(9.976734864819592e-05-0.0004728105896295362j),2525000000
(1.3986390513564453-0.8763799598913677j),(0.0006622095007955421+0.0007478505924029154j),2530000000
(1.6292697852885283-0.4054642802707373j),(0.0009642002295817012-0.0005624310995632084j),2535000000
(1.8664048045105015+0.03512677127238579j),(-0.00030941441348818053-0.0005720384024914776j),2540000000
(1.7367184163702027+0.514665389325829j),(-0.00043051174959290615-0.0002464548394990185j),2545000000
(1.5602908099300647+1.0279949049780315j),(-0.0002133934583174653-0.0009066573491770085j),2550000000
(1.2822693339339322+1.4282435302672716j),(-8.257207291532877e-05-0.0008116478088103522j),2555000000
(0.841421347505687+1.7191625571952611j),(-0.0006668891268052086-0.0011287303470989846j),2560000000
(0.3743304164806559+1.8586573599508824j),(-0.0002586359060414796-0.0007129168544870469j),2565000000
(-0.23802066093803825+1.8994158401893364j),(-0.0010166960001416602-0.0006497454867328779j),2570000000
(-0.7213348105275135+1.8556745538235135j),(-0.0005899188024117999-0.0007111895789320998j),2575000000
(-1.0756735601330596+1.6165705785539222j),(-0.0007473270958744178-0.0010836728918519705j),2580000000
(-1.545603538659282+1.2474037027998535j),(-0.0006325021309802306-5.545895624687469e-05j),2585000000
(-1.7397037598445315+0.73167408191924j),(-0.0007420176452705888-5.51756436746544e-05j),2590000000
(-1.9342715853804398+0.13529878424252129j),(0.00039075664141180065-0.00032646137773928625j),2595000000
(-1.9472046242848804-0.3466948543849158j),(-0.00025309445896626326+0.00033534984818174465j),2600000000
(-1.7424525050605655-0.9794966224129285j),(-0.0010795170226162673+4.6297875654512625e-05j),2605000000
(-1.3242691286459438-1.3845510156640868j),(-0.0005558355403412499+0.00041279788186090744j),2610000000
(-0.8250293228539595-1.8208668989992975j),(-0.00033393207410442523+0.000860533555289153j),2615000000
(-0.27906420764677264-2.061057067817643j),(0.0001386440247979642+0.0012081530093704573j),2620000000
(0.26946152234386966-2.0633493324556964j),(0.0004397571927174588+0.0008500597309933303j),2625000000
(0.912975405904207-1.761892239175363j),(0.0006635366418712866+0.0012394481572203288j),2630000000
(1.3887787068228192-1.3854804599160404j),(0.0014105987833891768+0.0009746943842989343j),2635000000
(1.7009479392472158-0.6596108024523866j),(0.001433357849716456-0.0005493749923114445j),2640000000
(1.8989714031471203-0.20997748566404267j),(0.0008402665415127465-0.0016785101280743769j),2645000000
(1.88670849990062+0.3985087436101114j),(-0.0027377890324232304+9.820821908637737e-05j),2650000000
(1.705910959316667+0.971518633911791j),(0.00024493169785456986+0.0017969611756275057j),2655000000
(1.413207205532005+1.3404270340861983j),(0.0022341228942300375-0.0009317953681962801j),2660000000
(0.871192446889873+1.6666977845501096j),(-0.0012117068757478905-0.0009064716970752491j),2665000000
(0.41459007851956003+1.925763978177053j),(-0.0007843872229458973+0.00024197098645394125j),2670000000
(-0.10876445501836932+2.005466918979552j),(-0.00012954509673888817+0.00037820142027584667j),2675000000
(-0.5847865316772474+1.8601220228362536j),(0.00048707110022013005-0.00018578051765921148j),2680000000
(-1.0780975405999709+1.5935348337962685j),(0.0004388547719631817-0.0003574864197439092j),2685000000
(-1.531777497532032+1.2581753283439776j),(0.00011873886889124053-0.0005344249111384735j),2690000000
(-1.8521027643743069+0.8033658685704969j),(0.0005185533813193495+1.88191267597275e-05j),2695000000
(-2.006432103766297+0.3065589664450571j),(0.0004029345513559173-0.00026687919539276564j),2700000000
(-2.034614277148453-0.2350941555610122j),(0.000722754175906344-0.0004102296734590948j),2705000000
(-1.878789596330612-0.7830767011732923j),(7.611287676189175e-05-0.0006418264445413392j),2710000000
(-1.4971522350986404-1.3162897555654252j),(0.0003487986946393135+0.0003604776181086887j),2715000000
(-1.1181458134435311-1.771770361325771j),(0.0005281541268717272-6.97933016510585e-05j),2720000000
(-0.5364850258737077-2.0069626521881294j),(0.0003131619338651497+0.0003602483807715978j),2725000000
(0.0894453115048662-2.1151682845692226j),(0.0006288084270918666+0.00020812872050987374j),2730000000
(0.6800702283200977-1.9838058544962696j),(4.982864903810438e-05-0.00019815814502887594j),2735000000
(1.1143100000547104-1.63104291081586j),(-8.652182734242992e-05-0.00013291166361854108j),2740000000
(1.760197000565322-1.1860420065683794j),(-0.0005028532452315197+0.0003183533284404377j),2745000000
(2.0336645369307007-0.6786568179310568j),(-1.5146040903023929e-05+0.000186457459842448j),2750000000
(2.0543220516027056-0.1016382695612301j),(-0.0004249670537587377-0.0005760749412708117j),2755000000
(1.9274428746371102+0.5240325933792456j),(-0.0005593739762200691-0.0002532113041041602j),2760000000
(1.7144821452438792+1.066483683211023j),(-0.00039299878793420896+0.0001390643385953847j),2765000000
(1.263764371680278+1.4261404076790984j),(0.0001730324422699142-0.0005092810332001248j),2770000000
(0.7241753792935646+1.9146354186606171j),(-0.001094677857519772+0.00021798629470150407j),2775000000
(0.30969941390608396+2.0570880856283273j),(0.0005096810292107154+0.0010032096450232199j),2780000000
(-0.22696468465448108+1.9575652894837472j),(0.0010041706658128408+0.0003780520739484402j),2785000000
(-0.8192515647321635+1.804820042997963j),(0.0007147853525167915-0.0009986336275743103j),2790000000
(-1.2475307761920804+1.4848972762454185j),(0.0003741190462445852-0.00018883914995247052j),2795000000
(-1.5766888703899704+1.106621456197294j),(8.456726366259621e-05-0.0005960485072296653j),2800000000
(-1.6138370588658661+0.3977616922740153j),(0.0004476416145787532+0.0001180412542346099j),2805000000
(-1.8821702370728353-0.2133484348489065j),(0.00010886393963284704-0.00016986339875587126j),2810000000
(-1.8252184741513633-0.7597930356478891j),(0.0022432038658259184+0.00028156130835360437j),2815000000
(-1.6704808010155514-1.2045282934109294j),(0.00042261405992244643-0.0006161413994457849j),2820000000
(-1.2576028984093064-1.5840561506936088j),(-3.189687405957732e-05+0.00017452263348428714j),2825000000
(-0.8890516829918086-1.9228722730141128j),(0.00023637637652583173+4.049536660956567e-06j),2830000000
(-0.33237804756215256-1.9773888537590607j),(0.0006144341937321364-9.919531550827784e-05j),2835000000
(0.2870242134715355-1.8535867088878166j),(-0.00016203881236426227+2.3877104875813073e-05j),2840000000
(0.6760150424426163-1.5965705868461593j),(0.0007389248882424593-0.0003482897843356034j),2845000000
(1.3119207500116865-1.0235326168022725j),(-0.0012250956685698922-0.0006526380563854323j),2850000000
(1.7511778771460005-0.6532354927543187j),(0.00014056196224368042+4.3596816069676455e-05j),2855000000
(1.9439235131268249-0.2694056753000078j),(-0.00034461159788645734-0.0003173109116931665j),2860000000
(2.013738136977511+0.2307813236541104j),(-0.0003230154736151878-0.0004074757405996848j),2865000000
(1.7917528437700347+0.7211618280793478j),(-0.0008908672813737332-0.0005661070454592149j),2870000000
(1.557171266517495+1.2335273713902346j),(-0.0007092064050409084-8.64028466844419e-05j),2875000000
(1.1825788226584693+1.4673707394782995j),(9.691596819320159e-05-0.0008106786787575476j),2880000000
(0.6983794665267622+1.6602132843702866j),(-0.0003002754027357831-0.0009057805086923001j),2885000000
(-0.07824979652280867+1.620441446208687j),(-0.0006457300683771161-0.0007466735010738045j),2890000000
(-0.6169095938282063+1.880989495020456j),(-6.921822421730076e-05-0.00040288084811260206j),2895000000
(-1.0802601756148937+1.7536329507278057j),(-0.0003578252021678223-0.00048565337863000735j),2900000000
(-1.4304612602691702+1.4559630609349534j),(-0.00029866356779055926-3.8134037523315324e-05j),2905000000
(-1.8088178176211833+1.0881273096949189j),(0.0001694110246420678-0.00021978917736913074j),2910000000
(-1.999439577690001+0.5589146272563983j),(9.569440892177851e-07+0.0001113109878347374j),2915000000
(-1.9370238802617517+0.12773128161250447j),(0.00012594297697223194-0.0004170505496023473j),2920000000
(-1.8928236059539085-0.518417456673571j),(-9.842236306780138e-05-0.00012531211480628127j),2925000000
(-1.4076487247193288-0.9580983190645521j),(-0.00023708176713282524-0.00023900843061017875j),2930000000
(-0.7305763532254899-1.4516117098280998j),(0.001330210420586875+0.0011187047186174575j),2935000000
(-0.3096172272687463-1.9617689269170169j),(0.0009545235057060055-0.0002469248313772841j),2940000000
(0.2677846273077228-1.9747024402730469j),(-0.000669513992268888-0.0003341517931565142j),2945000000
(0.8720394814556964-1.8389157303818893j),(0.0015065418724142083+0.001171192147597073j),2950000000
(1.3263257687366006-1.5797204590733367j),(0.00046415243836392546-0.00011802995743267022j),2955000000
(1.6434508996525437-1.1000311770576714j),(0.00012802864658261235+0.00024365935443910875j),2960000000
(1.9188389962406625-0.4688893018209797j),(0.0007170134263223957+0.0007597143220047209j),2965000000
(1.8842049178195868+0.08305332204096384j),(0.000160240887356399+0.0008232622901250248j),2970000000
(1.8392855162879775+0.578382024168387j),(0.0016948849386347843+0.00060765791622489j),2975000000
(1.5211771356501715+1.1194022781402837j),(0.0007866453526006584-0.0007058124756578377j),2980000000
(1.1844443577990482+1.4988771255935824j),(-0.0001484099172154806+0.0005653585299262566j),2985000000
(0.6912398920519864+1.721257278141739j),(0.0005142328687754542+0.0008978185303644429j),2990000000
(0.10997517359169671+1.9187741753076664j),(0.0004056105196483992-3.249742568907009e-05j),2995000000
(-0.36724206103495194+1.9384752043273548j),(-0.00010518052830689494+7.159626378851438e-05j),3000000000
(-0.3261238972086663+1.9455048452701391j),(-0.00013625047988229084-0.00015035551621501813j),3000000000
(-0.7268318648098543+1.8638694678526535j),(-9.518164340893629e-06+0.0001174531820206794j),3005000000
(-1.1081053563934529+1.5362385322762608j),(0.0005388215111295599+0.0004916635303892834j),3010000000
(-1.314179596925683+1.1073445053394513j),(0.00016689247885274565-0.000511223186716565j),3015000000
(-1.6741330362821303+0.5746466705041585j),(-0.000531692865716401+0.002821385452671177j),3020000000
(-1.7444857099721918-0.1487902429854362j),(0.0011114687324824267+0.00031327164105437587j),3025000000
(-1.8793895460700418-0.6201032123184478j),(0.0002138026294089608+0.0011084306594072394j),3030000000
(-1.6970198747737297-1.076917890539813j),(0.0009114933080304302+0.0009627791612448508j),3035000000
(-1.3600003673466639-1.5233464094596776j),(0.00046468464130749245+0.0006508577148078205j),3040000000
(-0.9887433880412779-1.6206780062125794j),(-0.00042103522259057113+0.0001544390386302696j),3045000000
(-0.18656837069742052-1.2895071410043346j),(0.001122557036209544+0.003300030828945293j),3050000000
(0.8688733854611331-1.579539665552655j),(0.0004908210557419892-0.0008802654448609305j),3055000000
(1.2624698391008402-1.318902912351036j),(-0.0005559146305221649+7.13773681446579e-05j),3060000000
(1.7821408390601063-1.047659619414304j),(-0.0011878861736907315-0.000937923597186813j),3065000000
(2.0518452064045483-0.3528525176451052j),(-0.002284781285350843+3.7352380237859744e-05j),3070000000
(2.1392616255338757+0.13082652454588367j),(-0.0011632292717445403+0.0014560080054705274j),3075000000
(1.9998077859306533+0.6285475471209452j),(-0.0012412381037665294+0.0010579522778467187j),3080000000
(1.674696930100713+1.130522109359847j),(-0.0002238744511920215+0.0007871168851344224j),3085000000
(1.3169533881363957+1.5793355199401233j),(0.0009046562041961678+0.00088975629404943j),3090000000
(0.895793801880204+1.807511842748459j),(0.0005007285097417556-0.0018623853506351702j),3095000000
(0.33617177822224625+1.919160559600407j),(-0.0010338574472668423-0.0013691965702336737j),3100000000
(-0.08877107911726682+1.9280289414885041j),(0.001311098037413424-0.001018004210549099j),3105000000
(-0.4969721622207594+1.5496725609600366j),(0.0006034861746924885-0.0010941955066521138j),3110000000
(-1.1493155989752868+1.3388939144994452j),(-0.00043807056068186393-0.004858276393976457j),3115000000
(-1.412023881528055+1.012356757768357j),(-0.0018172836399087972-0.0018838335999776944j),3120000000
(-1.5311200504567752+0.6062519078942181j),(-0.0014434009360153263-0.0016749820727694875j),3125000000
(-1.8173640931829962+0.017727868449767814j),(-0.002138970417385023+0.0004209543448013846j),3130000000
(-1.7183386393666482-0.23092052628042473j),(-0.0008544804386141371+0.0016316692544454828j),3135000000
(-1.5676922652072256-0.6864602494313184j),(0.0005511704140480377+0.0013957181689537557j),3140000000
(-0.9859221884118643-1.2056103651728367j),(0.0012194757276755325+0.000977126336268872j),3145000000
(-0.8883925134345234-1.6500291459007626j),(0.00014728791481544932+0.00013336631390031568j),3150000000
(-0.4493304748431137-1.6941657290743524j),(0.0003924017214066366+0.0004262502797014744j),3155000000
(0.08472747079053873-1.6086308577575055j),(0.0003233354190481024+0.000690933078322086j),3160000000
(0.7596072250770745-1.4709400336134848j),(0.00048079981238317426-0.000814348007490019j),3165000000
(1.2776062315307426-1.4139115397723008j),(-0.0004948292921936917+0.00010304636950526623j),3170000000
(1.6052724676804704-1.120238270834587j),(-0.0006206801381240008+6.421997102489853e-05j),3175000000
(1.873477600029985-0.7023080606286355j),(-0.00020718001056424238+0.001316445281863171j),3180000000
(2.0113302513826405-0.17626033967849436j),(0.00044227100631525826-0.0004858624428070739j),3185000000
(1.9490128076076647+0.2685998782444869j),(-0.0005894150978504744-0.0003986620157922739j),3190000000
(1.7506178796949043+0.663495002887605j),(-0.00010312040313620395-0.0007713383765301497j),3195000000
(1.3573610570494588+0.93656986539829j),(-0.0012921763445926367-0.0011680937654690187j),3200000000
(0.690881081587686+1.21149295858899j),(-0.0008896726187603612-9.247070843803598e-05j),3205000000
(0.23540548898174407+1.5513073451484907j),(0.0003233635887737754-0.00196821132499833j),3210000000
(-0.17440032445477452+1.644972333664947j),(-0.0015533357511675482-0.0017382667311186897j),3215000000
(-0.603568546842545+1.4856599285374066j),(0.0006688082727476641-0.0005043048725299002j),3220000000
(-1.0576570160494192+1.2101969481589108j),(0.0011034807682687188-0.0020291053388723584j),3225000000
(-1.2764936650047138+0.7660813415890395j),(-0.00047040657931797844-0.0019035693388962827j),3230000000
(-1.533403670178166+0.2235602279060023j),(0.00035718509355793976-0.001820682254019694j),3235000000
(-1.5688763110910073-0.19758618260257194j),(0.0006217187743639076-0.0018203377837991805j),3240000000
(-1.2867450491853991-0.5433964602652549j),(-5.530696138042498e-06-0.001340556804627015j),3245000000
(-1.2722313522323911-1.0114545351952822j),(0.0003038667698248697-0.0019753364091460684j),3250000000
(-0.9614565787747313-1.30358026456816j),(-0.0015471907153482376+0.0007365255894433506j),3255000000
(-0.5249312399762164-1.2249654817369575j),(0.0012209351807623834-0.0002213767014215823j),3260000000
(0.2565100321773765-1.034049039300234j),(0.0008123285463776847+0.00012028793323486949j),3265000000
(0.8740421110477126-1.1584413109549103j),(0.0006560501138981323+0.0011645936066908731j),3270000000
(1.1900848953241638-0.9596813356255725j),(0.0019141328230671746-0.0007386642115382452j),3275000000
(1.4168733771646218-0.8353323027316241j),(-0.0007257242804809961-0.00021512008637718108j),3280000000
(1.2269203993168833-0.35765207911259694j),(0.00044434246373617904+0.00026186787495873995j),3285000000
(1.2376918132912724+0.4558864619922431j),(0.0003472678382767895+0.0008090434819142248j),3290000000
(1.1242296952253252+0.6263323976383788j),(-0.00013529033859510924+0.0012923109749121797j),3295000000
(0.7442449641320761+1.0821644259527585j),(0.0008331742807027596-0.00021048530632825408j),3300000000
(0.6108822801153846+1.4411858691940471j),(8.64706074806025e-05+0.0004983305897477336j),3305000000
(0.2597772557315924+1.5462724400819232j),(0.00017463057860238042+1.302117826180653e-05j),3310000000
(-0.06004951655891789+1.5150881832227268j),(-0.0008382567346627389+0.00039451401940451646j),3315000000
(-0.5136633803913121+1.2132315945949412j),(0.0008121203582235461-0.00014118199132717268j),3320000000
(-1.059502981376439+1.2145222073670545j),(-0.0003169888966152193-0.0008315611022636038j),3325000000
(-1.0983677627875446+0.9618539039045731j),(-0.0008886010837715092-0.0006829324550873149j),3330000000
(-1.425320683952906+0.3533634176387384j),(-0.001772998494695851+0.0009223765013732621j),3335000000
(-1.6320062969830005+0.05691487670258065j),(0.00036014764474569277+0.0005390688900059226j),3340000000
(-1.5322771132795636-0.15720235090182036j),(0.0009839250664350264+0.00020051235252922198j),3345000000
(-1.061576034336654-0.5761508647109287j),(0.0006898421266904849-0.0006224191920153618j),3350000000
(-0.7987617389593177-0.9646203882885247j),(8.186680417298102e-05+1.2601036408733291e-05j),3355000000
(-0.2057793198724639-1.0605453524024522j),(0.001195943973240017-0.0013131175685706198j),3360000000
(0.2848247670774556-1.4739626011820122j),(0.00044207796153489617-0.00035123855619568486j),3365000000
(0.6183537315230008-1.1648580992658792j),(-8.114563691372452e-05-0.000735694019294445j),3370000000
(1.140038105389393-0.761746148007243j),(0.0008354812852083018+0.0006800024402891056j),3375000000
(1.667731844616339-0.36707317911069404j),(0.0008784358820809516-0.0006821931638169643j),3380000000
(1.8627319234405573-0.012734496815110605j),(-0.001636672602579637+0.0005159377168254134j),3385000000
(1.7604222662195685+0.4919659476096642j),(0.0003841938874587083+0.00013850620370192248j),3390000000
(1.6469560569077775+0.9835006097514043j),(0.00035195304828764516-0.0006929354147664117j),3395000000
(1.4214392492500514+1.39160522470365j),(-0.0009133671551787043-0.0006854233846957294j),3400000000
(1.0152700831751773+1.7351638915144976j),(-0.0009528861551826774+0.0002511778030907246j),3405000000
(0.6940036501100363+1.848612163690871j),(-0.001073728674048259+0.001185564611026434j),3410000000
(0.17927244448404783+2.00170879070298j),(-0.0003174929155021508+0.000909229594648208j),3415000000
(-0.1174640113153599+1.897080008200581j),(-0.0007351145839448196+0.0012712548299379128j),3420000000
(-0.5245941669353025+1.5371571707105725j),(0.0017847546496239097-0.0020782600940789536j),3425000000
(-1.05367591137165+1.118362084205701j),(0.0019286019522157566+0.00048200787177512443j),3430000000
(-1.4297989702922482+0.8447680703384731j),(-0.0012752045855669587-0.0020561460433596046j),3435000000
(-1.7363207345813234+0.5454155120406688j),(-0.0007963594865077171+0.00034563171912018836j),3440000000
(-1.77022884679685+0.11286787240184389j),(-0.00010952708845829426+9.471516759244371e-05j),3445000000
(-1.7806044453755412-0.3187907921994973j),(-6.850568485319176e-05+0.0011792339069288667j),3450000000
(-1.6866215409336323-0.7954932656199342j),(0.002544190584593749+0.0014330490844319957j),3455000000
(-1.4273859264955828-1.2030517302884502j),(0.001988846633482743-0.00040429588931857694j),3460000000
(-1.1026322944212124-1.4456980811353366j),(0.0006841831751115891-0.002004646323915924j),3465000000
(-0.3624593249935541-1.549842575528093j),(0.0005748204570862658-0.0014105548086135445j),3470000000
(0.05962656483442538-1.6619464749580448j),(0.00041058829877052116-0.0007859353684140512j),3475000000
(0.9667243062254391-1.7034601800378775j),(-0.0011454419849994725-0.0012873398240185437j),3480000000
(1.3533498443491236-1.6023168565781958j),(-0.0014239190202929776-3.353634531182086e-05j),3485000000
(1.729303988236669-1.277251286818484j),(-0.0006131024771271477+0.0012011493630299701j),3490000000
(1.8193545240018552-0.5402837270736303j),(-0.00043097291840090584+0.0011614402614393297j),3495000000
(2.151953063981429+0.13037434247685165j),(0.001521509814758489+0.0007330052655899903j),3500000000
(2.1478834214402935+0.13699888840168892j),(0.0015186116455043457+0.0006343478607028326j),3500000000
(1.9416591705032709+0.6127996170824069j),(5.749072230899199e-05+0.0005239619796962313j),3505000000
(1.6151229272248564+1.2726849022555644j),(0.0007120424368052311+0.0019769032400838906j),3510000000
(1.2778578158989953+1.6604655595068278j),(0.0011509210696587406-0.00032786537145560574j),3515000000
(0.7307112909472847+1.8983824040306538j),(-0.0009283573045585204+0.0002450055089917474j),3520000000
(0.0931970560596367+2.1223771483142215j),(-0.0006064812133578805+0.0011192025097718392j),3525000000
(-0.3525493663312093+1.9710942755739764j),(0.0019270592325251463+0.0009704005204134103j),3530000000
(-0.8552386571045903+1.8367941134202153j),(0.0021657025231666995-0.0005828386849890932j),3535000000
(-1.1344105063911507+1.2773780866313913j),(7.270166915895976e-05-0.001113528758028023j),3540000000
(-1.761553518176139+0.689239860852044j),(-0.0018429876487816087+0.0003131968680300649j),3545000000
(-2.0303564828409333+0.1546139404669385j),(0.0003938617687567691+0.0018316390910752686j),3550000000
(-2.0121588697716333-0.22730154761171945j),(0.000646599354936905+0.001751281771036322j),3555000000
(-1.6807634109817815-0.8360262952326546j),(0.0013848880046344577+0.0019296758814072905j),3560000000
(-1.40279533236347-1.3578738913626858j),(0.0020097650364319427+0.0018148426075333555j),3565000000
(-1.040040121630844-1.762262273363958j),(0.0010324133503520439+0.0007616029636850045j),3570000000
(-0.3864701531000186-1.7863322598634865j),(0.0006587694027261994+0.0010466548561547165j),3575000000
(0.4592916804210833-1.6871692835744723j),(0.002694668717201833+0.0029941683255109504j),3580000000
(1.064372873538745-1.8740450058861329j),(0.0009531118529847351+0.000667977318521874j),3585000000
(1.4274365133835674-1.288965528669133j),(0.00128451970428556+0.00016699157512017367j),3590000000
(1.9453979588739292-0.7751313038015067j),(-0.0019298041591716982-9.572203644386022e-05j),3595000000
(2.2402684073317563-0.24869841813786098j),(-0.0007517267839445596-0.0003044803638496869j),3600000000
(2.2328931144259876+0.31447465307984795j),(-2.1441078298730774e-05+0.0002477649757655213j),3605000000
(2.0499577518055796+0.8069416856850992j),(-0.0010697724455073223-0.0010376924507738317j),3610000000
(1.7031068174309174+1.3186731602469286j),(-0.0023547835152976085-0.00014210277178230052j),3615000000
(1.2353040887849627+1.6731410580067037j),(-0.0013858830756044+0.0002809697744274572j),3620000000
(0.6896499288552642+1.8934461079663896j),(2.610067406810715e-05-0.00014503710472252274j),3625000000
(0.12270809163934722+2.064462211995683j),(-6.576906243690086e-05-0.001580906252121665j),3630000000
(-0.37047498387608757+2.0247365238489037j),(-0.000921423173161666-0.0006258187735461241j),3635000000
(-0.8885675146621985+1.8104414351370306j),(-0.00031563837456882076-0.0013558841799591504j),3640000000
(-1.4247371084485791+1.4707914659596406j),(-0.0013013756006095873-0.0005997049317852802j),3645000000
(-1.813907623615769+1.1152242361554334j),(-0.00029038445688715666-0.0010012838914169099j),3650000000
(-2.0152448871172277+0.5344429408219552j),(0.00022703840060892902-6.967921362948676e-05j),3655000000
(-2.1380584853429965-0.08583591375974722j),(-0.00010098102966404115+0.0004151773807557706j),3660000000
(-2.1251058819110358-0.6694566364259961j),(-0.0007068824704336174-0.0006173070815380729j),3665000000
(-1.883541513748245-1.3129033714219454j),(-0.0005628120388157964+0.0004553292487756368j),3670000000
(-1.5249997873284693-1.7818370799885677j),(0.001601365776101966+0.0009430452035088655j),3675000000
(-0.9538941022801148-2.1256782174868576j),(0.0018611274116728245+0.00023605931405476526j),3680000000
(-0.20300582218915533-2.257695198034115j),(0.0024808249615330315-0.0018612779801047321j),3685000000
(0.5763871654702942-2.146445685632366j),(0.002354960649442638-0.00034611479686166136j),3690000000
(1.1916388635577642-1.8430216175539476j),(0.0018302401997486286-0.0021141708255419086j),3695000000
(1.7900905556911675-1.4016584613079552j),(0.0008716339609126389-0.0014671899033436872j),3700000000
(2.036641561644554-0.7179174547021189j),(-0.00017546242350694133-0.0008143321906835949j),3705000000
(2.199367960443031+0.06493599546050251j),(0.00015574082373793937+0.00016796441796523273j),3710000000
(2.1967579767425494+0.6683185908552159j),(-0.0002050440010922934+0.0001721671821260893j),3715000000
(1.8133317205356196+1.2207634887623442j),(0.0008916805777636879-0.0005242822196679188j),3720000000
(1.4330668429845217+1.5989603801565717j),(-0.0010064223148876818+0.000589657088991701j),3725000000
(0.8640276468905579+1.971193708638753j),(-0.0003667806571289729+0.0006177467998510041j),3730000000
(0.32287292600027645+2.048260626734883j),(0.002367641461938235-0.0007567890551858764j),3735000000
(-0.2662277783684026+2.009117447241111j),(-0.0005678852189323127-0.0020362334393559246j),3740000000
(-0.7816532456723033+1.9044471617388583j),(0.00036506052502181086-0.0014185393515515014j),3745000000
(-1.2230814464985809+1.6110948486712033j),(4.529252850485411e-05-0.0023357541318299907j),3750000000
(-1.579948329172288+1.249152055698406j),(-0.0005419000588594751-0.0022519788319178913j),3755000000
(-1.8376183349284736+0.8890709580181307j),(0.00019374180743431593-0.001711947623284202j),3760000000
(-1.9625384601637792+0.4579841717655317j),(-0.000754148535710112-0.0008565520439543739j),3765000000
(-1.9815601311792832-0.11676173118233701j),(0.0009420206364787193-0.0007609761750552661j),3770000000
(-1.8959046397762807-0.5772034721141353j),(0.00233432175800061-0.0015251345791853837j),3775000000
(-1.5578553039465342-1.0721750614444394j),(0.00020017541847572106-0.0019798701990770265j),3780000000
(-1.1783254617399868-1.4317030257163974j),(0.001383853824142117+0.0017166281569811405j),3785000000
(-0.6117747272608011-1.9205768289331062j),(0.004163530981661758-0.0005432809646867868j),3790000000
(-0.06409002010610272-2.115493556124136j),(0.000799341527913105-0.0009594473093804129j),3795000000
(0.5410123483336855-2.170503291118321j),(0.00129858961618293-0.0002956384858292538j),3800000000
(1.2194257027556805-2.024826484702295j),(0.0004588881647823114-0.0006809724597569727j),3805000000
(1.9201567042020882-1.614259816132512j),(0.0005082644549214414-0.0005353851735847682j),3810000000
(2.287249078847193-0.9513242407010726j),(-0.0005950082901447855-5.5845049064600694e-05j),3815000000
(2.4311729024403643-0.08533474595804627j),(-0.0009634137674984693-0.0005652402320138643j),3820000000
(2.4064604183032663+0.7728264010158288j),(-0.0011852387421555411+0.0008133148634631723j),3825000000
(2.1907469492639593+1.485330150524767j),(-0.0018603887164060906-0.0011873383090624898j),3830000000
(1.6669285427835814+1.9584170295140084j),(-0.0025998820186395404-9.409305430672595e-05j),3835000000
(0.9869426953699294+2.303081233574931j),(-0.00265490519062099+2.957106462390572e-05j),3840000000
(0.19409705278983105+2.40012837546908j),(-0.0026027896381037043-0.0001485455862821773j),3845000000
(-0.5345496862902672+2.2845229541440615j),(-0.0011363291976244686+0.0008901738151833819j),3850000000
(-1.1061837522943552+1.7222510128322253j),(-0.001689581173826581+0.001298389661487442j),3855000000
(-1.7810861346995166+1.3715889314964005j),(-0.00019801446799749725-0.0008906950826132911j),3860000000
(-2.0855304959042122+0.6949187367034148j),(0.0002936507025948381+0.000328260398532158j),3865000000
(-2.2928161198736676+0.0585293805158908j),(-0.00041444565091417444+0.0009038272964051159j),3870000000
(-2.2666149910361844-0.41284525163364183j),(9.902051101122908e-05+9.977148992608245e-05j),3875000000
(-2.0847557482990897-0.9872019038832329j),(0.0017625696277158813-0.0013045384540854052j),3880000000
(-1.6845233882793216-1.5083311131039778j),(2.9810321022829885e-05+1.4034675400132585e-05j),3885000000
(-1.2186833559844474-1.872447799197226j),(0.0003933217190596464-0.001646188539662329j),3890000000
(-0.48577686867949843-2.1403812873871946j),(0.0011322825185755905-0.0004427338084558537j),3895000000
(0.1537105974321879-2.1369866096388512j),(0.0002143783660567265-0.0004555570581296352j),3900000000
(0.7334935840313319-2.108755174762665j),(-0.0011408515214523227-0.0002156634253976512j),3905000000
(1.2553467869233024-1.8733807656947865j),(-0.0009734478981648174+0.0018565393110756094j),3910000000
(1.5758350621164834-1.4796984816498153j),(0.0014582794831397557+0.0023674155380521856j),3915000000
(2.030610234747327-0.8487328231994645j),(0.002978451086012082+2.0844064678973243e-05j),3920000000
(2.168728601296757-0.362005365893065j),(0.0016390717657914472-0.0009981864203459667j),3925000000
(2.1088321953449123+0.31578434640118597j),(-5.059137163122025e-05+0.00036667739615200317j),3930000000
(1.9044824989695825+0.9035051628191589j),(0.000809606089355131-0.00027510707888755704j),3935000000
(1.572207667825688+1.4311249914939599j),(-0.0004096775200356759-0.00012691975219400223j),3940000000
(1.078849639535501+1.777023940547963j),(-0.00021614942511592543+0.0002930962198810882j),3945000000
(0.6097268864709512+2.1107928775934113j),(-0.00048434052936671137+0.0008585018878496099j),3950000000
(0.07376012730753456+2.15963901012526j),(-0.0007238567555987217+0.0005115598328972168j),3955000000
(-0.40964089163909423+2.073299437290712j),(-0.0007662275779534763+0.00021264179806055401j),3960000000
(-0.9847668841056321+1.7341378032175212j),(-0.0001033810297976432+0.00026219842887380545j),3965000000
(-1.4469926244613143+1.4561183616431972j),(0.00021197274119562093-0.0011696741465151252j),3970000000
(-1.6530208355566969+0.9196665681070728j),(-0.0011554570717605501-0.001445752334886573j),3975000000
(-1.939137270227045+0.5135840829877113j),(-0.0008351843776691818+0.0003245616896396127j),3980000000
(-1.830184374951531-0.08463701022749606j),(-0.00017357278243136762+0.0005139437030256828j),3985000000
(-1.631078244125794-0.6381562673302421j),(0.001613013185950443-0.0012403998572883938j),3990000000
(-1.327713921771177-1.199054053722083j),(0.0006289805990860372-0.0007276511589816702j),3995000000
(-0.8829918462832157-1.7132992791060377j),(0.0009440168507463041+0.0010217374733007983j),4000000000
(-0.8884235782110488-1.7103378140341055j),(0.0011391068515045324+0.0014566915713412594j),4000000000
(-0.4590879598759132-1.9875587670695671j),(0.001745077859210938-0.0008330747194610401j),4005000000
(0.13387132854335465-1.909320977462772j),(0.0016336992476119183-0.0003398695520904014j),4010000000
(0.8828455778802546-1.5387045024257122j),(0.0005837612262506759-0.0017556748513740876j),4015000000
(1.6467107688475675-1.3939639939382293j),(0.0008094549980860569+0.00024439595716356825j),4020000000
(1.9094439569615953-0.8475844619106956j),(0.00013090357080338468+0.00019989897117071747j),4025000000
(2.3134310317844755-0.3526281037468842j),(-0.0007310183719195409-0.00027544416933301486j),4030000000
(2.210797872121325+0.15757925501551032j),(-8.692677251204874e-05-0.00013893486521932285j),4035000000
(1.9202258357708162+0.722485988477981j),(0.0005632132057186538-9.574536102607782e-05j),4040000000
(1.5098819392150975+1.2888346017426888j),(-0.0015318605762775184+0.0014011147817923058j),4045000000
(0.9376221620437645+1.768186688169747j),(-9.584954504120708e-05+0.00016372170077078445j),4050000000
(0.4571617614015817+1.987698683694999j),(-0.0011689178225244015+0.0006278810218748082j),4055000000
(-0.04798270393240232+1.9967613830827904j),(-0.0012066899790836578+0.0012948294616726725j),4060000000
(-0.5725649240143057+1.9242731056517022j),(0.0005055542135277668+0.0005878501355153143j),4065000000
(-1.1081801126583766+1.821772844029342j),(0.0004527051473311831-0.0007666475947213781j),4070000000
(-1.429946615858866+1.4285267511980033j),(-0.0014745556303508225-0.000655373603270994j),4075000000
(-1.6273795851197386+0.9776985672771142j),(-0.0018621792502371175-7.85964736483173e-05j),4080000000
(-1.8150879099567094+0.49560332549947655j),(1.1742870512864359e-05+0.0006225417184490404j),4085000000
(-1.8692672551850664-0.29909385939533795j),(0.0014379979720582693-0.001065012237096215j),4090000000
(-1.8901521694585068-0.6964609518936551j),(-0.001334960783877745-0.0022707851883214266j),4095000000
(-1.5719307321110148-1.1017109621723227j),(-0.0018896076945413018+8.178537584437121e-05j),4100000000
(-1.007336060802344-1.5346387944722195j),(9.395498493829796e-05+0.0017493030574655783j),4105000000
(-0.5796797476200307-2.0568246716022855j),(0.0011039784608653032-0.0011827309685328046j),4110000000
(0.0600613920879227-2.3031195590961806j),(-0.000130464818568439-0.0014115647198585145j),4115000000
(0.7357697578909171-2.320742871862345j),(-0.0006271773842961933-0.0008256571046784336j),4120000000
(1.315025726499042-1.9362532987478016j),(1.911047247521383e-05+0.00015929746421207484j),4125000000
(2.0727325050941316-1.2704144802921695j),(3.391382386561598e-05+0.0005720334770905328j),4130000000
(2.5380628353984678-0.7223811734844798j),(0.0018886975181263122+0.0017936995499960935j),4135000000
(2.692714442908952+0.036242280298389676j),(0.0009685359444810607-0.0002751008294073714j),4140000000
(2.5706004169790937+0.889866950733528j),(0.0011310388311047258+0.001646118331710551j),4145000000
(2.121743456574411+1.5696874206010534j),(0.001463030532249615-0.0010706846855590287j),4150000000
(1.4035422390342223+2.1544474152688498j),(-0.00023997443047521301+0.0002276375490214166j),4155000000
(0.6653300171536529+2.374178866163846j),(-0.000799980669113473+0.001340608542237292j),4160000000
(-0.13179172012538198+2.4439785043273514j),(0.0009184412222892028+5.511015353269484e-05j),4165000000
(-0.7903361163402218+2.21754457027817j),(-0.0004092175351599192-0.00030030480376098213j),4170000000
(-1.3467133521513488+1.6782392627632035j),(0.00035197762418528696-0.0008662393217145778j),4175000000
(-1.8127777865055956+1.0355882596667856j),(-0.0005088409829900951+0.0037127230280942095j),4180000000
(-2.224067369850961+0.5507718010145527j),(0.00242642312698156+0.00037093395674712455j),4185000000
(-2.220712830899576+0.06952720877976973j),(0.0014948700197523512-0.0009110586284121719j),4190000000
(-2.0994560059379905-0.5534191540068386j),(0.001658795146323384-0.0022605260459757372j),4195000000
(-1.8578166274778067-1.0904820736097958j),(-3.168817018555348e-05-0.0019866779402534784j),4200000000
(-1.547059004609795-1.5259007421914348j),(0.00015770164768801805-0.0010447790068915082j),4205000000
(-1.0317902136804036-1.7347340350394866j),(-0.0012476493033547074-0.002108634126875708j),4210000000
(-0.4941956948966101-1.9469693928024916j),(0.0008078307863144991+0.0009433700115904516j),4215000000
(0.18314026504487976-1.9459838186887437j),(0.00038027617429323027-0.0030497772231894114j),4220000000
(0.7119247382129031-1.8459912069277282j),(-0.0019729114872093136-0.001631559053741866j),4225000000
(1.2627641261930067-1.5216049513298968j),(-0.0003594151693391522+0.0002849384805153675j),4230000000
(1.7539029735866265-1.158434698730974j),(-0.00018253027103029042+0.00042352322331871354j),4235000000
(2.0312266794421943-0.7587869044045966j),(-0.0001839752599700979+0.0007360629458384718j),4240000000
(2.042074779003203-0.10924839450819836j),(0.0009619208574024209+0.002574315471184838j),4245000000
(2.178777022973843+0.5591732129752864j),(0.002163112386289006+0.00012062356977797037j),4250000000
(1.9565119001781972+1.0894773481588869j),(2.0365689437335342e-05-0.0002965088669532138j),4255000000
(1.6499815158249285+1.5810513565438256j),(0.00034621523926790364-3.347480727286244e-05j),4260000000
(1.0839873048824396+1.9652142652872713j),(0.000201021090491606+0.001123014453338721j),4265000000
(0.5016626232599725+2.2274885617305458j),(-0.00015712361853038192-0.00012687273628112183j),4270000000
(-0.06717820682515563+2.254664046008706j),(-0.0009927540593365589+9.106690076125123e-05j),4275000000
(-0.7220404354555358+2.023941249077802j),(-0.0002026773496389071+0.0006656340523627069j),4280000000
(-1.3250043482877818+1.8711189251020253j),(0.0009167873323585285+0.0008199274449203817j),4285000000
(-1.6190281340516923+1.346388516172922j),(0.0010297841209655936+8.592036882515e-05j),4290000000
(-1.8838650191208002+0.7819106215703013j),(-0.0008640564870616417-0.0004056243890930165j),4295000000
(-2.221656311789738+0.06035238441107894j),(0.0009337728391622287+0.0006469570947430249j),4300000000
(-2.183790653385645-0.500342458407842j),(0.001439822168097864-0.0007825734832803302j),4305000000
(-1.9272689029095234-1.0717801573173358j),(9.577648344796642e-05-0.0010679161181024637j),4310000000
(-1.537690902548873-1.7394633159398327j),(0.0002725607066450051-0.000626456638778578j),4315000000
(-0.9823468509062857-2.069009594548796j),(0.002916887774322245+0.0002399006812774827j),4320000000
(-0.3253024966857972-2.2937312064321804j),(0.0006093014529629433-0.003106170251513452j),4325000000
(0.27866558568297645-2.2918774514611355j),(0.0005165584426660641-0.0011423317020047151j),4330000000
(0.893046858595147-2.1073322263007803j),(0.001127282561164563-0.0003703288503179388j),4335000000
(1.5202809905002956-1.6246467311027166j),(0.002237701824108538-0.0016325974725129998j),4340000000
(1.9081451058213115-1.1032950594897704j),(0.0008064605493516548-0.004013790702824601j),4345000000
(2.0115688327455454-0.45269313066454175j),(-0.0008139974318087459-0.0007797359763378322j),4350000000
(1.9327060239855092+0.4374158273782315j),(-0.0014720380441633027-0.0017760863396821707j),4355000000
(1.7808411002541438+1.173815056602826j),(-0.0006013756311930169+0.00022734915302362514j),4360000000
(1.4646536679982085+1.6502207585559188j),(-0.0016990338827961736+0.0003567270163726776j),4365000000
(0.9916056756647584+1.9504219699988385j),(0.0003496603143634934+0.0020670192631964423j),4370000000
(0.3808515841120805+2.138571674688594j),(0.0013792982777106543+0.0006796647688422296j),4375000000
(-0.16144490933920036+2.2426706697405487j),(0.0007957641161569944+0.0005595650800707283j),4380000000
(-0.7973575840616711+2.0531476746610884j),(4.814270429371517e-05-0.00099041143285105j),4385000000
(-1.27135403466335+1.7463643478149116j),(-0.0008148468025219801+0.00014427568044913527j),4390000000
(-1.7141261323985846+1.318208781703556j),(-0.0001676505697998944+6.394800807293035e-06j),4395000000
(-2.0090596399833194+0.8753694078320123j),(-0.0008499122078280119-0.0017730446186507397j),4400000000
(-2.083869683405585+0.282603497406613j),(-0.0012433540693514104+0.00018615082152911435j),4405000000
(-2.0967749227575783-0.3497463398655048j),(-0.00020914777277699704-0.00037985267706348326j),4410000000
(-1.968628807681058-0.8871002669866926j),(0.0008281364514572487+0.0007902816349016064j),4415000000
(-1.684666149485548-1.578297932078682j),(-0.000856729998023295-0.0002947139802900791j),4420000000
(-1.258193690159483-1.96470982154001j),(0.0003500702697127762-0.0005339233088715095j),4425000000
(-0.6352319984664102-2.3210797552423927j),(0.0016376399484783633-0.00038967866771652077j),4430000000
(0.04013311193363897-2.3789913826882034j),(0.0006771215467857212-0.0006997221971157818j),4435000000
(0.7205136754065342-2.296445482807312j),(0.0007535621053484056-0.0004936929576409641j),4440000000
(1.4275352056536779-2.000898591024195j),(0.0003806134036508218-0.00010137667360900079j),4445000000
(1.9805868091137384-1.4478112279480297j),(0.00033739254791261756+0.0009502701685667891j),4450000000
(2.385103654606604-0.8071433099421429j),(0.0018443959491021647-6.298090414900097e-05j),4455000000
(2.4603080707765392+0.034908854255400586j),(-0.0007437271080263465+0.0006975373146338521j),4460000000
(2.216816654845739+0.8140652326582191j),(0.0010007657653328787+0.0015280691564452421j),4465000000
(1.723019055603592+1.5775654369380874j),(0.001211176289568972-0.002581819812476663j),4470000000
(1.1053029399838565+2.0906985604167425j),(-0.0016488419750393416+6.684797870165355e-06j),4475000000
(0.47474380917931414+2.342204652734896j),(0.00037634025223505345+0.0013397882811573838j),4480000000
(-0.15233226164981115+2.3815612213398083j),(0.0002985873186805024+0.0005339800561223054j),4485000000
(-0.7042164619694571+2.121044118456717j),(0.00015296047447163304+5.397250360695242e-05j),4490000000
(-1.266744991321593+1.6929285319149552j),(0.0006416891178404058+0.0002855920686348022j),4495000000
(-1.7701000169313206+1.2009005444794731j),(0.0012619793355109175-0.00025214425043817843j),4500000000
(-1.7610556453192998+1.208018655595395j),(0.0007432388210117244+0.0007208655075508263j),4500000000
(-1.9511801743685033+0.7543379501993287j),(0.001804239493712539-0.0013245472689144178j),4505000000
(-2.0676235572649375+0.12224034060086736j),(0.0006602930164606332-0.0013025865171853905j),4510000000
(-2.0672693282425803-0.3990543636171525j),(0.0004725505714030123-0.001816380516186564j),4515000000
(-1.880639013681642-0.8782343513641618j),(-1.1414226547027133e-05-0.0004300480493698937j),4520000000
(-1.5804565012009848-1.310367549219789j),(0.000798162088168726+0.0007348919318618752j),4525000000
(-1.0798500373409154-1.7160064450138526j),(0.0017669860255517657-0.0012422471637324516j),4530000000
(-0.5760687432055874-1.97510956990698j),(0.00010216142020020051-0.002550625896933958j),4535000000
(0.028085521936750485-2.1621598875678436j),(-0.00017165108220460235-0.0015429161998554504j),4540000000
(0.545299846795253-2.1599817741407388j),(-0.0007498936593225453-0.0016527477758493496j),4545000000
(1.0318477223114295-1.9402705782352074j),(-0.00038536660728670285-0.001008842113175332j),4550000000
(1.5414488539387534-1.5276727694947434j),(-0.00020918380781197038-0.0007843330058116992j),4555000000
(1.9930940991585453-1.0381208457971198j),(0.0002946486335000535-0.0011131996674025283j),4560000000
(2.214142315504457-0.3872930418054793j),(-0.0006111802852459074+0.0011691592767589434j),4565000000
(2.277700367236727+0.3280797156868894j),(0.000484958332157433+0.0010225500315300218j),4570000000
(2.118003606596623+1.0075685769801022j),(-0.0006139903036078961-0.0007920519343641461j),4575000000
(1.660068640532379+1.5654198083909425j),(-0.00034916033951696283-0.00017531839523909315j),4580000000
(1.0755657955895406+2.0038926826183387j),(-0.00043514129480745433+0.0007738059131727653j),4585000000
(0.3250125185830206+2.2819940619963934j),(0.0010548712842580804+0.0009160374799549956j),4590000000
(-0.32915391277670963+2.2930633025312805j),(0.002115407972374834-0.00016056098819232142j),4595000000
(-1.0887727223983001+2.1626792813521787j),(-0.0006671297927214054-0.0010515661212476132j),4600000000
(-1.615904513247881+1.7687096823009993j),(-0.0017319376377394641-0.0007468047752381458j),4605000000
(-2.1002263629783395+1.1491736524232088j),(-0.0011819455281347085+0.0012009527599102126j),4610000000
(-2.334514255480174+0.4426212219300526j),(0.0005582336468899666+0.00031008503550046307j),4615000000
(-2.4494015109829266-0.24776306413973445j),(-0.0005951585935464117-0.00026615880725654276j),4620000000
(-2.270181848821966-0.9701274879094559j),(0.00026471470245710755+0.0010915120718146324j),4625000000
(-1.9192491188140097-1.5072834532541215j),(0.00025006540491228653+0.0001628968808424409j),4630000000
(-1.4039545670162448-1.9643975430937146j),(-0.0006087576886530642-0.00013612628760053063j),4635000000
(-0.7719385347654155-2.1907551808620638j),(-0.00035328241142892165+0.0003361882827714491j),4640000000
(0.00972315814223306-2.3014448845340314j),(-0.00042263175508720275+0.0006877962319636815j),4645000000
(0.770706170250559-2.3172526052734974j),(0.0004030416109722532+0.0002229360344769888j),4650000000
(1.445172585549272-1.9933984245405243j),(0.00020910061019834984-0.001253165308585116j),4655000000
(1.9639854623400557-1.4534421639626347j),(-0.0005877654986483122-0.0001942786150758669j),4660000000
(2.2896940283182-0.7981521293173697j),(-0.0003558894297835154+0.00020818883255135283j),4665000000
(2.4677751507837726+0.03278003441372656j),(-6.36747856688272e-05+0.000523303119712484j),4670000000
(2.3417114930785004+0.6553074317061842j),(0.000226802031377366-0.0008483431272267967j),4675000000
(2.023642948503565+1.3394741663806893j),(0.0004910053262238528+0.0009489059489750688j),4680000000
(1.5612864215297244+1.8588736981829315j),(0.0011026230747890758+0.0002483960311364128j),4685000000
(0.9679443315903126+2.1926607678493677j),(0.0007340534567072289-0.0010557537662526217j),4690000000
(0.2878786030292753+2.3980318628862203j),(-0.00022600395524169473-0.0003938992095810144j),4695000000
(-0.3375912466659515+2.334844316445261j),(0.00043462856174829117+0.0001026889441512857j),4700000000
(-0.9372147099749147+2.07629033484855j),(-2.1597948776336653e-06+0.0002344066765968087j),4705000000
(-1.4028855794712987+1.6642879418175371j),(0.00044274938574296284+0.0002516404086145949j),4710000000
(-1.8696854159450507+1.1980739762180046j),(0.00023064809609809204+0.0002516866304462014j),4715000000
(-2.103815859918756+0.6327365106017784j),(0.000879067554429859-2.7083904870825565e-05j),4720000000
(-2.169014738627555+0.07070452463808216j),(-0.0007021869878529154+0.00013513798623481706j),4725000000
(-2.1496819766921544-0.5400506748175682j),(0.0006315783690465042+0.0009747225042951976j),4730000000
(-1.9053683354081097-1.0576239039253266j),(0.0006336372519834513-0.0010855924226204176j),4735000000
(-1.6166473341016332-1.5753961870903102j),(0.0014823006069751403+0.00037305463630139585j),4740000000
(-1.1746617807525157-1.912289156974883j),(0.00062522976068789+0.0007531900925323956j),4745000000
(-0.6501110491654574-2.151474473471442j),(0.0005355356348746192+0.00011332745987821006j),4750000000
(0.021764002179440637-2.2592497249959247j),(-6.04393558352796e-05-0.0006827334115368242j),4755000000
(0.6018789551787098-2.1944935442376328j),(0.00019667437624126347+7.713392641079223e-05j),4760000000
(1.2063313808784932-1.898997198284572j),(0.00033778073748605067-0.0001143992407244697j),4765000000
(1.8404549887193689-1.5084194114935805j),(-0.0005386731772265274-0.0009329871790385131j),4770000000
(2.173867603247153-0.9512388992745533j),(9.271284187346008e-05+0.0009725051608362573j),4775000000
(2.379255217737294-0.24702233954228622j),(4.28183030801031e-05-0.00031613539749056227j),4780000000
(2.2935140485358407+0.46911818837163893j),(0.0006108257677719109+0.000158940834199128j),4785000000
(1.9742217668159292+1.1364895259058256j),(0.00018469675223010718-0.0011431237071203276j),4790000000
(1.5389736880193754+1.7676650031949859j),(-0.0010389880714368608-0.00028267070758791676j),4795000000
(0.931519988514153+2.0870861404785135j),(-0.0025189185686059915-0.0008341090469356385j),4800000000
(0.3065485708262171+2.2890315347282297j),(-0.0010287870411938142+0.0010473928306607462j),4805000000
(-0.38532286443938213+2.2177223280821092j),(-0.0008786203988327966+0.0006322512246376444j),4810000000
(-1.0015104646798576+2.032027289830265j),(-0.0017673346832104608+0.0016525141830458375j),4815000000
(-1.4589670678356264+1.6791806932785616j),(-0.0018315944537879718+0.002318886312163877j),4820000000
(-1.8571327983262025+1.1273834428739462j),(0.0023537566654581715+0.0018998063109131116j),4825000000
(-2.0412558505037652+0.602629816980015j),(0.0015668440284238294+0.0001822452504297253j),4830000000
(-2.09830464897705+0.06802860200891957j),(0.001397047210943636-0.003391944662613579j),4835000000
(-1.9672974795059048-0.5301773680472323j),(-0.0016318403383574936-0.002093685077157534j),4840000000
(-1.7574282495835765-1.0527756561527313j),(0.00012406057824502605-0.0005380354432849483j),4845000000
(-1.4816639125784712-1.4476563650380272j),(0.0005975539865596085+0.0010662985977590923j),4850000000
(-1.0251348329271808-1.7499762556807903j),(0.0009047591440993659-2.347235236122173e-05j),4855000000
(-0.5055342617553765-1.9671009870525067j),(0.0008360856455241852-0.0015575549087603253j),4860000000
(-0.031643125076125156-2.0753553711227473j),(0.001192389455781859-0.00010372525263358322j),4865000000
(0.49099237040170174-1.9803464751118005j),(-0.0007450102840906352-0.0014996218116920578j),4870000000
(1.1142020300735893-1.7063117736886362j),(-0.0011289142104307277+0.001070955641495121j),4875000000
(1.5275081158581294-1.3790977746449997j),(0.002725618445880834+0.0007278300165781479j),4880000000
(1.9972782935641884-0.7936546174708603j),(-0.0031477591009359995+0.0031186044779503356j),4885000000
(2.246531313320482-0.1727557707753179j),(-0.001314343402945449+0.004054247483188424j),4890000000
(2.290656375349492+0.4930087067420337j),(0.001961678681578811+0.0017405789932424375j),4895000000
(2.1174710505754426+1.1227014994830362j),(0.0004557725903201616+0.00022217060767092402j),4900000000
(1.824411832204638+1.7386556807133613j),(-0.00028185834394658336-9.75717843982371e-05j),4905000000
(1.1806214224318201+2.147605926555014j),(0.0007790666702345764-2.6441178067303727e-05j),4910000000
(0.4729751982404395+2.3630474392527137j),(1.4593357860811487e-05-0.0006451624749282514j),4915000000
(-0.3013468147090833+2.4121697331564307j),(-0.001731172586404704-0.0013332891302624374j),4920000000
(-1.1168724752995507+2.132486460791258j),(-0.0001947493613101357+0.0001031342466551764j),4925000000
(-1.600143284496213+1.7752884620242675j),(-0.00010742129897570796+3.430896628764587e-05j),4930000000
(-2.016710009508477+1.0617189727045888j),(0.00027141138566220144+0.00020691815416870615j),4935000000
(-2.262518620900685+0.3906208558660044j),(-0.00013225344775158335-0.002295389183954497j),4940000000
(-2.152644258210867-0.2958780932266658j),(-0.001761942618485993+0.00013771772097593895j),4945000000
(-1.8874393779633234-1.0142102624242038j),(0.0003162766459324368+0.0012881718159670718j),4950000000
(-1.4729734158611811-1.4255105313954795j),(0.001337771581068678+0.0005910493605705803j),4955000000
(-0.8444244185475278-1.8124438074422846j),(0.0005064152193803891+0.0008425260467818567j),4960000000
(-0.297783450665377-2.0761333549447203j),(0.0012408355227852418-0.00042578018971399696j),4965000000
(0.14616606209871943-1.9600072189251236j),(-0.00042737758918015155-0.00189970899486574j),4970000000
(0.8655414775818686-1.7862160339290627j),(-0.0024138990647010546-0.0001572526650753648j),4975000000
(1.3846825728453205-1.3490467362422238j),(-0.0009370927976068695+0.0009374530545331269j),4980000000
(1.7444589821201681-1.0046695395904848j),(-0.0009422563380667165+0.0016578974533171876j),4985000000
(1.8409377763349837-0.4316406946682971j),(0.00017528151471192567+0.002345550055331308j),4990000000
(1.8072831175753055+0.14968477031878105j),(0.0008178850553919526+0.0011840544008190693j),4995000000
(1.6460684517054265+0.6979314726200682j),(-0.00022988742148240542+0.0019058564515464463j),5000000000
(1.6433692936583222+0.7197791362603005j),(-0.00016152653476223005+0.0015791362588076176j),5000000000
(1.3284915199794798+1.2197187929856041j),(0.00017639341764543308-0.0004110131893267066j),5005000000
(1.0048120369796352+1.6128293286108706j),(-0.0019201944585063174+0.00018418245321231817j),5010000000
(0.39615111309681267+1.7720100002130743j),(-0.00013715764198036817+0.0025300708581063916j),5015000000
(-0.01120099031708693+1.7794162288717452j),(0.0005735791988381964+0.0015378939939062603j),5020000000
(-0.5969164192364035+1.6261464177952145j),(0.0004359775085710512-4.229274197389123e-06j),5025000000
(-0.975668124060021+1.4479990999999717j),(0.0009337946637803223+0.0011918280659870952j),5030000000
(-1.3389005212685967+1.0699303297881404j),(0.0014637656982600244-0.0005193777977581519j),5035000000
(-1.3427008010117985+0.6660415955797578j),(-0.00046763938545252645+0.0008543622027947615j),5040000000
(-1.4586517380871058+0.13585162793590935j),(0.0014468306941211458-0.0006349196008356656j),5045000000
(-1.4382616516958273-0.3460243094616176j),(0.0001499821096116931-0.0017345611444905403j),5050000000
(-1.3034164699519277-0.7075290665692251j),(-0.0007823037499798+0.0002204715482031792j),5055000000
(-0.9209159998659815-1.1270213675367557j),(-0.001133555226337163-0.0008713704928142733j),5060000000
(-0.5206447240406412-1.4103052036606591j),(-0.0007967878700995556+0.001472368620336993j),5065000000
(-0.11739549475124485-1.4752756796688495j),(0.0018540563954803778+0.0017639006634340702j),5070000000
(0.4091338245652337-1.546891353241481j),(0.0004153891049300994-0.001110938944924155j),5075000000
(0.8650639115156049-1.4644667141515006j),(-3.521720203728126e-05+0.00037883039959467444j),5080000000
(1.43472979775593-1.0141655166047825j),(-0.0016159046741590435+0.00215768191958281j),5085000000
(1.6436123274971242-0.7985815985941485j),(-9.825428447553385e-05+0.0008051818780028022j),5090000000
(1.90480910100499-0.10306096938176708j),(0.0022555678837838157+0.002146429558480773j),5095000000
(2.023372123288492+0.43370503428097357j),(0.0018461749539943814+0.00169101413621722j),5100000000
(2.0113306894879504+0.8289273140144828j),(0.00337043432293196-0.0007871638691470026j),5105000000
(1.5595352999869916+1.24953193875094j),(0.0003259733207351653-0.001179510740490198j),5110000000
(1.121574552601183+1.7364130840155285j),(-0.0006743073753509611-0.0007027119653641052j),5115000000
(0.4291586610680439+1.9958213632046375j),(-0.0010109524794001696+0.0020200462244183686j),5120000000
(-0.0727800429259717+2.139128228955049j),(0.0016301757746214009+0.001663667361013679j),5125000000
(-0.7573622070910776+1.7734112285657477j),(-0.00017618450973219376+0.0008691517317022604j),5130000000
(-1.2860202255179556+1.7049321192106097j),(-0.0009688433285884291+0.0011311589654055298j),5135000000
(-1.433646458075955+1.32286430602216j),(0.0003231286159270857+0.0007886781272660866j),5140000000
(-1.7325048384953938+0.782963726638915j),(-0.00017096878312973963-0.003195739329360906j),5145000000
(-1.9135676436329057+0.2882177954845805j),(-0.0029887519325067467-0.0021427225472575927j),5150000000
(-1.9039386009914516-0.142364978555397j),(-0.0030666255515715696-0.0005852692268459964j),5155000000
(-1.7515670017758724-0.5200275658814164j),(-0.0001071765954871479-5.679299433866386e-05j),5160000000
(-1.3382223701309828-0.9688982157595846j),(-2.9088670090766054e-05-0.0029568810063900766j),5165000000
(-1.0686663450158904-1.3426469300804031j),(-0.0009564574201850919-0.0011847607773344962j),5170000000
(-0.6182055969239891-1.5304679339270788j),(4.996558592276032e-06-0.0002202629181714215j),5175000000
(-0.09001983734454237-1.5672452242278216j),(-0.0005026943891290405+0.0009105583819769337j),5180000000
(0.48265283593577535-1.5208663550818722j),(-0.000631010854685161+0.0009283059099436322j),5185000000
(1.0756042287968903-1.5176480856042567j),(0.0020274488020313457+0.0023276338959018813j),5190000000
(1.4072222002721364-1.3256333028843206j),(0.0028994509450717605+0.0028392461339358387j),5195000000
(1.7434306085903721-0.9489687914220076j),(0.005689284064581523+0.0015300285126384533j),5200000000
(1.8047682299124617-0.37505995116508456j),(0.004416834620110283-0.0012674924031613412j),5205000000
(1.9133950029895994+0.4524129999185866j),(0.0003108561351100866+0.0007242467810433285j),5210000000
(2.0343010606611265+1.0209166666469551j),(0.0015450046528705467+0.0017449052450606796j),5215000000
(1.6393299232304732+1.497166594180456j),(0.0005647055803873689+0.0013644865147711073j),5220000000
(1.0874485577796333+1.741413463746115j),(-0.0005722176261379216+0.0004955897326768794j),5225000000
(0.00847883665090044+2.309851059101867j),(-0.0003004276023680802-0.0011118576844240892j),5230000000
(-0.654202213119812+2.1530213516269785j),(-0.0025225938593097935+0.0011590813076141435j),5235000000
(-1.381706543610699+1.887673302708142j),(-0.0016082436116916811+0.0019524334573024285j),5240000000
(-1.9275280277484077+1.4426135329480947j),(0.00037874806420855073+0.002505668108427455j),5245000000
(-2.110596003794174+0.8592155002691568j),(0.0019175842916757076+0.0015999304723129286j),5250000000
(-2.225385911345837+0.04905248259136628j),(0.002008236951659095+0.0003861556990812029j),5255000000
(-2.2482259118882957-0.5774763963770462j),(0.00020227822032681361-0.0003023967798916596j),5260000000
(-1.9916879580387057-1.0028786358820143j),(-0.0014325005042355524+0.0011185354067925648j),5265000000
(-1.5445044908911987-1.4443914718851j),(-0.0009404160790473592+0.0016291891474976789j),5270000000
(-1.0826034901974868-1.6842367416607615j),(4.535090482041005e-05+0.002275664024980357j),5275000000
(-0.39589740034084453-1.8883620637599419j),(0.0003685814302725487+0.00021034425153425355j),5280000000
(0.04112870901211681-1.7801321697826271j),(0.0003147295755320876-0.00017591382834092903j),5285000000
(0.7623890789368354-1.5887371483922617j),(-0.0010107153892282734-0.002150761009329769j),5290000000
(1.2408872501808652-1.5041084988322166j),(-0.0014004419132386144-0.0013747421752001831j),5295000000
(1.6403027415151161-1.0470426293470105j),(0.0006984618214741333-0.0030396564958965052j),5300000000
(1.839720067274567-0.7750945119666978j),(-0.001343284243579461-0.002503707293274469j),5305000000
(1.9767256439154277-0.3332847674996519j),(0.0005449773132697276-0.0015538070491662535j),5310000000
(2.0000427866853516+0.23940671733216026j),(0.0020073957253355784-2.8459870316095904e-05j),5315000000
(1.9433167351823966+0.8696057519116887j),(0.0018498200552893732-0.0024101023728159525j),5320000000
(1.7359825842031174+1.2598284118773968j),(0.0010098535800436407+0.0008829533373861314j),5325000000
(1.229420431937941+1.606099086336472j),(0.0023205507013464802+0.0009437028932466749j),5330000000
(0.7840605344491888+1.7869030358967861j),(0.0027470080087805557+0.0007329741116087617j),5335000000
(0.059712206497596385+1.8250531247564457j),(2.6111310911627533e-05+0.0006266668033348754j),5340000000
(-0.5834095419014631+1.9478174770257686j),(-0.0007606971579777353+0.0035645672151159878j),5345000000
(-0.8689438861744401+1.9431210564336714j),(-0.0007049991643406117+0.004781554021212158j),5350000000
(-1.21032195903367+1.4733816016599524j),(-0.0009895635504322165+0.0027465825101715457j),5355000000
(-1.35689699245892+0.9612976793381024j),(-0.0016215618372878455+0.002537949832460612j),5360000000
(-1.6543030534870218-0.0076328793430718335j),(-0.0012029811633418085+0.0025561309320496503j),5365000000
(-1.5199345088461214-0.5073705514615134j),(-0.00022645239372347383+0.0020653177686084196j),5370000000
(-1.2598131206456582-1.1310544597044188j),(-0.00022238545592449083+0.001990997103922289j),5375000000
(-0.934401928434685-1.6429926201488882j),(0.0004379630489066409+0.0015657101632964032j),5380000000
(-0.5290595501503055-1.999900918507961j),(0.0009476856281368262+0.0013224826278784782j),5385000000
(-0.011006942026282952-2.1059410190682217j),(0.0015219299374713028-0.002527365887936208j),5390000000
(0.510725369871003-1.9452052982074501j),(-0.0005589615856218194+0.0008502108120403687j),5395000000
(1.08244223102349-1.750678426017809j),(-0.00046588494724131226+0.0016309092643053342j),5400000000
(1.3826972799470034-1.247459091026728j),(0.0009661411020841416-0.0007069050250076601j),5405000000
(1.8640752736681698-0.6833797643891334j),(-0.00035524556435760103-0.001348471448636625j),5410000000
(1.9281261778562353-0.21134284747990173j),(0.0004770556393859662-0.0005503877302760331j),5415000000
(1.8347417014177683+0.3754073688435922j),(-0.0015267448095161783-0.0014392561537515502j),5420000000
(1.7029039527385257+1.0870401113008519j),(-0.0020961529311784794-0.0011304242187414634j),5425000000
(1.5096288110738856+1.6880451325804346j),(-0.001606143979033307-0.001676350639225004j),5430000000
(1.037521269990261+1.9813475312703703j),(0.002647527129025201-0.0013409736720042715j),5435000000
(0.5430661212289568+2.175810382203187j),(-0.0006878229544729374-0.0018059802978973385j),5440000000
(-0.14505895825328047+2.2451944817365717j),(0.002285783143175664-0.003330113425070436j),5445000000
(-0.8476380951585074+1.9978245331207944j),(0.0006911628178398281-0.0008883880146394425j),5450000000
(-1.2972512557257385+1.69506757951356j),(0.0008935596559932811+0.0019177999787476168j),5455000000
(-1.7007056155101195+1.260077095958054j),(0.0019079753277178354-0.0014670306539513334j),5460000000
(-1.9290196566428517+0.7083859139340648j),(0.002148987108765957+0.00263085655900596j),5465000000
(-2.107288681369734+0.15378863839454754j),(0.0037316441250409647-0.00043642291197902507j),5470000000
(-1.920549539326528-0.37845997627898526j),(0.0004016425147922002-8.468007487400132e-06j),5475000000
(-1.6046266733899543-0.9917425017173851j),(0.0003183209647436308-0.0005449376364488368j),5480000000
(-1.3407511417517335-1.6785622087774414j),(0.001080467961827149+0.0015913786454847933j),5485000000
(-0.8253959345367988-2.0110854107334104j),(-0.0013263266507041206-0.001089485243790439j),5490000000
(-0.3575156597061704-2.1281661235348905j),(-0.0009070632001672777-0.000671338263484378j),5495000000
(0.09699215194196664-2.094320662589097j),(-0.0013455852541196854-0.0009791349995541512j),5500000000
(0.10027863859933327-2.0973809687051688j),(-0.0013527593571051794-0.0003798684095054668j),5500000000
(0.8382866594581462-1.979369447714351j),(-0.0018602440385924002-0.0015939977568166339j),5505494505
(1.477106743502336-1.7240759071529426j),(-0.0015684408297152045+0.0004053141553216829j),5510989010
(1.9567873677855796-1.1404563765153293j),(0.0003912491414333108-0.002222086441328493j),5516483516
(2.309463201139361-0.4465628503392663j),(-0.0010021685093436145+0.0011953104148283828j),5521978021
(2.2282995749269716+0.2893054707735155j),(0.0003970927563185072+0.0004830432714351193j),5527472527
(2.165182822642829+1.0610381542944634j),(4.122866087059954e-05-0.0015527663397145823j),5532967032
(1.759441508164287+1.6973434622157024j),(-0.0004164737385275808-0.0013753292918884461j),5538461538
(1.0592335653424383+2.048929165372846j),(-0.0008061546614138012+0.002106031680243337j),5543956043
(0.3903546929668805+2.3962909685441325j),(-0.0017571635768978758+0.0015473469576458166j),5549450549
(-0.47176768393842317+2.224714824676392j),(-0.0031635462645617637+0.0015864048353349941j),5554945054
(-1.3645566697291993+1.8778143923742248j),(-0.0030855756436386564+0.0012272548927586178j),5560439560
(-1.857202186500386+1.525768176604368j),(-0.00036836787916058323+0.0021745471245393443j),5565934065
(-2.1748690095100534+0.868868245234166j),(-0.0014728783770972817-0.0002393912010641945j),5571428571
(-2.1693861749598016+0.13435593730718065j),(-0.0010523992568819782-0.0013027690296823192j),5576923076
(-2.210536876420128-0.5285902749027351j),(-0.0017415216858820651-0.0006758576191481256j),5582417582
(-1.8961732576810295-0.9859313714481323j),(-0.0014908212459459021+0.001114182759617191j),5587912087
(-1.402684678652761-1.4429960495851866j),(0.0010753442834300871+0.002456752264515219j),5593406593
(-0.9391371718525002-1.7199014375603854j),(0.0013149161857295478+0.0016992841819676154j),5598901098
(-0.23716361777444475-1.8210776409094926j),(0.0015151496936901213+0.0013795678426944539j),5604395604
(0.20693209251203076-1.7722732663811922j),(0.0013262574185233813+0.0006014293976896026j),5609890109
(0.7310389972436968-1.5728015118991214j),(-4.162756391670708e-05+0.0027287799941934448j),5615384615
(1.1344674994841704-1.338086965080459j),(0.0003034509857262842+0.00024961777955731035j),5620879120
(1.4894688057202228-1.0020714806806457j),(0.0005996757057387782+0.0006563773828256507j),5626373626
(1.763658166956933-0.5030774809666263j),(0.00010588889093295672-0.0011309871583836135j),5631868131
(1.845925662285187+0.21603119663183953j),(-0.0013639027181992461-0.00020409545640964394j),5637362637
(1.9465547373376657+0.7811439209081045j),(-0.0010304756855725997+0.001686516746490853j),5642857142
(1.6792283721189813+1.263832938936526j),(9.747255668385468e-06-0.0015544433641233647j),5648351648
(1.3701994572128737+1.6670316707161799j),(-0.000736843879904708-6.31701667725645e-05j),5653846153
(0.7724230978572906+1.8309065006994034j),(0.001621238619532486-0.0013835001456192204j),5659340659
(-0.01830387203763939+2.0400235121144004j),(0.000510449144947765-0.0023800269477201193j),5664835164
(-0.8679600623470982+2.0715536434532162j),(-0.00100814658908543-0.0028835927971646966j),5670329670
(-1.5210439702143665+1.63937367660137j),(-0.0030997072882036638-0.0011999294378073075j),5675824175
(-2.0544108114026254+0.8621317520875472j),(-0.003948694957950946+0.0022690935033789278j),5681318681
(-2.4638506764570587+0.17613389168560234j),(-0.0021235261227271155+0.0012990819009829823j),5686813186
(-2.2712516154255322-0.5891466271331625j),(-0.0013188729841101983+0.0023140890452110876j),5692307692
(-1.7793487148406948-1.3303300111223677j),(-0.0007775371927081183-0.00025411274466909366j),5697802197
(-1.236699570118338-1.9795433486958844j),(-0.0030430165294919372-0.0002316544523337176j),5703296703
(-0.47251357536543137-2.2057579536148544j),(-0.0022287575824596444-0.00011403578456024356j),5708791208
(0.3315119215032106-2.1957691771491836j),(-0.00011468124852860996-0.0018305370711368398j),5714285714
(1.0108655836972504-2.064082346827992j),(-0.0013295222526600653-0.0019103363007771659j),5719780219
(1.4911260687039463-1.517189904470212j),(0.001213132825946134-0.0015340672305927305j),5725274725
(1.7619012979393214-1.0540815060567241j),(0.0006037422301157809-0.0014535200610850253j),5730769230
(1.9807819812978034-0.3064473706445071j),(0.00028323965544333927+0.0001554508692839594j),5736263736
(2.101228398584921+0.36076093451175834j),(0.0009536473293990789+0.0006903665332834472j),5741758241
(2.014915174749062+0.9561657776621073j),(0.0012890541326817141+0.0002991871935976557j),5747252747
(1.670861680948561+1.4185794111168706j),(0.0012633978201074811+0.0005394224380891015j),5752747252
(1.1660350135611244+1.8354036878417395j),(-0.00048344171781948846+0.0010813109876334328j),5758241758
(0.6053014265151154+1.927881693408209j),(0.00024933424135410194+0.0011997783285322813j),5763736263
(-0.13079690633633773+1.9183481282717574j),(0.001337045073620874+0.0009519201930094012j),5769230769
(-0.6610862939968705+1.9950372661628115j),(-0.00031902260492215053-0.00022667040664289348j),5774725274
(-1.287909054443059+1.5571510811707274j),(0.0006537379111082554-0.00019709933709348039j),5780219780
(-1.8192025354454078+1.173874646243759j),(-0.0019271699647427961-0.001447181105134049j),5785714285
(-1.9615952548346587+0.6951317152962074j),(-0.0021844537509739166-0.003110960073961527j),5791208791
(-2.1666171173504742-0.007040379883523348j),(-0.004484989236337937-0.000702336644189764j),5796703296
(-1.8951383794150387-0.6872864449365754j),(-0.0013295491050704772+0.00015038804601458624j),5802197802
(-1.5788484643034335-1.160207748500534j),(-0.0016817346908056263-0.0009992558910280934j),5807692307
(-1.0516053624076294-1.505690590655775j),(-0.0008381468732008572-0.0018049370560256483j),5813186813
(-0.4068770469254911-1.8048414159529664j),(-0.002120649900920614-0.002403745392008213j),5818681318
(0.3291095121484188-1.743374202685597j),(0.0005272943699891751-0.0009730369470696332j),5824175824
(0.7057210459378187-1.6053764417918057j),(0.0014813798051466947-0.0007139916115838272j),5829670329
(1.1216182747014634-1.1116642967203352j),(-0.00032371774170663833-0.000607156434651799j),5835164835
(1.5296420095741214-0.6428319287402213j),(0.0002956115066775352+0.0005077182680687042j),5840659340
(1.5753652574506896-0.15696438170571242j),(0.00046732147020465286+1.6482700767564117e-06j),5846153846
(1.4675676072489399+0.47541565700239397j),(0.0009537388552628837+0.00024969430185485655j),5851648351
(1.3151365868744826+0.8907971588870005j),(0.0007773258654960828+0.003068242418483121j),5857142857
(1.0489856429764872+1.2188195881125166j),(-0.0017051032251667768+0.002181401608644781j),5862637362
(0.6795778610115107+1.494787307064253j),(0.004729919700375958+0.001547972123345988j),5868131868
(0.19465056260100574+1.3894400270248435j),(-0.00023174076374306624+0.001551142055294399j),5873626373
(-0.34182438882196475+1.1762666524043812j),(-0.0007489261011039238+0.00010257405279701489j),5879120879
(-0.7561834481542841+0.9719167999014391j),(-0.0012651561196901436+0.0010913957420542872j),5884615384
(-0.8188432763337916+0.6368323827627721j),(-0.0009396883657657349+0.0012773607779612028j),5890109890
(-1.163605172262589+0.2871397056370574j),(-0.0002938554732602814+0.003067643287772896j),5895604395
(-1.490717926803497-0.12437160381797766j),(-0.003197858685739749-0.002278991257122344j),5901098901
(-1.4505591891026075-0.12856710587434253j),(-0.003819126491839494-0.00014937673687056535j),5906593406
(-1.1691104543667463-0.5088402984800998j),(-0.0029637890045489416+0.0010801534065632903j),5912087912
(-0.7188646106781709-0.8516779942939083j),(-0.002026953383532339-0.0013122574354951645j),5917582417
(-0.34660999900818235-1.1391434174200212j),(-0.0016635389201903083+0.0012909345019282668j),5923076923
(-0.0032516020063399005-1.3733570623985576j),(0.001751476457739837+0.003148037176872432j),5928571428
(0.4241359372932453-1.2881148140925829j),(0.0008155933549236791-0.0029219746452605884j),5934065934
(0.8409131733371591-1.1311085272502241j),(-0.0006622461636690013-0.0013693502441828158j),5939560439
(1.2870707618205517-0.8037390482323521j),(-0.0006974071973496486-0.0012614829712043274j),5945054945
(1.5549331441377139-0.422409226089462j),(-0.0021554970627485045-0.003811079436370121j),5950549450
(1.6788664758977867+0.021365111630817682j),(-0.002366140414646247+0.0038459985964680986j),5956043956
(1.7995497676578793+0.6092349724988377j),(0.0008585948540841642+0.0014399740762367083j),5961538461
(1.6373900466054323+1.032625666604719j),(-9.182957757887444e-05-0.0007990170664312776j),5967032967
(1.1062519071946206+1.3842501423141114j),(0.0024685395957110444+0.002209061484633425j),5972527472
(0.5021712104226361+1.7583868168996875j),(0.002569762255114839-0.0019151146252927957j),5978021978
(-0.15827707484448764+1.581200523593552j),(0.0007306425672280292-0.0021275440163702375j),5983516483
(-0.9972768067572189+1.5657023757176736j),(0.002301909014896562-0.0023049538847698114j),5989010989
(-1.4793284493996615+1.2814222707542204j),(0.0013168013731270065+0.0004242665456924682j),5994505494
(-1.302674689410982+0.8688596196927246j),(0.00016669156428552847-0.000465435204691355j),6000000000
