S11,S21,freq
(0.40645094592672243+0.6872205892507859j),(2.232830866102867e-05+0.00010220866787886313j),1000000000
(0.5432445421411694+0.5851634793251644j),(1.958858739511422e-05+0.00010279473482700405j),1003000000
(0.6545033872916393+0.45605670792439185j),(-1.2172422571665947e-05+1.943178747418127e-05j),1006000000
(0.7361487191766897+0.3052326511833793j),(9.759522669727842e-05+5.4242815170680015e-05j),1009000000
(0.7837128314498619+0.13677074693344976j),(7.714856134170999e-05+5.2435137120374464e-05j),1012000000
(0.7925628682727448-0.03805605487818872j),(0.00010145839994901382+1.9292445609676407e-05j),1015000000
(0.7604868962182267-0.2122354553451794j),(-1.2080910085114235e-05+4.953971038307224e-06j),1018000000
(0.691311460205213-0.3772554934962985j),(7.571937074630907e-05+3.937595695856346e-06j),1021000000
(0.5851005934898454-0.5220125328897577j),(8.353054948145438e-05-1.784548341607815e-05j),1024000000
(0.44699876026643914-0.6411704610923917j),(7.447653680136731e-05-3.192704061984889e-05j),1027000000
(0.28404707853954325-0.7248207954571089j),(0.00010250325219025039+2.8608571120008122e-05j),1030000000
(0.10056631325829742-0.7696218316016389j),(9.944630332105613e-05-4.664188781111163e-05j),1033000000
(-0.08434414691467292-0.7685388046166369j),(6.314189665050253e-05-1.9465217284323347e-05j),1036000000
(-0.26821262307487254-0.7237347844182728j),(7.331931713622728e-05-3.279650752824497e-05j),1039000000
(-0.4370730663916597-0.6366861912684318j),(5.460752210889232e-05-8.144995188365038e-05j),1042000000
(-0.5789614017480823-0.5116655483264764j),(7.301062237932196e-06+3.548038965627683e-06j),1045000000
(-0.6873565655836238-0.3539390240579168j),(3.2774278422178855e-05-1.3778935957999129e-06j),1048000000
(-0.7548140312276458-0.17677015234650556j),(6.312038087507168e-05-1.1923979284481171e-05j),1051000000
(-0.7773584317597609+0.011517696067776532j),(-2.481734214564846e-05+2.1910227526687793e-05j),1054000000
(-0.7545970105885624+0.19932349722992193j),(-5.148618122723111e-06+2.2086858081458425e-05j),1057000000
(-0.6886097868179432+0.3743758321369674j),(-1.7635088125871678e-05-4.199030743678144e-05j),1060000000
(-0.5843891452849211+0.528760840590045j),(8.053919214933956e-06-8.249534534509086e-05j),1063000000
(-0.44841223261605406+0.6525446631586294j),(-5.655445775838584e-07-1.7977062522509468e-06j),1066000000
(-0.2879979142471979+0.7407877837725304j),(7.396671055958447e-05-5.58187001568295e-05j),1069000000
(-0.11429737075553074+0.7883580896542876j),(-1.5714034832157502e-05-3.6693460102041714e-05j),1072000000
(0.06270030901943677+0.7982287336432555j),(8.698393503314986e-06-3.0821833369890486e-05j),1075000000
(0.23777214070347957+0.7661224294428044j),(4.391840183157223e-05-4.981256906873555e-05j),1078000000
(0.3994168135733458+0.6951544955986003j),(3.417032199298117e-05-3.580952503046583e-05j),1081000000
(0.5393823336785175+0.5913767251530149j),(-3.427376326633725e-05-4.908785503206122e-05j),1084000000
(0.6565870903356613+0.45859350829130036j),(-5.526131531625495e-06+1.9891454222425602e-05j),1087000000
(0.7384204162057075+0.30648403478145714j),(-6.835791826943551e-06-4.271772172314224e-05j),1090000000
(0.7849489728999668+0.13946911084192115j),(-4.962205336492865e-05-7.017538726565029e-05j),1093000000
(0.7939166688926976-0.0344819191681748j),(-4.023378289379675e-05-6.0490056494157285e-05j),1096000000
(0.7647033827462797-0.20684407510774433j),(-7.173549766691824e-05-4.5515797984716114e-05j),1099000000
(0.6967367272586331-0.36787213485313974j),(-8.385448500297313e-05+7.146423745529034e-06j),1102000000
(0.5954399835176102-0.5105503821733264j),(-8.23588225833779e-05+1.9979324940556036e-05j),1105000000
(0.46323775405783285-0.6290495974772788j),(-6.2087211207102e-05+2.439116295539225e-05j),1108000000
(0.30714876261554125-0.7147938202961308j),(-2.4896134202468156e-05-2.4589319885324448e-05j),1111000000
(0.13428680256490688-0.7640098543888665j),(-8.823879679773863e-05+1.8072083280102984e-05j),1114000000
(-0.047650039191726674-0.7710614923616746j),(-4.5673727624758535e-06+1.0346899659046593e-06j),1117000000
(-0.2260931710072921-0.7374098327370113j),(-7.451467577053261e-06+9.336817516924834e-06j),1120000000
(-0.3942255927615617-0.6647415107856701j),(2.6389879770384616e-07+2.0349978897523432e-05j),1123000000
(-0.5397216749020107-0.5517873682690384j),(-3.7651701291123774e-05+4.104194531830599e-05j),1126000000
(-0.6562636047865367-0.4074588338375231j),(1.7535689870051788e-05+7.543107270965857e-05j),1129000000
(-0.7379059364302222-0.2396066207220014j),(-4.5726578434617826e-05+5.66449971965912e-05j),1132000000
(-0.775402059701424-0.05842365481597532j),(-6.280271296853042e-05+4.084829976792988e-05j),1135000000
(-0.7704069433662857+0.12615277760140037j),(-4.452440752588174e-05+1.8322525711008087e-05j),1138000000
(-0.7205150813275757+0.3056504893838953j),(-5.072995253751708e-05+5.4247732236721524e-05j),1141000000
(-0.6326825070856181+0.46485351689894217j),(8.312929839347474e-06+7.085044522470374e-06j),1144000000
(-0.510298066217811+0.6008346978564666j),(-2.1608120200543784e-05+3.277048065323561e-05j),1147000000
(-0.3586353539438357+0.7043526907904172j),(-4.883978168684376e-06-1.8855069534628277e-05j),1150000000
(-0.18891225902413447+0.7689129844076142j),(8.91575787805903e-06-5.658079776934901e-06j),1153000000
(-0.012549000315959945+0.791800614424416j),(1.2426030211244711e-05+2.107428000823593e-05j),1156000000
(0.16762555475447155+0.7740858309371684j),(3.227168721463526e-05+3.09995290110718e-05j),1159000000
(0.33628894134167325+0.7157168826760014j),(2.183400059097324e-05+1.588571179756677e-05j),1162000000
(0.4844847120399689+0.623616079991642j),(-4.071563644125066e-05-3.630808268900281e-05j),1165000000
(0.6104260470011255+0.49592466278171843j),(-5.429053312307415e-05-2.0481789224741667e-05j),1168000000
(0.7029228659606265+0.34722040723044156j),(5.1445312340964585e-06-1.9173092225031622e-05j),1171000000
(0.7599593690108103+0.17961451397239306j),(-3.429534788629743e-05-1.1116512808417783e-05j),1174000000
(0.7774663367407811+0.005488063672408968j),(-2.583185220014151e-05+7.317906684623453e-06j),1177000000
(0.7542826049890907-0.16993688685398167j),(-3.67247465538572e-06+2.6914013048005273e-05j),1180000000
(0.6938320071476047-0.3334499565208867j),(-1.0693682730429722e-05-6.189777264535166e-06j),1183000000
(0.5968485798713654-0.48167389292886j),(-5.768123750513007e-05-3.835765880756957e-05j),1186000000
(0.4685572171208559-0.6040184462583531j),(-6.813167775349978e-06-2.1184556212510392e-05j),1189000000
(0.3156193096909185-0.6919930998840279j),(-5.252186040416765e-05+2.3165820314027584e-05j),1192000000
(0.14515995988014901-0.7465113529726082j),(-2.3242383944884666e-05+5.986092343425436e-05j),1195000000
(-0.03063017548940282-0.7592778328351658j),(-7.914214118381804e-06+4.5233246531954524e-05j),1198000000
(-0.2060641122698761-0.730599584671104j),(-3.35307435616311e-05-3.708996751814485e-05j),1201000000
(-0.37526470894276703-0.6618465495610406j),(-3.20870651708903e-05-3.460900612063291e-05j),1204000000
(-0.5177734292908833-0.5599192466441654j),(4.279303798166206e-06-3.4274127105996245e-06j),1207000000
(-0.6349524818290773-0.42622571018266425j),(-7.737918380137873e-06-1.6066172558052918e-05j),1210000000
(-0.7202258774950577-0.2661909562132789j),(-1.5533277286593773e-05-1.1573014676529297e-05j),1213000000
(-0.7655076173301818-0.09427841155609128j),(4.22102461627136e-05-1.1682789164295541e-05j),1216000000
(-0.7695250932432489+0.08377911559334639j),(2.94606576908027e-06+4.2205981302703314e-05j),1219000000
(-0.7322722749578212+0.26111416848340757j),(-2.3783017833809566e-05+9.844157921158768e-06j),1222000000
(-0.6577830976262671+0.41977818125241667j),(-3.936789038765847e-05+6.813106787067071e-05j),1225000000
(-0.5480074105974457+0.5579198630458159j),(-5.5745950157647585e-05-2.0999873299529737e-05j),1228000000
(-0.4066497347365184+0.6695100918622995j),(-6.586270261377868e-05-3.583462548195781e-05j),1231000000
(-0.24857413623871882+0.74572493302887j),(3.205985487409365e-05+3.2086009796555606e-05j),1234000000
(-0.07535255948550028+0.782140591420085j),(5.370029729695238e-05-4.465622383967614e-05j),1237000000
(0.10317918564748223+0.7782175542545705j),(-7.525617083887308e-05-1.1556636044781648e-06j),1240000000
(0.27261513226041606+0.7354211764969291j),(-1.9118302272161872e-05-6.4632146417592256e-06j),1243000000
(0.43169009782872164+0.6520730420105184j),(2.616982644184331e-05+4.624810003967165e-05j),1246000000
(0.5666658843214303+0.5361624403563758j),(-8.556358589891083e-06+2.7722151376585457e-05j),1249000000
(0.6712451514875518+0.3918485770803259j),(-6.231573657072014e-05-2.0792218166978346e-05j),1252000000
(0.738282591723908+0.2272457892641523j),(1.2111826438838003e-05+6.561900977532203e-05j),1255000000
(0.7672609334076819+0.04807968552298005j),(-1.956587065379149e-05+2.6814086991263176e-05j),1258000000
(0.7536349339124199-0.13015779234663646j),(-7.709557771066747e-06-3.945352656575397e-05j),1261000000
(0.6978319012313895-0.30320139500483667j),(-2.617570808785623e-05-3.089529078756899e-05j),1264000000
(0.6017307032487192-0.4591555543437012j),(1.780191832034635e-05-1.7732084114170316e-05j),1267000000
(0.47286667500413576-0.585437245136949j),(3.596529954882793e-05+6.22163717286643e-05j),1270000000
(0.316386547550017-0.6800609928872801j),(5.409562213690936e-06-4.6011516080638393e-07j),1273000000
(0.14031072030567604-0.7328520100767523j),(9.79921610047026e-06-6.281399913624251e-05j),1276000000
(-0.042113247220394334-0.7437258596912534j),(-3.5205412038289607e-06-3.3326752123103014e-06j),1279000000
(-0.2191548845854669-0.7112901275663206j),(9.548612749412557e-06+2.701797523470707e-05j),1282000000
(-0.3865692490689265-0.6368338717853188j),(-6.193934008706886e-05+3.422034951735416e-05j),1285000000
(-0.5281160494455854-0.5264409688265917j),(3.3855535704879775e-06-4.524086200369466e-05j),1288000000
(-0.640360500029561-0.3857687255087417j),(3.082059022501186e-05-2.7095814383010027e-05j),1291000000
(-0.7158280042024726-0.22330930040657057j),(1.572841048796181e-05-6.588972202411244e-06j),1294000000
(-0.7514036070674187-0.0502857613022114j),(2.542376780969183e-05-4.3619101218263755e-05j),1297000000
(-0.7462178356000465+0.12624712922325057j),(-0.00010508647028062979-3.8599523997844404e-05j),1300000000
(-0.7465442750920972+0.12504365133812545j),(-4.4880117848252875e-05-7.836405013357166e-05j),1300000000
(-0.701405932261537+0.2932055571824712j),(1.9636277231646293e-05-7.829374272971252e-06j),1303000000
(-0.6194030829065114+0.4483605387759164j),(5.635804238882577e-05+3.298957930049331e-05j),1306000000
(-0.5098508428022847+0.5753037509657004j),(-7.695545705846403e-05+3.2773458402982714e-06j),1309000000
(-0.37083684936692796+0.676046087439717j),(9.283618157499318e-06+5.248613569579468e-06j),1312000000
(-0.21395811355701183+0.744362187043692j),(-1.1455157388962631e-05-5.2045533239328846e-05j),1315000000
(-0.05300310395818405+0.7760868685273447j),(-4.648727438009848e-06+4.584618423238845e-05j),1318000000
(0.11497753805048216+0.7695298694119798j),(-2.301282432064811e-05-2.2110957789452786e-06j),1321000000
(0.27717663869602144+0.7285023556596882j),(1.0959616164875945e-05-3.256974023242659e-05j),1324000000
(0.42421135436899227+0.6566658029255299j),(-4.91587484122748e-05-3.6266865720843775e-05j),1327000000
(0.551283765176718+0.5522968372423454j),(-8.461263025320482e-05-1.4732012250558496e-07j),1330000000
(0.6541978670750946+0.42099456322921375j),(-8.269825133230458e-05-2.419166953195591e-05j),1333000000
(0.7265474538838717+0.27288264490797237j),(1.852031487864899e-05-9.363042847584337e-06j),1336000000
(0.7662126797528522+0.10653254381445842j),(1.3600983399423076e-05+3.348168006214799e-05j),1339000000
(0.7672959353184503-0.0618311246034559j),(-4.551235434492749e-05-5.004312900691523e-06j),1342000000
(0.7308627535902223-0.22754716058943594j),(-6.846629516868816e-06-4.5078222011159054e-05j),1345000000
(0.6580245838185204-0.3823990312880281j),(-1.4724303032694375e-05+4.735443239567265e-05j),1348000000
(0.5503213127174639-0.5177807719749503j),(-3.180129899140944e-05+3.856652291917904e-06j),1351000000
(0.41102424122864434-0.629122942662411j),(-6.195646828351892e-05+2.5107058404658516e-05j),1354000000
(0.25089920352889317-0.7037615289933348j),(1.7838429090191805e-05-2.0467588959533547e-05j),1357000000
(0.0732995581257714-0.739778224378067j),(1.5428565420554993e-05+8.014463073415453e-05j),1360000000
(-0.10545589790076691-0.7317716271908437j),(2.2352159107859187e-05+1.8133105332934185e-05j),1363000000
(-0.28290362130532637-0.6829568162442974j),(-3.509544469991539e-05-1.8963757642237347e-05j),1366000000
(-0.4430904938630563-0.5907297318925702j),(3.237661641863589e-05-2.9320301830479576e-05j),1369000000
(-0.576469457155794-0.46130200140101096j),(5.468138727714655e-05-4.998946362490624e-05j),1372000000
(-0.6751054469430369-0.30677754773063987j),(-1.1618541847610554e-05+3.033091448866949e-05j),1375000000
(-0.73293153072473-0.12914278036149998j),(3.1143519035123335e-05-4.110451193024905e-05j),1378000000
(-0.7462212456851275+0.05185171650427815j),(2.7971073271471993e-05-1.2150765895273054e-05j),1381000000
(-0.716846967834797+0.2317164945477739j),(-4.854727537265745e-05+3.1390841701051674e-05j),1384000000
(-0.6468697542903885+0.3975497819520291j),(-1.7556980789810803e-05-4.217827771047684e-05j),1387000000
(-0.5403680825539745+0.5394423005954355j),(-4.533816163721226e-06-8.143253413145417e-05j),1390000000
(-0.405064710254441+0.6533668824893983j),(3.294048332025721e-05+9.555951553440943e-05j),1393000000
(-0.2543900513213243+0.7298823326294487j),(2.6115503775022942e-05-5.988646276594513e-05j),1396000000
(-0.08966950870746102+0.7729205210087025j),(-4.955289148126759e-05-1.0301544353014934e-06j),1399000000
(0.07864772884888119+0.7773363636419978j),(-3.109630571405215e-05-2.153686979937058e-05j),1402000000
(0.24172468640123904+0.7472988036722367j),(-4.351216834010426e-05-3.268724360428023e-05j),1405000000
(0.39160546569544674+0.6817014339647955j),(-1.9042548458738425e-05-2.3964656111593e-05j),1408000000
(0.5237538089770717+0.5847381304873331j),(-8.124218764736511e-05-1.788786228779529e-05j),1411000000
(0.6299904731016742+0.4667841962351406j),(-6.918472166954954e-05-4.4930101297391575e-05j),1414000000
(0.7120002617786694+0.3259167240251668j),(7.330766052755355e-05-2.9949960182094835e-05j),1417000000
(0.7613981300083248+0.17195152417336662j),(6.036469776091527e-05-1.6709808446695573e-05j),1420000000
(0.7775326494319308+0.011757030753196384j),(3.5412622675195625e-05-1.156820103150154e-05j),1423000000
(0.7585149575446739-0.1496265182330911j),(0.00013853783200591023-2.068459253123618e-05j),1426000000
(0.7043939575833879-0.3079513154368457j),(3.875537936748649e-06-7.067725577026089e-06j),1429000000
(0.6143841948362151-0.4507663957867655j),(-6.615072394562951e-05+4.7243271723063215e-06j),1432000000
(0.4985447586553282-0.570581977942799j),(-5.094136536456034e-05+5.765440916571708e-05j),1435000000
(0.35012863446429804-0.6652699993893602j),(-3.607620809419731e-05-9.565291970312932e-07j),1438000000
(0.18679453094486664-0.723071939949442j),(3.483175573987946e-06-9.553050960932981e-06j),1441000000
(0.010058710202079324-0.7428026923490645j),(6.585421203459704e-06+2.3606070595549474e-05j),1444000000
(-0.17034313284838043-0.7183563220512736j),(1.4056284344434316e-05-8.147064426965838e-06j),1447000000
(-0.3407957144091772-0.6529668634328604j),(-3.6465211510060664e-05-4.895620015198508e-05j),1450000000
(-0.4948972682401863-0.5450917913818704j),(-6.06082831943777e-05+2.618173773040504e-05j),1453000000
(-0.616103800537522-0.40332393470010813j),(-1.3794606418113465e-06+6.439461531506344e-06j),1456000000
(-0.7000294898601517-0.23492887794681871j),(-6.592083300224877e-05-4.3247813801679415e-06j),1459000000
(-0.7396107621474053-0.049918445199896716j),(-1.657421807055964e-05-2.2343326323177463e-05j),1462000000
(-0.7327929622593117+0.13628139864876057j),(3.1609417165532155e-05+3.9122296348789125e-05j),1465000000
(-0.6796663449949307+0.31565966123501604j),(-5.211310946424625e-05-5.476814116310379e-06j),1468000000
(-0.5846212828534978+0.47587212014941965j),(-1.8097492658734e-05-1.1334195300504583e-05j),1471000000
(-0.4562428976098676+0.6066988030813475j),(2.300190006564157e-05+3.374862917992724e-05j),1474000000
(-0.30645043989899706+0.6996694834915516j),(2.7717017511346552e-05-8.529822655525452e-05j),1477000000
(-0.1377132669769945+0.754606381136378j),(3.124324483269508e-05-1.2171995839154053e-05j),1480000000
(0.035681428214465474+0.770612080901852j),(1.936662114901669e-05-4.1349669040364295e-05j),1483000000
(0.20565512776066222+0.744974404969858j),(1.2964259348714318e-05+2.3159615560266055e-05j),1486000000
(0.3646221220857538+0.6825750380971648j),(-3.7944868093043285e-05-4.413951747613851e-05j),1489000000
(0.5001282602324937+0.590756259003821j),(-3.884946108593694e-06-7.108232340141385e-05j),1492000000
(0.6135817564864342+0.4692200812978286j),(5.9314243329443896e-05+1.3676996028776618e-05j),1495000000
(0.698078952445186+0.3272062933574106j),(1.7205252208471927e-05+7.071559878177642e-07j),1498000000
(0.7465485485245362+0.1744663536440353j),(1.2680512273286283e-05+1.2807865215964158e-05j),1501000000
(0.762654666397948+0.009058326722673407j),(-3.348178635702405e-05-9.979956901901436e-08j),1504000000
(0.7420708939128886-0.1528393876146721j),(-3.19179260432313e-05-1.8338761008280182e-05j),1507000000
(0.6867005837935135-0.3072248473631198j),(-3.293668815470347e-05-4.037146010021437e-05j),1510000000
(0.5985352194614285-0.44606803845084564j),(3.471062425713393e-05-3.278358823437923e-05j),1513000000
(0.4800020493154795-0.5625390621560761j),(4.510499804049154e-05+2.3068682334001363e-05j),1516000000
(0.3374291247078158-0.6516718727174533j),(4.3444938106424654e-05+3.139428510759968e-05j),1519000000
(0.17652126753925643-0.7060779692850715j),(-3.5241127433780776e-05+6.732458565358911e-05j),1522000000
(0.0050296381854455716-0.7224825541830745j),(4.348215617524016e-05+3.931790608962805e-05j),1525000000
(-0.16520251824830703-0.6973160804164191j),(-2.4309861286064923e-05-1.9340627215737187e-05j),1528000000
(-0.3270188947593677-0.6330875984704777j),(1.4883719967840232e-05+1.1123925052257327e-05j),1531000000
(-0.46914831582987016-0.5311638299890615j),(-3.4798471190903686e-05+4.819051184235852e-05j),1534000000
(-0.5815200164693016-0.4018083455224657j),(-1.7080344607402688e-05-1.411406192593053e-05j),1537000000
(-0.6643775191645787-0.2455091421773821j),(-1.5020747511391428e-05+3.0986279678167904e-05j),1540000000
(-0.7092907742826824-0.08044596196970012j),(-2.607735542487684e-05+3.1602231249928366e-05j),1543000000
(-0.7129302838649142+0.0978085641285016j),(6.416191191018801e-05-6.873394413361882e-06j),1546000000
(-0.6751606149648754+0.26922916330456464j),(3.606447572324255e-05+2.0426155668185286e-05j),1549000000
(-0.5952428484162872+0.4308106688262687j),(7.371970317924254e-05-6.272090513539754e-05j),1552000000
(-0.48228324781850185+0.5663249067772547j),(-2.179214837022612e-05-1.1887916722078568e-05j),1555000000
(-0.33507199066042315+0.6690017078011783j),(7.701858338792591e-06+4.150675939848491e-07j),1558000000
(-0.17187218897711978+0.73608588804219j),(-6.500347349934432e-06-6.312998914488287e-06j),1561000000
(0.0015260142469465734+0.7599912091787265j),(4.8594524816932665e-06-1.7108066479865818e-05j),1564000000
(0.1728246207468656+0.741244291354964j),(4.556273264065149e-05+7.214306832488786e-06j),1567000000
(0.33600298158984765+0.6868944384118219j),(4.2332633412305077e-05-5.468257315703383e-06j),1570000000
(0.47917306851369756+0.5992799246399126j),(-4.686128882540946e-06-3.3875600881881134e-05j),1573000000
(0.5961092650924644+0.47911229263280125j),(3.7022632743534325e-05+8.022732002474291e-06j),1576000000
(0.6884369874344379+0.33490140257303963j),(-2.7179623278203424e-05+1.8863017934247934e-05j),1579000000
(0.7427042438476209+0.18040285104127743j),(2.5676424238960255e-05-4.991608292052428e-06j),1582000000
(0.7613347344613307+0.015290333159170546j),(3.9205864025975544e-05+6.190072609615343e-07j),1585000000
(0.7422231787287312-0.15078942716404542j),(7.964557890644755e-05-7.102175758000393e-06j),1588000000
(0.6862739780148605-0.30730487871146994j),(5.7664864929816295e-05-4.071662220556904e-05j),1591000000
(0.5976771755936667-0.4484349503176957j),(-3.0726433236748014e-05-1.2519381865969442e-05j),1594000000
(0.47832462803129905-0.5680975126802252j),(3.200356006265536e-05-5.0581413483026426e-05j),1597000000
(0.3357047850877543-0.6581008043058817j),(3.007567553450322e-05+5.2805352942393776e-05j),1600000000
(0.33642792690026774-0.6584996321489692j),(1.634158570353684e-05+2.04639134468042e-05j),1600000000
(0.17500675399259857-0.7115758505024269j),(5.298885544315203e-06+2.2808804813643293e-05j),1603000000
(0.0049008492742265135-0.7293071536664063j),(3.7077693471021795e-05+7.786263522821267e-06j),1606000000
(-0.167065272731057-0.7065609798916359j),(1.5492599090100967e-05-2.432028790086399e-05j),1609000000
(-0.3265136320515544-0.6443253110176496j),(-1.8410546361650863e-05-2.807674916605284e-05j),1612000000
(-0.47200988936084814-0.5439665764018505j),(-1.2734403592249793e-06-7.1309027559254366e-06j),1615000000
(-0.5903515283233944-0.4141824417707946j),(6.233302555919823e-05-3.705650062691914e-05j),1618000000
(-0.672908210786476-0.25921366512726657j),(-1.327394529892432e-05-1.3519368759975196e-05j),1621000000
(-0.7175553899750394-0.08444437648689465j),(3.735667227497937e-05+2.446076333490973e-05j),1624000000
(-0.7193428140058651+0.092056274259592j),(-5.095025768987187e-05-4.961646448642851e-05j),1627000000
(-0.6799462984265203+0.26245264252603345j),(7.023449494080925e-05-6.389194716104063e-05j),1630000000
(-0.6004425907233463+0.4209689095651423j),(-2.690153425220455e-05-2.3968726284330235e-05j),1633000000
(-0.484084184507832+0.5560977426798968j),(-5.739926586850258e-05+1.4675328239283572e-05j),1636000000
(-0.34851292814862056+0.6546537861086242j),(8.490111273652607e-05-1.3020160604458608e-05j),1639000000
(-0.18690472948673295+0.7225422561881005j),(4.689284825649845e-05-4.691730891648738e-05j),1642000000
(-0.01778468848222019+0.7497573271777445j),(-7.172524243063291e-05-2.5527491961017688e-05j),1645000000
(0.14913568506586297+0.736021035691028j),(2.196077653880127e-05-5.363215213884027e-05j),1648000000
(0.30754230231711727+0.6889831353726676j),(3.992515124818013e-06+2.4427650041480857e-05j),1651000000
(0.4519672987253208+0.6085660411316332j),(-5.003198395550944e-05-7.426316404469062e-05j),1654000000
(0.5753564596270542+0.4951366185556705j),(-1.1812717482041569e-05+1.3576247086579773e-05j),1657000000
(0.6647458043138214+0.36291724083363003j),(6.922547847683711e-06+1.7622156073354407e-05j),1660000000
(0.7265716392592632+0.2149350273985056j),(4.0698347104474445e-05-2.0167298767219896e-05j),1663000000
(0.7547912828426495+0.054339311434387694j),(9.841229505178567e-06-2.777788739317379e-06j),1666000000
(0.7470574188968683-0.10515542303895994j),(1.9402923129571504e-05+4.327699178403603e-05j),1669000000
(0.7034292087670979-0.26134757869511493j),(2.6622138190590424e-05+3.7751422119450896e-05j),1672000000
(0.6294829694980691-0.4044383024794298j),(1.584249586326765e-05+1.8078643229252955e-05j),1675000000
(0.5252331573061311-0.5259325167004618j),(-4.580282170436314e-05+6.44178042153952e-06j),1678000000
(0.3940359769431659-0.62699189932375j),(2.3122382001040758e-05-2.1903081395139747e-05j),1681000000
(0.2427195117582701-0.6953206142831493j),(6.54020127152845e-05-2.730964796850273e-07j),1684000000
(0.0826086881254098-0.7289484208943806j),(-9.929395042812475e-06+4.0081819964115674e-05j),1687000000
(-0.08914961701147427-0.7218048388117612j),(4.302553618265364e-05-2.5513230514300828e-05j),1690000000
(-0.2540796603972426-0.6797830722530854j),(1.9027368321062386e-05+5.000063680112184e-05j),1693000000
(-0.40560030591063784-0.6010400581098677j),(2.5574569551728354e-05-1.3030289955804656e-05j),1696000000
(-0.5352838865819265-0.48613870079573446j),(4.153325594162651e-05-2.6002796463561285e-05j),1699000000
(-0.6372292361725103-0.34808074490662344j),(1.757727994098972e-05-2.2706331704358387e-05j),1702000000
(-0.7029852266073552-0.1826426957367287j),(4.431258690983028e-06+3.878940253687988e-05j),1705000000
(-0.7289945853290353-0.010379635293134393j),(6.520502518458086e-05+3.610607963366915e-05j),1708000000
(-0.7135469735204121+0.1631543972563247j),(7.69737205525687e-05-4.456508402217787e-05j),1711000000
(-0.6590295332229384+0.3274750914969426j),(3.7533102745234883e-06-2.9620512287768254e-05j),1714000000
(-0.57337887742086+0.4727031994838373j),(-4.237900851849675e-05+3.538807662266819e-05j),1717000000
(-0.4502274783195455+0.5932523672560952j),(7.145755427631521e-05-3.8311118982525505e-05j),1720000000
(-0.3029142451602478+0.6876381580645107j),(5.6619387718238735e-05-2.6455893092201647e-05j),1723000000
(-0.14891532214512482+0.7407579482468695j),(1.2140090655582996e-06-4.4880950570448503e-05j),1726000000
(0.012466702357981458+0.7603377208064604j),(-8.76167043773362e-06-5.561712539872723e-05j),1729000000
(0.17628427419467593+0.7415369198713335j),(5.5083215371530784e-05+1.2408753649199231e-05j),1732000000
(0.32588676563131147+0.6927238543324916j),(2.4349335675856382e-06+2.921544114029545e-05j),1735000000
(0.46333678307631154+0.6111733749568915j),(-9.05685734364013e-06+1.5632558986558944e-05j),1738000000
(0.5778178158168114+0.506026431259651j),(0.0001252870432255766-9.64194346305935e-06j),1741000000
(0.6686269171652023+0.37669734639182767j),(2.3947625487814476e-05+1.171852572526817e-05j),1744000000
(0.7297186485985206+0.2340861743874017j),(-1.942751558570468e-05+2.5504913412549402e-05j),1747000000
(0.7578141984979171+0.07867779449983657j),(3.0443243307140653e-05-1.3388537309758645e-05j),1750000000
(0.7558037531862958-0.07510872172800226j),(6.179320186932637e-05-1.6175079197538935e-05j),1753000000
(0.7167362306655874-0.23252621911953958j),(2.3782079084560546e-05+4.758023192601041e-05j),1756000000
(0.6467448315905266-0.3766224072767701j),(9.092464045709975e-05+3.9818982246027886e-05j),1759000000
(0.5448520523328801-0.5039049006849512j),(4.24505171402469e-05-1.049281788361e-05j),1762000000
(0.41540351033262984-0.6057279073702483j),(3.3421222490162894e-05-1.840485205275761e-05j),1765000000
(0.26115438656718026-0.679527839288803j),(-7.00187611682122e-06+9.184605426311417e-06j),1768000000
(0.09345193337338255-0.7134854872717162j),(0.00013209835174536348-5.693696212503803e-05j),1771000000
(-0.08317516973835891-0.709705812473376j),(3.9416393293560246e-05+3.679984654510569e-05j),1774000000
(-0.25514693063469346-0.6613509280119754j),(-9.91566502357393e-07+1.775438489769094e-05j),1777000000
(-0.41455428890439155-0.5706092143539051j),(5.2361285429165135e-05-4.159620720793117e-06j),1780000000
(-0.5456437870545613-0.4429677670393521j),(4.778974874580176e-05+2.778245003444661e-05j),1783000000
(-0.6456662001576817-0.2841368259015194j),(1.8239585516740713e-05-6.4922514273104e-05j),1786000000
(-0.698340182019962-0.10602998357995072j),(7.834390266726987e-05-7.832554916185403e-05j),1789000000
(-0.7061168586399167+0.08243692336350222j),(3.804406289121432e-05-3.224684431279467e-05j),1792000000
(-0.6656977493242818+0.26649002621321455j),(8.021019881321998e-05-2.1081414285278863e-05j),1795000000
(-0.5839597148239956+0.42782056559354587j),(0.0001219346123404167-1.1330719030306053e-05j),1798000000
(-0.4633612376000116+0.5649166439620174j),(3.8302363937475906e-05-2.5279123803672337e-05j),1801000000
(-0.3161383471825064+0.6666265214134374j),(8.573587421233812e-05-5.15134388046435e-05j),1804000000
(-0.1556023988057995+0.7293594900725989j),(2.76923478466738e-05+5.225138418539978e-05j),1807000000
(0.015482401407723612+0.748369299656808j),(3.742146205183394e-05-4.5429679720868256e-05j),1810000000
(0.1816679101290855+0.7326359707751126j),(6.821772345173618e-05-2.855064335193501e-05j),1813000000
(0.33978311372735465+0.678778764057221j),(-5.020927951814872e-05-5.389976152444807e-05j),1816000000
(0.4746953387414262+0.5954443413866688j),(2.507896234498223e-05+5.148940305972132e-06j),1819000000
(0.5890304274001504+0.48220271749618676j),(-6.544286319149123e-07-5.313289811983627e-05j),1822000000
(0.6736748044264593+0.35518749874760996j),(3.981014269303517e-05+1.083134140472897e-05j),1825000000
(0.7287574463847041+0.2077901645461555j),(6.37585203568151e-05+2.7628675223270357e-05j),1828000000
(0.7526081629925171+0.05175008728889844j),(7.092946433668526e-05+6.150655037477271e-05j),1831000000
(0.7426973760320396-0.09717654649373404j),(8.964831708360866e-05-1.647042394860624e-05j),1834000000
(0.7004949880493081-0.2478197592817375j),(7.329108219970923e-06-3.458747036525631e-05j),1837000000
(0.6285489201212378-0.3840221609148167j),(8.433630868408894e-05+5.2330643127227514e-05j),1840000000
(0.5248959057563898-0.5063116981482811j),(4.6401283817946824e-05-5.8277944740116315e-05j),1843000000
(0.3978103373786803-0.6039145289400737j),(6.08707010757481e-05+4.548626060849514e-05j),1846000000
(0.24818300023299883-0.6688669488497997j),(3.125610227597642e-05-3.584886383465715e-05j),1849000000
(0.08443528191713735-0.7003610711114403j),(4.6218279242913444e-05-5.505934014682211e-05j),1852000000
(-0.08419825075135341-0.6938586318193519j),(6.847044348096613e-05+7.663428246210702e-06j),1855000000
(-0.24788288753127502-0.6500913503943957j),(0.00013145383197147347-2.1050512163142612e-05j),1858000000
(-0.401641752573363-0.5623621145695318j),(1.695207578512651e-05-2.3244962540711445e-05j),1861000000
(-0.5291782991016899-0.43860513728707023j),(5.9045447543927185e-05-8.941438396827637e-05j),1864000000
(-0.6244749628995039-0.28828555411242124j),(5.031911766445484e-05-5.1687701984976985e-05j),1867000000
(-0.6790849285934709-0.10988678985199957j),(-2.280028143138053e-05-5.173559686468092e-05j),1870000000
(-0.6903444457278861+0.06901156945958592j),(8.643550719255172e-05-7.413298571560268e-05j),1873000000
(-0.6525339082717166+0.2513066646014145j),(0.00010305059966874004-4.795422169511478e-05j),1876000000
(-0.5743704879340295+0.41441410159097225j),(-1.8032747063903933e-05-3.6488115923774554e-05j),1879000000
(-0.458556989037075+0.5497396627512487j),(-1.2131131172774883e-05-2.4812665627342208e-05j),1882000000
(-0.3122658211804313+0.6511813125027754j),(2.1585943723174576e-05-5.80883269045082e-05j),1885000000
(-0.1500452174669782+0.7159910255865399j),(-1.8243299613125086e-05-0.00011104711020191195j),1888000000
(0.02209987266240301+0.73745121282369j),(-1.536531122735756e-05-2.8676765969789845e-05j),1891000000
(0.19076565647666266+0.716723841713075j),(6.106008790499118e-05-7.874931401414807e-05j),1894000000
(0.34644622735595604+0.6631665598386425j),(5.6668481254843844e-05-8.238586120030113e-05j),1897000000
(0.48438933378002946+0.573424310611242j),(-7.585590583105762e-05-7.339711429065528e-05j),1900000000
(0.48579163408657655+0.5708486893272833j),(-5.199592482306331e-05-7.007154524229046e-05j),1900000000
(0.5972506960655123+0.45616889201345273j),(-9.38158752021116e-06-7.409621645048215e-05j),1903000000
(0.6770093493696592+0.31952620227948386j),(8.625649385551938e-06-6.550332166742205e-05j),1906000000
(0.7311791040288687+0.16914830722310223j),(0.000142571203489986-2.0337367413494582e-05j),1909000000
(0.7498883756978454+0.015234830723865575j),(-1.1969273099717084e-05-2.2949639901048843e-05j),1912000000
(0.7343157352331698-0.1380468480666247j),(-2.0528183296071613e-05+2.3423528664080612e-06j),1915000000
(0.6871746959241166-0.28160413876514223j),(-2.058266890220809e-05+6.339444898264704e-06j),1918000000
(0.607049302956956-0.41982118646147726j),(-1.650329160842173e-05-2.070572426122473e-05j),1921000000
(0.5065865356840554-0.5326349637206605j),(-3.401274761695513e-05-1.52128727138167e-05j),1924000000
(0.37793657631488614-0.6234151264056561j),(8.112502895585919e-06+3.297753304959712e-05j),1927000000
(0.23104801898216684-0.6853575112529183j),(-3.938026854140486e-05-2.4307683583817735e-05j),1930000000
(0.07335955043740135-0.7132390669802786j),(-1.1157203759575482e-06-4.280259263349994e-05j),1933000000
(-0.08691752438054537-0.7078355540220512j),(5.2608554527701286e-05-2.2238079603944404e-05j),1936000000
(-0.24584035006590926-0.6632258446852927j),(4.6412359566316e-05-1.4962088761992546e-05j),1939000000
(-0.3957914201411864-0.5822057424487891j),(9.740641830457341e-06-2.9434915359145188e-05j),1942000000
(-0.5174543251755739-0.47288543472074335j),(1.2153574256996936e-05-8.615781590734891e-05j),1945000000
(-0.6153679993423805-0.33071437805561615j),(-6.810434963933091e-05-3.060150292256907e-05j),1948000000
(-0.6761282584327131-0.1714366878611772j),(-1.1781508748013197e-05+1.2859187773632059e-05j),1951000000
(-0.6980115232144255+0.0016194889752680042j),(-6.237329524356718e-05+6.572846461162126e-06j),1954000000
(-0.6766138744995108+0.17332414329709767j),(-1.967434467117668e-05-8.966506563309347e-05j),1957000000
(-0.6132995258248457+0.33929309206838043j),(-7.523664580725588e-05-9.478224029235965e-05j),1960000000
(-0.5116631685383841+0.48198167637385736j),(5.999132013264995e-05+3.6513026599441184e-05j),1963000000
(-0.38494535823211967+0.5982838446335907j),(-5.711769215819463e-05-3.684988372132023e-05j),1966000000
(-0.2252489101591535+0.6759356979707422j),(-2.9559468267484122e-06-6.193957232812171e-05j),1969000000
(-0.06165891695991624+0.7094019336093993j),(0.00011446713243424516-3.877090874164482e-06j),1972000000
(0.11178376730866717+0.7119728138154608j),(-7.680223700395546e-06-2.4861922439838612e-05j),1975000000
(0.2715771379642724+0.668334968899928j),(-2.0210830282360688e-05+7.306153130827839e-05j),1978000000
(0.4154556574898253+0.5946516507296191j),(-3.181931096942618e-05+3.960956002728371e-05j),1981000000
(0.5400683083744859+0.4889369721708078j),(1.3009798934986643e-05+7.066509229117695e-06j),1984000000
(0.6375458839526404+0.35803051948137005j),(-5.5142790155171634e-05-3.569225380214632e-05j),1987000000
(0.7004845125301192+0.21345783548770791j),(-2.0139937993819316e-05+2.6767893282851778e-05j),1990000000
(0.7282226821106027+0.06037657906999439j),(-1.6433148986717837e-05+2.1175820429836555e-05j),1993000000
(0.7239947960381298-0.10050197643893753j),(-1.4692130154367992e-06+4.106993832467555e-06j),1996000000
(0.6857740641591761-0.24911397400248997j),(-3.785852137996518e-05+2.3018799573014825e-05j),1999000000
(0.617013283587186-0.38388863641281945j),(1.2631755335931446e-05+2.721671538052997e-06j),2002000000
(0.5227902675219064-0.5032330891083998j),(-2.2759495950183577e-05+1.6000238051654749e-07j),2005000000
(0.39962344506776315-0.6044642479565706j),(-5.261314291575839e-05-3.3970023430796516e-05j),2008000000
(0.2549803037815264-0.6751358696407853j),(-3.250962525172088e-05-6.584075882870797e-05j),2011000000
(0.09718823322503171-0.7068733072499679j),(-6.573115016006629e-05-8.428312122286431e-05j),2014000000
(-0.05459672547442379-0.7072924896856638j),(1.4275215584836498e-05+2.8864936824970413e-05j),2017000000
(-0.2086811822366677-0.6792194761558061j),(-5.690381627928802e-05+4.631390724777994e-06j),2020000000
(-0.3595023306580178-0.6110384450601193j),(-5.898657595703059e-05+3.700333082878141e-05j),2023000000
(-0.48441223868566174-0.5097016334313694j),(5.012160241905693e-05-3.495360964786319e-05j),2026000000
(-0.5890073932607366-0.3808273281570344j),(4.2361499065040104e-05-5.715233526781967e-06j),2029000000
(-0.6627509186466477-0.23359333950987635j),(3.9983884884423195e-05-4.108577222414184e-05j),2032000000
(-0.7051129723591149-0.06657361606958022j),(3.5324646391415902e-06-1.1494161947397796e-05j),2035000000
(-0.7013091735365498+0.0945657265910438j),(9.449716646695597e-05-2.739217612244784e-06j),2038000000
(-0.6592799685088226+0.25595220094493826j),(6.967517024254443e-06-3.183960543992518e-05j),2041000000
(-0.5893095719617549+0.4043178108549308j),(-2.7139271926190734e-05-2.721718958426029e-05j),2044000000
(-0.48489596243005206+0.5277348026561554j),(-2.6537261756394846e-05-6.699499084789844e-05j),2047000000
(-0.3535404013588146+0.6332292328122707j),(-2.401869467116024e-05+2.9627399316521993e-05j),2050000000
(-0.21174068350938255+0.6966270982713871j),(-1.2245996818041757e-05-3.261421759715698e-05j),2053000000
(-0.058752015464243225+0.7273439249784187j),(-7.420604013494004e-06-2.5736144041344487e-05j),2056000000
(0.10210877146352682+0.7273008969272545j),(-1.1449625761231887e-06-1.1692137177137736e-05j),2059000000
(0.24356298682841987+0.7022545448362438j),(7.119480989126589e-05+1.0980481729545465e-05j),2062000000
(0.3845592180007068+0.631201252618514j),(-1.5834411821541544e-05+3.459434045725721e-05j),2065000000
(0.5095321267986775+0.5413610392411278j),(1.2677140406944403e-05+4.840405746638016e-06j),2068000000
(0.6027591351383654+0.4240920595264179j),(4.786861598013597e-05+3.26524423496049e-05j),2071000000
(0.6780646593580212+0.29468525995454875j),(6.569692662584737e-05-2.9312365757578904e-05j),2074000000
(0.7213244373806256+0.14624459499137385j),(9.05415357857888e-05+3.447394393561632e-05j),2077000000
(0.7305996892858647-0.005413756760289293j),(4.96033095908743e-05+2.0310847110540385e-05j),2080000000
(0.7087938697191872-0.15356921084918898j),(4.682578702307187e-05+1.6049958280690675e-05j),2083000000
(0.6527790043433759-0.2988493316292036j),(4.307257808806951e-06-7.19010941418247e-05j),2086000000
(0.5630404123365574-0.4308652854090082j),(-4.473556204698748e-05-7.192013411412224e-05j),2089000000
(0.44717997559633405-0.539573803097123j),(7.626153733975324e-05+1.682795940865652e-05j),2092000000
(0.3011547448589386-0.6207865717796133j),(8.718251247146828e-05-5.3555906557594366e-05j),2095000000
(0.14394580338430726-0.6666024185161356j),(9.014943661279181e-05-5.1246312456285465e-05j),2098000000
(-0.03304658049173956-0.6736897186370535j),(1.2890683807246541e-05-4.226552142199277e-05j),2101000000
(-0.20220283884573384-0.632912876358769j),(3.086503660227846e-05+4.771602413466547e-05j),2104000000
(-0.36350149926636355-0.5514249966334253j),(2.4509163244999324e-05-8.541980885697073e-05j),2107000000
(-0.4980302010667328-0.42580582023543095j),(6.972902759984596e-05-2.3587312272581548e-05j),2110000000
(-0.5999472852168322-0.27236847776745726j),(1.8139864530747318e-05-0.0001047525291955643j),2113000000
(-0.6551143635095154-0.09627499108457586j),(2.3614438467843303e-05-6.950005397440471e-05j),2116000000
(-0.6619932719825691+0.09096644315522173j),(6.5024658879230165e-06+6.776888400095655e-06j),2119000000
(-0.6230599641151067+0.26828844568337046j),(7.597879220800015e-05+2.1728515139153132e-05j),2122000000
(-0.5432907923482184+0.42524469629453304j),(-9.29730810456122e-06-2.1110611606366205e-05j),2125000000
(-0.42235298123164966+0.5609503835058671j),(3.884336220569546e-05-4.932146316632102e-05j),2128000000
(-0.2799119482808847+0.6538700025877803j),(-2.2888159062648034e-05-4.1328249103285384e-05j),2131000000
(-0.12466231894150703+0.7126492768975802j),(4.01512639328448e-05-5.68459302448794e-06j),2134000000
(0.0431936817325809+0.7281705970923719j),(-2.231535859720014e-05-8.787264402845229e-05j),2137000000
(0.19846361736303528+0.7124764949863521j),(5.0813465189936115e-05-5.142454864705547e-05j),2140000000
(0.3433798851566637+0.6592178331502037j),(-1.5393183469509485e-06-3.936192290919704e-05j),2143000000
(0.473695626620253+0.5780330183186834j),(-5.055588748208586e-05+4.637999756968441e-05j),2146000000
(0.5807701637769104+0.4726844044381133j),(1.1659980013625755e-05-1.803248365312156e-05j),2149000000
(0.6588671330813031+0.3512496782873924j),(8.383310368343867e-05-9.19404809541965e-05j),2152000000
(0.7142265529728583+0.21208622348926706j),(-2.3759125589788217e-05-9.651850657324678e-05j),2155000000
(0.7390733536226309+0.07488765667264542j),(1.6398759867989136e-05-3.200844641157714e-05j),2158000000
(0.7326654121649256-0.06763245357155247j),(2.412110352128705e-05-0.00011643267931756413j),2161000000
(0.6976795185382646-0.21134314359574968j),(7.106827573763755e-06-2.9846269186686107e-05j),2164000000
(0.6308999157177962-0.3452299077933541j),(-1.6961443833371682e-05-8.075562201570044e-05j),2167000000
(0.5417223483432876-0.45746215326308143j),(-4.0488465102693264e-06+1.090611930180287e-05j),2170000000
(0.4232832548681032-0.5566959782840916j),(-3.186793815101198e-05-2.3070646774103913e-05j),2173000000
(0.2824524525483336-0.6249260349429995j),(4.723080598677646e-05-7.154761225160443e-05j),2176000000
(0.1298303481853535-0.6621046881771232j),(0.00010158613018306683-0.0001498175237283546j),2179000000
(-0.032152921759592036-0.6634674599901846j),(6.0025329257874785e-06-8.262625822807158e-05j),2182000000
(-0.19650746290754226-0.622290267024556j),(-1.0352427726356041e-05-3.661293898894216e-05j),2185000000
(-0.34504189781698097-0.5439078099630392j),(3.982135266013317e-05-3.18298590615769e-05j),2188000000
(-0.47766483184885106-0.4248307515542739j),(9.102526970124309e-05-3.412242672947864e-05j),2191000000
(-0.5724029765422702-0.2770645426253324j),(0.00010620568148924599-5.419690189958485e-05j),2194000000
(-0.629739275723191-0.1014092520329208j),(2.519370954356112e-05+3.9840847543534925e-05j),2197000000
(-0.6384158601185245+0.0795800181270238j),(5.882545559293043e-05-5.993920791960903e-05j),2200000000
(-0.6378113677330336+0.08016897445903146j),(5.3340227147673806e-05-3.0228028365106358e-05j),2200000000
(-0.5963887911808919+0.25537146916480524j),(6.723825988679125e-06-4.089582458948677e-06j),2203000000
(-0.5132797983327773+0.41172103422630724j),(-2.495046402137632e-05-9.978148627654987e-05j),2206000000
(-0.39044270665236025+0.5429709847486485j),(3.278142863145494e-05-5.06849686389309e-05j),2209000000
(-0.2432672808657495+0.6365174378192262j),(-3.438152959110504e-05+2.1758343815192686e-06j),2212000000
(-0.08133171001504742+0.6886800634266829j),(7.664435060251107e-05-6.164572226031748e-05j),2215000000
(0.08436152713842929+0.6976308042871873j),(5.357203603634799e-05-4.044405074493367e-05j),2218000000
(0.2436749714932881+0.6675565580851185j),(4.514391613150643e-05-4.402816190629013e-05j),2221000000
(0.388229143099255+0.604552322706815j),(7.365186330083779e-05+4.551368350145479e-06j),2224000000
(0.5109470023710946+0.5145934743031898j),(1.930520837108419e-05-2.317722882670651e-05j),2227000000
(0.6080957702388078+0.40020162060578934j),(-2.7405097920412935e-06-2.8805258817046902e-05j),2230000000
(0.679876852757328+0.2729179090685728j),(-7.937107741474964e-06-0.00012382701621816585j),2233000000
(0.7205464226834306+0.13665005827847776j),(-4.6611734614127665e-05+3.643969186192189e-05j),2236000000
(0.7338336707075324-0.007135063691306965j),(6.696512588768508e-06-5.474917035196796e-05j),2239000000
(0.7192000757453606-0.1489883335800299j),(-3.897871399000566e-05-8.248907530301224e-05j),2242000000
(0.6747378930839406-0.2798171677366013j),(3.328789312030735e-05-4.794745489438004e-05j),2245000000
(0.6047697945260023-0.4037770401343073j),(1.1423069884593453e-06-4.461113580983729e-05j),2248000000
(0.5077217696510449-0.5128034246693176j),(2.716830734888532e-05+6.302417302641657e-06j),2251000000
(0.39312757798910125-0.5979666912209207j),(-2.305357848165791e-05-2.74951250110231e-05j),2254000000
(0.2625454385351987-0.6601183396548517j),(4.490009288951837e-05-9.658599249129254e-05j),2257000000
(0.11564109688906547-0.6923335616792929j),(-2.311810982220331e-05+6.476524715787014e-08j),2260000000
(-0.040773185609004156-0.6954690259529369j),(3.332833394818692e-05+1.7720529202117585e-06j),2263000000
(-0.1874588863168641-0.6631340924011606j),(0.00010589390949847759-3.537976680153086e-05j),2266000000
(-0.33066971272281914-0.59612623257077j),(3.916734124016632e-05-6.369295587688997e-05j),2269000000
(-0.4601891392661734-0.4933715976693104j),(-4.544001576513912e-05-4.180669846944946e-05j),2272000000
(-0.5635833117164993-0.36048071659702746j),(7.2904103841293064e-06+1.6042646390311058e-05j),2275000000
(-0.6313263298208428-0.20637787413721329j),(-1.624253454967989e-05-0.00014072973457863308j),2278000000
(-0.6588104371062057-0.0372857268140182j),(8.041241640217243e-05-3.7367481984120966e-05j),2281000000
(-0.6426001424509533+0.1410700687983136j),(4.8152214433474865e-05-1.5061372725630339e-05j),2284000000
(-0.5823483757987616+0.30621929830454514j),(7.607446857583287e-05-2.4583078465056675e-05j),2287000000
(-0.48199564423083796+0.4482148428596799j),(4.331953774510589e-06-7.883297405764277e-05j),2290000000
(-0.3462964160254958+0.5637825350079089j),(3.7737886974696234e-05+3.37554795351377e-05j),2293000000
(-0.19808740250968515+0.6343219275091768j),(2.5056707734453923e-05-1.087287380901891e-05j),2296000000
(-0.03229956130682735+0.670167228221792j),(3.243672027383623e-05-7.660805640940227e-06j),2299000000
(0.1333849732379098+0.6639163180502637j),(-6.90729076484766e-05+2.5325257154730316e-05j),2302000000
(0.29778525233243985+0.6177318594493543j),(4.4656913626443475e-05-4.345831812830108e-05j),2305000000
(0.4345172859357956+0.539315928128779j),(-1.543711709223257e-05+1.5607239938748423e-05j),2308000000
(0.5447989424950519+0.4293258004985305j),(-2.3553033545564556e-05-9.997460980481642e-06j),2311000000
(0.6328043658407141+0.30005591704130125j),(2.3400657330394242e-06-2.6294446814109216e-05j),2314000000
(0.686127098757793+0.15973200094831014j),(4.5055968719664545e-05+1.1951025120344052e-05j),2317000000
(0.7039911825844586+0.01249767819694914j),(-7.1044373951835075e-06+1.1651551249753602e-05j),2320000000
(0.6920113817378243-0.13509192156041996j),(7.935543075491239e-05-1.5518970554767606e-05j),2323000000
(0.65274083561292-0.275805976045094j),(-1.4930334369128432e-05+3.204973968381407e-05j),2326000000
(0.5831115309393681-0.39532021498613473j),(7.25907992435115e-05-9.308933707291296e-05j),2329000000
(0.4859649447752951-0.5087542007314213j),(-2.0650143367737225e-05+2.0617013336728256e-05j),2332000000
(0.369590100569194-0.5941981775317157j),(3.1971149130731726e-05+2.0100688139524325e-06j),2335000000
(0.24085497355557192-0.6511610144650996j),(5.4112484104084645e-05-5.366363552175156e-05j),2338000000
(0.092379144186797-0.6842474207702777j),(4.719484692664345e-05+2.675486569065599e-05j),2341000000
(-0.05560766338816487-0.6836544515265462j),(8.284230693959195e-05-3.558483315731996e-05j),2344000000
(-0.1975235623326105-0.6516904520132573j),(4.172861918797594e-05-3.317733136566039e-05j),2347000000
(-0.3397565612577888-0.5848993452164021j),(5.1377066611127265e-05-3.051442884292495e-05j),2350000000
(-0.45942579331450273-0.4929134343425838j),(2.709045500345193e-06+2.158939513865332e-06j),2353000000
(-0.5540841510247785-0.37298407587678417j),(7.099358912456463e-05-4.6521604421703386e-05j),2356000000
(-0.6251603868149058-0.23684109452891047j),(2.7047004305248263e-05-1.696320248214163e-05j),2359000000
(-0.6630824039385677-0.08303991656706859j),(-2.501724368578905e-05+4.234057203370945e-05j),2362000000
(-0.6640320773196184+0.07581262339833969j),(8.798927853732541e-06-0.00010607638962986279j),2365000000
(-0.6295663525999298+0.231488813093863j),(-7.081632005970549e-05-2.1395281760152737e-05j),2368000000
(-0.562259508834651+0.37255288455889596j),(8.833904612531696e-06+5.245189586402707e-05j),2371000000
(-0.462673019049179+0.4943201369613336j),(1.5174604403428804e-05+4.439804289543884e-05j),2374000000
(-0.340924357318266+0.5946860897244548j),(4.9871324872743464e-05-1.7541212770030985e-05j),2377000000
(-0.20701880804700468+0.6584039527057056j),(6.0838787594386e-07+2.435467369162521e-05j),2380000000
(-0.054164983805748614+0.6925038130819022j),(-5.695304052020363e-06-2.967847629270748e-05j),2383000000
(0.0960061699026175+0.6967388428039246j),(-3.6939838413367725e-06-1.0541508513391076e-05j),2386000000
(0.23823065742095845+0.6644894122459919j),(6.053127122136594e-05+3.387362433229853e-05j),2389000000
(0.37343141944898994+0.6017775138673395j),(1.97442862264749e-05-3.366084109128405e-05j),2392000000
(0.49150697917961034+0.5159587770245658j),(7.399507288171002e-06+4.051962303877249e-05j),2395000000
(0.5843100095805489+0.408859503143772j),(-2.257350678972944e-05-2.359626163338177e-05j),2398000000
(0.6534584624310877+0.28338463205988096j),(8.14164051352919e-05+1.201361454003569e-05j),2401000000
(0.695184522602597+0.14477220848764416j),(-1.3472535146885805e-05-2.0807427426610885e-05j),2404000000
(0.7064089286728463+0.008777222478097813j),(-5.6401240541318456e-06-1.4595920787282135e-06j),2407000000
(0.688478586232618-0.13558637933630063j),(5.952764660886562e-05-3.1308737354357035e-05j),2410000000
(0.6397616435582956-0.27422713631581724j),(4.295992383918767e-05-5.987920083159492e-06j),2413000000
(0.5616625496418011-0.3973320144893095j),(-3.836093267455275e-05+2.033791020362504e-05j),2416000000
(0.45597029160245145-0.5015104541507707j),(-5.315792162281953e-05-2.7448511214365238e-05j),2419000000
(0.32434686631513715-0.5822082056722874j),(6.765534779272545e-05+3.551976869638687e-05j),2422000000
(0.17776842732951473-0.6320265163428735j),(4.039500373469781e-05+4.0676454138113e-05j),2425000000
(0.01794192684748835-0.6441415545416482j),(-2.1098297978606505e-05-2.550842193097201e-05j),2428000000
(-0.1415968080919437-0.6172310151388772j),(0.00013382514988980308+2.5098880773537647e-05j),2431000000
(-0.2944274314086479-0.5515215408735477j),(4.135662572680058e-05-8.550287581871435e-05j),2434000000
(-0.4264700352175151-0.4463493278673544j),(-2.7688695622538877e-06-1.4139388728124308e-05j),2437000000
(-0.5318036442471482-0.3056047447225434j),(-3.35341817626447e-05+1.8365922465445336e-05j),2440000000
(-0.5946055115048924-0.1466218646742372j),(-2.752124980602447e-06-5.423763336376885e-05j),2443000000
(-0.6155666726779208+0.030231888329004444j),(2.0131450343442192e-05+4.555741941195922e-06j),2446000000
(-0.5882939111043576+0.2009561838592661j),(7.662898629178559e-05+3.188133478312359e-05j),2449000000
(-0.5183167511941268+0.3589591704454473j),(-8.09035581064331e-05+3.577199932066202e-05j),2452000000
(-0.41421274806526087+0.49114363748746354j),(4.255125435258807e-05-6.928636430121163e-05j),2455000000
(-0.27769566525092926+0.5916883376339658j),(-4.8972835838669705e-05-2.6145837129506182e-05j),2458000000
(-0.13002260773035662+0.6546305323127017j),(0.00013425434212797438-6.925532204187669e-05j),2461000000
(0.028630505596347076+0.6772169817512025j),(-1.3038799664672395e-05+1.2279053952804173e-05j),2464000000
(0.1823868301674775+0.6617067411082567j),(4.501490170738962e-05+2.7913747515369006e-05j),2467000000
(0.3210367027811928+0.6163070161114144j),(2.645165729872671e-05-5.29924524561119e-05j),2470000000
(0.4457616041958987+0.5400557188102371j),(1.0137901914686281e-05+4.615854289162293e-05j),2473000000
(0.5490020504186476+0.44527240487812586j),(5.229056901012783e-05-4.3331701692933666e-05j),2476000000
(0.6286423156439925+0.32712475819806774j),(6.0590613294978076e-05+2.21515012716786e-05j),2479000000
(0.6799082215759792+0.19742703537413345j),(5.8813378048963385e-05-1.0555833340959806e-05j),2482000000
(0.7002318228974234+0.05856673346892411j),(-1.393243513785944e-06+4.8631688965473955e-05j),2485000000
(0.6936593436167763-0.07595398626637859j),(-1.4301197914636103e-06+6.88127802865374e-06j),2488000000
(0.6573002845658211-0.20970580787887066j),(3.735694086786363e-05+5.893553231018271e-05j),2491000000
(0.595994198012082-0.3277512449511145j),(4.245186604219841e-05+5.519782639710795e-05j),2494000000
(0.5031523742513856-0.4415907640327404j),(8.250800354483835e-05-4.822505896629093e-06j),2497000000
(0.3928558680262579-0.5248732470660923j),(3.050434179103596e-05-1.079505109079043e-05j),2500000000
(0.3811899493361477-0.5334374089440417j),(-1.2202455162223053e-05-3.14631057105269e-05j),2500000000
(0.24928946776084457-0.5896139893391132j),(-5.377678779229323e-05-3.8052247266811445e-05j),2503000000
(0.09883001834744874-0.6203354796951184j),(7.314755683573954e-06-3.947852649544432e-05j),2506000000
(-0.05499244064412907-0.609093845765034j),(3.245842400521277e-05+4.1058160058515614e-05j),2509000000
(-0.20654901453762253-0.5635053844104475j),(-3.1415564267672003e-06-8.740682623168799e-06j),2512000000
(-0.3423055078484816-0.47443561804793444j),(2.1029032761858542e-05-2.1932560088998346e-05j),2515000000
(-0.456959247449139-0.35422879341702784j),(5.462166468201801e-05+6.647797908022203e-05j),2518000000
(-0.5408751563967981-0.20843393112197453j),(6.28468359537903e-05+9.617307463129872e-05j),2521000000
(-0.5748001644944196-0.041945335655514435j),(3.3339616737710015e-05+1.3727532236045447e-05j),2524000000
(-0.564387047028228+0.1323914994774222j),(1.8075168138120653e-06-1.3751992667606784e-05j),2527000000
(-0.5088104202023929+0.2944645880123907j),(1.2869546201103062e-05+0.00010324551602460009j),2530000000
(-0.41799421069385784+0.43388004347026493j),(1.568149513312887e-05+1.1993829701877504e-05j),2533000000
(-0.29955876077751575+0.5317657215180714j),(1.4839362020262854e-05-5.3281694905202164e-06j),2536000000
(-0.15425785345345447+0.6041074931587451j),(2.6546845043116336e-05-3.3240076276816745e-05j),2539000000
(-0.005604328749478142+0.6405127049968682j),(-4.785045991375645e-06-2.7250286750848545e-05j),2542000000
(0.14550042855592588+0.635459700846525j),(-4.310229527513429e-05+1.6513246747909962e-05j),2545000000
(0.2906476015633352+0.5941886662668145j),(6.564767114339432e-05+1.1410071956427928e-05j),2548000000
(0.41400075834143857+0.5339614500055745j),(5.5701356814645175e-06+1.0986894344929887e-05j),2551000000
(0.5184347797525094+0.44544927109101723j),(3.7811430084094147e-05+6.181407536369279e-05j),2554000000
(0.6012729039479418+0.34095627665314976j),(8.599019326376754e-06-3.511661211704503e-05j),2557000000
(0.6606476511310012+0.220550795067597j),(-2.7598618375277462e-05+1.3062414554812113e-06j),2560000000
(0.6891998297332363+0.0979710398510035j),(-4.069294161702693e-06+4.804750904920649e-05j),2563000000
(0.6967067841301127-0.024237387259490532j),(3.966689747131589e-06+4.72154998533725e-05j),2566000000
(0.6844054390402148-0.14838316324570283j),(5.43343436688524e-05+0.00010548993386790321j),2569000000
(0.6404238280423479-0.27003577871577844j),(5.847110388691912e-05-1.2972553491812372e-05j),2572000000
(0.5748134369254865-0.3762253892404938j),(2.8827257404565873e-06+4.352277450026905e-05j),2575000000
(0.48498037958992835-0.47559175839498435j),(-1.741776099808761e-05+2.8354580485994413e-05j),2578000000
(0.3886215851062385-0.546942156276316j),(1.5009879653097015e-05+6.894670257129517e-05j),2581000000
(0.2743740264329525-0.6085618517403655j),(3.5415824358343346e-05+7.68696337979536e-05j),2584000000
(0.1415907177197188-0.6400017450334293j),(3.942396701944995e-05+4.991022414513871e-05j),2587000000
(0.0069090737509467015-0.6488841779213397j),(-5.4236111373475465e-05+6.796459829973925e-05j),2590000000
(-0.12433757795805514-0.6236065286179251j),(-0.00010693074550920767-1.2078408800986328e-05j),2593000000
(-0.2613537075347188-0.5685186779063524j),(-2.101862278632104e-05+1.824844796443707e-05j),2596000000
(-0.37664735787965387-0.474269311751368j),(-1.5681357707464656e-05+6.146602505209416e-05j),2599000000
(-0.4739379427394131-0.35702949372601434j),(2.8501966976232458e-05+5.137547338345149e-05j),2602000000
(-0.5404334205266226-0.21642156104644522j),(-1.3622555258827205e-05-4.182841359010505e-06j),2605000000
(-0.5707990921808458-0.061367468210774545j),(-3.3146168700197194e-05-2.0466114742800368e-05j),2608000000
(-0.5563374587826435+0.10176054390582236j),(8.12965514708239e-06+1.9647015279588766e-06j),2611000000
(-0.5013216881731355+0.25639991768911896j),(2.363598210709786e-05+4.647367948416399e-05j),2614000000
(-0.40756393365828397+0.386268973509934j),(2.2841170146642974e-05+2.5749713254185823e-05j),2617000000
(-0.28420484115721667+0.489364979480602j),(1.5918325814423516e-06+3.567042621956361e-05j),2620000000
(-0.1370155111015969+0.5531701327917571j),(4.639086112725668e-05-9.06699263012689e-06j),2623000000
(0.01373003135710688+0.5794132955680719j),(-4.6215892001955525e-06+6.856278258295204e-05j),2626000000
(0.17198079616715936+0.5632611906404418j),(-8.977918958114186e-06-1.679796348908832e-05j),2629000000
(0.31020077404072405+0.5114952632208771j),(3.4678018347179545e-05-7.833295934391727e-06j),2632000000
(0.4200673008224386+0.4303680614026574j),(3.813587768896709e-05+7.143722445916882e-05j),2635000000
(0.515730380426309+0.3275532803480581j),(8.606933786499978e-05+2.0513404001712128e-05j),2638000000
(0.5853335643475456+0.2069382987082184j),(-8.987538561916448e-05+4.8999217271958295e-05j),2641000000
(0.6151084013911534+0.07900590421182137j),(4.614180763879734e-05+2.9400712038550127e-05j),2644000000
(0.6249285276073013-0.052357972915376985j),(-2.8015407162171353e-07+4.788018013401418e-05j),2647000000
(0.609339227004776-0.17906859033233066j),(5.528817061604217e-05-7.338756438723242e-06j),2650000000
(0.5671955000917996-0.29845854914823616j),(4.210889130023565e-05+4.403432642364902e-05j),2653000000
(0.4960215668547543-0.403167240441079j),(-1.848456166252211e-05+6.448101191357007e-05j),2656000000
(0.4096465844789466-0.4929887686633413j),(7.180981917790013e-06+3.655997262188068e-05j),2659000000
(0.2995580949298949-0.5594976351529466j),(3.884051287707801e-05+4.608720216337161e-06j),2662000000
(0.18366474312023465-0.6059618272895752j),(-5.590675336026598e-05+5.210878273276017e-05j),2665000000
(0.06333421545205994-0.6256355150134301j),(-2.00386225015426e-05+6.505564681660301e-05j),2668000000
(-0.06644991259793158-0.6175296398846377j),(8.911660571792632e-05+6.484524228304129e-05j),2671000000
(-0.19598889423705843-0.5868818835629454j),(-0.00010000704385968317-2.2054416713329777e-06j),2674000000
(-0.29210645066548213-0.5300115445895419j),(3.729289216494501e-05+8.213587268757062e-05j),2677000000
(-0.40941117402135113-0.44269839426825736j),(0.0001118952170906891+4.12842512556256e-05j),2680000000
(-0.4896372737427476-0.33661728976952104j),(2.810891066390093e-05+4.843836230569371e-05j),2683000000
(-0.5449189710116702-0.22437611621846307j),(9.302780184987865e-05-1.912302729993198e-05j),2686000000
(-0.5792291117541196-0.08467883427342597j),(2.7349870793268627e-05+8.034936144542491e-06j),2689000000
(-0.5802051688759078+0.052732893201984266j),(5.062703142805394e-05+2.4644721810744655e-05j),2692000000
(-0.5510377012552866+0.18793476849588836j),(-8.821693107910813e-06-2.1923824235368695e-05j),2695000000
(-0.49109950940432223+0.3110313293764485j),(-1.7284597976929555e-05+7.680859743172405e-05j),2698000000
(-0.4119619275028812+0.42158940945974743j),(-2.524560138922892e-05+6.72280834100246e-05j),2701000000
(-0.2976529978279349+0.5047392993925082j),(-6.541785230840823e-05+0.00011247822840146834j),2704000000
(-0.17051848675825496+0.5683705183115683j),(6.425305980827925e-06+2.9778913494174176e-06j),2707000000
(-0.03689281478746168+0.6017098188226526j),(5.320846567694197e-06-4.5617771342925274e-06j),2710000000
(0.08902875256887101+0.6003801998473397j),(8.157572309016304e-05+9.851656802912728e-06j),2713000000
(0.22387040135146363+0.570064069002047j),(-6.486029380802287e-06+8.782480114295015e-06j),2716000000
(0.34224926535392386+0.5179478933390859j),(8.308725342467978e-06+6.518842932892239e-05j),2719000000
(0.4490417407232152+0.44401265585589433j),(1.3673412619687983e-05+5.561782606458446e-05j),2722000000
(0.5341896744271549+0.3413882736465031j),(3.764805666967892e-05+1.0207439104488588e-05j),2725000000
(0.5864210986898329+0.23823063499644928j),(-4.536563624978851e-05+5.4884660236934364e-05j),2728000000
(0.6254231657161066+0.11498625275018867j),(-5.269257461310798e-05-4.3576901285862844e-06j),2731000000
(0.634861594783163-0.01015050665113206j),(1.6514774143959797e-05+3.151222541661471e-06j),2734000000
(0.6189331056094666-0.13746860361793556j),(-4.947979180451387e-05+5.825216951164063e-05j),2737000000
(0.5793300139796842-0.25381180204243803j),(1.567316075347976e-05+3.248810626594454e-05j),2740000000
(0.5120138566704552-0.3525940175220591j),(-4.5291047477457205e-05+4.179461622797209e-05j),2743000000
(0.41960693948122907-0.4436160783747038j),(-1.8531459388279024e-05-3.774856209238675e-05j),2746000000
(0.31226688883753756-0.5175892327452318j),(3.783715982842011e-05-1.254279244179463e-05j),2749000000
(0.18598569910621965-0.5599508265893347j),(-1.0959993778990598e-05+5.945647797776871e-06j),2752000000
(0.049072656535653736-0.5769149420199426j),(3.53959873053497e-06+1.3890205844640977e-05j),2755000000
(-0.086076034686773-0.5583914185929335j),(-4.757604956462249e-05+1.981705303681793e-05j),2758000000
(-0.21519946296526962-0.5106648949242446j),(-2.8741054126413283e-05+3.2637490927475713e-05j),2761000000
(-0.33568754177996274-0.4248162564893868j),(3.9018180021778244e-05-5.56347941044664e-05j),2764000000
(-0.43700789376005056-0.3153780752769546j),(4.903995285355186e-05+1.649990961744311e-05j),2767000000
(-0.5028624594365972-0.19091798467182336j),(-5.033784598798522e-05-3.6248408401197906e-05j),2770000000
(-0.5191169747300041-0.02294366654637827j),(6.694798529055944e-05-6.576469789547381e-05j),2773000000
(-0.5264694709082004+0.11853713649887943j),(-3.111298901950844e-05-1.3772149759124814e-05j),2776000000
(-0.47372865752001353+0.26950096375490207j),(7.944736411259348e-05-7.1460514586167585e-06j),2779000000
(-0.3799236325428738+0.37943776703427506j),(9.137976413260401e-06+1.4525770719496449e-05j),2782000000
(-0.2777007429718971+0.5070515632284454j),(-2.6070317095566685e-05+2.1856587290555423e-05j),2785000000
(-0.14383910596898195+0.5615249442132831j),(-1.616064811412433e-05+8.712077120992778e-05j),2788000000
(-0.008241845767149146+0.6025474296876081j),(-4.9777136166381116e-05+1.6250770712401754e-05j),2791000000
(0.1374028197080462+0.5997193954816988j),(-6.217450959075042e-05-3.744968883598451e-05j),2794000000
(0.27639727315750134+0.5611294901214351j),(3.9845632569481315e-05-2.6141911790559073e-06j),2797000000
(0.39606145459298453+0.4939633018576297j),(-9.036600797487115e-05+2.4499199806591388e-05j),2800000000
(0.3961819596630661+0.49242643022971144j),(-0.00010480972124766284+2.4034184637057634e-05j),2800000000
(0.4972802639421463+0.4090935418985759j),(-4.531217583444249e-05+2.9149121617959672e-05j),2803000000
(0.5748066416952534+0.29800195731016504j),(6.129394620012106e-05-8.714572215197868e-05j),2806000000
(0.6213494741940412+0.17826985137922746j),(8.678583742896759e-06-2.1645947826501244e-06j),2809000000
(0.6465425307321647+0.056708606595630415j),(-7.5933975390177696e-06+6.460175356027408e-05j),2812000000
(0.6401212912678849-0.07247450154510716j),(-2.5723888562938048e-06-5.9377888693383854e-05j),2815000000
(0.6106958901821905-0.18953481341564007j),(4.071064159019172e-05+3.844942648778973e-05j),2818000000
(0.5513155547742526-0.3107353448856638j),(3.230514771571731e-05-1.6341644613394026e-05j),2821000000
(0.46519445890460814-0.40706245841666905j),(0.0001019961265927494-6.603019932218497e-05j),2824000000
(0.35622412203191267-0.49183274619630235j),(8.97511822463337e-06+3.218784391954742e-05j),2827000000
(0.24006279758232305-0.5516443215185204j),(-4.338145069912951e-05-4.6105880489784686e-05j),2830000000
(0.09198686869539319-0.5727403094734503j),(6.643824755289759e-05-1.5466540608222303e-06j),2833000000
(-0.05410224901631255-0.5731351632651026j),(-1.2217324961403108e-05-7.427995203301336e-05j),2836000000
(-0.18937670730361858-0.5219973405433235j),(2.940575129383797e-05+3.904882231837339e-05j),2839000000
(-0.31699293735871636-0.43229502347880655j),(1.61683048548364e-05+8.287819512591329e-05j),2842000000
(-0.4260384007164622-0.3107246180244735j),(9.605454597833905e-06+4.5486623000467497e-05j),2845000000
(-0.5019954504475481-0.17809895413238555j),(0.00010192554120955348-2.1810553076188244e-05j),2848000000
(-0.5345142720419803-0.01571201249830801j),(-1.9202337484197387e-05+2.01065722771639e-05j),2851000000
(-0.5197039838084897+0.1475960945204939j),(-6.135666854176742e-07-9.431252199613145e-05j),2854000000
(-0.46477578403456543+0.29585004813278337j),(2.5102799884587153e-05-4.6922604738931615e-05j),2857000000
(-0.37659645968694666+0.4253105256860867j),(-3.43785440518166e-05+6.360624137456832e-05j),2860000000
(-0.25171386647078714+0.529417862211551j),(-8.339606231613221e-05-8.87025105718055e-05j),2863000000
(-0.12071452172229838+0.5910447726475315j),(-8.992460126333109e-05+6.346910825568516e-05j),2866000000
(0.03082433938056331+0.6247343692867725j),(-6.118922856937006e-05-2.3225921325909508e-05j),2869000000
(0.17799495472126806+0.6155343182476579j),(-1.071804286343225e-05+9.920743244156131e-06j),2872000000
(0.305081609070196+0.5764828256594583j),(-2.3078012355621827e-05+7.912387499362308e-06j),2875000000
(0.42290966723948475+0.5099097650032148j),(6.004226814631603e-05+4.333301800197552e-05j),2878000000
(0.5252955325143716+0.4206620060405261j),(5.65422303541682e-05-5.967843847817278e-05j),2881000000
(0.5980532181340679+0.33360448162251144j),(-1.8138199467870652e-05+5.7160319903587364e-06j),2884000000
(0.6574099755169377+0.20924495036906723j),(-1.4978969216677388e-06-6.618393018435719e-05j),2887000000
(0.6868869941700114+0.08876977860538034j),(8.510851288041141e-05-8.183949667019428e-05j),2890000000
(0.6873642943233682-0.02425531198708733j),(-4.997541061267919e-06-4.619003263397129e-05j),2893000000
(0.6796126612565434-0.13644797028199576j),(-5.0481310486279556e-05-5.5917985736978385e-06j),2896000000
(0.6469356720312368-0.2642174985020596j),(-7.042693755595656e-05+7.09387304495995e-05j),2899000000
(0.5880879255052536-0.36771463121653714j),(3.767543306330845e-05-1.3056914291454574e-06j),2902000000
(0.5096210595865863-0.4632766690506454j),(1.1347940976875674e-05+3.275626071842523e-06j),2905000000
(0.4044393709620285-0.5410415315609891j),(1.9534487071427878e-05+2.0523471255840398e-06j),2908000000
(0.29737294702965616-0.6009086990531822j),(-7.409571129442779e-05-5.359733948209678e-05j),2911000000
(0.16803440711352957-0.6431157334184809j),(2.6474435962791656e-05-4.900269066348751e-05j),2914000000
(0.034896731161479705-0.6532297960687663j),(9.759291844150793e-06-1.4139120330670627e-05j),2917000000
(-0.09544763129574975-0.6276079571498873j),(-3.454736136065864e-05+2.3370127720034593e-06j),2920000000
(-0.2313684249827327-0.5785105282449993j),(-6.423789855737244e-05+1.459612267976353e-06j),2923000000
(-0.35749307251008067-0.4943245296171574j),(3.088553810159964e-05+4.5435855549276126e-05j),2926000000
(-0.4535771349260909-0.3776545519751706j),(-0.00010329054238418892+3.547785376598918e-05j),2929000000
(-0.5249447060619767-0.2397604261576698j),(2.8337807244401136e-05+4.3952128130369476e-05j),2932000000
(-0.5566809480992188-0.07562503728916575j),(5.147571763607931e-05-4.1546963757458955e-05j),2935000000
(-0.543609278234209+0.08846372843869986j),(1.995048062347709e-06-4.136209919597792e-06j),2938000000
(-0.48933358954374634+0.24399678448560203j),(-4.7403679360505575e-05+5.084199504991322e-05j),2941000000
(-0.3892029563360092+0.382045204670278j),(-8.77390918083282e-05-1.3975662158353767e-05j),2944000000
(-0.2606345496505847+0.48405418710562964j),(3.9847101432706086e-05+1.8946871857022566e-05j),2947000000
(-0.10522819737214356+0.5469573721997276j),(7.370991801427286e-05+3.962562796376108e-05j),2950000000
(0.059382834582916454+0.5696908123790361j),(-3.087021952460481e-05+4.4726374495684766e-05j),2953000000
(0.20855289085742557+0.5442241165484774j),(8.162764387461375e-06+5.73229855535236e-05j),2956000000
(0.3530862148061027+0.4818063744280454j),(-4.596225748174022e-05+1.4444761346314009e-05j),2959000000
(0.4754393874894904+0.38889899892108876j),(2.178592485821514e-05+4.747060493097685e-05j),2962000000
(0.5649415585331087+0.27329463457145226j),(4.6529405514287623e-05-4.2395310034370596e-05j),2965000000
(0.6240057626171751+0.13972968638360586j),(-1.314770138966918e-05+7.443095045669001e-05j),2968000000
(0.6495251692859966+0.0010129261403605476j),(9.48729124195224e-06+6.966068080218377e-05j),2971000000
(0.6436520439160021-0.12923832965781343j),(7.814153314325197e-06+4.841002508310646e-05j),2974000000
(0.6049169699773488-0.26606636078257523j),(2.115597180994946e-05+5.5319055176258456e-05j),2977000000
(0.5481357799200083-0.38220803976275874j),(3.231575860438511e-05+9.382499422962295e-05j),2980000000
(0.4632705359977609-0.48038431826025435j),(-8.289434665981896e-05+2.1256507688470505e-05j),2983000000
(0.3637245126712661-0.5600162678652079j),(-7.368878805036419e-06+8.129123500410952e-05j),2986000000
(0.2481656891920068-0.6198568525866142j),(3.3611519119940455e-05+4.3639000966285666e-05j),2989000000
(0.12187874821993991-0.6517854488048627j),(3.8066291061684474e-06+1.5593919101340142e-05j),2992000000
(-0.00867847564021809-0.6573683840438777j),(7.278399045947541e-06+4.299112481181248e-05j),2995000000
(-0.14245044044932864-0.6352642908248801j),(-3.345133869044518e-05+5.737939746207306e-05j),2998000000
(-0.26442140242424256-0.5877426926411013j),(-3.9581902848100114e-05+0.00010586016746326242j),3001000000
(-0.38142185126550404-0.5118830501969532j),(1.6504882587361017e-05+2.9095323043454446e-05j),3004000000
(-0.47913101902353594-0.40890043806379256j),(-3.0815925052994017e-06+1.1926251606656734e-05j),3007000000
(-0.5505701569467736-0.28421933684663575j),(-6.961077650251686e-05-6.372150696394258e-05j),3010000000
(-0.5932267075519533-0.14875724206972654j),(-7.90143284110347e-05-1.8440153132883293e-05j),3013000000
(-0.6036158986387163+0.0063609510155524995j),(8.634001040385162e-06+0.00013175555993943187j),3016000000
(-0.5798813824874378+0.15133025203120154j),(-5.996587214894286e-05+4.022165216479204e-05j),3019000000
(-0.5254745831229582+0.2900898309705932j),(-3.101898692563906e-05-1.7558703289385378e-05j),3022000000
(-0.4316309833808545+0.41063817832816474j),(-7.052493330963787e-06-2.8555879528293653e-06j),3025000000
(-0.3226289314463155+0.5075794270373579j),(-1.270038742770977e-05+3.83382128291848e-05j),3028000000
(-0.18753050266788315+0.572725511513862j),(-6.32305729563295e-05+2.6969320367025703e-05j),3031000000
(-0.044487275056916714+0.6108721255961248j),(-7.178413849481553e-05+0.0001163788818250644j),3034000000
(0.10199490623567987+0.6146444052936018j),(-9.641414669708706e-05+9.456688160166584e-05j),3037000000
(0.23970840267449955+0.5763196676477069j),(3.200311938265797e-05+2.8824510573135244e-05j),3040000000
(0.36986071958773103+0.5205798431381786j),(-0.00013100447674078587+1.2483490770642804e-05j),3043000000
(0.4764403653255942+0.4338589545116651j),(1.5717254681655406e-05-2.41807173172408e-05j),3046000000
(0.5615406171915911+0.3279478558776925j),(-4.0410523511786094e-05-3.976164345980306e-05j),3049000000
(0.6227686934786592+0.21122315946209164j),(-2.2623088856600778e-05+7.915225885398143e-05j),3052000000
(0.6559000834249535+0.08365936397622921j),(-0.0001002696695771991+1.7802554426088447e-05j),3055000000
(0.6615379019262242-0.04957721465740293j),(2.0211867878000945e-05-4.719638165745401e-06j),3058000000
(0.6364510722343707-0.17639777663433673j),(-3.034411790829188e-05-1.625156047298533e-05j),3061000000
(0.5875157072364188-0.2971651966324314j),(1.8445155989137145e-05+4.2689041766355346e-06j),3064000000
(0.5155694093370091-0.4010235905751644j),(-1.3750555626287762e-05-3.8789722931958536e-05j),3067000000
(0.4259718430584964-0.49264337846734235j),(6.842285527588126e-05+4.25449578304396e-05j),3070000000
(0.30533105092682705-0.5598226002005035j),(5.051555980270725e-05+6.111511279569469e-05j),3073000000
(0.18634400383869187-0.6043217737884691j),(2.732470477733289e-05-1.2038844835923024e-05j),3076000000
(0.04799279971852915-0.6161987334922194j),(4.853431820086191e-05-5.269997748551642e-06j),3079000000
(-0.08883171649712414-0.5987635251717687j),(-5.532057851695163e-05-7.088808238384897e-05j),3082000000
(-0.22301407337930343-0.5501784371804931j),(3.960255155832412e-05-2.7304326393173033e-06j),3085000000
(-0.3463166529041723-0.46524875788266734j),(-5.780258634246648e-05-5.046790168305722e-05j),3088000000
(-0.4454764365263245-0.35866254572068224j),(0.00010756027969649552+5.909129043716771e-05j),3091000000
(-0.5156581221204957-0.22670911838391514j),(4.3596347599107206e-07+7.591705971960888e-05j),3094000000
(-0.5543000861863575-0.06863969891387743j),(-7.276179027828258e-05+5.072994991896057e-05j),3097000000
(-0.5549406435072141+0.08975167196448396j),(-5.469821067375406e-05+2.9311542298658295e-05j),3100000000
(-0.5579623056561389+0.1054618808375663j),(1.4760682344862827e-05-9.628052081559907e-05j),3100000000
(-0.5077139470337793+0.24295872675915972j),(3.1970488741498865e-05+7.133768046481915e-05j),3103000000
(-0.4238493076285893+0.3792766666034212j),(7.872928022378921e-05+2.9067278091011087e-05j),3106000000
(-0.31074184742701283+0.4871861205865706j),(-2.4483452424062653e-05+4.480451764005566e-05j),3109000000
(-0.17730787745531304+0.5607190733567208j),(-3.776125908451204e-05-7.091307036234717e-06j),3112000000
(-0.02625968834310315+0.5984755300276806j),(-8.921783039433691e-05+6.514323175482289e-05j),3115000000
(0.1203576488668884+0.599559979311759j),(-0.0001449878358465675+6.815059900615844e-06j),3118000000
(0.26096051911587387+0.5655975790164881j),(1.914479216188041e-05-3.673015104385638e-05j),3121000000
(0.39139408429302963+0.49721770152524103j),(-1.1570019698286235e-05-1.17371244913631e-05j),3124000000
(0.4942061246864755+0.40566560714723876j),(-6.951442592839744e-05+6.927773491524426e-05j),3127000000
(0.5717383833047616+0.3022676186373869j),(6.906649208991765e-05+3.9495750571917444e-05j),3130000000
(0.6265272538820842+0.16739837677799072j),(0.00011552230405176747+5.229949084263434e-05j),3133000000
(0.6480430952166243+0.04280521572328385j),(-4.093052885400368e-05-8.895098404914621e-05j),3136000000
(0.6428565058810662-0.08887453812343893j),(-3.9442421783845825e-05+8.455229223161097e-05j),3139000000
(0.6013843795228346-0.2192278948910727j),(1.9801378995041878e-05+4.659285405259086e-06j),3142000000
(0.538078742791285-0.33642621087589786j),(-6.751619289019569e-05-4.331970131975724e-05j),3145000000
(0.451259505810488-0.4337302031401856j),(0.00010301791654452737+0.00010192815164296674j),3148000000
(0.3333475418587608-0.5121259986293714j),(-0.00013569745110789588+6.475151298721654e-06j),3151000000
(0.20405682651081072-0.5632506034597832j),(-7.257402605037063e-05+0.00011348839848336446j),3154000000
(0.06191419924365652-0.581893862691865j),(3.831813345793098e-05-4.311234303199886e-05j),3157000000
(-0.08494429821811275-0.5643340006005393j),(2.3478493530076027e-05-7.24718285679989e-05j),3160000000
(-0.22442743730282044-0.5086350637599494j),(-0.00010221539396906628-7.154459050082524e-05j),3163000000
(-0.3472950576991659-0.41915548205319714j),(9.680670934333768e-06-3.038061964084297e-05j),3166000000
(-0.4451073274533691-0.2977983188580199j),(8.385904473059217e-07-5.519967738399708e-05j),3169000000
(-0.5117747072025056-0.15437049243238296j),(-7.483919681043334e-05-3.930435227563037e-05j),3172000000
(-0.5321042407207048+0.003437170890899574j),(-5.82544346665661e-05-3.321282794820495e-05j),3175000000
(-0.5137841383553908+0.15980850151202686j),(2.2341204035895217e-06+2.846948216469484e-05j),3178000000
(-0.4540676305039883+0.3061398771722622j),(-0.0001345289206036159+2.6132549104789084e-05j),3181000000
(-0.3624243199821323+0.4287240163828805j),(1.8493325130322764e-05+4.444102087526633e-06j),3184000000
(-0.2432990923551858+0.5224593903966872j),(-7.878606108466146e-05+5.4962010250880894e-05j),3187000000
(-0.10888593642809369+0.5844854170200193j),(-0.00010533142683616508+4.351351054622962e-05j),3190000000
(0.03286568653918764+0.6097846813301608j),(-2.6283788513026255e-05+6.284869361788671e-06j),3193000000
(0.17143744719276857+0.6027977288107654j),(-2.203690181014015e-05-0.00011743606034434612j),3196000000
(0.3015042900793572+0.5625651251413158j),(-0.00020231249899501638-3.3223083676886455e-05j),3199000000
(0.41276601172362+0.5029556470133628j),(9.538123936910563e-05-1.6309724011988833e-05j),3202000000
(0.5087355083199355+0.42041420302695587j),(8.567478228359705e-05+1.7610076619242142e-05j),3205000000
(0.5853973703625356+0.32075997160822106j),(1.0173237003589558e-06-4.546704123504863e-05j),3208000000
(0.6392104004511642+0.21760429826294894j),(0.00012963978482696744-7.822507785145562e-05j),3211000000
(0.6709776694097779+0.09898696610744906j),(0.0001276495179846465+4.244356117904062e-06j),3214000000
(0.6844174984361183-0.014804053724656242j),(-7.003850594108887e-05-2.2848081071163861e-07j),3217000000
(0.6729020977867802-0.13234278728908658j),(7.511628852041494e-06-3.6092164158878595e-05j),3220000000
(0.6403516716031586-0.24219406821190678j),(3.996480105258982e-05-5.878435465841612e-05j),3223000000
(0.5801646317608179-0.3597402961632176j),(8.493091048554036e-05-0.00011946210746198307j),3226000000
(0.5096222540220452-0.4432461728203181j),(-2.9490630672554935e-05+6.585460983098199e-05j),3229000000
(0.4159114842494726-0.5260519647036217j),(-0.00010246593304186216+4.168401600582024e-05j),3232000000
(0.3024421434515939-0.587306837304991j),(-4.349591348091021e-05-5.922158034578422e-05j),3235000000
(0.18420769321640892-0.6229089326512636j),(1.597767507696238e-05+2.054154943878841e-05j),3238000000
(0.05465021101800997-0.6331152722900161j),(1.266458368070385e-05-5.4246668610204855e-05j),3241000000
(-0.08233918495220909-0.6154430424902647j),(-4.38577314958053e-05-3.732321224190201e-05j),3244000000
(-0.21328948186662763-0.5633428794442407j),(5.8199557131636875e-05-9.38767584521883e-05j),3247000000
(-0.33366796502801055-0.4809708636022735j),(-8.17428144376042e-05+4.826404249953204e-05j),3250000000
(-0.43198933765591374-0.3668676419384542j),(-2.197128952608636e-06-0.00015082669164412054j),3253000000
(-0.49829734042200946-0.22849484581499543j),(-4.583545611823896e-05+4.9084633989301914e-05j),3256000000
(-0.5287929208000273-0.07125495569878992j),(3.939276209167348e-05+6.735048146649685e-05j),3259000000
(-0.5149887143773785+0.09101974972792293j),(-6.518397847096395e-05-7.01648394315631e-05j),3262000000
(-0.4559044243643604+0.24328485753945328j),(1.622956044009381e-05-1.3984685417759781e-05j),3265000000
(-0.3539094746148588+0.3739254404084301j),(0.0001455650033321445+9.283806453503244e-05j),3268000000
(-0.21944079062615887+0.47131441623077336j),(5.530962298063216e-05-0.0001812625554593287j),3271000000
(-0.07410962486397098+0.5288151938143534j),(1.9877845703195024e-05+0.0001717361888847963j),3274000000
(0.0901665889508697+0.539859391606734j),(7.034345270626757e-05+6.613161313806581e-05j),3277000000
(0.24421745620356533+0.5072974938012941j),(-3.61481461086379e-05-5.165123404421918e-06j),3280000000
(0.37827291248343226+0.4414518295838941j),(7.611999615880839e-05+0.000156174777425246j),3283000000
(0.4899926322543109+0.345247320415835j),(1.1319300565052874e-05-0.00011694871280907226j),3286000000
(0.5698534474759757+0.22980824117516288j),(6.171492931805685e-05-2.820231397840284e-05j),3289000000
(0.6193471610859989+0.10167626405414303j),(5.945828506973389e-05-2.121566971911539e-05j),3292000000
(0.6395522277700871-0.026669172481650696j),(7.574469122702341e-05-7.240468309549616e-06j),3295000000
(0.6294318898747374-0.15718018144634188j),(2.5342968076336978e-05-1.219269507107715e-05j),3298000000
(0.5930997242207457-0.27745570017234183j),(0.00013489488015775992+2.5452574861970068e-05j),3301000000
(0.5341999297202763-0.38731117180984387j),(3.951974800417787e-05+0.000109867261502384j),3304000000
(0.4561795496117515-0.481007565394091j),(7.060731714147467e-05-1.9687611293266474e-05j),3307000000
(0.3579122598517404-0.5573880193026574j),(6.443388311484259e-05+4.739809216457045e-05j),3310000000
(0.25010874530536004-0.6122789826981511j),(8.691659501789855e-05-2.4018871572097994e-05j),3313000000
(0.12904324302927764-0.6455751582525587j),(5.319471928797883e-05-3.250964054024284e-05j),3316000000
(0.0024465412163805645-0.6516691232227816j),(-1.955696104334531e-05+2.391171370504792e-06j),3319000000
(-0.12618288695781055-0.6286922872445392j),(2.6840707767409456e-05-0.0001333305191779152j),3322000000
(-0.25065848403490365-0.5833686857215367j),(0.00016106295122431035-0.0001468289624107137j),3325000000
(-0.3583104421112058-0.5076777341025479j),(-2.1204972904183383e-05-3.080579041799991e-06j),3328000000
(-0.4551304980752547-0.3998053010043644j),(6.799376458183338e-05-0.00015758737010891104j),3331000000
(-0.5260384302891865-0.27647001029011j),(-1.4034831025102138e-05-2.0010189855285095e-05j),3334000000
(-0.562476851978335-0.14032692307042802j),(-6.627490140490749e-05+4.952745521899277e-05j),3337000000
(-0.5693047979692862+0.007096165992892984j),(2.381304901692708e-05+1.5153014873231153e-05j),3340000000
(-0.539254328954218+0.15583120679091353j),(-0.00013397119044207724+3.994886990245812e-05j),3343000000
(-0.47093503848367246+0.2936998344884633j),(0.00011285073290826085+3.820568389966315e-06j),3346000000
(-0.37294018999676537+0.41416214937130674j),(-6.0296807525819494e-05-8.72873954549251e-05j),3349000000
(-0.24230872159381417+0.5050391469892902j),(-3.138145093095136e-06-4.616694618513153e-05j),3352000000
(-0.10007628165421947+0.5590194175575802j),(-6.852690222107792e-05+9.291664386819852e-05j),3355000000
(0.04662354123676793+0.573853146998219j),(5.790652939323831e-05+0.00011049593375060469j),3358000000
(0.19840126011415732+0.5543298825844564j),(2.505357310369817e-05-1.4568348748401141e-05j),3361000000
(0.333723106229402+0.49793392760280814j),(5.142883504333291e-05-2.271746430855101e-05j),3364000000
(0.44994844102485143+0.41475232823355274j),(-4.1932702049360165e-05+9.326446041630475e-05j),3367000000
(0.5410958419053374+0.30719111366781654j),(1.9532884275079296e-05+3.3840470593868843e-06j),3370000000
(0.6039780547050916+0.18443523452726285j),(-4.392587495199322e-05-2.0115317535253476e-05j),3373000000
(0.636179723240703+0.05951541032986488j),(6.360696532341449e-05-7.637356424837914e-05j),3376000000
(0.6389331604703596-0.07145150280130769j),(1.6483686594052152e-05-2.819915918348923e-05j),3379000000
(0.6169843537616294-0.1935576604060038j),(2.352814417615086e-05-0.00010614246752040386j),3382000000
(0.5736321729187441-0.30505878119897045j),(-5.179489573547919e-06-0.00018131641085220848j),3385000000
(0.5077902812740341-0.40987329750089874j),(-3.2366572780147232e-06-2.279176999167481e-05j),3388000000
(0.40988147554014076-0.4991570347353491j),(-0.00010202013123669591-5.94122441134936e-06j),3391000000
(0.3098823902875919-0.5591801451682543j),(4.578048426630538e-05-3.815978536803059e-05j),3394000000
(0.18587524508305275-0.6034150289898879j),(5.9802275685711037e-05-6.82101245801095e-05j),3397000000
(0.06337151834142574-0.6194751031920563j),(-5.0593327839356894e-05-1.5682890949831025e-05j),3400000000
(0.05987605453014354-0.6200384741577741j),(-2.186817707304294e-05-1.811339823844707e-05j),3400000000
(-0.06275351119038916-0.6101365176903186j),(-7.057973971032777e-05-1.4235850000228603e-05j),3403000000
(-0.19341724243975844-0.5704542513968065j),(-8.194863244904394e-05-3.61596289116621e-05j),3406000000
(-0.3037109404217165-0.5062910273205405j),(-2.662786966102464e-05-6.25406993113959e-05j),3409000000
(-0.40107554714682325-0.4163309685809858j),(-4.395153808411608e-06+9.720074780740857e-05j),3412000000
(-0.48327523616236445-0.2968074888336907j),(-0.00010443623188482884-1.208376569031369e-05j),3415000000
(-0.5316135441964404-0.16775974843065525j),(-3.786667590718563e-05+1.1638109425554815e-05j),3418000000
(-0.5505589712344771-0.02545872074065372j),(2.5759029177955787e-06+6.59605651344027e-05j),3421000000
(-0.5353248024615171+0.1253848149109533j),(-0.00014120850803248664+6.444762491357453e-05j),3424000000
(-0.4763082029997461+0.27490205626179104j),(-0.00011907428075374181+4.263165926117726e-05j),3427000000
(-0.38150176470442615+0.3972314262564204j),(-1.3071769898837867e-07+4.220215947583061e-05j),3430000000
(-0.2597552412875466+0.4888287790668641j),(3.247490213644591e-05+1.7921221835469143e-05j),3433000000
(-0.12230400990756884+0.5445353941133195j),(5.015981473094827e-06-2.3570866113840725e-05j),3436000000
(0.019250259527030997+0.5643559341414459j),(-3.166573256585775e-05-3.405215223143329e-05j),3439000000
(0.16434363827719609+0.5534990894661205j),(-6.93107827163248e-05-4.635147708667699e-05j),3442000000
(0.2981379063328867+0.5084162974817359j),(-1.4997599883145866e-05+3.55612187514162e-05j),3445000000
(0.41617350922546614+0.4333007731427208j),(2.6261914497948818e-05-9.724368755384935e-06j),3448000000
(0.5103524228810021+0.3330087309864573j),(-0.00012872532789023447-5.563035278503943e-05j),3451000000
(0.579634448316622+0.21547793670670612j),(4.422489466723019e-05-0.00014546696985310434j),3454000000
(0.6186193049841855+0.08474321294385577j),(9.348587381184293e-05+2.10950152465189e-05j),3457000000
(0.6226749511210018-0.051859152996744165j),(-0.0001240534421352493-3.278811537889031e-05j),3460000000
(0.5979764817341982-0.18188167800480132j),(-4.666879017895207e-05+1.1691745438274083e-05j),3463000000
(0.542238266547536-0.30060436295674203j),(8.403160230038932e-06+1.631674850895487e-05j),3466000000
(0.4619740670385038-0.4089576879601102j),(3.940824035167585e-05+9.730712381925527e-05j),3469000000
(0.35751189493765856-0.49272381300057694j),(-2.056083993367815e-05-0.0001460879984768973j),3472000000
(0.23990566368686936-0.5459502468006021j),(-0.00011890997686473755+5.751621403438684e-06j),3475000000
(0.10900326164362785-0.5793121895115199j),(-1.5743609107283893e-05-4.7904358564301617e-05j),3478000000
(-0.02579588260044909-0.5782352761249249j),(-9.421246875898288e-05+1.258443248520045e-05j),3481000000
(-0.16708370291392852-0.5414040640308081j),(-0.00012967745003383536-2.0965698534987134e-05j),3484000000
(-0.2960143951401381-0.47062076614722825j),(-0.00014987673406557722-3.0244504382923232e-05j),3487000000
(-0.4024384090112775-0.36487174494228725j),(-0.00018726089708393236-5.6273168922710816e-05j),3490000000
(-0.4762865108843909-0.2419246974083882j),(-5.126572072319725e-05-1.0196113585431305e-05j),3493000000
(-0.5219764651160653-0.09586278057441808j),(-4.883793704872904e-05+7.5849428567463856e-06j),3496000000
(-0.5269679081601772+0.05027831012644142j),(5.697308570143249e-06+0.0001490128939683492j),3499000000
(-0.49605532621535225+0.200562071888196j),(-9.453327385257981e-05-4.1333119005468876e-05j),3502000000
(-0.4287370654510561+0.3354030920365587j),(-2.9991999742497126e-05+8.176212439731884e-05j),3505000000
(-0.329729256144211+0.4458339829495424j),(-0.00011849343612115875-4.31368353388314e-05j),3508000000
(-0.20869663514531084+0.5258146182844247j),(-5.3904493968617106e-05-2.2806618325593758e-05j),3511000000
(-0.06945786795704348+0.5717479965755763j),(-4.909350559251205e-05+9.063505580237341e-05j),3514000000
(0.06114051389209618+0.5873373666657175j),(2.7343599733150764e-05-3.314410046127388e-05j),3517000000
(0.19286631046177793+0.5741760692329756j),(6.167312037966395e-05+8.479426003843916e-05j),3520000000
(0.3211434683270927+0.5328048818878391j),(2.263247435030244e-05+2.2189635438536097e-05j),3523000000
(0.42950570198980204+0.46781833416066504j),(-2.2156399298011945e-05-0.0001121476246513502j),3526000000
(0.5164331370066751+0.38661080354609567j),(-4.437954765873237e-05-5.11456728336526e-05j),3529000000
(0.5933250704163259+0.2829907190288961j),(6.486269480693261e-05-5.5527128547259424e-05j),3532000000
(0.6425827298758786+0.17352202264747138j),(4.8248284074317397e-05+7.450321960614547e-05j),3535000000
(0.6707733904722429+0.05373565367282421j),(-0.0002096503650375974-3.0818120875126906e-05j),3538000000
(0.6732292369778246-0.05625273888602246j),(8.663553898388344e-05-4.9170654791951446e-05j),3541000000
(0.6547523542183532-0.17668723765524671j),(-5.92453950416886e-05+5.465484495382163e-05j),3544000000
(0.616377711799492-0.2793822368676176j),(4.297516718813809e-05-0.00011723269941557827j),3547000000
(0.5539558294364989-0.3818746801189989j),(-4.302706346316843e-05-0.0001833785969706587j),3550000000
(0.47207395634152793-0.4767629800940074j),(-2.9688900930951784e-05+2.1535748176678946e-05j),3553000000
(0.3763460805476345-0.5441306536020745j),(3.54733711914173e-05-2.2456612882557466e-05j),3556000000
(0.2671260341811553-0.5945416833781928j),(-2.4220872728588055e-05-5.189398464146445e-05j),3559000000
(0.14185380442491233-0.6258667038403731j),(-0.0001635185722911487+1.3119603494572723e-05j),3562000000
(0.010536329084847576-0.6241456147787046j),(-2.93641999259011e-05+1.2499002745715302e-05j),3565000000
(-0.11687981114353371-0.5974819488086667j),(-0.00018680571306828485+7.111774920819493e-06j),3568000000
(-0.24520140616747993-0.5401659941760449j),(-9.267988724684152e-05+4.993022393813819e-05j),3571000000
(-0.3509284587807218-0.4525809617780698j),(-4.352530473053249e-05-0.00010253919584866838j),3574000000
(-0.44256977068024056-0.33117020622564214j),(2.4685393704406216e-05+7.317488616396819e-05j),3577000000
(-0.49884788454659323-0.1872447554405828j),(0.000108892681181726+0.00024680573115787964j),3580000000
(-0.5179772135693472-0.03901981318402791j),(-1.0329990941745817e-05+7.341743949439115e-07j),3583000000
(-0.49303197233750107+0.11931570445042365j),(-2.7278473223892386e-06+8.225625365735615e-05j),3586000000
(-0.425911368433964+0.26772181315481486j),(-6.687601062641957e-05+7.503724561341412e-05j),3589000000
(-0.3178902938492519+0.38987432243076375j),(-3.968932129250696e-05-8.606709086702174e-05j),3592000000
(-0.18062490924431862+0.4720157633013895j),(-6.646810232602824e-05+0.0001568117332007155j),3595000000
(-0.023129059387281926+0.5243687448327867j),(7.12638454240614e-05+0.00010812268410990694j),3598000000
(0.1327136076569543+0.523031576949155j),(0.0001700075220864125-5.472852310854149e-05j),3601000000
(0.27577223538264106+0.47826504979872636j),(0.000158845469324559+5.955224513780026e-05j),3604000000
(0.4054830728917718+0.40352736213615403j),(2.8347373005427166e-05-9.092037783328063e-05j),3607000000
(0.5043169281437216+0.30252550595944594j),(-5.7617075486571815e-05-0.00011157195406594056j),3610000000
(0.5760137303877533+0.17961043844162777j),(-2.96634432883025e-06-0.00013537056286728972j),3613000000
(0.6187304476321625+0.04914644727009821j),(-8.112015154509377e-05-0.00017589853256566666j),3616000000
(0.6261147951054485-0.07893880146739965j),(6.449854760943611e-05-4.622447479010693e-05j),3619000000
(0.6086662612905787-0.2056304587836181j),(-0.00024483110695216163-0.0001534953878550664j),3622000000
(0.5674001212138035-0.32128165712183043j),(-0.00011575954936146282-2.797602055667889e-05j),3625000000
(0.49921897859357733-0.42824069274465865j),(1.7111092140747336e-05-0.000276735394973546j),3628000000
(0.4123919234823107-0.5156622066291109j),(-9.827497806738282e-05-0.0001222121037633906j),3631000000
(0.3099883632007828-0.5812584633452902j),(-0.0001335714588267949-7.648938253676324e-05j),3634000000
(0.1920765162562392-0.6267432148750273j),(-0.00019872531432264776+1.8534607640574432e-05j),3637000000
(0.05985983490278352-0.648375922335357j),(-0.00013411477508769442-8.269276866688717e-05j),3640000000
(-0.06250245249735759-0.6412212986846735j),(-5.1148601670336314e-05-4.4283636021458166e-05j),3643000000
(-0.19014032584211552-0.6022714092660048j),(-9.88877687820188e-05+2.8102968518629116e-05j),3646000000
(-0.3115532701557504-0.5366361062047058j),(-0.00017269829851353276+0.00011980793103540879j),3649000000
(-0.4092311778368481-0.44615885749395345j),(-4.755261963312604e-05-2.7978095104247603e-05j),3652000000
(-0.4866955353738094-0.334679707593402j),(-2.411814494704707e-05+9.667931530725103e-06j),3655000000
(-0.543248842530681-0.20133985764696818j),(-0.00017560761173875027+0.00017049208612716116j),3658000000
(-0.5631259715589294-0.06279914237310502j),(-0.00013764237648763493-6.498765453501762e-05j),3661000000
(-0.5471429797081405+0.08657450976464262j),(1.5210933085492049e-05+5.258235813618065e-05j),3664000000
(-0.49610353660954404+0.22890458184124363j),(1.7774913196574338e-05+0.00016811439017468252j),3667000000
(-0.4111392007935533+0.35343750702185456j),(-0.00014804901772689044-0.00014671776269041848j),3670000000
(-0.28926491198452736+0.4539999424965132j),(0.00014047148280539848+3.184748844124095e-05j),3673000000
(-0.1501398703914444+0.5214301002568621j),(0.00010470989628807577-2.6245721230761115e-05j),3676000000
(-0.0029499001184804365+0.5533418304638894j),(-7.000930652330405e-05-0.00028503158763826367j),3679000000
(0.1504183815280879+0.5427132423422314j),(0.00011413128784438014-1.7837859683351574e-05j),3682000000
(0.28708009433998777+0.49747916937480063j),(-9.078051208334655e-05-0.00025256760679051127j),3685000000
(0.4091066864326235+0.42580667382434007j),(3.760820133205955e-05-6.533129366403097e-05j),3688000000
(0.5101524685134876+0.32763938934369913j),(-0.0001035195937327356+3.390891805296195e-05j),3691000000
(0.5828535350117185+0.21747653094573233j),(-2.2152771183446702e-05-5.523651776395211e-05j),3694000000
(0.6262809734630587+0.09086608647614625j),(-0.00019922015405655512-0.0002671963631801882j),3697000000
(0.6444621032172008-0.02977180066341294j),(-2.569835391603688e-05-0.00011093913637848135j),3700000000
(0.6446672171473922-0.029649370385985228j),(-8.57387255430388e-05+2.6048905790350835e-05j),3700000000
(0.628338673945476-0.17348520350298982j),(-0.000229789985193269-0.00015509528500972055j),3703296703
(0.5929029251252473-0.2960981402567089j),(5.287518068526738e-05+0.00013410582950951398j),3706593406
(0.5272628414187618-0.41018147022901685j),(-0.0001232641477123454-1.9867300977563044e-05j),3709890109
(0.4333793667635948-0.5077011228812559j),(-0.0002838876710499727-5.026547852050068e-06j),3713186813
(0.32517977110295543-0.5826482116041597j),(-9.88535319528208e-05+3.745032020957489e-05j),3716483516
(0.2154945938025386-0.6286004655705835j),(-0.0003246354962248534+7.555348963438432e-05j),3719780219
(0.0715360228662709-0.6560056755179441j),(-0.0001510599482792626+0.0002751465031996789j),3723076923
(-0.06265061386344165-0.653894826794712j),(-0.00018466132527807246+1.008103108169949e-05j),3726373626
(-0.18899743299787936-0.6151225653215521j),(-0.000125616386429794+0.0002649314180253237j),3729670329
(-0.3236214681971944-0.5410642274897686j),(5.6797621258836156e-05+9.474301536641728e-05j),3732967032
(-0.42530534054636016-0.44445572452176096j),(-3.195141330932912e-05+2.0585300358672782e-05j),3736263736
(-0.509276312348517-0.31215797105602594j),(0.00018434105241600768+0.0001294381608108046j),3739560439
(-0.5615825805725283-0.16008336282470662j),(0.00019301314173410816+0.0001613170344455771j),3742857142
(-0.568387667487868+0.0026969656484386265j),(0.0002604397421069965-2.4477977852757747e-05j),3746153846
(-0.5302671257246242+0.16559347497831933j),(-3.529178669040911e-05+0.00011626012610341502j),3749450549
(-0.4460130605630421+0.3168558418395424j),(-1.161418695631572e-05-8.025636181569286e-05j),3752747252
(-0.32720760124406995+0.4353715990794814j),(-1.1914483347302512e-05+6.081779402642647e-05j),3756043956
(-0.1801728773603058+0.5181907560405694j),(-8.804511155226528e-05-0.00023173540169718198j),3759340659
(-0.013630473391538677+0.557620386254356j),(0.00011505190850474276-0.00011656949583732919j),3762637362
(0.1537865775501617+0.5475075952731452j),(0.00018175630270527056-5.0948607905667585e-05j),3765934065
(0.31573303276102016+0.4862690572757845j),(0.00013330056421596322-0.0002097040153568502j),3769230769
(0.442693180210081+0.39207642433746964j),(-0.00013043049825648748-0.00014584624284678466j),3772527472
(0.5418718430785506+0.2683178327984709j),(-1.5814660842161224e-05-5.078366999090458e-06j),3775824175
(0.5989390230156499+0.12523388563768983j),(-0.0002469970703477287-8.567669069890542e-05j),3779120879
(0.61895979214208-0.023494445188946382j),(0.00017452894990584508+0.00010576724140545969j),3782417582
(0.6015549215346081-0.16778412785546223j),(-0.00022068159729952727+0.0003924721089760945j),3785714285
(0.5541660861442488-0.2990816447430433j),(0.0001108989211837749+0.0006345081810719759j),3789010989
(0.46637243410380674-0.42058272180071016j),(1.2320671597346345e-05-0.00021704256112858273j),3792307692
(0.3613408883252678-0.5084338626149866j),(8.770115175370907e-05+0.00024802296806241753j),3795604395
(0.23043999538813964-0.5743014334992493j),(-0.00022647944563986382+0.0002951182260391943j),3798901098
(0.08546877066332233-0.6026090685399089j),(0.00017655573118687673+0.00041890192644061016j),3802197802
(-0.057604844308582356-0.5971483575430442j),(0.0001794699673435293-0.00013930558629690948j),3805494505
(-0.20111761566320013-0.5551993630613276j),(0.00012848368481115758+1.3300763218681845e-05j),3808791208
(-0.3331475038988021-0.47823517465396953j),(5.305867924004983e-05+0.0002629074357216624j),3812087912
(-0.43998884255539955-0.3614011030283006j),(0.0003339396022634491-0.00012275422762775547j),3815384615
(-0.5141883873613703-0.2241832774071559j),(-0.0002214261221381299+8.869705460069995e-05j),3818681318
(-0.5527304601182581-0.06605079849894069j),(0.00025928408813148814-8.399883403618004e-05j),3821978021
(-0.5446064369062196+0.09212639336538629j),(0.0002912691631251568+0.00015605295503686478j),3825274725
(-0.49114324425374284+0.24599691897104445j),(0.00024570226439818633-3.787007371821974e-05j),3828571428
(-0.3983879996354073+0.3797635316384819j),(-0.00021322371357205405-0.0001700596699960305j),3831868131
(-0.2786964233296263+0.4833063365099948j),(-8.502049770447962e-05+0.0001662339844932411j),3835164835
(-0.13762142289261792+0.5477811531819949j),(5.156609478813002e-05+0.00016715012860306914j),3838461538
(0.01129618202875571+0.5720823995963219j),(-0.00010063339923167427+0.0002590665094147145j),3841758241
(0.15785586741845786+0.5629141856958337j),(0.00014750374114124012+0.00024643567947333646j),3845054945
(0.29259497232312265+0.5166994750473376j),(9.603839530617815e-05-4.0125163594226605e-05j),3848351648
(0.4147785438482801+0.43655181491004413j),(0.0002731684700394901+6.75998161666278e-05j),3851648351
(0.5121366343245346+0.33857406109215527j),(-9.488201093796831e-05+3.082570369166838e-05j),3854945054
(0.5783703016151232+0.22308799947466396j),(8.0053249729135e-05+0.0003541674739389271j),3858241758
(0.6148681934284171+0.09502091712646273j),(3.4429246392144126e-05+0.0002619626260817872j),3861538461
(0.6233781401715358-0.03505546692949093j),(-0.0003044447690231715+0.0003912463334347769j),3864835164
(0.6056147222932776-0.16818144083495395j),(0.00011225518480314824+0.0003540519973210954j),3868131868
(0.5536746343334468-0.2921784769290976j),(-4.787271219905383e-05+0.0005567510445968122j),3871428571
(0.47476142952987277-0.40340637173053945j),(-1.4744144597806759e-05+0.00021029108917174316j),3874725274
(0.3780162064973324-0.48578434193598863j),(0.00028110351728191164+0.000272869122743052j),3878021978
(0.2599634940011607-0.549561066520643j),(0.000140357729604382+0.00014110434440117958j),3881318681
(0.12777363960923196-0.5830793551609503j),(0.00019789149768002673+7.609719691376864e-05j),3884615384
(-0.008270130380632564-0.5859914035531856j),(0.00046809086725441124-2.589617589284897e-05j),3887912087
(-0.15577588573100562-0.5524367345979879j),(0.00017833309131700043+0.00011494956069906773j),3891208791
(-0.284420771452975-0.4804616337264605j),(6.757005395477287e-05+0.0001464513411863929j),3894505494
(-0.3912204109580585-0.37562219804818275j),(9.134781650165367e-05+0.0002576857205223489j),3897802197
(-0.471437999911423-0.23628620493567143j),(-4.366032650640711e-05-6.262614587154986e-05j),3901098901
(-0.5053527751082918-0.07733881754079007j),(0.00018793229574338568+0.00010765521012904609j),3904395604
(-0.49383732267273794+0.07749292038941348j),(0.00025398614664779687-0.00024724399325757636j),3907692307
(-0.4384970986934367+0.23061051904889016j),(1.982675494334949e-05+9.810446285571766e-05j),3910989010
(-0.34005913292856127+0.36316296388664016j),(0.00013252844849606342+3.382874751941015e-05j),3914285714
(-0.20550424870667144+0.45858308463414343j),(5.8499194594543275e-05+2.7018694818539795e-06j),3917582417
(-0.050640855302691905+0.5114463996381472j),(-0.0002813126462367395+0.0001240000276233999j),3920879120
(0.10658993301263293+0.5176183943533709j),(3.719204819010064e-05+0.00016593751199547193j),3924175824
(0.26485983706779204+0.4804414434838026j),(0.000273676188963425+0.00011141231257136809j),3927472527
(0.3940445314336461+0.4077701764381776j),(-0.00018839693194542257+0.00010799633082044377j),3930769230
(0.4984986779844066+0.3020510059849639j),(0.00013944042324903638+0.00033586737395952855j),3934065934
(0.5738481200901626+0.1792854116121559j),(-0.00014605428866683374+0.000255862751347378j),3937362637
(0.614124559154044+0.0459888166115861j),(0.00011659679648737113+0.00011343395303796908j),3940659340
(0.6240249239790892-0.09249008660500464j),(-0.0001632246034041151+0.00017082220683325687j),3943956043
(0.6012577117049561-0.2238573275462079j),(-4.736784056942335e-05+0.00030884700000101786j),3947252747
(0.5497436098553715-0.3493137763361582j),(9.897623763168447e-05+0.00034608302856197864j),3950549450
(0.47012715374179814-0.45941465741480597j),(3.3634590244105054e-05+0.0002032288454915688j),3953846153
(0.3725286283941327-0.5450489148843056j),(2.3957541754277704e-05+0.00024610359423541707j),3957142857
(0.250695650709538-0.6082854763762443j),(0.0001800725128981853+0.00012705198511743285j),3960439560
(0.1195213322322797-0.6408781648103997j),(0.0002700042955156767+0.00018813581174711736j),3963736263
(-0.014960568563780727-0.6473945016503312j),(0.00010248864317816627+0.00016978733120298758j),3967032967
(-0.1500199594851922-0.6101962405450876j),(0.00016046193522055397+0.0001916853737807739j),3970329670
(-0.27563055095745215-0.5492366762438629j),(0.000191447255176823+0.00020445383775927992j),3973626373
(-0.39004191182517634-0.45200504337712494j),(1.318642667907286e-05+0.00021023784136434161j),3976923076
(-0.47414710084205874-0.32764864036684316j),(-1.9223743603349227e-05+0.00010688672349448107j),3980219780
(-0.521658626155966-0.17921449151770075j),(0.0001752502277011494+6.33596107337472e-05j),3983516483
(-0.5302772985313924-0.01759540784237342j),(0.0001388149274523475-3.4706505748976484e-07j),3986813186
(-0.4960654088829873+0.13846156518995142j),(7.220232599084559e-05+2.671014914921374e-05j),3990109890
(-0.4116238335083454+0.2822026586652739j),(-0.00017160355973827487-8.30586983848206e-05j),3993406593
(-0.2912063576923257+0.4010626029500716j),(-2.718851964847991e-05+9.867625548142318e-05j),3996703296
(-0.14574952589374784+0.47681923521359953j),(7.858424731131678e-05+3.918481369526478e-05j),4000000000
