S11,S21,freq
(-0.4146513767423471-0.3744000610840775j),(-0.0014390135339180353-0.0008586253095208879j),1000000000
(-0.5474907713263226-0.1420871641471493j),(-0.0017561644635906638-0.00021568124716144182j),1005000000
(-0.5632720330039793+0.12338666876377699j),(-0.001766407505943171+0.0005935705525105423j),1010000000
(-0.46043086134399824+0.3668682335690526j),(-0.0013298749719663136+0.0013783382823567025j),1015000000
(-0.2599719203712119+0.5381216884416886j),(-0.0005919361046350995+0.0019031213871048068j),1020000000
(-0.008848534480865176+0.6044683392161698j),(0.00043275926065352015+0.0019513153929450815j),1025000000
(0.24441671426243933+0.5561196044268458j),(0.0012170051976510372+0.0015050422494375625j),1030000000
(0.4496670493792101+0.40319241683881646j),(0.0018447110745410263+0.0008005894992609063j),1035000000
(0.5706109731579+0.17739604873388684j),(0.0019529399786303273-0.00017317595171885894j),1040000000
(0.5837083795191025-0.07754785927092092j),(0.0016058461914640722-0.001060695133323122j),1045000000
(0.48718084831518-0.31371832945987277j),(0.0011184609292058981-0.0016029109249245446j),1050000000
(0.2976841922850556-0.48640263965691644j),(0.00033312007620020485-0.0020439018364779215j),1055000000
(0.05193597628967019-0.5605695683133975j),(-0.000532064054108694-0.0018994801621684322j),1060000000
(-0.20190139924082975-0.5230549517803844j),(-0.0012331120390017762-0.0015260630989265955j),1065000000
(-0.4118714374870706-0.3820409878052282j),(-0.0017881265799970995-0.0008893338959729437j),1070000000
(-0.5430939207975818-0.16572998816647916j),(-0.0020138080475917185-5.954406992838896e-05j),1075000000
(-0.5697746946907002+0.08246563757467068j),(-0.001848665598601603+0.0007416468104048693j),1080000000
(-0.4893045402058285+0.31772405255567066j),(-0.0013423205384372177+0.0014382952292246206j),1085000000
(-0.32303710325837776+0.49645797326195623j),(-0.0005693678221505898+0.0017911208003740901j),1090000000
(-0.09890811640573197+0.5884906060544572j),(0.0002228456454926635+0.0018316186304672337j),1095000000
(0.14168951686599876+0.5816778707016816j),(0.0009163325808613788+0.0015880272168649788j),1100000000
(0.3589658189782498+0.47788761593149254j),(0.001453951052316408+0.0010162488386540466j),1105000000
(0.5155540580426126+0.293434891445553j),(0.0016779431200666932+0.0003286996852249242j),1110000000
(0.5816740608685991+0.06131913741820176j),(0.0017046933409595774-0.00033091036306948253j),1115000000
(0.5449783741464628-0.18341190387533915j),(0.0014274435455420742-0.0010946896054509802j),1120000000
(0.40922986241316867-0.3901972207679797j),(0.0009356700868463537-0.0015164082037149537j),1125000000
(0.19100986103387832-0.5220233564411959j),(0.00011726354322862592-0.0018674569280585406j),1130000000
(-0.06550609622124894-0.5459336615023982j),(-0.0005914215183574711-0.0018253862955193748j),1135000000
(-0.3087120367093629-0.4545336978232808j),(-0.001495966448760729-0.0013030274566116172j),1140000000
(-0.4867392205799366-0.26237709842010515j),(-0.0018648461196118158-0.0005820230968491522j),1145000000
(-0.5607652226458669-0.011532393935802856j),(-0.0019704041743118573+0.00027904496916891515j),1150000000
(-0.5159450699594498+0.2434025179770618j),(-0.0015083753812708954+0.001088998245693237j),1155000000
(-0.3655217494684256+0.4512501099395506j),(-0.00095133879996546+0.0016315595948318217j),1160000000
(-0.14210279922333544+0.5731652388319681j),(-0.00019115486632021586+0.0018061309708620962j),1165000000
(0.10834946912001571+0.5846813284299064j),(0.000587443498692039+0.0016881843539695023j),1170000000
(0.3367818297504052+0.49160679542441227j),(0.0010414037643704107+0.0014421946477470293j),1175000000
(0.5042648787478103+0.3107385431029657j),(0.0016750022353234108+0.0006568451374024352j),1180000000
(0.5798750323051284+0.07589749713830919j),(0.0017448439353485684-2.8711030104596472e-05j),1185000000
(0.5498931302163274-0.16814540201185885j),(0.0016226493763802606-0.0007391227514245379j),1190000000
(0.41734322947702235-0.3781504400658748j),(0.0012780204658067-0.0013164685492974215j),1195000000
(0.20674693682604328-0.514091642505324j),(0.0004851921062771664-0.0017840841674549954j),1200000000
(-0.04229437518410452-0.544673632472613j),(-0.00023116323457481787-0.0018241120299601608j),1205000000
(-0.28252833630754987-0.46562913918331067j),(-0.0009507960487459441-0.0015126170826936874j),1210000000
(-0.4653812902291983-0.29034172131894653j),(-0.0017185725910166163-0.0010409256434487154j),1215000000
(-0.5538058703000307-0.05583926301137652j),(-0.0018890988591371638-0.00015526479285520029j),1220000000
(-0.5342830795700865+0.19273842915798878j),(-0.0015981435491032835+0.0006594678890084408j),1225000000
(-0.4146932216052529+0.40529402352768035j),(-0.0013356761232170518+0.0011029290714201655j),1230000000
(-0.22016318161041615+0.547268305288477j),(-0.000722135356448573+0.0016572754804423894j),1235000000
(0.01221266701394648+0.5970193967363625j),(3.3170685932050535e-05+0.0018966973828184732j),1240000000
(0.2422400126977639+0.5481288906879024j),(0.0009155582608505415+0.0016458979811273223j),1245000000
(0.43337669719747896+0.41017180808580417j),(0.0013452689744697904+0.0010491361718859336j),1250000000
(0.5513944054043878+0.20731709818125243j),(0.0016967107108657139+0.0004848446807645953j),1255000000
(0.5767063603124258-0.026801323737548344j),(0.0017767489683828417-0.0002678208284218523j),1260000000
(0.5005218318488022-0.2559848025287827j),(0.00162314668810945-0.0008388212307860187j),1265000000
(0.33506921249004346-0.43270701044479565j),(0.0011565093617988624-0.0016545591325807848j),1270000000
(0.10319870093481032-0.5222642383288082j),(0.00023787714627240478-0.0019616793241662538j),1275000000
(-0.14623275008097703-0.5022793339125916j),(-0.0006955452236795179-0.0018504448650641255j),1280000000
(-0.365565720056108-0.3717963400311318j),(-0.0012966792525205089-0.0014126795677285413j),1285000000
(-0.5016005638187202-0.15817495493951234j),(-0.0017220118740955443-0.0007327482773534591j),1290000000
(-0.5274347762596362+0.09495044702768822j),(-0.0019083738207917812+4.984223751587638e-05j),1295000000
(-0.44086649539379574+0.3278562020868535j),(-0.0017237665540586911+0.0009295921406830136j),1300000000
(-0.26242688160274075+0.4980159513693078j),(-0.001237192827390293+0.0014471832549939855j),1305000000
(-0.0352382489542301+0.5731617473243187j),(-0.000495323380269853+0.0019025449170732417j),1310000000
(0.19815482469194334+0.5469477535688737j),(0.0004466254389592651+0.0021706710652785646j),1315000000
(0.3997652860688734+0.42657814370379726j),(0.0013456038192668576+0.0017583045055103179j),1320000000
(0.5307639109331789+0.2376290122768257j),(0.0019611160231801325+0.000914493443930478j),1325000000
(0.5754855842054251+0.011900770826286232j),(0.002172286041562314-6.451798115819608e-05j),1330000000
(0.5258576215490545-0.21205979122040958j),(0.0019646287933990903-0.0009211802172353466j),1335000000
(0.3872285834404545-0.3991668356000415j),(0.001188797114171115-0.0016625921432547569j),1340000000
(0.18613733417595246-0.5146011328325453j),(0.0005181732344222146-0.0019916509823327787j),1345000000
(-0.049029716175640246-0.5373955387668921j),(-0.000383723026634109-0.0018970175905576008j),1350000000
(-0.2709906039987131-0.46337777372850397j),(-0.0010855486127340505-0.0015020214154341652j),1355000000
(-0.4466807121529292-0.2989240514325626j),(-0.0015880952428758935-0.0010367450627378014j),1360000000
(-0.5368525703127646-0.08188978841145278j),(-0.0019282504231224022-0.00034834855740704875j),1365000000
(-0.5282758482979963+0.15820846325252078j),(-0.001861640751788954+0.0005582704480711693j),1370000000
(-0.42371735721618736+0.3671746403685403j),(-0.001388173763123145+0.0012814816169498362j),1375000000
(-0.23356898096396958+0.5177125107159546j),(-0.0006659866813293843+0.0017544677930583126j),1380000000
(-0.00667705611329246+0.5728157706185386j),(0.00016683188669567385+0.0019990315585823163j),1385000000
(0.2240441734962117+0.5298482596119973j),(0.0012476861399792589+0.0016921489864943175j),1390000000
(0.41652707895082347+0.3914013844774022j),(0.0016350795648624238+0.0007287872658329354j),1395000000
(0.533033019238145+0.18536364901157776j),(0.0015595467937179882+8.507148676020964e-05j),1400000000
(0.5515472573800266-0.05229981856677308j),(0.0013891949726924644-0.0003236455803055763j),1405000000
(0.4641752341003893-0.2777140270716844j),(0.0013729360810815932-0.0008195330263898636j),1410000000
(0.2845720010138135-0.4450891064805331j),(0.0010424550132350902-0.001327858117435488j),1415000000
(0.0477044171445313-0.5165934446234846j),(0.0003629438544201858-0.0017951404180231308j),1420000000
(-0.19850175941147555-0.47491444927044724j),(-0.00033691953566389305-0.0018354931281991463j),1425000000
(-0.39901098129482365-0.32784628903878427j),(-0.001160127333700026-0.001553423664063437j),1430000000
(-0.5149025831016183-0.10548925203350665j),(-0.0016304928428485135-0.0008863522120426321j),1435000000
(-0.5194695942352957+0.1423658611251274j),(-0.0018898476613404419-0.00013557482671320079j),1440000000
(-0.41668375134482377+0.3622517363928485j),(-0.0017784102582729556+0.000692740866449998j),1445000000
(-0.23305025075465163+0.5146867220826086j),(-0.001334530042427943+0.0013710310949973576j),1450000000
(-0.006207629548323335+0.5751338142322051j),(-0.000610867556583872+0.0018061436595051606j),1455000000
(0.21805597528547999+0.5376408486720629j),(0.00028761745535408955+0.001820595011325251j),1460000000
(0.4073112726225511+0.4144114354424386j),(0.0010496962970684455+0.0015435529189290875j),1465000000
(0.5307453752091454+0.22707936940696377j),(0.0015201640394963546+0.0009847049315811422j),1470000000
(0.5693016997306216+0.009135804707241551j),(0.0017445217977753301+0.00038511373077657486j),1475000000
(0.5178353457645313-0.20653640335077136j),(0.0018902314747747907-0.00042698362546581j),1480000000
(0.3815185813772584-0.3877783974838843j),(0.0015827101456481688-0.00124742777510022j),1485000000
(0.18135519561804583-0.4980218132958499j),(0.0010107214698015761-0.0019854491889020084j),1490000000
(-0.04742240206128486-0.5142289862062387j),(5.372180512608528e-05-0.0022926571020242467j),1495000000
(-0.2684478945666924-0.4331166669959826j),(-0.0010584128056471127-0.00226989214008006j),1500000000
(-0.27547967162841114-0.4313150662112485j),(-0.0010232516700594716-0.0022241581114782337j),1500000000
(-0.4402809817835181-0.25825258723754474j),(-0.0018752921796644797-0.0013716946945377788j),1505000000
(-0.5097373028567508-0.03661956935012435j),(-0.0022560850228668483-0.0005416030113656482j),1510000000
(-0.4808561537251456+0.1995869275601159j),(-0.002406342848720547+0.0003671481494923537j),1515000000
(-0.3534034814184299+0.39882968914070605j),(-0.002170442361127811+0.0014320095540852511j),1520000000
(-0.15737662098276958+0.5226083125294859j),(-0.0012560889629404986+0.0024854583406506885j),1525000000
(0.07212650413243567+0.5491327329617776j),(0.0002675284237101616+0.002989865736052933j),1530000000
(0.2880165456919299+0.4794305212847923j),(0.0020201001066401437+0.0021990448586857894j),1535000000
(0.452833944748175+0.32781172413806364j),(0.0024525801836380854+0.0004740307282905878j),1540000000
(0.5403635200400964+0.12069320050916925j),(0.0017466634155145965-0.0006514435918411128j),1545000000
(0.5324674715480165-0.10195235161826663j),(0.0009895983217358254-0.0009301296257497199j),1550000000
(0.43035818126735703-0.30503664814603204j),(0.0007864970302250614-0.0006847126289166081j),1555000000
(0.24836938916652884-0.446801554389781j),(0.0010861984480674792-0.0011807079988418346j),1560000000
(0.026059040411547586-0.4950779781394735j),(-1.1726724243443106e-05-0.001217896408597395j),1565000000
(-0.20282682837646812-0.4426481325459992j),(-0.00018420291592463403-0.0012738996372057701j),1570000000
(-0.3842615603268819-0.291455248769678j),(-0.00048123606971570116-0.0012208961392008138j),1575000000
(-0.4813085571969374-0.0767997870700739j),(-0.0011243306349966692-0.0010889558495050708j),1580000000
(-0.4743599937930762+0.15786244323267157j),(-0.001676855647293096-0.0007897033521999132j),1585000000
(-0.36599285904224055+0.3631445599175372j),(-0.0022190920795910176+7.083806035424066e-05j),1590000000
(-0.1841913267703373+0.49948172779566463j),(-0.0021719502570701245+0.0013397373837861948j),1595000000
(0.03723137127814829+0.5441492320442959j),(-0.001382116773940364+0.0023434410403349168j),1600000000
(0.2537536019813656+0.49370775851020393j),(0.0002694243128023465+0.0035122568512082676j),1605000000
(0.42546824022233837+0.3635344540402196j),(0.0024770821636197747+0.001418207298297784j),1610000000
(0.5297463731688562+0.17490602833250915j),(0.002108986378481461+0.00020739276320266443j),1615000000
(0.5472045378391507-0.05246079353880088j),(0.0015517170461011884-0.0006750832371508658j),1620000000
(0.4829697620400472-0.24860688543048134j),(0.0014057234930201028-0.0006408053622571576j),1625000000
(0.3363946340780558-0.4120217099329763j),(0.0010133278477693069-0.0012109092249094427j),1630000000
(0.13145746876468636-0.5030325281770845j),(0.00048744547892159165-0.0014411712376652174j),1635000000
(-0.09504626259726406-0.5018617693671656j),(-9.99772219599046e-05-0.0015570348497699448j),1640000000
(-0.30014524265478043-0.4069235834772148j),(-0.0005712903082999543-0.0013470073525725765j),1645000000
(-0.4512885135544539-0.22859489560702653j),(-0.001025202458370327-0.001069990710948009j),1650000000
(-0.5112965510009303-0.005799003859847272j),(-0.0015773304896326203-0.0005802180934364884j),1655000000
(-0.4695417346395189+0.2215455525432886j),(-0.0014514418700371707+5.6276929055375344e-05j),1660000000
(-0.3363693713424796+0.40891346993342775j),(-0.0014008821286209535+0.0005177725224814614j),1665000000
(-0.13428507072277118+0.5187740638679924j),(-0.001238576614368364+0.0012275471921481872j),1670000000
(0.08887871087383428+0.5322132900047611j),(-0.0006177565075682621+0.001704933174041071j),1675000000
(0.30132852801389554+0.4467994080691911j),(0.00023130404412831802+0.00191259673825346j),1680000000
(0.4502727510480795+0.2803374016385339j),(0.001123123591942814+0.001648281651167113j),1685000000
(0.5141281662778197+0.06638769305090261j),(0.0017112807934608837+0.0009228135063104667j),1690000000
(0.47841936831172793-0.15682645762663727j),(0.0019977646357972373+0.00020311487778765618j),1695000000
(0.3489633812162804-0.3411826113051131j),(0.001957831626705401-0.0007907143042451116j),1700000000
(0.14920885491615915-0.45190307905911603j),(0.001317830203897507-0.0013603191825405944j),1705000000
(-0.08102859540919856-0.46113137058421144j),(0.0006348722270168909-0.0017320674875614599j),1710000000
(-0.29154907099132177-0.36820621197621084j),(-0.00016494062183247102-0.0018354458105888862j),1715000000
(-0.4377779126900157-0.19582451131768897j),(-0.0008195920392116773-0.0015160423371094578j),1720000000
(-0.4961990226747307+0.0274111097429431j),(-0.001294510474989864-0.001135604469985079j),1725000000
(-0.4518205441390403+0.24657644841002188j),(-0.001549798448599439-0.0006015514734181223j),1730000000
(-0.32069203891600667+0.4256587007778973j),(-0.001772759317698127+7.78166807104332e-05j),1735000000
(-0.14238930987289186+0.5294110869847023j),(-0.001695091441446695+0.0007572477886672027j),1740000000
(0.07535174746327337+0.5561711506954683j),(-0.001197305315928817+0.00140630119043531j),1745000000
(0.27493933573493046+0.49559441084976324j),(-0.0005404766668224676+0.001832303504063283j),1750000000
(0.4308138337534454+0.3672602551988355j),(0.00037183301811411585+0.001992265576276733j),1755000000
(0.5276127427305968+0.1859821458714983j),(0.0011677179708748664+0.0016650190979159716j),1760000000
(0.5460279606682924-0.014530807166172114j),(0.0018126132961572324+0.0009746453183885808j),1765000000
(0.48528356897329655-0.20979755397017347j),(0.0020864915190633077+0.0001432083414903923j),1770000000
(0.3496421046998046-0.36600714217076347j),(0.0020358193070302345-0.0006408584830769923j),1775000000
(0.15624055250399543-0.4552451535255475j),(0.0016567748095969773-0.001532512358086319j),1780000000
(-0.05898411839056153-0.4548167998241774j),(0.0008541744980416927-0.002217243702305412j),1785000000
(-0.26062389735365216-0.35641487170002817j),(-0.0001637668689679926-0.0024121229328418043j),1790000000
(-0.3953585130794592-0.17796580530043815j),(-0.001225817637955641-0.00204987431435146j),1795000000
(-0.43577771813294824+0.04770165734549712j),(-0.0019972245837184257-0.0012210726223016446j),1800000000
(-0.3665103511548904+0.26488058086900407j),(-0.0023675331341140543-0.0002932995039420882j),1805000000
(-0.20852177638994276+0.42434123775768756j),(-0.0020967536282338254+0.0008494573357172225j),1810000000
(0.0011629461642293794+0.49307173555933037j),(-0.001627260740093895+0.0013557577916099102j),1815000000
(0.21388651443538184+0.4655779764822591j),(-0.0008777526481312486+0.002001992181011566j),1820000000
(0.39138973290097867+0.3544656026753488j),(2.1620229336377213e-05+0.002092271647483394j),1825000000
(0.501892088702223+0.18254125835315038j),(0.0007716742602853089+0.0018899246952675337j),1830000000
(0.5348824995181982-0.015893822285574188j),(0.0014346034947140631+0.0014555555017101056j),1835000000
(0.48586691001311894-0.21093314024990156j),(0.001963343396599951+0.0008852237494738372j),1840000000
(0.36357856361510427-0.36911624105796276j),(0.002187321253702334+0.00010086366527245636j),1845000000
(0.18555782171194626-0.46817609222818324j),(0.002055421436447752-0.0008980980804040024j),1850000000
(-0.020806132837985332-0.488940257875341j),(0.001607551560281432-0.0018112228901132651j),1855000000
(-0.21796510920973478-0.42389651343263035j),(0.0007238140021503371-0.0024734481985571465j),1860000000
(-0.37310971300741147-0.27693664873556995j),(-0.0003884488510805288-0.0026422058431726943j),1865000000
(-0.45471150434453095-0.07633772771191247j),(-0.0016563472163918906-0.002297683741192313j),1870000000
(-0.4422472693914856+0.14089211084467027j),(-0.0026858116660995208-0.0012856891757186432j),1875000000
(-0.33794857318743854+0.33022723702043344j),(-0.003051991101198334-2.8401292475531805e-05j),1880000000
(-0.16827435600983642+0.45422165534751546j),(-0.002764476088096289+0.001439102719764543j),1885000000
(0.04166958365219027+0.4960768709015674j),(-0.0018732392642502873+0.0025031627443588117j),1890000000
(0.24007794903944066+0.4463175595616173j),(-0.00042884528497133827+0.0030361819119794436j),1895000000
(0.4001222152203377+0.31995562352858237j),(0.0009840494953855202+0.002730578628540001j),1900000000
(0.49446117613906837+0.14174545787618162j),(0.0019089397667314116+0.001981153776917257j),1905000000
(0.5075857204794045-0.06007574326872694j),(0.0025234228756739418+0.0011468376475053867j),1910000000
(0.4371469124305432-0.2512966262889564j),(0.0028191234472488406-0.00029178473441122065j),1915000000
(0.29745157429246916-0.398328545134262j),(0.001990304317185536-0.0012374633978115245j),1920000000
(0.09504646543931596-0.4722446709561331j),(0.001653666212170272-0.0018862342726314707j),1925000000
(-0.11637387394422398-0.45841593137340025j),(0.000750754937918043-0.002442039589873361j),1930000000
(-0.30465949321411356-0.3518127234666807j),(-0.0005482177845372983-0.002603586430782204j),1935000000
(-0.4329726703817464-0.17712063156472158j),(-0.0013892596408880326-0.002055584247493226j),1940000000
(-0.47321480555990536+0.03609585692259481j),(-0.0020656293576092753-0.0013807495150258467j),1945000000
(-0.41628072849240993+0.2453635398116435j),(-0.002563936535651875-0.00034788506717013315j),1950000000
(-0.2787340643118459+0.4088442629439099j),(-0.0023432186063046304+0.0009960534909764136j),1955000000
(-0.08456749495122613+0.49667365015292086j),(-0.0017119795550378466+0.0017211655912395785j),1960000000
(0.12222238927712731+0.49459679015840136j),(-0.0007210299719552248+0.0021471867585005104j),1965000000
(0.3083193974657113+0.4071869328710651j),(0.00013045765203918269+0.002209102908900457j),1970000000
(0.4383150309353176+0.24869146313176707j),(0.0008289183479468022+0.0018386619549282826j),1975000000
(0.49203093609333526+0.052808152372255314j),(0.001454645344887848+0.0014295481278946824j),1980000000
(0.45525481831548015-0.14831424383683434j),(0.0019566598509365694+0.0009430380506643061j),1985000000
(0.3322339075256799-0.32089063960992437j),(0.0023045522051845634+9.682483416987919e-05j),1990000000
(0.1525793404044699-0.42038088677278806j),(0.002292460211527912-0.0008985288876552913j),1995000000
(-0.05753031875810478-0.43474287748181767j),(0.0018286757936739689-0.0019175550070072542j),2000000000
(-0.05674352958744987-0.4352419258865995j),(0.0017089792123638472-0.0019164427459348436j),2000000000
(-0.254989980718318-0.355647080936312j),(0.0006942914197025521-0.002393453768702102j),2005000000
(-0.40076569060704204-0.19767353593629908j),(-0.0003661486086265749-0.0024851289769230087j),2010000000
(-0.46309002211202216+0.0017362665607195747j),(-0.0012278853785484675-0.002032877213395126j),2015000000
(-0.43326466119661017+0.21446849629911727j),(-0.0019816643516681765-0.0014969219876680086j),2020000000
(-0.32604190490278623+0.38431012018001914j),(-0.0024761710204529107-0.000629714747396295j),2025000000
(-0.1551839213054922+0.49903020856147656j),(-0.0026822578563617536+0.0005261701316013759j),2030000000
(0.03985935666290542+0.5335893895416871j),(-0.0021832418071908145+0.0016250789667169815j),2035000000
(0.22839564330550324+0.48877990944546984j),(-0.0013629180417639357+0.0023627191972569166j),2040000000
(0.3868098405648277+0.38274452941594544j),(-0.00042403530293852774+0.0029621865001140386j),2045000000
(0.48498008692520284+0.21931460462177463j),(0.0010589512585487712+0.002835370183901741j),2050000000
(0.5234808329319358+0.03602098932600819j),(0.002260723109400353+0.0019893233787813412j),2055000000
(0.48169447455555053-0.1503346708916521j),(0.0029066681073847012+0.0008970043951865635j),2060000000
(0.36971511265950363-0.30459956390233917j),(0.0028419017424005915-0.0002351971983357273j),2065000000
(0.19641157861634684-0.40583641972324086j),(0.0026872694430566673-0.0013715124833418339j),2070000000
(-0.003702290990240708-0.42192878945541984j),(0.00183859055754197-0.002381084191749385j),2075000000
(-0.1977710927216446-0.34849011367370825j),(0.0008735959158256677-0.003031573431315156j),2080000000
(-0.3362419005364853-0.18691695251447565j),(-0.0005030966531616682-0.0034929988220808897j),2085000000
(-0.3857784624841822+0.021255996212812267j),(-0.002152388863961421-0.00288964362893302j),2090000000
(-0.33246531834442783+0.22750302723475802j),(-0.0032821452046918717-0.0018144404980334537j),2095000000
(-0.19145650081796423+0.38522583142515393j),(-0.0038970910125141977-8.076923218634639e-05j),2100000000
(0.005038408577129073+0.45835236249622735j),(-0.003581933560597563+0.0019191625565831406j),2105000000
(0.20605868705890545+0.4378904102063108j),(-0.00197570832605303+0.0033064152358553843j),2110000000
(0.37619037127679245+0.3383340451073792j),(-0.00017853847290520605+0.0036216253354822863j),2115000000
(0.487850590468374+0.1811411207024038j),(0.0012775917638203653+0.0031217681375642486j),2120000000
(0.5259319196455952-0.0007750818708711151j),(0.00218502964738061+0.0021515870876472965j),2125000000
(0.4931829885874372-0.18382288135982872j),(0.002718233125426244+0.00129437733934815j),2130000000
(0.3904563084937093-0.34032657857789017j),(0.00306236293403079+0.0001946813408737083j),2135000000
(0.2361023658168231-0.4465387920171988j),(0.003028953241540641-0.0010992348044574693j),2140000000
(0.05069212342948192-0.48596904094393434j),(0.002106429046061428-0.0023209919255041418j),2145000000
(-0.13918151111859303-0.44846316121147134j),(0.0010611503972798968-0.002772699903294467j),2150000000
(-0.3027766969679017-0.33457501879563667j),(8.382488580464264e-05-0.003096846826246272j),2155000000
(-0.40477578150826254-0.16202848564817254j),(-0.0012243014195644913-0.0029001214001910065j),2160000000
(-0.42522495153865025+0.04194533561121568j),(-0.002401712074092873-0.002232514224424878j),2165000000
(-0.35526759574024014+0.23695563530432542j),(-0.0031543308814524344-0.0011543495737434237j),2170000000
(-0.20782118776118744+0.3824167629777223j),(-0.003505071517619245+0.00022151082908388462j),2175000000
(-0.014163082044792965+0.44712532966499763j),(-0.003151996668305286+0.0017932087034238978j),2180000000
(0.1856764377059765+0.42011740224548955j),(-0.0022464158145035847+0.0028756659218350873j),2185000000
(0.35136268271476256+0.3108799181918567j),(-0.0007762761256411373+0.0036704826986397768j),2190000000
(0.4505862236490622+0.1485095661943641j),(0.0007783818714740381+0.0038689297258319346j),2195000000
(0.47047159532097155-0.04172644638811638j),(0.002464209586825505+0.003120149178981954j),2200000000
(0.40962959097282997-0.2209039752900088j),(0.0033710936137459633+0.001752271567091231j),2205000000
(0.27906592144388404-0.3557337359463326j),(0.003987069573128581+0.0004878807122124649j),2210000000
(0.0996923125053616-0.42481830701198897j),(0.00422296994179726-0.0014099522298430195j),2215000000
(-0.08833106793230179-0.4169880608454212j),(0.003113855679230919-0.0030169194715063013j),2220000000
(-0.2622063839548806-0.31530590092392663j),(0.001471130526375523-0.004361632962759051j),2225000000
(-0.3740310435751335-0.1553163100593152j),(-0.00043884182663178075-0.004418397909364656j),2230000000
(-0.40813305105169756+0.04099873047354894j),(-0.0023317922061385733-0.004155865486462057j),2235000000
(-0.3543310312812893+0.22724401525332935j),(-0.003981125410512499-0.002912885564365466j),2240000000
(-0.2284181046852238+0.3723088428022008j),(-0.0050318519530258106-0.0008721256451580963j),2245000000
(-0.052838963951159196+0.4474751291207087j),(-0.005065308852404633+0.0014675366550133953j),2250000000
(0.1319340797776871+0.44359031235007335j),(-0.003994713867282705+0.003529604639902513j),2255000000
(0.2953658318249608+0.3669408166405815j),(-0.0021048755440282174+0.004945157803872625j),2260000000
(0.4109147879571732+0.22745173038846503j),(0.00027681820928026496+0.005569126668813501j),2265000000
(0.457854526501078+0.059607186990162514j),(0.0027910678811622802+0.004659512314113555j),2270000000
(0.4315608313061036-0.11592052421359156j),(0.004178634248134836+0.00292003675371854j),2275000000
(0.3347920149296457-0.2640568447360165j),(0.005129051382059319+0.0014422210482601275j),2280000000
(0.18439133288548876-0.3605995114207612j),(0.005642437613463852-0.0002632227058872148j),2285000000
(0.004870072631565945-0.38064413232989447j),(0.0057982747383188305-0.003669552447032985j),2290000000
(-0.16681787249338226-0.3210750164180744j),(0.002930563851163948-0.00625099925908116j),2295000000
(-0.2928314804705782-0.19753115009797695j),(-8.932272627138516e-05-0.00670818496151109j),2300000000
(-0.3542639182955533-0.028738655509371044j),(-0.0032401396071960703-0.006326380279717461j),2305000000
(-0.33476417637421024+0.1435463280063362j),(-0.006491929170764459-0.003928401203728125j),2310000000
(-0.24878437749516408+0.28582201718201666j),(-0.0068364343384969516+0.00040746680112106845j),2315000000
(-0.11727136206914207+0.3831161330168008j),(-0.005070674364713551+0.0027019072906555378j),2320000000
(0.04699461750354093+0.41655158174634577j),(-0.003916552338854212+0.00370755565242994j),2325000000
(0.21030248573097715+0.3736760647548891j),(-0.0025535821943516446+0.005463612361969211j),2330000000
(0.33886977726955847+0.2648644759088388j),(0.0001695099101873198+0.006138932844840256j),2335000000
(0.40700207313388415+0.11412887157851113j),(0.002674518870150219+0.0053879021700514165j),2340000000
(0.401506935801023-0.05083700864950963j),(0.004464007619325562+0.004202103300680482j),2345000000
(0.3253887158354051-0.19672272071227517j),(0.006124242985801861+0.0020951010406076494j),2350000000
(0.18730984435847242-0.294451196599175j),(0.006669500079646164-0.0006622409568042033j),2355000000
(0.02196060718922217-0.32023601635526916j),(0.006137819934626342-0.004353963079614003j),2360000000
(-0.140077911832493-0.2661877541616717j),(0.004371162299416661-0.005990399517849474j),2365000000
(-0.25608226901807596-0.13935817156257657j),(0.0009643397455361381-0.008057827092800916j),2370000000
(-0.2974964806242512+0.026068741754031902j),(-0.0036284222575971724-0.007504984207000029j),2375000000
(-0.25616417933952157+0.1858018241343574j),(-0.006452381079185644-0.004517768651621775j),2380000000
(-0.15574474771737695+0.30249861734265926j),(-0.0070062702146035764-0.001160434827403294j),2385000000
(-0.020003467445205887+0.37318160459267774j),(-0.006938336001753313+0.0011143653099824238j),2390000000
(0.13355032303008946+0.37597967966039403j),(-0.006597361839312968+0.004264710180235856j),2395000000
(0.27113768630730734+0.31608769675360154j),(-0.00390667570982126+0.007156421846327603j),2400000000
(0.3738214348450554+0.2157294766741634j),(-0.00012412979985092053+0.008566858764995489j),2405000000
(0.425339851736311+0.07626706658742793j),(0.0040888798549521465+0.007713296531815779j),2410000000
(0.41602775939872166-0.06799480793781673j),(0.006784954234409054+0.00463139101678513j),2415000000
(0.3515669276326016-0.18652545804497953j),(0.008264162511947176+0.0011956277562375774j),2420000000
(0.2507163369727633-0.2649265514839264j),(0.007656120124193067-0.002960273067876731j),2425000000
(0.13880194819588795-0.29804379167509226j),(0.00485379392769823-0.005714384111121227j),2430000000
(0.028395531145147694-0.29877909877903464j),(0.00205280161081207-0.006676962860836976j),2435000000
(-0.08931458261663201-0.2595056247780122j),(-0.0009569656853699443-0.006602418525130991j),2440000000
(-0.18863389961636995-0.16016910509163954j),(-0.002821954682214926-0.005263286932157279j),2445000000
(-0.22713125640058032-0.01603609606475861j),(-0.004660301458834676-0.0042764780918586485j),2450000000
(-0.18607463784488412+0.1391210198969179j),(-0.006946665306734714-0.002336514048163659j),2455000000
(-0.06936687145874787+0.24480318836863602j),(-0.006690962380725527+0.0007088871600756438j),2460000000
(0.08548800872166526+0.2760976597922173j),(-0.006599396338190539+0.0039794115791752715j),2465000000
(0.2295299963509744+0.2309577698630067j),(-0.003782101181053242+0.006246896694929372j),2470000000
(0.33004511601156516+0.12315294106197802j),(-0.0002251850399251793+0.008452969161079307j),2475000000
(0.37393888534068376-0.015721427372607153j),(0.003666272085085448+0.007077391693686879j),2480000000
(0.34898781138092555-0.15735699852493798j),(0.006083359475304788+0.003846965589575016j),2485000000
(0.2632017596649145-0.27164843541703276j),(0.006728157961731183+0.0012805864489517683j),2490000000
(0.14107752877040008-0.34143075599189976j),(0.005642113171550532-0.0013343018287626728j),2495000000
(-0.005536870636134479-0.3484086586197702j),(0.004449901289993033-0.002829755328712836j),2500000000
(-0.0035058374271381546-0.35096245166014983j),(0.004483377717562089-0.0028138104020707924j),2500000000
(-0.1363225880723086-0.2953015665912608j),(0.0035194381557376265-0.0037509756502468496j),2505000000
(-0.23477699385549003-0.18485005485108713j),(0.002850836604041633-0.005041969259343584j),2510000000
(-0.2736509287065957-0.052663985967307786j),(0.0014288884415067868-0.007497819595402699j),2515000000
(-0.2572209098639446+0.09066935815398443j),(-0.0036614861996489946-0.007964495998498657j),2520000000
(-0.17832209347795638+0.20866399504327623j),(-0.007376400634834081-0.004537563528889436j),2525000000
(-0.05469638445537431+0.2778424260426656j),(-0.008311530458629266-0.001715218781382529j),2530000000
(0.08632276774404296+0.2798217462797053j),(-0.009261009763487357+0.0031413322418795252j),2535000000
(0.2063248092124323+0.22005539087855927j),(-0.005811438423442218+0.007778660062535959j),2540000000
(0.2822317509073509+0.12042635005919562j),(-0.0012279637873552412+0.008409891764856231j),2545000000
(0.3045639068677931-0.0055296775364893835j),(0.0020689618115787905+0.007434427289321908j),2550000000
(0.26605659093942025-0.12521515287994825j),(0.0043843263865348744+0.005798427507095118j),2555000000
(0.17745572029769835-0.21633169178506095j),(0.006180833711045757+0.0037692793323243685j),2560000000
(0.05823603355643819-0.2509688317214888j),(0.0072875705314133345+0.0017025407286459478j),2565000000
(-0.06523722967929824-0.2285632659369438j),(0.007502056997583096-0.0017962925830815682j),2570000000
(-0.16429891597643576-0.15558681601816493j),(0.006926292150776517-0.004399441909695469j),2575000000
(-0.22222076274080196-0.04299617469523185j),(0.004105966024223278-0.007860199795094103j),2580000000
(-0.22559826386784015+0.08324114359605589j),(0.0006774257955089832-0.00906320946094719j),2585000000
(-0.16780574529129294+0.19234101187600086j),(-0.003585472915996474-0.009636726235149893j),2590000000
(-0.07463233248476694+0.27088520407775796j),(-0.008017610872551774-0.006737687012313819j),2595000000
(0.04324133123077578+0.29915450518129116j),(-0.01029978288964217-0.002064840930970042j),2600000000
(0.1535593049120082+0.27290555764605645j),(-0.009564611734289012+0.0026139565993721537j),2605000000
(0.2453609784066311+0.20604561037553812j),(-0.007833945637806726+0.00596157259858703j),2610000000
(0.2972195499816811+0.11077710611738346j),(-0.005077200295403815+0.009135405479703361j),2615000000
(0.3054631379236682+0.0008371460712904976j),(-0.0004967354969566951+0.010945500970932708j),2620000000
(0.2644746946217094-0.10094485738507405j),(0.004729740742183366+0.01039988415559948j),2625000000
(0.19010805395397795-0.17457843161262415j),(0.009004489208744674+0.007112399287801325j),2630000000
(0.08675394219119968-0.2059286662773971j),(0.01128138408382121+0.002484347971169106j),2635000000
(-0.019947649498059543-0.19479593273172283j),(0.011436446582251686-0.0027314017746615593j),2640000000
(-0.10861220659600508-0.13444540006071032j),(0.008773384285088653-0.007368653319736011j),2645000000
(-0.16492550486001833-0.0398168639633006j),(0.005221171634599269-0.010561567132220654j),2650000000
(-0.17403781131166726+0.07170513772360583j),(0.0004177429711865257-0.0125598274699966j),2655000000
(-0.13078499642794064+0.17586284225081655j),(-0.005991757576852821-0.011906859951999308j),2660000000
(-0.044476194339080295+0.24797662668701226j),(-0.011201272066747285-0.00744498189544251j),2665000000
(0.05487008821663109+0.2819759756858447j),(-0.013071096153910687-0.00153106323448462j),2670000000
(0.1640587804025857+0.2694603694575145j),(-0.011865465586227123+0.0043778113887809125j),2675000000
(0.25887206910621785+0.21357268881430022j),(-0.008747371030737432+0.008302120193224731j),2680000000
(0.3226265619741517+0.12650278626275374j),(-0.004965244014294605+0.011431952503203625j),2685000000
(0.34706864969926077+0.02373461490777847j),(0.00022561132421943173+0.013280408485814908j),2690000000
(0.3305689596018244-0.08104460790363323j),(0.006823587734885121+0.012495723164585268j),2695000000
(0.2755601819853411-0.16915354272893732j),(0.012125942526345445+0.00799025776520724j),2700000000
(0.19007426515290396-0.22989172530732058j),(0.014161897656805023+0.0019268251276638852j),2705000000
(0.0863795878611702-0.2490607353020162j),(0.014432024203347976-0.00481775316994694j),2710000000
(-0.018241422892895688-0.22520991931064951j),(0.011137833176211026-0.011293747171275828j),2715000000
(-0.10002376086485543-0.15585365912505406j),(0.004155266104509564-0.016887281995685j),2720000000
(-0.1406535726098136-0.06159207859277641j),(-0.004605497814537814-0.015474677357624004j),2725000000
(-0.14144750558010677+0.051621517201038705j),(-0.011319706752829404-0.011625113862915114j),2730000000
(-0.08532113143744477+0.15070220166083256j),(-0.015546857722274236-0.005488921241053072j),2735000000
(0.012882975584767597+0.21580579238083933j),(-0.01567060052929596+0.0028875834361687456j),2740000000
(0.13209014613906409+0.22602831224385622j),(-0.012621458485038824+0.009594079633500487j),2745000000
(0.24164807165589935+0.18536496388291j),(-0.006419331947111383+0.01389257072196644j),2750000000
(0.32390753434032277+0.09970061450781599j),(0.0003902890868707612+0.015269438242190188j),2755000000
(0.3671845130344724-0.013453944143803381j),(0.00810743819327434+0.012553837783309983j),2760000000
(0.36140940224441837-0.13575590138985294j),(0.011850195015718707+0.0072651377056951365j),2765000000
(0.30704326541384835-0.24876159215920612j),(0.013046057641498111+0.0007421176071920301j),2770000000
(0.21336660029837726-0.33126772215192785j),(0.011181505865791455-0.0038515753342668337j),2775000000
(0.09026083887151687-0.37108988783047697j),(0.00946515146104669-0.007936370027868093j),2780000000
(-0.035393769785559206-0.3631513900029427j),(0.004598017889838405-0.01160551459662696j),2785000000
(-0.1598614479639099-0.30411425912891166j),(-2.170688145402362e-05-0.011693968640868867j),2790000000
(-0.2500743661568855-0.20256488758451752j),(-0.0051853992393110955-0.011030959447921788j),2795000000
(-0.2917973793697106-0.06180516747994876j),(-0.010339670320974718-0.008121844411619904j),2800000000
(-0.2729004825171567+0.08216580997346465j),(-0.013534687127129328-0.0016096532659288778j),2805000000
(-0.1876780551179283+0.20562470222792156j),(-0.011770782796729997+0.005195850936523653j),2810000000
(-0.059651851910130255+0.2803805578938493j),(-0.007349409499936916+0.00901183491130215j),2815000000
(0.08812000001758083+0.29289956662378064j),(-0.0032823423318929343+0.011046584590057425j),2820000000
(0.2275700325737455+0.2327366467831136j),(0.0015182310036292025+0.011158584567313022j),2825000000
(0.3216699097087873+0.1246555809683075j),(0.006024093078539277+0.009659222302588309j),2830000000
(0.3633991016781799-0.014350859657743876j),(0.01009450251054555+0.0058295555614660596j),2835000000
(0.33731964451041385-0.1602748205996376j),(0.011334245123931523+0.0007384123511333091j),2840000000
(0.2530735805573246-0.27582990689902465j),(0.010765212011598567-0.004897023294957213j),2845000000
(0.1276107423614459-0.3504625650050541j),(0.0069751787414019896-0.009271191351747017j),2850000000
(-0.02760395332985793-0.36529047318602265j),(0.0015837567870360281-0.011412786242950978j),2855000000
(-0.17243163537032172-0.31331753625682063j),(-0.0037255768793046217-0.009778837411892246j),2860000000
(-0.28874830078265723-0.19940992885966616j),(-0.006760694724772073-0.00628778557300784j),2865000000
(-0.3478664675750993-0.04734505610553319j),(-0.008718469118099112-0.0030771356023262682j),2870000000
(-0.33764282007391855+0.12098854892586534j),(-0.008826868633547704+0.001029496069023189j),2875000000
(-0.2568352007265013+0.2709020083792479j),(-0.006879171065310963+0.004550570651244791j),2880000000
(-0.12129175551158165+0.369937138002087j),(-0.004124837865702442+0.0062887427147174145j),2885000000
(0.04028807616397565+0.40509566765955385j),(-0.001518787311642693+0.007207151584965743j),2890000000
(0.20213197541504233+0.373131868389273j),(0.0016880905435200184+0.007498715447825895j),2895000000
(0.32970324168610476+0.28216510415882595j),(0.0049161750601592+0.005931074119626868j),2900000000
(0.4094591745837055+0.1491377155256602j),(0.005852601546569002+0.002823403450454216j),2905000000
(0.43278468936376585-0.0075757777281509585j),(0.006768696579545293+0.0008559344167529877j),2910000000
(0.3885639589923188-0.15816967823586853j),(0.006832615648279898-0.0019243283684977155j),2915000000
(0.2847335710283052-0.2788651376925529j),(0.005648471514452122-0.004896069283413007j),2920000000
(0.13537053521591222-0.3480815839463754j),(0.0028119251283912454-0.007271766282350362j),2925000000
(-0.036514270343251255-0.3473508535623359j),(-0.0013374113860332537-0.007930403365903421j),2930000000
(-0.18370825372450092-0.26793489627441885j),(-0.0038924367481569223-0.006528204969578858j),2935000000
(-0.28808125376051136-0.12325883912900751j),(-0.007072501486546649-0.0038132697738783366j),2940000000
(-0.31637532880861097+0.049934306192761534j),(-0.007614919435620583+0.00032560174945218197j),2945000000
(-0.2636210548889279+0.22110912203124142j),(-0.006349759316804696+0.00370400392650222j),2950000000
(-0.1468477846377674+0.3440777975514933j),(-0.0032267856618704077+0.006254041599208398j),2955000000
(0.01406156950230054+0.4043627145800991j),(0.0007388676409076843+0.005311404042625644j),2960000000
(0.17736765500731907+0.39940711405942075j),(0.0009624767634695673+0.0045449111798076345j),2965000000
(0.32161628398719305+0.3247649194365313j),(0.0031136945511263236+0.0038703379308990754j),2970000000
(0.42599667595712853+0.2019020621747082j),(0.0037472927615853253+0.002106819853541309j),2975000000
(0.4689503293886079+0.052566926370456485j),(0.003949490917886662+0.0007497867342344985j),2980000000
(0.45822142674720384-0.09961631518183642j),(0.004332456157491012-0.0005476794557307267j),2985000000
(0.38954676150966916-0.23783448844522787j),(0.003803786733676853-0.002643562316204797j),2990000000
(0.27205685603093255-0.3398633028167066j),(0.002030098162728001-0.0038248808907908292j),2995000000
(0.11845690595264272-0.39250006298886236j),(0.0006085623204485037-0.00406110772647465j),3000000000
(0.11950606457636004-0.39133945184937824j),(0.0005972696074905017-0.003951638796133458j),3000000000
(-0.04700738478383263-0.3722604568652315j),(-0.0008550837244988376-0.004401941462439677j),3005000000
(-0.19368454878336938-0.2878940193597847j),(-0.0029587466122844327-0.0035833865103510757j),3010000000
(-0.2888836607249434-0.14130353768553702j),(-0.004008592770666803-0.0020084622612559174j),3015000000
(-0.3113090333128468+0.03593772035843549j),(-0.005296772659664782-0.00036202524880248873j),3020000000
(-0.25168351308509657+0.2040670332362176j),(-0.003909954180820896+0.002949374468316969j),3025000000
(-0.12109553789622636+0.32950915935570135j),(-0.002764305909273508+0.003559406079885319j),3030000000
(0.047010506245563716+0.381845421571992j),(-0.000987255281741064+0.0042258245033399535j),3035000000
(0.21391025202724476+0.3581994727411435j),(0.0005612051832266545+0.004291151392454664j),3040000000
(0.3594396214322328+0.2687141796790216j),(0.0024063489764154793+0.003503591543336392j),3045000000
(0.45070345215369834+0.12974589268530431j),(0.00364755584828604+0.002274615959198906j),3050000000
(0.48153734970859774-0.02301891772609284j),(0.004191811489236517+0.0005258548581519737j),3055000000
(0.45110306949114004-0.1809862269558463j),(0.00391525937800428-0.0013104997385168797j),3060000000
(0.37013189908926475-0.3127490282864085j),(0.002739198887352282-0.00251179269532591j),3065000000
(0.2413697131447941-0.41112129146166804j),(0.0019539993757695926-0.003092795282476289j),3070000000
(0.08332303838393289-0.4469446627584613j),(0.000930314090676333-0.0037650374939568925j),3075000000
(-0.07017879163549631-0.4225119304232425j),(-0.0005700110640651637-0.004408570524859017j),3080000000
(-0.21418256616674003-0.33685003572553174j),(-0.00283882928020408-0.004056674549274474j),3085000000
(-0.31155217144283304-0.19880277032058852j),(-0.004318022637630561-0.0019058823904457528j),3090000000
(-0.3408829990145203-0.023013268746114274j),(-0.005752555467466698-0.0003998281638353772j),3095000000
(-0.29138976308172504+0.1446033910889497j),(-0.0049352725177951706+0.0033157013180556047j),3100000000
(-0.16799122051200718+0.27547801814641815j),(-0.002737323956602104+0.005132085123572487j),3105000000
(-0.003463035758628981+0.3358344466367808j),(0.0003450541043387019+0.004990366400599364j),3110000000
(0.17097027713503246+0.3150343116582222j),(0.0013867215496921911+0.003372700153134933j),3115000000
(0.31335685459559404+0.22386955974881226j),(0.0026154209308808913+0.0032846594380111804j),3120000000
(0.3999313275341326+0.08335181318085437j),(0.00403684264544925+0.003020123168078779j),3125000000
(0.4249793047211065-0.07064192236322041j),(0.00474146419173749+0.0004233475846438143j),3130000000
(0.38211282099394944-0.22325331938344736j),(0.0049881745494597274-0.001191157038426995j),3135000000
(0.2818257891578017-0.34631862532387786j),(0.004798032819682745-0.003936847084410222j),3140000000
(0.14229066210004837-0.42109814152161973j),(0.0026720344717211437-0.006298020726877884j),3145000000
(-0.016356830177700312-0.4351780088196948j),(-0.0023194966472772395-0.0073519708866347094j),3150000000
(-0.1714203154537521-0.3846265924590277j),(-0.005434794232429494-0.004007411052408911j),3155000000
(-0.2998718420905835-0.2728915998275129j),(-0.005437447039576358-0.0008600867406276178j),3160000000
(-0.36919600108734757-0.11668047834091537j),(-0.005250412210720249+0.0005032954567605692j),3165000000
(-0.37145470033916533+0.058497898151680626j),(-0.004885763448578089+0.0031008770001497593j),3170000000
(-0.2994666206002839+0.2199885753635868j),(-0.002193666381701592+0.00492193908592162j),3175000000
(-0.1688448120827366+0.3362804327577318j),(-1.3923810585628264e-05+0.0046806183360739405j),3180000000
(0.0002553526184837497+0.38970189559192736j),(0.0016434581879530984+0.004060907961139924j),3185000000
(0.1710543896743937+0.36464278317393906j),(0.0028066538234349223+0.0032262623646643995j),3190000000
(0.3113682375897343+0.2793350153620256j),(0.003981545913511753+0.0019278551695912655j),3195000000
(0.40235274730104414+0.14538354220928731j),(0.004558476808508143+0.0002257239651629569j),3200000000
(0.43071792595728287-0.011635443995709668j),(0.004082691140976881-0.0016292849066598262j),3205000000
(0.3927152326638246-0.16827052379248883j),(0.003165567980920501-0.0032748975541566985j),3210000000
(0.29563033807520667-0.2900314447630551j),(0.0016695198413241045-0.00435901764876502j),3215000000
(0.15715134915216813-0.36623754996175756j),(-0.00019698360803620282-0.004754008330553615j),3220000000
(-0.00835683618363874-0.3762173489140073j),(-0.002379484931961847-0.004525401085980925j),3225000000
(-0.16045866470936632-0.31251829551634897j),(-0.0043993107505864-0.0035561440821192673j),3230000000
(-0.27606657731618867-0.18921081243256713j),(-0.005471814903188767-0.0013332857883573523j),3235000000
(-0.32852803412973164-0.02424490228550706j),(-0.005465987261427505+0.0018951110700245472j),3240000000
(-0.30658399481469395+0.14594373177517764j),(-0.0037346272658543528+0.004002368884546528j),3245000000
(-0.21557890048859957+0.29068520940923753j),(-0.0015705812472316455+0.005096557153426719j),3250000000
(-0.07457834196093237+0.3814105771887546j),(0.0008477491363417704+0.00502488288296463j),3255000000
(0.08653272312935716+0.40835743331536173j),(0.002645593151368959+0.004065347195129554j),3260000000
(0.2420423486705061+0.37185274390874623j),(0.004065548694639523+0.0027552383838974777j),3265000000
(0.366254625828111+0.2819036964137407j),(0.004679094996117049+0.0008730668002622232j),3270000000
(0.44696878265660966+0.15134802363799899j),(0.00486048878256667-0.0010452446697877852j),3275000000
(0.4726256376868674+0.00698197420786135j),(0.004071526549002588-0.0030750979716622382j),3280000000
(0.4433013216632905-0.1380271341650024j),(0.0023919614807701374-0.0046297600788356204j),3285000000
(0.35938330483698405-0.26417620715121815j),(0.0003786339352615418-0.00531165854506676j),3290000000
(0.23149311380575985-0.348614370775505j),(-0.001984836742912425-0.005109751889175313j),3295000000
(0.07942798616803949-0.37384267382868513j),(-0.003978679342448578-0.004074740088895916j),3300000000
(-0.07836020031137012-0.3374983384220307j),(-0.005679715517800373-0.0022234188172568334j),3305000000
(-0.20670029822044378-0.2308684783419339j),(-0.006346357462902295+0.0010673903665816985j),3310000000
(-0.2772576548172328-0.07541659230566365j),(-0.005209644435784354+0.003999123122214785j),3315000000
(-0.2694192039980163+0.09675165679956785j),(-0.0027215633154931357+0.006053436530949645j),3320000000
(-0.1857635154279211+0.2453173916906748j),(0.0006269998089190322+0.006520794922104721j),3325000000
(-0.03888158247727852+0.34359089610146765j),(0.003550116711603087+0.005009302684288142j),3330000000
(0.11890810683447173+0.36484213485408973j),(0.004705027525378304+0.0031716224651875753j),3335000000
(0.2780910923626443+0.3155615662309713j),(0.005720253284009672+0.0006036240813320841j),3340000000
(0.3984037417666175+0.21411570163529398j),(0.005397845298105795-0.0017789087839251096j),3345000000
(0.4667344107569365+0.07344760101025814j),(0.003980247231916364-0.0036317289811192994j),3350000000
(0.47726501882457867-0.07383512712520084j),(0.0020822631186945906-0.004693610377215778j),3355000000
(0.43460137012846817-0.21785940641645787j),(0.00017671433680114932-0.005180219027432811j),3360000000
(0.34400884101026785-0.33069558830907303j),(-0.0016723728068326266-0.004904749736227152j),3365000000
(0.2170436588033538-0.40861103662797654j),(-0.0037843572947489305-0.004123334533219273j),3370000000
(0.07127481295202952-0.43294342537732744j),(-0.005582214684359917-0.002413933039393973j),3375000000
(-0.08014959688108002-0.39984388283622463j),(-0.006251536600309188+0.0007439623549452688j),3380000000
(-0.20400980340451771-0.31103042845759826j),(-0.005084617628552742+0.003773106214898043j),3385000000
(-0.28586588730776424-0.1723617343688412j),(-0.003281294727928184+0.00546905551194406j),3390000000
(-0.2997039324395904-0.010726882639903493j),(-0.0007626314230314385+0.006732737146245837j),3395000000
(-0.23798108877900695+0.1444500182552427j),(0.002769911655734584+0.006799560338244297j),3400000000
(-0.10882400540324455+0.25239759559902375j),(0.0058693012606738666+0.0045499061397597995j),3405000000
(0.05493069539546988+0.2880785066171569j),(0.006982829225046471+0.001234930925343104j),3410000000
(0.2112152758927328+0.2470932641758477j),(0.00686706247089284-0.0017371310741251134j),3415000000
(0.3313097199658506+0.14418334891760343j),(0.005778567768511701-0.004936449249140439j),3420000000
(0.3919205053476935+0.003952646724999347j),(0.0023950327780054383-0.007114920061822632j),3425000000
(0.3897796346244375-0.14962459938885683j),(-0.001246463053113818-0.007144148694989502j),3430000000
(0.33059324380526756-0.2830902396534267j),(-0.004175399074297978-0.0055288944486233515j),3435000000
(0.22102117626790557-0.3827986709946783j),(-0.0058748254352127055-0.0028695158443083914j),3440000000
(0.07911343736661669-0.43235258818481237j),(-0.0060811540678036985+8.569576741317294e-06j),3445000000
(-0.06945254359628285-0.4257145206430934j),(-0.005184883670703346+0.0023447055953581984j),3450000000
(-0.20300091551765276-0.3592678881239446j),(-0.004250047097794766+0.0040117283759876984j),3455000000
(-0.30228865681241046-0.24005673560233842j),(-0.0020747427998820617+0.00572052383177024j),3460000000
(-0.34853063189432665-0.08857296371879829j),(0.00042756088063521016+0.006242767150129375j),3465000000
(-0.3263963314974854+0.07020859144768662j),(0.0031279427883611124+0.005735557863075749j),3470000000
(-0.23756754308172748+0.20926626742853954j),(0.005610834930924704+0.003917456511948464j),3475000000
(-0.0985789467641594+0.2965269976407109j),(0.006616335219580168+0.0005407621576933887j),3480000000
(0.06190586212797238+0.3145564735262596j),(0.006118407896963781-0.0023389556976037636j),3485000000
(0.21093109419189657+0.2619453741603875j),(0.004576116308733193-0.004560205871081206j),3490000000
(0.32032760371831615+0.1513906781097413j),(0.002247840789744141-0.00628771890042932j),3495000000
(0.3704266671856817+0.016548321644176467j),(-0.0007171581716410517-0.007132019487799961j),3500000000
(0.37130410271952125+0.012048302620516708j),(-0.0007764951245820811-0.007127361840718867j),3500000000
(0.35717309551126747-0.132380645004631j),(-0.004594511609377556-0.005976467633344906j),3505000000
(0.28762303661323735-0.250774713936948j),(-0.0066473615058871395-0.002803909081298293j),3510000000
(0.17403525462544964-0.33383405881403483j),(-0.006492279423315013+0.0014311275521257467j),3515000000
(0.035127629368466716-0.35937702033356556j),(-0.0049035197174551225+0.003162967194988102j),3520000000
(-0.10552813867415897-0.32434453286900583j),(-0.0026025529127798016+0.005282942659963689j),3525000000
(-0.2191686754672576-0.22993622294266536j),(-0.0002719890672915303+0.005416428824099973j),3530000000
(-0.28120963483899647-0.09598980898817669j),(0.0013987927767500968+0.003907553607866172j),3535000000
(-0.28430654026331137+0.054444130078624094j),(0.001867978894762413+0.004435795830794623j),3540000000
(-0.2216843186772811+0.19203783806849395j),(0.00479603159202868+0.003405739517411385j),3545000000
(-0.108108644597869+0.28979251907653375j),(0.0061447119353147265+0.00047979392301773826j),3550000000
(0.03333571713235702+0.3309593525503097j),(0.005556246095557336-0.0024290090312662723j),3555000000
(0.1752802928502458+0.30994630998632644j),(0.003525035851752458-0.004282892601411962j),3560000000
(0.2909766459064896+0.23783265201921816j),(0.0020940214917383893-0.005242595036031567j),3565000000
(0.3659740014635552+0.12271503758344839j),(-0.0001945575665732057-0.006116225082158706j),3570000000
(0.38659115507061115-0.006230714968000178j),(-0.003389461540656242-0.0057726003872296825j),3575000000
(0.3495552083053403-0.13079374797863877j),(-0.0061560400088993515-0.002931240182890619j),3580000000
(0.26786955995223144-0.2263996182594408j),(-0.006483011738009654+0.000379763353672658j),3585000000
(0.15308272523406166-0.2769027992393598j),(-0.005199751471167102+0.003300601999688574j),3590000000
(0.026626333897839534-0.271083861791412j),(-0.0026716223215165554+0.005153696959008204j),3595000000
(-0.0855933443468235-0.20884692819609726j),(-0.00032001291960061625+0.005405113811019135j),3600000000
(-0.1545209182826022-0.10236566967133838j),(0.0018750260249083834+0.004564384817377456j),3605000000
(-0.16364004826375847+0.02806959763505541j),(0.0036329500731077133+0.0034711383817783406j),3610000000
(-0.10991923141041941+0.14331487883149677j),(0.004367838855231235+0.0015164478925069778j),3615000000
(-0.011238298395382946+0.21583225508732212j),(0.004371575128147778-0.00030089290859505545j),3620000000
(0.10573610692246437+0.23322680383046943j),(0.0036031344128456076-0.0015482409839787633j),3625000000
(0.21590443558082228+0.1961608184084425j),(0.0031724573049234125-0.002788027014349899j),3630000000
(0.29351815713467966+0.11478093329461597j),(0.00158906612934912-0.0038986591219531855j),3635000000
(0.3259692991728858+0.014800633615701782j),(0.000779603993651645-0.0033502307606647842j),3640000000
(0.31661563294786593-0.08498538318637537j),(-0.0006568025102250052-0.00469381559031769j),3645000000
(0.26186851543344547-0.17095111949358388j),(-0.0022556961897286544-0.003809141231805465j),3650000000
(0.18327829925471462-0.2190402445168518j),(-0.005368488485688723-0.003907065650096958j),3655000000
(0.08905714110470826-0.22866024026192985j),(-0.007413850486338029+0.0005241787466616105j),3660000000
(0.01124221344198834-0.19405197110533134j),(-0.005772009395026179+0.004446553201066898j),3665000000
(-0.03844282819645772-0.12636159362775007j),(-0.002805074788105945+0.006495292719851942j),3670000000
(-0.04328651184388219-0.044755864517165365j),(0.0002772408040378341+0.006614329804509772j),3675000000
(-0.0014492383663139612+0.016932536516328665j),(0.0023129009113187237+0.006092003291204477j),3680000000
(0.06341867691064736+0.0378239029976059j),(0.005277568333051731+0.004933489189604297j),3685000000
(0.1242550191529674+0.025092389962018638j),(0.0068081213815553146+0.0020433509465992185j),3690000000
(0.1711717573402031-0.017724673292130004j),(0.008767056573347939-0.000628508866411814j),3695000000
(0.19309037692432884-0.08467541249708507j),(0.0073028029700278356-0.006461583052912581j),3700000000
(0.16954520408116183-0.15436394310266824j),(0.0023910977042608723-0.00911950112554471j),3705000000
(0.11842417369352418-0.2025479169088919j),(-0.0028382682313823114-0.00845788879692513j),3710000000
(0.04977379210254025-0.2255330861777368j),(-0.005860484161200241-0.005636002322897918j),3715000000
(-0.028638019015709653-0.21278007044771238j),(-0.007336101605693626-0.002781884930226709j),3720000000
(-0.0900423780835447-0.15496242746897074j),(-0.008775863774239749+0.0008090028761130317j),3725000000
(-0.11196137108201987-0.07216804569115226j),(-0.007718276647590727+0.005757655785131246j),3730000000
(-0.08256812848774044+0.009422939973925694j),(-0.0028222089234510818+0.009887902751400777j),3735000000
(-0.021965647607734277+0.05132695520809565j),(0.0037290158518265603+0.00958363509794981j),3740000000
(0.03947493863372474+0.06722163895832811j),(0.007548532427622586+0.004206884328310632j),3745000000
(0.10971467798328034+0.06306638248661178j),(0.006391319027437132+0.00026143613821860945j),3750000000
(0.17900310074300824+0.022342611623372605j),(0.005142789755371682-0.0019364917029681935j),3755000000
(0.22554479674733433-0.05799932645706339j),(0.0037493311951628076-0.0026943524188565667j),3760000000
(0.2247180650607285-0.1566796427629806j),(0.002113161888463759-0.0035892655020933763j),3765000000
(0.16850707576763138-0.24817882754376874j),(0.0011602060194742122-0.004477181398042402j),3770000000
(0.07683188959909126-0.2999579424265638j),(-0.0011392936205826731-0.004602067670735158j),3775000000
(-0.023131178325861826-0.3067060823437737j),(-0.003919925870421535-0.0019002834682200456j),3780000000
(-0.12960975143625098-0.2659245828147157j),(-0.0031930891298901916-0.0005220842049065269j),3785000000
(-0.21226823601278286-0.17465197958701018j),(-0.0021499148537378956+0.00046524470601568035j),3790000000
(-0.23893690003152082-0.05518385515333489j),(-0.0024112487067468355+0.0008277305696509245j),3795000000
(-0.21013848834501234+0.0635128877381465j),(-0.002700500261831891+0.0018770776282355161j),3800000000
(-0.1333600105005002+0.1587007633563616j),(-0.000755309626435028+0.002975352990800448j),3805000000
(-0.017718115856634353+0.21513179331336071j),(2.9277929165575208e-06+0.0028931257292606366j),3810000000
(0.10996338931111937+0.21061283332699707j),(0.00015944672157640317+0.002801398851989714j),3815000000
(0.2234380121703332+0.15044590385806908j),(0.0014211224850960266+0.002974652865144679j),3820000000
(0.2950542396951727+0.041448010407815074j),(0.003707300991472772+0.00252400388993155j),3825000000
(0.30646708228275404-0.07961178887613055j),(0.004605480543759105+0.0005453875255229697j),3830000000
(0.2624464935719284-0.2046995925683463j),(0.004587105122876142-0.001900381526161459j),3835000000
(0.1703447458767129-0.2906819252245831j),(0.0029727116842675283-0.0048744393237656j),3840000000
(0.04927511523005053-0.32675598847785464j),(-0.0009386339164890864-0.005013443203396464j),3845000000
(-0.08106617489195224-0.3074934412101127j),(-0.0023760624024695277-0.0032892006818805272j),3850000000
(-0.20086005919301084-0.22709885999937152j),(-0.0031328320765138555-0.0014598075608973345j),3855000000
(-0.26771188949350727-0.10283121225690445j),(-0.0030540597536024288-0.00034796054537006315j),3860000000
(-0.2774374124124045+0.044138330472653274j),(-0.0034231060107140932+0.0008784688571559739j),3865000000
(-0.2168760916613297+0.18192771015251943j),(-0.00272416190033832+0.00271940567336431j),3870000000
(-0.10578459620981503+0.28598648240202146j),(-0.0005193753140533749+0.0029750552224652887j),3875000000
(0.03822780519804436+0.3307388142621784j),(8.754552403414586e-05+0.0031928507413732845j),3880000000
(0.19128307671017064+0.3094338473713946j),(0.0015783131920625477+0.0030809046861455243j),3885000000
(0.312209246152809+0.22912298911440018j),(0.0027107264011176323+0.001867627129679953j),3890000000
(0.3929770817247684+0.10569464653621521j),(0.0027197849478333056-7.608195443642325e-05j),3895000000
(0.4179172592482559-0.03355437234542245j),(0.0022532616923920203-0.0007813719698873192j),3900000000
(0.38579435059353223-0.1701549623077142j),(0.0016093440622046537-0.0011939031951719392j),3905000000
(0.29817497285971994-0.2849505199755523j),(0.001143803249878706-0.0021583730024759976j),3910000000
(0.1740589395529325-0.35151011633065404j),(4.1195014179919806e-05-0.002563794738682206j),3915000000
(0.035035664514960346-0.36888773569534233j),(-0.001067073806918389-0.002212901044294716j),3920000000
(-0.11254040790079461-0.3234443920241923j),(-0.0014468294309504756-0.001230263462948285j),3925000000
(-0.22284222578129229-0.21698873800044674j),(-0.0015687792825441597-0.001042980738856361j),3930000000
(-0.2770474857571407-0.07273120789609298j),(-0.001944569505850308-0.0006045263513842465j),3935000000
(-0.2631164847558646+0.08871116312944138j),(-0.0020586946136160974+8.100117811610451e-05j),3940000000
(-0.18283688702168352+0.2260956987191603j),(-0.0020869993067072884+0.0009748556936392443j),3945000000
(-0.04487457571356951+0.31327959387179743j),(-0.0016897905231873644+0.0022316648827275043j),3950000000
(0.11015896488458561+0.3344596329247076j),(-0.0003793501105014467+0.002854948865935256j),3955000000
(0.26127375162305416+0.2844717369267252j),(0.0011645420172314215+0.003068021885789852j),3960000000
(0.3737250860493802+0.18567081679409442j),(0.0026446484960922795+0.0018867646946459872j),3965000000
(0.4385091540972068+0.050367142245189594j),(0.003000109229931148+0.0009719841619616051j),3970000000
(0.4450253518885849-0.09485783128480677j),(0.0032062011950074543-0.0009544713219791699j),3975000000
(0.3972200983107203-0.23235368724762778j),(0.0022121454498831104-0.002808806363979688j),3980000000
(0.30749596923277744-0.339953309729416j),(0.0002633491144700053-0.0028455565838205856j),3985000000
(0.17800349198819918-0.41182043648412364j),(-0.0006430409342645723-0.0021465762457112186j),3990000000
(0.033487965462498985-0.42859343611516904j),(-0.0011962840771192016-0.001624788410840261j),3995000000
(-0.1170999064155929-0.38249165214953124j),(-0.002013425358370377-0.0013153857834326244j),4000000000
(-0.11354089832819261-0.38249128754481454j),(-0.0018036871664595551-0.0013189130673567928j),4000000000
(-0.2291653904895912-0.2768364505300713j),(-0.002613370687108548-0.0005595906980620523j),4005000000
(-0.2948668291714319-0.13569505461118006j),(-0.002255296566197407+0.000419185960519758j),4010000000
(-0.2915631678743426+0.028769557948814035j),(-0.0013755197438650327+0.0016802622269245758j),4015000000
(-0.21133910423656682+0.17440342871941472j),(-0.0006845594356278015+0.001939560779133108j),4020000000
(-0.07311398148474912+0.2678128070946732j),(-0.0004391158578342166+0.002085204886060752j),4025000000
(0.09045721290506467+0.2864225982997682j),(0.001198027583442551+0.0020973152118475185j),4030000000
(0.2427469338794468+0.23464564616033556j),(0.0015874051822141384+0.0014531042717717633j),4035000000
(0.35523200495196133+0.1277772110626652j),(0.001944326037321129+0.0003193925902591785j),4040000000
(0.4118211199061482-0.01621252488743114j),(0.001982739666503359-0.00024366863642768442j),4045000000
(0.4090533283188328-0.16494323217615403j),(0.0016741460227539-0.0009357289659531391j),4050000000
(0.34888572326905115-0.3004281238184481j),(0.0011831179069661311-0.0014328061088611439j),4055000000
(0.24595225263551856-0.4040768089319111j),(0.0006097725830122646-0.0018180533635265336j),4060000000
(0.11615358274236422-0.45801579140165977j),(-0.0003514265190656201-0.0014046162023296737j),4065000000
(-0.03586546708985568-0.4661907100712076j),(-0.00046025705755367547-0.0014883240045318073j),4070000000
(-0.1747349440316451-0.41732801912812006j),(-0.001197466216631226-0.001978386494604894j),4075000000
(-0.28895562051858525-0.31638058523972257j),(-0.0024497355325087283-0.0006034178305333756j),4080000000
(-0.3586379186548819-0.17816837514096312j),(-0.0024221102872957023+0.0005801545551816112j),4085000000
(-0.3663286752854309-0.014687281526058804j),(-0.0016192778510225178+0.0016069084724087829j),4090000000
(-0.3027038358164212+0.13844132089169425j),(-0.001006066309036422+0.0023762991667142j),4095000000
(-0.1766581260650917+0.2507674736555652j),(0.0003013083362680447+0.002572033154878854j),4100000000
(-0.01160347397712868+0.29640713525047635j),(0.0010610017061208684+0.0020961352178212453j),4105000000
(0.15136748038978376+0.2607457807120895j),(0.002227363269009209+0.001611986466153031j),4110000000
(0.2814312793790842+0.16000874942390855j),(0.0024878644631748403+0.0001550043412295998j),4115000000
(0.35178226827896264+0.016772416755385017j),(0.0022802057528014223-0.0009433152000777913j),4120000000
(0.3467184015187406-0.14354765944168024j),(0.0018130671190600828-0.0016444427823900218j),4125000000
(0.2784650591810854-0.28226573310033576j),(0.0006277794424367694-0.0026712327899800882j),4130000000
(0.1557541413824031-0.37695135907438354j),(-0.00043948060417138004-0.0023008207609415423j),4135000000
(0.003768585005417823-0.4122860124009409j),(-0.0014184661624775253-0.001837233597557656j),4140000000
(-0.14403967229450304-0.38113961445763345j),(-0.001992189506060444-0.0012047688118392585j),4145000000
(-0.2717570636824663-0.2897389308176464j),(-0.002447170739051494-0.0003458354470349955j),4150000000
(-0.35204872793982717-0.1531160396727862j),(-0.002189675657736773+0.0007513112171509866j),4155000000
(-0.37227795531534824+0.007315647236167049j),(-0.0014096919353493395+0.0015735617054529196j),4160000000
(-0.32347041440723495+0.16284392945124992j),(-0.0010382310225780214+0.0020416119762781022j),4165000000
(-0.22028495073360932+0.28618236111302703j),(0.00026593981916583735+0.0024319180129604642j),4170000000
(-0.0798567953148511+0.36031734725108094j),(0.001303183985483125+0.0015977835793247546j),4175000000
(0.07316845407341449+0.37638631438551284j),(0.0016307554398094807+0.0009820583342865358j),4180000000
(0.23006072374206216+0.32921047443609114j),(0.002256913914925054+0.00022771822205556005j),4185000000
(0.34777774716781723+0.23001606896190302j),(0.001929205613661156-0.0009759875294446413j),4190000000
(0.4203091803473023+0.09112859930423961j),(0.0008833228148383314-0.0015128984349708223j),4195000000
(0.43124723059927467-0.059713200676595427j),(0.0006860610151333455-0.0015089412298439808j),4200000000
(0.38440733773545727-0.20214958950144216j),(-2.426133173549015e-05-0.0021972793017311803j),4205000000
(0.2887093820686596-0.3127476000798192j),(-0.0012291565449528267-0.001928999666347081j),4210000000
(0.14756812460203428-0.3800549169583353j),(-0.00195592246667368-0.0012072030678848247j),4215000000
(-0.007955861272583398-0.3830134269639536j),(-0.0021820695655220034-9.666047950514359e-05j),4220000000
(-0.1555466844668322-0.31359207083963136j),(-0.0013638729723054546+0.0009135996284638954j),4225000000
(-0.25982104164789016-0.19002988998485207j),(-0.000975715694623859+0.0006556400852739836j),4230000000
(-0.29954633379273854-0.027741832949469147j),(-0.0006800154709155744+0.0012538774431643653j),4235000000
(-0.264249816036966+0.13587801945163255j),(-6.076765250094468e-05+0.0013184514660050895j),4240000000
(-0.16287187135782005+0.26640832771861306j),(0.0006914625353705402+0.0013797080459921607j),4245000000
(-0.020114104457554058+0.3410771157374487j),(0.001205390454829584+0.0005701785631793947j),4250000000
(0.14234007612278446+0.34930224582650354j),(0.0010525180202001071-0.00016977022776759032j),4255000000
(0.28800765886061697+0.2927976747273282j),(0.0007226479463612023-0.00031348574807475645j),4260000000
(0.39688042084314884+0.18851251225894128j),(0.0009346901679448353-0.00036022823771046674j),4265000000
(0.45954511889498145+0.054487700049847126j),(0.0006918444337839627-0.0011246498543262611j),4270000000
(0.4664396597574822-0.09263186933499527j),(0.00017515890558534488-0.0010377080149882156j),4275000000
(0.42263831795413276-0.22868472871986867j),(-7.876565004538778e-06-0.0010515219317116084j),4280000000
(0.3314855740306011-0.3403885053458079j),(-0.0005864755069644563-0.0011845945013839584j),4285000000
(0.20445915664757086-0.4126859223232186j),(-0.0010667027599400674-0.0005588422971210277j),4290000000
(0.06065823725583922-0.4326433708760579j),(-0.0010514317667290336-0.00018269307806007101j),4295000000
(-0.08462086877223242-0.3948066988281664j),(-0.0009355451056088673+0.0004999068445670475j),4300000000
(-0.2093406304983762-0.30244430647986476j),(-0.00028851238513561556+0.0006603817195773209j),4305000000
(-0.2841666874482561-0.16378936915320183j),(-0.00013125510483129871+0.00014038499782934556j),4310000000
(-0.2943019250924075-0.0027498690970889903j),(-0.000499302253963103+0.0002102336383527078j),4315000000
(-0.23012741190543862+0.1471644035382641j),(-0.0006282678888458152+0.0006858212403583112j),4320000000
(-0.10412706902152058+0.2525640497390235j),(0.0001133955089364159+0.0012178286166052738j),4325000000
(0.05366100167185941+0.29026416079573636j),(0.0007405116264734904+0.0006818789617268942j),4330000000
(0.20740859463782402+0.25480091798998517j),(0.0011464046430978688+0.0008918214514811813j),4335000000
(0.3315829465980295+0.15969352638674583j),(0.0013694653117512956+0.00020267103910340747j),4340000000
(0.4023967353117293+0.026386497398218703j),(0.0015608743929677645-0.0005137208781851462j),4345000000
(0.41596871920964573-0.12351534121560998j),(0.0010556400053031677-0.0011829615422141286j),4350000000
(0.36920861393937526-0.265050976064936j),(0.00031823222518631805-0.0016203990400200424j),4355000000
(0.27922276496323484-0.3762564922243941j),(-0.00030574721545494836-0.0014324573970302366j),4360000000
(0.1542905708074954-0.44806726335323765j),(-0.0008013852760570079-0.0009032187464547989j),4365000000
(0.010046141592922164-0.470903865180424j),(-0.0011073437937895402-0.0006026242710586994j),4370000000
(-0.13494198311684216-0.4389531181103067j),(-0.0011580914906360068+2.6408399538447135e-06j),4375000000
(-0.25794571050454507-0.3545680726038778j),(-0.0011157707131839258+8.093819914116633e-05j),4380000000
(-0.33999510732852317-0.229134791116684j),(-0.0011982138188135535+0.0008579987837584169j),4385000000
(-0.36809228389943327-0.07242332926466215j),(-0.0008312193158482532+0.001288075688630617j),4390000000
(-0.32715611677911866+0.08208009791482809j),(-6.429423668602168e-05+0.001569644779280851j),4395000000
(-0.2184772656605209+0.20892416229305702j),(0.0005712414960155998+0.0016341798866600981j),4400000000
(-0.06400149852475501+0.27313436421787385j),(0.0014100339954863036+0.0013318611161382814j),4405000000
(0.10588746975508319+0.2588889326071675j),(0.0018731066010069372+0.0006861982311608513j),4410000000
(0.2446198364267141+0.17098432721840032j),(0.0021665299723710235-0.0003485467047446711j),4415000000
(0.3293270169755781+0.029829470614894264j),(0.0018019998427222046-0.0012586990489849542j),4420000000
(0.3419817367330814-0.12750588658815634j),(0.0009401828330023279-0.0019312042729705623j),4425000000
(0.28663977968222065-0.2728889404329983j),(-0.00025904694853520543-0.0021289368911558784j),4430000000
(0.17801360162997304-0.3764946427593721j),(-0.0008963500360020035-0.0013522327314020738j),4435000000
(0.03910771780844683-0.42690422338309353j),(-0.0013481970527476404-0.0009016355036553051j),4440000000
(-0.10782240296563926-0.42302141330070403j),(-0.0016686789233897816-0.0004275725932814051j),4445000000
(-0.2419904439161768-0.3596931374121834j),(-0.001598666063850745+0.0003281700374653604j),4450000000
(-0.34146755154021896-0.24807631741301128j),(-0.0018231221702650997+0.0009588460148065384j),4455000000
(-0.39239344289203343-0.1017401014583758j),(-0.001223973440708655+0.0018159903628056496j),4460000000
(-0.381876416734375+0.0495154186765783j),(3.54014475066408e-05+0.002124141432986483j),4465000000
(-0.3140132294547191+0.18947310117049856j),(0.0009734804350620787+0.001689230098212136j),4470000000
(-0.1975594873434853+0.29439440305691406j),(0.0015278993179573676+0.0011344385586433546j),4475000000
(-0.05516847670357704+0.3468577605242411j),(0.001714456851053658+0.0003518604168968199j),4480000000
(0.10675193116853195+0.3381086526558044j),(0.001609251957327183-0.00033693627596980444j),4485000000
(0.24441117164270237+0.2702941909695203j),(0.0011699314653629584-0.0006545593698814352j),4490000000
(0.34638857147025+0.15200104768495165j),(0.0010864886650980956-0.0009715009041940726j),4495000000
(0.392194463882578+0.009768480138705746j),(0.0005806614895238207-0.0015548036408431396j),4500000000
(0.3926937639802663+0.005305516487871027j),(0.0006045810253650481-0.0016161058488907258j),4500000000
(0.3762360675948172-0.1419993656158107j),(-0.00017635655235026144-0.0017632719827659162j),4505000000
(0.30139727553745593-0.27073665997429425j),(-0.0011681623096234388-0.0015516524832041466j),4510000000
(0.17732589781536848-0.3602800311247224j),(-0.001644536934243649-0.0006576827388895494j),4515000000
(0.030289436136014997-0.38927064541497375j),(-0.0016985974163566946-3.8881443450321415e-05j),4520000000
(-0.12314704694361374-0.34831210470608676j),(-0.001723370126741421+0.0003522421713973901j),4525000000
(-0.24688746873791817-0.24340795984804275j),(-0.0014816009502548262+0.0009266140321459193j),4530000000
(-0.310238982006793-0.09824424423096983j),(-0.0008058734780327635+0.0020198616405053484j),4535000000
(-0.30436507140841856+0.06661368670909719j),(-0.00019449166968190767+0.0022586299597163635j),4540000000
(-0.22861818098747275+0.21052312273037646j),(0.0012076296191013002+0.0020243106202817163j),4545000000
(-0.10049115623205775+0.30744303063126266j),(0.001954143268806174+0.0009091114600808596j),4550000000
(0.053780504199886246+0.3436618520816857j),(0.0019611492990381546+0.0002128073428304709j),4555000000
(0.20539858756250887+0.3143627326081348j),(0.0016812431554975185-0.0007329387989731794j),4560000000
(0.32935963852248823+0.23113144946783673j),(0.0012477816918784145-0.0010805477499230185j),4565000000
(0.41084780889610406+0.1051626003683976j),(0.0005973973295710146-0.001598090294085794j),4570000000
(0.43807416423410345-0.03265921869105447j),(0.00011781461225475363-0.0017930732355458008j),4575000000
(0.41181924258885605-0.17189816570436098j),(-0.0005983063801544096-0.002026436589953068j),4580000000
(0.3379453600282124-0.2909881732332652j),(-0.0016311402246574598-0.0014491789742224301j),4585000000
(0.2226487634411154-0.3748150359156921j),(-0.002115729212001652-0.0004646587400249698j),4590000000
(0.08376924732521544-0.40919078487479815j),(-0.0018444677977604847+0.0005377963761836254j),4595000000
(-0.061224870579443536-0.3866471748796611j),(-0.0012659636632318353+0.0012293994640687669j),4600000000
(-0.18510255585805913-0.31074289865049104j),(-0.0003437773060441904+0.001408368781525248j),4605000000
(-0.27238340958551044-0.18607102358414868j),(-5.738713271128226e-05+0.0012445890925722985j),4610000000
(-0.29953831997453034-0.03320567445902845j),(-1.1863584282448092e-06+0.0008856790882832829j),4615000000
(-0.2613037090043946+0.11314820201702729j),(0.0002544516982393404+0.001634012297757436j),4620000000
(-0.1613765026660053+0.23398861958968664j),(0.001613463896185521+0.0010447943042680022j),4625000000
(-0.022400145343480584+0.29820596882096156j),(0.0017437024487375516-0.0008110455734577353j),4630000000
(0.13324003326243805+0.29701434247336156j),(0.0006038870396859416-0.0006828491547761128j),4635000000
(0.2679480397968997+0.23684055396191186j),(0.0006133535634034858-0.0007675478337447944j),4640000000
(0.3682314671477495+0.12457828487272674j),(-0.00010794471442120483-0.0004505305271024101j),4645000000
(0.4175768595670983-0.015075253712555388j),(0.001138592217016553-0.0004303463209654566j),4650000000
(0.408201396886055-0.15919608613017092j),(0.0004705780528661207-0.0018838675683271653j),4655000000
(0.35250007368731207-0.2864270359851464j),(-0.0010515398734922995-0.0016314932037207672j),4660000000
(0.2480199972298254-0.38868691708967784j),(-0.0010291263221007614-0.001094564565585919j),4665000000
(0.11478035515699174-0.44237386378098686j),(-0.0016795304893639652-0.0005125700793473182j),4670000000
(-0.02615974646435873-0.447349453810366j),(-0.00186433060173668-0.000378882469071801j),4675000000
(-0.1633485107725772-0.39175155548999635j),(-0.0017255965488770424+0.0009597881290145156j),4680000000
(-0.26985523310720666-0.2900421525216736j),(-0.001087760793486104+0.001534336323545993j),4685000000
(-0.32064865334802306-0.1493928273598977j),(-0.00017321966659531422+0.00047606972064325793j),4690000000
(-0.30583239541402096+0.0012616284141523867j),(-0.0018460129575040847+0.0010464575773960912j),4695000000
(-0.22304086465048148+0.133164411414445j),(-0.0010037573181897925+0.00364263795359236j),4700000000
(-0.08449354667571177+0.21075734916847672j),(0.0022613898203979986+0.003389703574279967j),4705000000
(0.07322004971884497+0.2133676600145575j),(0.0037341504297626945+0.0017363464077760338j),4710000000
(0.2130989974024425+0.13963739032791567j),(0.003245235683544815-0.0010548149520012116j),4715000000
(0.2995181485153783+0.012263150316478746j),(0.003188715897261637-0.00036989963725993257j),4720000000
(0.3239725798232814-0.13824587715516898j),(0.003911413288889042-0.002705833372680914j),4725000000
(0.27878084266658254-0.28131469449032387j),(0.002180308391250431-0.0060331233496057094j),4730000000
(0.18262115031150547-0.39088549432126135j),(-0.0033263105171300543-0.006411099439917319j),4735000000
(0.057040987279885456-0.44936132278737556j),(-0.005208273465318038-0.0021767103765243313j),4740000000
(-0.07490125285426392-0.4605859883533117j),(-0.004128786255941057-0.0005932474537731069j),4745000000
(-0.20675771448219474-0.4209484657753664j),(-0.004553394274677109+0.0011714649207206721j),4750000000
(-0.3136212581651487-0.3433907099457797j),(-0.0032032252749490727+0.0023941311537628066j),4755000000
(-0.38880117734264574-0.22280947008632457j),(-0.0035478008654306016+0.0028716702782774256j),4760000000
(-0.41433575769076264-0.09463319911690353j),(-0.0029667112098716985+0.005148741103329415j),4765000000
(-0.39176839642568406+0.0499982648469201j),(-0.0012258942605889072+0.006829910129915834j),4770000000
(-0.3196351095148116+0.16849155770969365j),(0.002887126179791442+0.00971356559577j),4775000000
(-0.20488576102366313+0.257118567492782j),(0.011573752509847851+0.008954715457944903j),4780000000
(-0.06478189409265404+0.29694280353023933j),(0.01627783724059728-0.0024069822423429792j),4785000000
(0.08367861627348015+0.27334616348753354j),(0.012006231009845915-0.011659734413199714j),4790000000
(0.20487048471263936+0.1949120319330704j),(0.0005807792899293717-0.017682087801823197j),4795000000
(0.28614932176751406+0.06945999127250091j),(-0.007264294940882431-0.011675915968271451j),4800000000
(0.29859204163967834-0.07870584672953623j),(-0.01171192828902432-0.008652514577594804j),4805000000
(0.24505075189138467-0.21211344607174606j),(-0.01653795426083456+0.0001764928832517184j),4810000000
(0.1382659540548489-0.3097495396427212j),(-0.011024823971725755+0.00923940044072121j),4815000000
(0.0005153898280677235-0.3442865197725594j),(-0.002881309999717003+0.0120659230523471j),4820000000
(-0.14006317160716816-0.3203551992196608j),(0.002431289791566539+0.009635658316717812j),4825000000
(-0.258054572668291-0.23217053400608736j),(0.006038967830469955+0.006982396642436268j),4830000000
(-0.32366081039411587-0.09312001670640448j),(0.005092253870720681+0.0020912685509974693j),4835000000
(-0.3278434014435379+0.05213351940477767j),(0.005923409994688503+0.0020546517027614426j),4840000000
(-0.27399962063372635+0.19055973308196372j),(0.0060659937426432225-0.00047587392376717736j),4845000000
(-0.16140255994558966+0.29640982799634696j),(0.006158080645166086-0.0014513006067112082j),4850000000
(-0.022350994193087503+0.34783189310398477j),(0.006983295878347836-0.005745871286236959j),4855000000
(0.12106077126582881+0.34029366382704807j),(0.002004445864932878-0.01002405271449075j),4860000000
(0.24836641183021027+0.28464328913506404j),(-0.004582893970209398-0.008134445068010768j),4865000000
(0.34422979315638663+0.1907918171087377j),(-0.0054745499906294695-0.00450313366553204j),4870000000
(0.40271558639910643+0.06986956556854208j),(-0.00641854214620555-0.002344451594214713j),4875000000
(0.41106532635002524-0.062087693243248074j),(-0.00676402157348061-0.000525529381866715j),4880000000
(0.3701024791636466-0.18976314343352788j),(-0.008242806020737941+0.0027093410669102123j),4885000000
(0.2881694353202062-0.2890711077962178j),(-0.006178065895708813+0.007230162789403361j),4890000000
(0.16956109277480255-0.35413097346115197j),(-0.0009806279264098802+0.009983297290020706j),4895000000
(0.03667584845130739-0.36848291366235963j),(0.0042147953134193455+0.007730316722927597j),4900000000
(-0.09206731348092426-0.324590661820105j),(0.006447572021464398+0.004866431342208159j),4905000000
(-0.1939914639821489-0.2313640452392661j),(0.007672686785389759+0.0015740721816728629j),4910000000
(-0.2459567205652124-0.10516286184844996j),(0.006303029024529984-0.002574062945961235j),4915000000
(-0.23825456066252335+0.03457054574506191j),(0.002952647642077657-0.003331975986862033j),4920000000
(-0.1704237127758506+0.15713372818812343j),(0.004113695769039965-0.0027929335133743613j),4925000000
(-0.0531626756880525+0.23720881988179435j),(0.0035453807538690938-0.006835613189461868j),4930000000
(0.0829548634543921+0.2555017724964912j),(-3.967645857269099e-05-0.008242770560773426j),4935000000
(0.20993696141388973+0.21617984583516253j),(-0.0052016937447202476-0.007736573452024293j),4940000000
(0.3109222135918162+0.1335110486051253j),(-0.00875604541349319-0.003976036572353632j),4945000000
(0.371635545696902+0.015804364885365036j),(-0.009956578201688287+0.0006725447078088727j),4950000000
(0.3799052337773545-0.11441858862460787j),(-0.008064187189593048+0.006426327853153808j),4955000000
(0.3382696159912231-0.24173223526592563j),(-0.002959301669337303+0.008636557840387506j),4960000000
(0.2560516866017373-0.3398639053089654j),(0.0011620527624825942+0.008356375341003449j),4965000000
(0.14101834783984363-0.40363262774949676j),(0.0043474381685087125+0.0061413338372199285j),4970000000
(0.008386008592022855-0.4155736292003738j),(0.0057276815041971876+0.003629185336776776j),4975000000
(-0.1190063142245381-0.3775344293806131j),(0.0066288503390809555+0.0009424447270314832j),4980000000
(-0.22110954059584903-0.2931204885957744j),(0.00637015446588257-0.0018363482056411775j),4985000000
(-0.2772001418748575-0.1677937507781183j),(0.005040827138238357-0.004459610581709275j),4990000000
(-0.2707638577289453-0.03232853006206339j),(0.002362847474929463-0.004925525401217277j),4995000000
(-0.2028151159302616+0.07931624202345332j),(0.0003627654595767866-0.005016856101492346j),5000000000
(-0.20300971051726846+0.07821258404371303j),(0.0004175990047455449-0.004979857034105342j),5000000000
(-0.09440506289651218+0.14758256383455676j),(-0.0012371083417842999-0.005687669666212467j),5005000000
(0.030872732637989356+0.1537757569301808j),(-0.0031698479909820824-0.00443585020580113j),5010000000
(0.1399809735246228+0.10822624562274567j),(-0.005682789929389369-0.003130219206724975j),5015000000
(0.2214475255794942+0.020442101039529155j),(-0.007429369910702494-0.00021148895453695893j),5020000000
(0.2510911247377493-0.10165372885126936j),(-0.006830327782684606+0.004564783699773906j),5025000000
(0.22768471513037017-0.21020213055064907j),(-0.0022248574538086597+0.006792093531039056j),5030000000
(0.16771302612734704-0.3053839109517414j),(0.00032870565191168825+0.0049764661210791004j),5035000000
(0.07595985822208057-0.37378756427612875j),(0.0012215456997794246+0.004907368979617612j),5040000000
(-0.03384618578245766-0.3970985525646826j),(0.003380850464228906+0.0044346261562018124j),5045000000
(-0.14180704550970943-0.37852814624754516j),(0.004606903999005112+0.0023513254114497758j),5050000000
(-0.23813979823481385-0.32399519171430413j),(0.005466037402639833+0.00027125084726527704j),5055000000
(-0.3068049823109782-0.23990118539859046j),(0.004873385826424249-0.0009738593934407334j),5060000000
(-0.3388756178545462-0.1257143695049748j),(0.00544540618516161-0.003332255159062112j),5065000000
(-0.3134692333856886-0.020294218689987337j),(0.003256894891291168-0.006338263344631464j),5070000000
(-0.2668136506972169+0.060875617608509014j),(0.000526349688388452-0.006669194981904117j),5075000000
(-0.19091743101765213+0.12963210947574857j),(-0.003981148843001673-0.005947126578291726j),5080000000
(-0.08569468490347384+0.1619615680079883j),(-0.004908422101290637-0.0032442712201989684j),5085000000
(0.028198743884640307+0.13480965477856416j),(-0.00577133748356762-0.0015738494172377437j),5090000000
(0.10153241089861349+0.055329883737374894j),(-0.0064748212280183615+0.0009276566814446303j),5095000000
(0.13038824270811375-0.04082466566813449j),(-0.006216740529963512+0.003012692986419197j),5100000000
(0.10011931932494629-0.13106100734834067j),(-0.0062754554798838515+0.007287847201533363j),5105000000
(0.04561842687734162-0.1823534056872675j),(0.00025429237894587705+0.01120071155412897j),5110000000
(-0.017966245467704423-0.21707359542672794j),(0.006299492755665187+0.008308288409580084j),5115000000
(-0.09247298467104026-0.21293402059846805j),(0.008492165635144383+0.003424606502715858j),5120000000
(-0.15940791113055233-0.1838052646212231j),(0.008141536043137517-7.109789662282204e-05j),5125000000
(-0.2205345608065894-0.13135687917652597j),(0.007653664897300351-0.003094390984013113j),5130000000
(-0.25347708311825545-0.05090235046288136j),(0.005653804957200943-0.006239459652739793j),5135000000
(-0.24857549921586522+0.04531482348810674j),(0.002449425073770252-0.007963075431459686j),5140000000
(-0.2059111169680797+0.12890930958235577j),(-0.0019827783843797716-0.008773893615216796j),5145000000
(-0.1380879185727585+0.19013877231221635j),(-0.005963016484342337-0.006049097284779486j),5150000000
(-0.046699699510085076+0.22008520103664866j),(-0.007754153535702829-0.00333683404724702j),5155000000
(0.03845429491575415+0.20951336502421963j),(-0.008892216116368297+0.00047565817429104775j),5160000000
(0.10689664715713505+0.17841688283155077j),(-0.006865515010098089+0.005183449858227418j),5165000000
(0.15803753230058007+0.12725487378860054j),(-0.0032305735883587368+0.006826748135303654j),5170000000
(0.1843394907842454+0.06908314067494631j),(-0.0006384334976449796+0.006857722679814466j),5175000000
(0.1908657406236786+0.014660033276465234j),(0.0022575719937449295+0.006905435073922404j),5180000000
(0.18462933816185298-0.03399232138160196j),(0.0045291466349494085+0.005351870038143426j),5185000000
(0.16322135525204762-0.0871710250130051j),(0.006066161619597128+0.0026469268622359493j),5190000000
(0.11555604642789377-0.10525273830403639j),(0.008012013592112528+0.000806369636182366j),5195000000
(0.09148116173124878-0.11058587601654049j),(0.007739289626778794-0.004053395763997813j),5200000000
(0.06274610885890763-0.11832544626474742j),(0.003855078999571238-0.007178911798932424j),5205000000
(0.02206370393128561-0.11364755870399672j),(-0.0009536026849603009-0.008160067710377927j),5210000000
(0.0039365147501374985-0.08666457233720318j),(-0.0038139216595106345-0.006613104316223391j),5215000000
(0.0007450151076710972-0.06226144117447267j),(-0.006875562375291017-0.004392304245994179j),5220000000
(-0.008891870102197257-0.052472626784965615j),(-0.007700549625897735+0.001239968515268557j),5225000000
(-0.015881326560132886-0.024350310011246015j),(-0.004457343006343391+0.0030748909307067853j),5230000000
(-0.01244568784086344+0.004468251970723799j),(-0.002448575127059317+0.0018586499329532342j),5235000000
(0.012449503593938056+0.04246272061156362j),(-0.0036135232562404473+0.0025957281080799597j),5240000000
(0.05867342812037216+0.05496540248594015j),(-0.0025420276335406354+0.0052102520605981925j),5245000000
(0.09976186398203174+0.04436091697896622j),(0.0006829237254594227+0.006180555486189517j),5250000000
(0.1319440168536515+0.0276993784722377j),(0.0031495804980810975+0.005184091614192988j),5255000000
(0.15922370575512462+0.0006988447142469304j),(0.005324405270558096+0.002888219130138717j),5260000000
(0.18577660837319077-0.03715619560679459j),(0.0054539916457439636+0.00045994677942561143j),5265000000
(0.20119608346078308-0.08705538562076251j),(0.005228142159686532-0.0017618368700385257j),5270000000
(0.20096192338076213-0.15249709645427276j),(0.0037322257955111453-0.004187959772430019j),5275000000
(0.17243691440693318-0.2188897713634547j),(0.0024823548535487894-0.004868124311502737j),5280000000
(0.11598722860595144-0.2709938423746918j),(-6.157425285841557e-05-0.006217846309451456j),5285000000
(0.03747914294007315-0.3019805173888274j),(-0.003361166941410053-0.005941042743376977j),5290000000
(-0.04658100311115281-0.29705728771725665j),(-0.005613591905553672-0.003956067205896524j),5295000000
(-0.12617081699709976-0.2568431471472248j),(-0.007369586781870911-0.001014504398706314j),5300000000
(-0.17892543972935726-0.18998968006652855j),(-0.006806030371095761+0.0030704589901407154j),5305000000
(-0.2041923651442479-0.10141385256485794j),(-0.004805068644454371+0.00524948471637781j),5310000000
(-0.17904315385964956-0.010694857267211384j),(-0.0020437665507270155+0.006680423077542986j),5315000000
(-0.1187386736558042+0.0608557070450204j),(0.0008306740310663623+0.007239939436753674j),5320000000
(-0.0268442130384187+0.08880627876777414j),(0.004013587444806778+0.006481377720920323j),5325000000
(0.07065996882282363+0.07524852559352778j),(0.007085254213667722+0.0035773479555883366j),5330000000
(0.1494745716745389+0.015885083963171665j),(0.007839341077737587-0.0003924541056600314j),5335000000
(0.19443192208898114-0.07701304158968851j),(0.006391162925927872-0.003778189800868999j),5340000000
(0.19308220643388177-0.17055397219197002j),(0.0039012851095945314-0.0061175096519160655j),5345000000
(0.15780700688497756-0.2767911437018901j),(6.010540694302758e-06-0.007187185673173669j),5350000000
(0.08783375335383213-0.3416693125871082j),(-0.0028014582034800333-0.005485525559171425j),5355000000
(-0.005965698386222429-0.38540729398806794j),(-0.004261747626711929-0.0037428957999165j),5360000000
(-0.11091478930662654-0.39241149545437265j),(-0.005545485556832579-0.0015278921436684227j),5365000000
(-0.21201384666663026-0.362014865034398j),(-0.005441438543410408+0.0006292725984668682j),5370000000
(-0.29910841703606117-0.29791792613919266j),(-0.005284693677321887+0.0023092927756609358j),5375000000
(-0.35213535329008916-0.20592339157832953j),(-0.003915242972335207+0.0046253031136196734j),5380000000
(-0.37530634593979645-0.0989862476148904j),(-0.001281396825631962+0.005897014816958437j),5385000000
(-0.35792734640221646+0.008535194729498307j),(0.0019500888237764624+0.005965773676692221j),5390000000
(-0.2911297893172797+0.10849518533168546j),(0.003204628969846102+0.004028952928501007j),5395000000
(-0.19536806207917082+0.1680147878955768j),(0.0050519705940322845+0.0034470888653856026j),5400000000
(-0.08069628484917135+0.1871896135184745j),(0.007244236961334318+0.00046772562012068353j),5405000000
(0.034919064703135265+0.15532814966889413j),(0.006650904281816425-0.0032499791820231397j),5410000000
(0.11766253817145542+0.0681682798479767j),(0.004230609570230843-0.00686235897355148j),5415000000
(0.14366843467508722-0.046162081938054884j),(-0.0009343747645540661-0.007812917836627135j),5420000000
(0.11475746960337455-0.1579381445436247j),(-0.004018119405682492-0.0050688096894118614j),5425000000
(0.030832008611214993-0.24572931626145494j),(-0.005279478613671035-0.003259918239175419j),5430000000
(-0.08294604456822804-0.27757062348183204j),(-0.0067329553512138485+0.00010187598459027038j),5435000000
(-0.19156094195819565-0.24505921899973154j),(-0.004833712125557784+0.0028026202018846947j),5440000000
(-0.29314764158430606-0.18769393526537628j),(-0.0026215119312500974+0.0040159572403292276j),5445000000
(-0.3474637758740883-0.07792362993789638j),(-0.0008920226223789787+0.0039468790871748155j),5450000000
(-0.35277228823461876+0.05701415345498098j),(0.00013715897033846704+0.003743995096164529j),5455000000
(-0.3151903547886834+0.1752337428711085j),(0.001526191757230181+0.0033287112993387203j),5460000000
(-0.23528730029438422+0.26771000297064496j),(0.002810840831169733+0.0022326904578193955j),5465000000
(-0.12897927545210108+0.3298492039282852j),(0.0030003145880216882+0.0009877966393499076j),5470000000
(0.0003528779289252088+0.34920101545233745j),(0.003629574125480955-1.1016512818412251e-05j),5475000000
(0.12246789640137504+0.3245054638311241j),(0.003622280333500684-0.0018057459409683055j),5480000000
(0.22691647551767136+0.25737216589595935j),(0.0024098502822946866-0.0035747790297970734j),5485000000
(0.3027720389157984+0.15477691960836357j),(0.00048320920717721393-0.004485944406412548j),5490000000
(0.334347382772267+0.03628718618887889j),(-0.0015622471714861776-0.00426289005611781j),5495000000
(0.317826657206129-0.09078356115022303j),(-0.0034939054830116817-0.003248039280099701j),5500000000
(0.32088037388109675-0.09025477184764097j),(-0.0035083728758549433-0.0033547417565535837j),5500000000
(0.24820103605468763-0.203244365535804j),(-0.004575929265243678-0.000887693387341247j),5505555555
(0.12719326783080973-0.27671518603600087j),(-0.004200994511093925+0.0013540384783289157j),5511111111
(-0.011582447107411282-0.27812913166560116j),(-0.002791283541445899+0.0031803674514578094j),5516666666
(-0.13496211965957597-0.21370693616099917j),(-0.0009156222393980351+0.004078525085689492j),5522222222
(-0.21414743560489613-0.09055475416032442j),(0.0017338268831025678+0.003802462726327823j),5527777777
(-0.2152274689985612+0.04440501129860695j),(0.0028302506874008895+0.0009035101496157879j),5533333333
(-0.15738138431638096+0.17427216496032513j),(0.002248105288305053+2.0388256238287514e-05j),5538888888
(-0.03265132414242283+0.2610355689852148j),(0.002199013925018837-0.0005792193116798115j),5544444444
(0.1182454489804581+0.2762447301127135j),(0.0017641095054973675-0.0014646446781169653j),5550000000
(0.26211379847151833+0.22082873667847647j),(0.0014078500321198105-0.0025234044964316787j),5555555555
(0.35991908711198506+0.10920493896115542j),(0.00011801163719937354-0.002441391273927184j),5561111111
(0.400985461240362-0.03245838968778463j),(-0.0009926346415057535-0.002164702517852189j),5566666666
(0.38225737176098873-0.17685000852683452j),(-0.001815750973778302-0.0021858389437955845j),5572222222
(0.3117869501317723-0.30252059510119594j),(-0.003160218400930732-0.0011959133997615139j),5577777777
(0.20115986443064446-0.3884302647593556j),(-0.0027317453671207212+0.0007985311197841227j),5583333333
(0.06555154537486221-0.4256795750415334j),(-0.0015649976100277692+0.0019786833961004547j),5588888888
(-0.080116482643792-0.408747349065025j),(-0.0004055928667311578+0.0016335424565766762j),5594444444
(-0.19782453546727008-0.33413165120361443j),(0.0002430486482684671+0.0014549514615185392j),5600000000
(-0.2659664796869461-0.21032231452061342j),(0.0008715360065556051+0.0014357381295501894j),5605555555
(-0.279425113130047-0.06999297521049641j),(0.0013274306313912983+0.0008599744740066944j),5611111111
(-0.21829877872834352+0.06449457665340692j),(0.0019227563847576288+0.00012795555459724458j),5616666666
(-0.0975713316578401+0.1466769437091053j),(0.002117137768565008-0.0010792791393641197j),5622222222
(0.048231280184825275+0.15531051116273903j),(0.0015686222164763793-0.002135030835581597j),5627777777
(0.17834504580791116+0.08941309632448649j),(0.00020851835306517867-0.0022624566957864457j),5633333333
(0.2635201690735597-0.0359506528319428j),(-0.0005486386378015154-0.0018453238114069994j),5638888888
(0.28261219808195776-0.18998385865675424j),(-0.0008918949356930321-0.0016329459157511362j),5644444444
(0.22530621896417097-0.3203319015497237j),(-0.001862345420589328-0.0009701005423404994j),5650000000
(0.1190620978582688-0.4176639239395837j),(-0.0017840526391890742+0.00014445395089059284j),5655555555
(-0.009533127767425958-0.4663183966329822j),(-0.0009288541489882117+0.0008550190740021253j),5661111111
(-0.15191915658094338-0.45862540667539614j),(-7.650877784711206e-05+0.0006135567686269666j),5666666666
(-0.2762593398922884-0.40434073799983244j),(-0.00027343149573781704+0.001024780185684854j),5672222222
(-0.37396095729195744-0.3028499215910119j),(0.0002582118399727642+0.001671080574472252j),5677777777
(-0.42335277226179313-0.17339080196356255j),(0.0011758853432957195+0.001573440711123044j),5683333333
(-0.4130403905642623-0.02992886989586386j),(0.0018467583777087742+0.0008326782071476221j),5688888888
(-0.34534859854054695+0.09206837437757681j),(0.002407777238054713-1.994614390591649e-05j),5694444444
(-0.22005792026732038+0.17676760906572264j),(0.0019566324949317586-0.0011027202259823214j),5700000000
(-0.07760643716879792+0.18569292758507153j),(0.0013422727800326438-0.0019508499568975412j),5705555555
(0.06854326748131169+0.11855264473525898j),(0.00044149775782820677-0.0017065399406075337j),5711111111
(0.13385841912839624-0.012692828295624872j),(-0.00017896687721870186-0.0016379389335873476j),5716666666
(0.1242781510546779-0.16174694072073126j),(-0.0010652757590222412-0.0012572958506451564j),5722222222
(0.03130400584455639-0.28098369470776446j),(-0.0018299548591414116-0.0001512314080924776j),5727777777
(-0.10242434323356114-0.336329354126941j),(-0.001462754068166763+0.0013223710604007143j),5733333333
(-0.23937433875492609-0.31715899424979127j),(-0.001115379604744965+0.002255909016183172j),5738888888
(-0.35656711700541666-0.23337482086634936j),(0.0007208569479386392+0.0021918562371806382j),5744444444
(-0.4241481475967165-0.11852353405718423j),(0.001751758023982125+0.0013890623361418998j),5750000000
(-0.4415696736356088+0.019824646288208896j),(0.0013537037385139656+0.0006119893262034531j),5755555555
(-0.400110472835685+0.16016709875359914j),(0.00136980676524811+0.0003214774219677899j),5761111111
(-0.3206365748645287+0.26714330700598493j),(0.0015387265736458064+0.00040370346377432753j),5766666666
(-0.1959971108759249+0.3480912189951548j),(0.001534038918613296-0.00018795644012677468j),5772222222
(-0.05722873890792311+0.36349506104506196j),(0.001402204573145797-0.0006133463005448112j),5777777777
(0.0828287121011299+0.33203503200175655j),(0.0008297841299177314-0.0012767800406056524j),5783333333
(0.19676637410041628+0.2416253374607678j),(-0.00044413180550034135-0.0013001682259954513j),5788888888
(0.2644512453312786+0.11223506289026017j),(-0.0012632855995932018-0.0008570558890225896j),5794444444
(0.2667081132868253-0.03469592014786045j),(-0.0012337111130923126-6.796394384819363e-05j),5800000000
(0.19970174527026818-0.15610921465496977j),(-0.0018146223624298534+0.0004369210427318973j),5805555555
(0.08734925336842746-0.23740224943614766j),(-0.0015070107266847582+0.0013750698936198348j),5811111111
(-0.05747875475970702-0.24038761601489303j),(-0.0005137092932461233+0.0017896384661538344j),5816666666
(-0.18004523086718852-0.1748526639788726j),(-1.2116502320727213e-05+0.002029472594376543j),5822222222
(-0.2564515186659982-0.0519785966041004j),(0.0009030814551060941+0.0017967084201633676j),5827777777
(-0.25764353038276055+0.08529064078872386j),(0.0014937250307713594+0.0014902474527817174j),5833333333
(-0.19030618105158006+0.21545578340628324j),(0.001994368180313176+0.0004004703684414733j),5838888888
(-0.06687416577281914+0.29798908789799217j),(0.00178001841299011-0.00044302803153015483j),5844444444
(0.08172561818934197+0.32026694441226833j),(0.0005536883732704268-0.0016551957501454908j),5850000000
(0.22269517367620845+0.2809492038444639j),(-0.0005349565357643924-0.001405226170739199j),5855555555
(0.336787555709049+0.19033700544941445j),(-0.0006514302435943354-0.0009937267388310184j),5861111111
(0.4009738284771965+0.06043531853846239j),(-0.001525592291831847-0.0012576397754013322j),5866666666
(0.40984061288250767-0.08582045192828922j),(-0.002543650144878541-0.0003587990042495745j),5872222222
(0.36409659488994317-0.2252978594163245j),(-0.002029289044460301+0.0009538682122418422j),5877777777
(0.27284320131821127-0.3353096112222852j),(-0.001384955123281021+0.001643119684584271j),5883333333
(0.15324556567321773-0.39962989618397454j),(-0.0007328472061350253+0.0016740069821744796j),5888888888
(0.010327676534245735-0.4145734925338003j),(0.00048819268060551333+0.0016907366015623292j),5894444444
(-0.12457044856645058-0.36912379468329726j),(0.001204725374578662+0.0006664782659606229j),5900000000
(-0.21275505193631142-0.2717682603060938j),(0.0007429250780127292-0.0005895963447421353j),5905555555
(-0.2544112572111163-0.13737627405562894j),(-0.00030364087930823054-0.00044512877978378923j),5911111111
(-0.22648005053472836+0.0053982512568481805j),(-0.0003816287314953146+0.0003951156334122423j),5916666666
(-0.1319357433948475+0.10301019907925414j),(0.000643550395545033+0.00023988352744236957j),5922222222
(0.004075730947739893+0.14247573422264415j),(0.0007933292254546215-0.0009676781369800697j),5927777777
(0.1390876459360215+0.11018709820655768j),(-0.00016356256793682308-0.0014347362015328564j),5933333333
(0.24123533543637493+0.00032105403679629646j),(-0.0005923376070107373-0.0017106222815142895j),5938888888
(0.27639003486699576-0.14167762297376488j),(-0.002057490046084716-0.0007261468681530136j),5944444444
(0.24803366966113632-0.2819251195038136j),(-0.0014456783417825495+0.0006828188269126326j),5950000000
(0.15674948447975182-0.3878642582265211j),(-0.0007292624886087723+0.0010371441138179803j),5955555555
(0.03699593011387355-0.45555395278527594j),(-0.0002533858539536027-0.0003587898119419625j),5961111111
(-0.10254088514740473-0.46715131804858545j),(-0.000990935289846288-9.204402318558364e-05j),5966666666
(-0.24111404820305754-0.42788865513791535j),(-0.0005973186409829269+0.0005864138185980494j),5972222222
(-0.35310708762095133-0.3460162958625466j),(-0.00046142952610164957+0.0014935731688533393j),5977777777
(-0.41750117255034946-0.22813328077488526j),(0.0004876034444011858+0.0010174603378604965j),5983333333
(-0.4350582802752871-0.09004581299844319j),(0.0013378575300342+0.0014113283656067336j),5988888888
(-0.38885142845250026+0.04242407765194688j),(0.002234366833979131-0.00024295565931145102j),5994444444
(-0.2956251529446901+0.13972897560740516j),(0.0019402819809694824-0.0005248051897529304j),6000000000
