S11,S21,freq
(-0.41528147391763653-0.3739522772800318j),(-0.0015307107275277867-0.0007964224780405268j),1000000000
(-0.5478127518471541-0.14182674151697475j),(-0.0017464216683044725-0.00012757119311157392j),1005000000
(-0.5636202383484573+0.12336636958507345j),(-0.0016847102649281732+0.0006328110578706226j),1010000000
(-0.4601106692212255+0.3666031055191986j),(-0.0012544177335925134+0.0013789265312749524j),1015000000
(-0.2601777224812951+0.5373064621479253j),(-0.0005826112380330033+0.0018958991992736578j),1020000000
(-0.010427958892772699+0.6042098145917473j),(0.0005431279516092283+0.0019320115865286256j),1025000000
(0.2444102923961597+0.5549243997077343j),(0.0012465862837171015+0.0014935877606383763j),1030000000
(0.44903971464746695+0.40278641497587725j),(0.0018925496846548817+0.0007252234311082215j),1035000000
(0.5705011391619136+0.17764937594078975j),(0.0019131385166413634-0.000212138021994331j),1040000000
(0.5835476125018545-0.07739908446325838j),(0.0017092081829745119-0.0010266552607207753j),1045000000
(0.486371237187358-0.31380258136300704j),(0.001148286647266814-0.0015683959160495233j),1050000000
(0.2984266061626752-0.48598815320361244j),(0.00034892606627363464-0.0020118332822081585j),1055000000
(0.05220055909629793-0.5610746310381197j),(-0.000504507048617581-0.0018957253777361243j),1060000000
(-0.20106364537286228-0.5232152141575073j),(-0.0013072183076641441-0.0015367272684630958j),1065000000
(-0.41196504285136154-0.3817861317941888j),(-0.0017445589699818331-0.0009019676565109882j),1070000000
(-0.5427062645899311-0.1657333927255027j),(-0.002031134040481747-6.334968361018405e-05j),1075000000
(-0.569607653721881+0.0821838991313265j),(-0.0018299377242738028+0.0007936349679124425j),1080000000
(-0.48950178863855504+0.31783214954768757j),(-0.0013527865283140224+0.001478367500723629j),1085000000
(-0.3232551531493372+0.49673545599190033j),(-0.0005464723572635226+0.0018013795094860663j),1090000000
(-0.0984487536729528+0.5882404047598865j),(0.00017985572848229096+0.0018045581159062552j),1095000000
(0.14132947791426587+0.5821885578507546j),(0.000859349674402484+0.001594661607751379j),1100000000
(0.35863976596853137+0.4785065193786887j),(0.0014853664005818256+0.0009862284293839878j),1105000000
(0.5153955928601918+0.2941177159649116j),(0.0016641990733209469+0.0003494700062182883j),1110000000
(0.5824436529850701+0.06147767674520302j),(0.0016913842554092963-0.00029176129734288314j),1115000000
(0.5462550769284248-0.1821372027980513j),(0.001397689232475111-0.0010664494014074614j),1120000000
(0.4079690748309363-0.3902696663372152j),(0.0009139553933144416-0.001565623766337603j),1125000000
(0.191520257114622-0.521765625507771j),(8.690858414436167e-05-0.0018270941029961485j),1130000000
(-0.0650501339876446-0.5454368784548782j),(-0.0006415899175671163-0.0018283811324552625j),1135000000
(-0.30931459198703726-0.45406563884825557j),(-0.001471504817773465-0.0013471387525615093j),1140000000
(-0.48542161405951706-0.263802061898758j),(-0.0018953167105046438-0.0005881855272504405j),1145000000
(-0.5606148244562552-0.01245211333776439j),(-0.0019645428259176655+0.0003102019348868704j),1150000000
(-0.515722436737044+0.2439590386704715j),(-0.0015325126958102278+0.001090740542918641j),1155000000
(-0.36575286704615456+0.4509582754082996j),(-0.001006285809997506+0.0016298246847416139j),1160000000
(-0.1419137521851391+0.5736079413899745j),(-0.00023740365121606904+0.0018059561774609208j),1165000000
(0.10661796763513215+0.58574818971985j),(0.0005948627081170379+0.0017063981875534886j),1170000000
(0.33758372871354175+0.49089948768562985j),(0.0010683103659707527+0.0013956538283242741j),1175000000
(0.5039290392417857+0.3110434671593448j),(0.0017668803642770538+0.000694224972229225j),1180000000
(0.5795923525745893+0.07657401671104548j),(0.0016937232641836707-6.876350904869409e-05j),1185000000
(0.5500348711480408-0.1678872381583752j),(0.001669895908821445-0.0006648377727585776j),1190000000
(0.4179760825294627-0.3774625389418615j),(0.0012379200717976006-0.001342990473858387j),1195000000
(0.2064298283025143-0.5134303275103279j),(0.00047694311833246055-0.0017596934046572536j),1200000000
(-0.04157452339830175-0.5445885824026975j),(-0.0003151294270111802-0.0018281255623910345j),1205000000
(-0.2822042677607021-0.46609848055334496j),(-0.0009477014735525583-0.0015421736492860797j),1210000000
(-0.4654853093731056-0.290468025839205j),(-0.0017243925860963782-0.001012806755743307j),1215000000
(-0.5543307056744852-0.05662630792073869j),(-0.0018887446269127083-0.00014532634682454102j),1220000000
(-0.535363176659229+0.1906372686962109j),(-0.0015728198359644598+0.0006442837214952159j),1225000000
(-0.41474496246187176+0.4058878013202375j),(-0.001304699619554721+0.0011501542110061j),1230000000
(-0.2206420623438283+0.5469661357651223j),(-0.0007388205048077895+0.0016136115144475504j),1235000000
(0.012276056881470878+0.5969182500042581j),(1.1551964107629043e-05+0.0018736711120760782j),1240000000
(0.2410007912903591+0.5488875252216181j),(0.0008328961857041132+0.0015789742991555358j),1245000000
(0.43279624996787847+0.4108963888392272j),(0.0013783573770770217+0.0010599903165170275j),1250000000
(0.5509285749026457+0.2083229601339085j),(0.0017423467458281394+0.0005124693499639799j),1255000000
(0.5763934290503826-0.027810040668002328j),(0.0017526273276230497-0.0001881267988762558j),1260000000
(0.5005046139601002-0.2549071675755636j),(0.0016648011443908307-0.0008064384282396451j),1265000000
(0.33523839286333657-0.4323167562641805j),(0.0011067564969069789-0.0016754612533743745j),1270000000
(0.10329211746079553-0.522470588832034j),(0.00022605124732549847-0.001957049904420647j),1275000000
(-0.14670268120300467-0.5028612053410729j),(-0.000709186520515393-0.0018877293819942512j),1280000000
(-0.3652642881864593-0.3723192476391076j),(-0.0012553791428811967-0.0014399918855095986j),1285000000
(-0.5018377785182273-0.1574641380985815j),(-0.001757444375554876-0.0007034370719593718j),1290000000
(-0.5283029198682767+0.0940313341173962j),(-0.0019140213924232004+0.0001001271896162856j),1295000000
(-0.44111511324575364+0.32747282150422324j),(-0.0016963801298715572+0.0009274478311437647j),1300000000
(-0.26409928590386583+0.4970969017677396j),(-0.0011798967545983096+0.0014717745928933643j),1305000000
(-0.034393809117583114+0.5728027684151181j),(-0.00047464480841146416+0.001883914662308497j),1310000000
(0.19789039783774026+0.546249111014899j),(0.0004337428314425832+0.0022091205282732886j),1315000000
(0.3986574405722017+0.42764288536835204j),(0.0013457782272746476+0.0017632934592822845j),1320000000
(0.5307408966193656+0.23825313608897822j),(0.0019610593383757213+0.0009460839038715652j),1325000000
(0.5758306188438627+0.01232522933336357j),(0.002127168821712907-0.00011253240323282052j),1330000000
(0.5261261417812864-0.21143622481781266j),(0.0019555297612354997-0.0009407054732827148j),1335000000
(0.3878504416691293-0.39891370047531066j),(0.0012019138610733476-0.0016973691604927608j),1340000000
(0.1865226710197905-0.5141880461238454j),(0.0004966257848366054-0.001977045167029178j),1345000000
(-0.04754396058908036-0.5377378680263077j),(-0.00034846171506947796-0.00183627695827795j),1350000000
(-0.2710854835578774-0.4632086057140044j),(-0.0010706537208377983-0.0015297902427942856j),1355000000
(-0.4457155826347186-0.30021287192405094j),(-0.001590521463867061-0.001059820135379114j),1360000000
(-0.5360609131728356-0.07997674802626857j),(-0.0019617174960325956-0.00030489531843683426j),1365000000
(-0.5286342004323241+0.15745040000054494j),(-0.0018409234089573605+0.0005374079955744436j),1370000000
(-0.42323850985055256+0.36733082358816077j),(-0.0013771246847129504+0.0013263519440455908j),1375000000
(-0.23378105248945025+0.5169714147131983j),(-0.0006629827707740192+0.0018321045963460097j),1380000000
(-0.006709785376069964+0.5734017561574748j),(0.0001726214870108506+0.0019931028639958172j),1385000000
(0.22373895015567793+0.530806599734834j),(0.0012115209758047313+0.001695405938992781j),1390000000
(0.4154766678498381+0.3925898603512106j),(0.0016258157382926684+0.0006862128226663278j),1395000000
(0.5332064039683024+0.18646160300660317j),(0.0015430812009618164+0.00011460499994200421j),1400000000
(0.5512010170058296-0.05168391265963579j),(0.0014410208114587811-0.00027966948460500263j),1405000000
(0.46457763519651374-0.2774381684324219j),(0.0013706828419158702-0.0008820137356771353j),1410000000
(0.285089718244702-0.44472054913492376j),(0.000985259699561691-0.001338720323011582j),1415000000
(0.047037407993652844-0.5159420203967119j),(0.00035047640955644666-0.0018042686075106019j),1420000000
(-0.1977223286167045-0.4746108600020747j),(-0.0003628756315160531-0.001831157084257959j),1425000000
(-0.3997444120974166-0.327959274091676j),(-0.0011509598795525244-0.001574120658337778j),1430000000
(-0.514747431169025-0.10640812919898583j),(-0.0015834658054144344-0.0008979381969493653j),1435000000
(-0.5196962024775381+0.14179783830577355j),(-0.0018613122680521752-0.00015569282449788674j),1440000000
(-0.41609650986499774+0.3637397566060731j),(-0.0018745655793440748+0.0007598221912357466j),1445000000
(-0.23367867938199785+0.5146735633161439j),(-0.0013024427313591063+0.0014554112047498438j),1450000000
(-0.007517463040584673+0.5751691337385518j),(-0.0006236636393263992+0.0018540074727718674j),1455000000
(0.21798818620359364+0.5377997086901823j),(0.0002787855064192128+0.0017808674885779845j),1460000000
(0.4069034902684491+0.4152233339737197j),(0.0010193366981873704+0.0015391568575547192j),1465000000
(0.530103125345117+0.22921250726999123j),(0.001508734465608111+0.001021017616045743j),1470000000
(0.5696379500414397+0.010574171338917894j),(0.001822917056095015+0.00036423298461378594j),1475000000
(0.5174252040657566-0.206854747268832j),(0.0018916402238655947-0.00042904098015779596j),1480000000
(0.3831340749062853-0.3864330658461262j),(0.001582389512718406-0.001285003012901381j),1485000000
(0.18208282631987047-0.49823479714347424j),(0.000988296864527197-0.001995406446822286j),1490000000
(-0.04720394575433913-0.5144277863516831j),(-4.0345504359347425e-06-0.002244444042214463j),1495000000
(-0.26842697075624283-0.4331237679158304j),(-0.001082704180757052-0.002206369562980591j),1500000000
(-0.2759417463434996-0.4315707259285777j),(-0.001052461328488326-0.002217623920617839j),1500000000
(-0.4401688033914064-0.2586480132485243j),(-0.0018798552737178007-0.0013409214769069706j),1505000000
(-0.5099090386922006-0.0369037592817468j),(-0.0022090178688237874-0.0005527219226627119j),1510000000
(-0.4806594447906406+0.20006749667825657j),(-0.0024137289030039012+0.00036862916210349565j),1515000000
(-0.35440603552114613+0.39809292807098295j),(-0.0021584291776513896+0.001478739246549284j),1520000000
(-0.1575378397474989+0.5226765182428397j),(-0.0011910921108962843+0.002562867199345842j),1525000000
(0.07216803793936674+0.5489466715921615j),(0.0002384829382119362+0.003022660375552061j),1530000000
(0.28733018149318423+0.4798412576060581j),(0.002050342967300296+0.002130075559421059j),1535000000
(0.4523888254068719+0.32853258674519076j),(0.00246419320757039+0.00044626025275023223j),1540000000
(0.5399660398690989+0.1206665536006259j),(0.0017548430089648719-0.0006401868117413969j),1545000000
(0.5323233404933186-0.10256940528167355j),(0.0009724153291264509-0.0009510602241640508j),1550000000
(0.4321517539024532-0.3034095787896142j),(0.000746558407600488-0.0006284957456579463j),1555000000
(0.24857833575576224-0.4476121660856436j),(0.0010824175721794655-0.0011426111137905325j),1560000000
(0.025997561646803877-0.49538987063738654j),(-6.210320392622729e-06-0.001154257272614172j),1565000000
(-0.2029305226157407-0.44318721607640743j),(-0.0001833373671149977-0.0013270841098430863j),1570000000
(-0.3837383766102901-0.292033691351136j),(-0.0004842173536876901-0.0012566123812807674j),1575000000
(-0.4810718853387107-0.07676013841604779j),(-0.001043305130065259-0.0010518581963813542j),1580000000
(-0.4741438366941771+0.15640560590495106j),(-0.001762180918171607-0.0008460186098037858j),1585000000
(-0.36492066143591884+0.36368020126618095j),(-0.0022219067794724116+5.246398553293579e-05j),1590000000
(-0.18351517481505847+0.49912102439719425j),(-0.0021424915204706196+0.0013496238867348822j),1595000000
(0.03630264387040029+0.5446293833793905j),(-0.0012905238790038617+0.002342964743946183j),1600000000
(0.25288911290387983+0.4950440122053449j),(0.00020524301790088246+0.0035214404432371295j),1605000000
(0.42465623997061164+0.36296681307153866j),(0.0025028742521749116+0.0014022852907969296j),1610000000
(0.5301978813612113+0.17533925491673974j),(0.0021158514681999794+0.00023579167900253988j),1615000000
(0.55300390952751-0.03639731473467065j),(0.0015130610092563962-0.0006299344573042285j),1620000000
(0.48334817335262764-0.24783969413397938j),(0.0014590862178128442-0.0006440340686612881j),1625000000
(0.33693667793465487-0.4123931886959304j),(0.0010469028560394283-0.001305168200870547j),1630000000
(0.13151715310250728-0.5033358853430957j),(0.000475580049788374-0.001466193845721555j),1635000000
(-0.09298552006061252-0.5023383404125893j),(-7.226214930403823e-05-0.0015733242436794313j),1640000000
(-0.30187353936781564-0.40484426673879764j),(-0.0005194193806280796-0.001323520876201368j),1645000000
(-0.45087155456568895-0.22841140184759653j),(-0.0010465933832321437-0.0010643716233344276j),1650000000
(-0.5111795279621854-0.0054135379332362335j),(-0.0015987995292349386-0.0006142937657125972j),1655000000
(-0.4706230422346013+0.22018833171436653j),(-0.0014497582498474587+1.480350974864822e-05j),1660000000
(-0.33615528348630797+0.4078327896578327j),(-0.0014248314029210467+0.00048040827308316896j),1665000000
(-0.1347373077012831+0.5188061862227351j),(-0.001249796069800322+0.0011745645213578366j),1670000000
(0.09022635020501885+0.5339329160853112j),(-0.0005737834581769836+0.0017137394902873799j),1675000000
(0.2999265108413165+0.44697395840093046j),(0.00024344796669524131+0.0019660698486610273j),1680000000
(0.4501973761050748+0.2806561627939577j),(0.0012031508924633721+0.0016448095278626222j),1685000000
(0.5137704972977652+0.06748047324277931j),(0.0017365695232765986+0.0009446830553215218j),1690000000
(0.4791446998212221-0.15581659790975355j),(0.0020347728033038564+0.00026093168817353644j),1695000000
(0.3488819521133597-0.34092269587343355j),(0.0019987553602693925-0.0007663208192099309j),1700000000
(0.14922456912021215-0.45127236298424306j),(0.0013034745993152391-0.001330548810947696j),1705000000
(-0.08034501143945971-0.4612210754648648j),(0.000649772818945144-0.0017395209977896166j),1710000000
(-0.2912546168421036-0.3688034449616755j),(-0.00017664630925149093-0.001846313450711743j),1715000000
(-0.43780701385919363-0.196814254801325j),(-0.0007835673980164262-0.0015114295744621449j),1720000000
(-0.4953315643525019+0.02741044894545457j),(-0.0013058565541225443-0.001087018951570836j),1725000000
(-0.4510880902678505+0.24819098181663407j),(-0.0015640239557606279-0.0005898493691983464j),1730000000
(-0.3206201461477534+0.4253083016620075j),(-0.00178647836093858+0.00016643090559496438j),1735000000
(-0.14360643302307782+0.5293622934536849j),(-0.0017077776816696315+0.0007229424790925897j),1740000000
(0.07447262768466308+0.5564300728658329j),(-0.001144572033467469+0.0013908345125270844j),1745000000
(0.2741766622512543+0.4963504324048741j),(-0.0004790180013731111+0.00183954819904392j),1750000000
(0.4304205923430978+0.3670937408623604j),(0.00041920098442396004+0.001953252990378262j),1755000000
(0.527252780099162+0.18724830047176594j),(0.001167745931100329+0.0016340274340931116j),1760000000
(0.5460293809110605-0.01417440267103132j),(0.0017342432891668065+0.000985425353231701j),1765000000
(0.48511249923864974-0.20955194635553379j),(0.002053261627950066+0.00017756365370279778j),1770000000
(0.3499111841927445-0.3655273015885383j),(0.001996060491871527-0.0006503097747720912j),1775000000
(0.15716651856407676-0.4550850579390787j),(0.0016523429386516959-0.001570403464193816j),1780000000
(-0.06131039308558382-0.45552098375490896j),(0.000801814271153665-0.002205151805799434j),1785000000
(-0.25889963710396247-0.3582028815012078j),(-0.0001457528767699921-0.0023957216348147368j),1790000000
(-0.39589095157361703-0.17788440587702367j),(-0.0011891351266935845-0.0020506940716360097j),1795000000
(-0.4354089866327846+0.047282766565656595j),(-0.0020136768057108945-0.0012335992311904615j),1800000000
(-0.367119820013155+0.2632578096162733j),(-0.002392831349438417-0.00029418633287993693j),1805000000
(-0.20828158834148677+0.42421761593274887j),(-0.002106816768189131+0.000823030887856266j),1810000000
(-0.00012441237490037356+0.49340847175319635j),(-0.001682986064444657+0.0013507005928149246j),1815000000
(0.21312400196211215+0.466574978000628j),(-0.0008654368957888683+0.001980488284214564j),1820000000
(0.39093793801289917+0.3539257430350818j),(-7.33786894877166e-05+0.0020754054250410364j),1825000000
(0.5020912576113866+0.1820898638999331j),(0.000749327779434875+0.0018597990350661866j),1830000000
(0.53439700106658-0.015405020662654506j),(0.0013873576110656912+0.0014497754772128295j),1835000000
(0.486599685934467-0.21088723785004232j),(0.001944707114986741+0.0009119006669590236j),1840000000
(0.36438733984792154-0.36888904980497983j),(0.002260233910104757+0.00011600108731919153j),1845000000
(0.1853527515582478-0.46928722643824916j),(0.0020828417303769783-0.0009073978752257924j),1850000000
(-0.01858754428592532-0.48941141089915263j),(0.0015952073773879746-0.001806816492354747j),1855000000
(-0.21858756268444754-0.4236460483820319j),(0.0007677822588049368-0.002428378418318372j),1860000000
(-0.3722367654929734-0.27798222247794874j),(-0.0004533857325655257-0.002667034059316138j),1865000000
(-0.4543519640230283-0.0760323114688681j),(-0.001626458413467106-0.002298309344378304j),1870000000
(-0.442463094896443+0.1394605960555575j),(-0.00266759630641215-0.001294554590591542j),1875000000
(-0.33836633409621747+0.32980940617082155j),(-0.003075226521454959+1.3832667163986817e-05j),1880000000
(-0.16727018627492038+0.4551990251110359j),(-0.002765079137073981+0.0014629390290874205j),1885000000
(0.039328497013490483+0.4960537695334005j),(-0.001863947191108676+0.0024631747045592046j),1890000000
(0.2404042422593718+0.4463385136562773j),(-0.00048796474905531454+0.0030826583360187808j),1895000000
(0.4001465692732313+0.32123589282752874j),(0.0009956166978144017+0.0027488927304041883j),1900000000
(0.4945612758256493+0.14382394577470325j),(0.0018315050017610733+0.0019979038984928588j),1905000000
(0.507826643993753-0.059520760029973065j),(0.0024954530394131237+0.0012359495736868216j),1910000000
(0.43671412040433194-0.25140006004523013j),(0.002899048138803864-0.00025388062611627715j),1915000000
(0.29753892083184263-0.39792710056869435j),(0.0020311740556943716-0.0011932112789694556j),1920000000
(0.09677154412806434-0.47205981270687136j),(0.0017000316939644053-0.0019352191228788572j),1925000000
(-0.11745030986656475-0.4559885700982008j),(0.0008106290915642904-0.0024209760876451286j),1930000000
(-0.30375149386204825-0.3529578936224848j),(-0.00048674832511104676-0.002555443091518374j),1935000000
(-0.43192301494724433-0.17734109386212052j),(-0.0013218768618607143-0.002099177354758546j),1940000000
(-0.4729718653920723+0.03520698401112608j),(-0.0020426132635367575-0.0014506725472074851j),1945000000
(-0.4153477186112907+0.2473349548092481j),(-0.002599053835583845-0.00040061212023637186j),1950000000
(-0.2809707244300184+0.4077112964375486j),(-0.0024667229897732184+0.0009267299860522336j),1955000000
(-0.0870887475733762+0.49665223030469324j),(-0.001743344331378758+0.0017281127697843116j),1960000000
(0.1218617429132547+0.4959407762237165j),(-0.0007408061995702701+0.002208253976012014j),1965000000
(0.30739493396836004+0.4072041178543053j),(8.963485905051839e-05+0.0022119318164485714j),1970000000
(0.4382271026936348+0.24940557959839468j),(0.0008654871729062677+0.0018839723116459272j),1975000000
(0.4917053272542441+0.05397661765929009j),(0.0014604668278847053+0.0014416491876340276j),1980000000
(0.45443734624203713-0.14881064315011977j),(0.0019746816601326103+0.0009915745408219366j),1985000000
(0.3341651770628167-0.31934205926203396j),(0.002285903363193247+0.00012597743468926661j),1990000000
(0.15482001870997952-0.4201846720116766j),(0.002294322185993611-0.0008806687814201041j),1995000000
(-0.05663741046155022-0.43486861042941594j),(0.0018491361646961319-0.0019097448137214003j),2000000000
(-0.05674559915316754-0.43501418562065974j),(0.0018036294216563081-0.0019518150981875503j),2000000000
(-0.2534643389618285-0.3568871576179539j),(0.0007001372310920165-0.0024174983983058593j),2005000000
(-0.4009974958140317-0.19918171376484545j),(-0.0003368637347972806-0.002479855569349417j),2010000000
(-0.4639520576006357+0.0025776377206625342j),(-0.001248121092184268-0.0020536006677805874j),2015000000
(-0.4362433528615077+0.21016678248225953j),(-0.0019250659196468282-0.0014612290549699542j),2020000000
(-0.3266153658956107+0.38614325808870775j),(-0.002519375943339758-0.0006423437914676053j),2025000000
(-0.15719399999955655+0.49823005403277015j),(-0.0026646240499767397+0.0004881213708037253j),2030000000
(0.03947885902853655+0.5333183270022053j),(-0.0021437913358626796+0.0016191473091240016j),2035000000
(0.2267922742580012+0.48898430256001724j),(-0.0013549380578001535+0.0024376029987001036j),2040000000
(0.3865949405457777+0.38162793067615525j),(-0.0003983863705331782+0.0029541735656806022j),2045000000
(0.48784686774832464+0.2242150817434204j),(0.0010716053117187342+0.0029844999648616618j),2050000000
(0.5233005218125254+0.03715833948596157j),(0.002324912619520263+0.0020550605711964027j),2055000000
(0.48214106563664527-0.14987907367475783j),(0.002941176169300376+0.0009101035462054399j),2060000000
(0.36943353783600136-0.30493499361938387j),(0.0028736319421929332-0.00025220179922618075j),2065000000
(0.1970037225966251-0.40671114895417987j),(0.00260960787216557-0.0014152002410199164j),2070000000
(-0.004769467469456226-0.4224945925862052j),(0.0018778233450421568-0.002455878689355694j),2075000000
(-0.1971877449542062-0.3470257920488812j),(0.0008859614250035671-0.003050601085321292j),2080000000
(-0.33711591741605146-0.18626946501268635j),(-0.0004847021440899394-0.003449447368224585j),2085000000
(-0.38540631628491223+0.019458212021647495j),(-0.00220379649089057-0.0029561522421351454j),2090000000
(-0.33234319753470987+0.2271107917676221j),(-0.003341314378188852-0.0018888131867495753j),2095000000
(-0.1877096805717836+0.38443940387632763j),(-0.003873870254307256-0.00010600343232414787j),2100000000
(0.006154519474390625+0.4579387182575596j),(-0.0037090226606478964+0.001902755085782742j),2105000000
(0.20858030905378108+0.44046939235343946j),(-0.0020521021758768353+0.0034454172633795635j),2110000000
(0.3766815155974453+0.3380862125243754j),(-0.000150527920404102+0.003723758128191711j),2115000000
(0.48711974789767537+0.18297644112376368j),(0.001348206443330458+0.003139819916669565j),2120000000
(0.5260929787087189-0.0016425087359839882j),(0.0022345660026621647+0.0021129711862537975j),2125000000
(0.49228166267747-0.18383754613683395j),(0.0027081056963555333+0.001225884434889939j),2130000000
(0.3907034030730308-0.34094680892223606j),(0.0030913041070040285+0.00020679454387779209j),2135000000
(0.23907282351288797-0.4453724019009285j),(0.0029856880592630296-0.0011689363695391909j),2140000000
(0.0508683559957377-0.486099002745371j),(0.0021186957224074415-0.0023846017083736532j),2145000000
(-0.13718354059350218-0.4490790054264058j),(0.0010474025293813313-0.002774245354501283j),2150000000
(-0.3004570439183252-0.3362058315121506j),(5.5543085666702254e-05-0.003100616680761536j),2155000000
(-0.40391219501661035-0.16442839154984018j),(-0.0012533264051001994-0.0029442911575231563j),2160000000
(-0.4246764352982206+0.04147453762677101j),(-0.0024496578910152057-0.0022376116365668826j),2165000000
(-0.35569855122787225+0.23554274538248493j),(-0.0030999295897095338-0.0011603903244839131j),2170000000
(-0.20713470379753932+0.38181914295414676j),(-0.003477326767166774+0.00021186893798143535j),2175000000
(-0.015458076161616235+0.4471176775373521j),(-0.0031242050065679048+0.0017870108591579012j),2180000000
(0.18681326981144714+0.4200778944234467j),(-0.002241927149269819+0.0028841436528521764j),2185000000
(0.34989325522433024+0.31171240280030177j),(-0.0007427516706525031+0.003607215408558609j),2190000000
(0.45118069365088415+0.1484745074550626j),(0.0008332297920843466+0.0038657773279686188j),2195000000
(0.4711367659614187-0.040362420546457944j),(0.002422266027559831+0.0030961104923811944j),2200000000
(0.41061942464417267-0.21952871888524447j),(0.0034075276352342116+0.0018026581267248968j),2205000000
(0.27930412551619965-0.35537856286741765j),(0.004071510539989579+0.0005016466895349207j),2210000000
(0.10170622699323363-0.4243012626957877j),(0.0042085382213911515-0.001398652652984495j),2215000000
(-0.09612756968477758-0.41143575094612067j),(0.00314566327559849-0.0031429442980684856j),2220000000
(-0.26177106756648405-0.31565483553157997j),(0.0014763058660148235-0.00442961354630879j),2225000000
(-0.37724325830151995-0.15425347244493864j),(-0.0004620208889264854-0.00452399801276245j),2230000000
(-0.4079607410223469+0.03829426892750561j),(-0.002319179105408676-0.004230518137915756j),2235000000
(-0.35442757644011286+0.22755678597939277j),(-0.004028114762519612-0.002931212024950745j),2240000000
(-0.22886814049788293+0.37268858027467583j),(-0.005118720788069493-0.0008758645025469035j),2245000000
(-0.05351230592695879+0.44852162871675494j),(-0.005100182613213265+0.0015009886635646945j),2250000000
(0.13129405270859476+0.4439614846119502j),(-0.004057920967048075+0.003612415807378469j),2255000000
(0.2940593555359593+0.36656160026744744j),(-0.002077278049537526+0.004999957214432978j),2260000000
(0.4100493694868752+0.2290995995676676j),(0.000334133313525065+0.005618145807184551j),2265000000
(0.4569015527215766+0.06007853136817615j),(0.0028716714563478407+0.004678400956640877j),2270000000
(0.43134434175607766-0.11558476876939539j),(0.004217575401115385+0.0028917395522552085j),2275000000
(0.3326440588378032-0.2650203241352883j),(0.005075368698530739+0.0013707204923315167j),2280000000
(0.1855762035561334-0.360123855102431j),(0.0056521453342915605-0.0003024575025151212j),2285000000
(0.00347049063699893-0.3793840980676688j),(0.005734025499088342-0.0036425486108351535j),2290000000
(-0.1662731692403651-0.3211244748524181j),(0.0028759089502659934-0.006329649817150384j),2295000000
(-0.2914571927268404-0.1991825402936827j),(-0.0001362859796086547-0.006796177246871096j),2300000000
(-0.3548757340825437-0.028154035252441405j),(-0.0033069648681618917-0.006314898455939911j),2305000000
(-0.3350228971492004+0.14340212362000362j),(-0.006552044206600995-0.0038641377532896743j),2310000000
(-0.24969045240119356+0.2849233365582413j),(-0.0068923066233358725+0.0004120306117604088j),2315000000
(-0.11868877712582854+0.38254813004839955j),(-0.005040319239451673+0.002672717313521288j),2320000000
(0.046426045387260036+0.4163238965678953j),(-0.003832099111615596+0.0037399141725737994j),2325000000
(0.20907386009015358+0.3738544451043213j),(-0.0026381985073838567+0.005443263849183656j),2330000000
(0.3388101164832204+0.2647567404686414j),(0.00019258317792332312+0.0061621871837566206j),2335000000
(0.40644485458902957+0.11565282749078462j),(0.002670147222315985+0.005334711079078545j),2340000000
(0.40190284994912706-0.05073382559341745j),(0.004490203094044226+0.004244228821242023j),2345000000
(0.3241265116349698-0.19733591363703723j),(0.00614900768128779+0.0020760381704662536j),2350000000
(0.1885828222761828-0.29416874250786734j),(0.006782071798386362-0.0006089653031854102j),2355000000
(0.023759516002904567-0.3201346873011017j),(0.006326051614283215-0.004403614843493665j),2360000000
(-0.1389226514808603-0.2669811865902999j),(0.004475491536012534-0.006098707977873376j),2365000000
(-0.25550502742369924-0.1405474344540623j),(0.0009299729365176274-0.008323169369035295j),2370000000
(-0.29704510464977946+0.025040438882520184j),(-0.003931307450673177-0.00759961500322282j),2375000000
(-0.2560559290789867+0.18486484227568756j),(-0.0067028690061959086-0.004363878767320862j),2380000000
(-0.1566691525948407+0.30139987817182573j),(-0.007039791028221189-0.0009258806218521576j),2385000000
(-0.02035632420750888+0.3731233179041676j),(-0.006802747483240208+0.0012048899149078476j),2390000000
(0.13370408103586018+0.3755277096761195j),(-0.00663857794187988+0.004325421743820361j),2395000000
(0.2708874867348745+0.3160487492104031j),(-0.0039012899255017335+0.007227728797160955j),2400000000
(0.37299614263753295+0.21672631081827032j),(-0.00012056047403191834+0.008641711928331377j),2405000000
(0.4261677710033514+0.07489145148186555j),(0.004289034533419068+0.007773487688534201j),2410000000
(0.4161963058767805-0.06730801060112261j),(0.006880302450376635+0.004644272141998991j),2415000000
(0.35140912024755044-0.1870159203691678j),(0.008363815425364225+0.001004310075754282j),2420000000
(0.2522369995935691-0.26397620913068326j),(0.0076390699484844265-0.0031565861054657553j),2425000000
(0.14025855925838396-0.297629098286507j),(0.004748976469701731-0.0057807305911151165j),2430000000
(0.02891629598092246-0.29826844800944113j),(0.0018651338693291102-0.006810904725991453j),2435000000
(-0.08813526098984545-0.2595039784124856j),(-0.0010413133551852734-0.006605072827327345j),2440000000
(-0.18807426891633167-0.1600703962076262j),(-0.0028624488122286794-0.005262504429026384j),2445000000
(-0.22657211502737154-0.015900853862349462j),(-0.004664850126152244-0.004290929158670808j),2450000000
(-0.18461721041232723+0.1383787663267499j),(-0.007009506988179333-0.002282354263498107j),2455000000
(-0.06853895382710501+0.2446910504806396j),(-0.00670885444230492+0.0008204696224768307j),2460000000
(0.08569325070998683+0.2760696778512096j),(-0.006603087153245732+0.0041187487946473065j),2465000000
(0.22899157910562493+0.23144174795844646j),(-0.0037026684998027375+0.0063621058739093605j),2470000000
(0.3296410572207745+0.1235247817052542j),(-0.00015255560994608945+0.008506884463508285j),2475000000
(0.373839768021998-0.01576539987990656j),(0.0037611069493481467+0.0071124962763263j),2480000000
(0.3486256467240797-0.1573312775880102j),(0.0061446224663447+0.0038644683820993654j),2485000000
(0.2629605369528864-0.2708516871943536j),(0.006744453470437614+0.0011712258211508775j),2490000000
(0.14115540133645893-0.34057917639757046j),(0.005711261619915848-0.0014191423619761996j),2495000000
(-0.0033281094960295513-0.3479350001907135j),(0.004444967433651995-0.002872926968777552j),2500000000
(-0.004670893183444669-0.3505271905352892j),(0.004505365607714786-0.00287637093472609j),2500000000
(-0.13655587609438663-0.2943781932888342j),(0.0036279678845803054-0.0038248039011214794j),2505000000
(-0.233387998046326-0.1847774178204931j),(0.0028851218596609497-0.005307149725561148j),2510000000
(-0.2725586582953886-0.05482041673433265j),(0.0013308576709577381-0.007807278971218122j),2515000000
(-0.25663958956459004+0.09022030865046772j),(-0.0040824545488727096-0.008038971271809551j),2520000000
(-0.17880945496720332+0.20787945776057726j),(-0.00767593216844234-0.0043084288177559415j),2525000000
(-0.054767146815533505+0.278002393629473j),(-0.008493823077018231-0.0013182703406097653j),2530000000
(0.08559093588172886+0.2793330964545575j),(-0.009266585496675639+0.0034592619537090518j),2535000000
(0.2049964714124062+0.22022402925829143j),(-0.005607048997578038+0.008094293203479833j),2540000000
(0.2809886839591365+0.12089224941391058j),(-0.0008471528592717746+0.008540081937112844j),2545000000
(0.3043046579756239-0.00475532414561725j),(0.002367642175660814+0.007375282704086422j),2550000000
(0.26506744096838525-0.12509709619088588j),(0.004598023298368107+0.005628730821047702j),2555000000
(0.17970335283837785-0.21028329621699499j),(0.00618317209750115+0.0035238198718668774j),2560000000
(0.05884076997335727-0.24977145653272867j),(0.007284377017719267+0.0015960784371063393j),2565000000
(-0.06628306878063286-0.2284620776844516j),(0.007466607061128845-0.002115591446251087j),2570000000
(-0.16502498870839635-0.15520527490679648j),(0.006906731398209502-0.004575575976617827j),2575000000
(-0.2212718086794312-0.043572130514578984j),(0.003791775487999278-0.00802626465115399j),2580000000
(-0.22553548368242596+0.08223409137491917j),(0.00040628503925612633-0.00912221791056231j),2585000000
(-0.16764336082139117+0.19069856602306917j),(-0.0039335259769893525-0.009479796516677526j),2590000000
(-0.07497584167924207+0.2692725865501158j),(-0.008294171102552277-0.0063439122146690076j),2595000000
(0.04212602005003557+0.2977732249374544j),(-0.010336251442828032-0.0016405091315430025j),2600000000
(0.15243152253842157+0.27260031408605645j),(-0.009325125622019018+0.0029819815242101227j),2605000000
(0.2427999938815535+0.20765188312554358j),(-0.007499067028898953+0.006098251042782133j),2610000000
(0.2964508652343998+0.11014416039001924j),(-0.004704331041612034+0.009153013494060691j),2615000000
(0.30475784980313103+0.00015655317951049198j),(-2.3769326499001645e-05+0.01070949473851916j),2620000000
(0.26536509330891145-0.0988185606326066j),(0.004899882198211984+0.009981487481210362j),2625000000
(0.19119392237651295-0.17377377605211003j),(0.00898305791462685+0.006662021083321822j),2630000000
(0.08782926779315246-0.2068574924572745j),(0.0111274400199943+0.0020743983870560446j),2635000000
(-0.019017667412706277-0.19600503583896742j),(0.011058871151046406-0.0030520502013195033j),2640000000
(-0.10737911522554103-0.13578192388585822j),(0.008269707576948178-0.007308689473962537j),2645000000
(-0.164522822655228-0.04149878099542397j),(0.004855707482383131-0.010175920145467785j),2650000000
(-0.1735854227080399+0.07065673401933122j),(0.00025544959084353267-0.01221836475050414j),2655000000
(-0.13138699018224861+0.17493109813158092j),(-0.0060114876248589305-0.011455003216445669j),2660000000
(-0.04546617594405817+0.24728807676802972j),(-0.010913036970427965-0.007176638457138757j),2665000000
(0.05478024769843764+0.2803493338271535j),(-0.01265471644803398-0.0013078827320921666j),2670000000
(0.16477244255233273+0.26949076682867046j),(-0.011525372635394583+0.004183731260682746j),2675000000
(0.25793563187667834+0.2133819670528261j),(-0.00848157087506205+0.008162333213307596j),2680000000
(0.32315397969107984+0.12735707218426898j),(-0.004811519935520922+0.011184538989676245j),2685000000
(0.34787280106482066+0.024619679607433647j),(0.0001888317549723532+0.013116059540067258j),2690000000
(0.33115842360735365-0.0818085911861669j),(0.006697368799219236+0.012189147562947613j),2695000000
(0.27692192927374465-0.16848806813349007j),(0.011844193427659973+0.0077716928607962504j),2700000000
(0.1913515685238069-0.22942856350662177j),(0.013936791766054233+0.0019719604562991365j),2705000000
(0.08657625663719187-0.24834095612680934j),(0.014233667172294002-0.004774253313338539j),2710000000
(-0.016880482400321594-0.22482673037687065j),(0.0108730226251994-0.011317165009393988j),2715000000
(-0.09876729199936651-0.1574258075158863j),(0.004140475319059889-0.016544335341322002j),2720000000
(-0.14003893027098802-0.05997477379524171j),(-0.004792702062492079-0.015278250234188896j),2725000000
(-0.14013503941055316+0.05024763977561418j),(-0.01114850355255972-0.011462440308724146j),2730000000
(-0.08465698838711909+0.15025360249950503j),(-0.015363015821058987-0.005265614980253031j),2735000000
(0.011193465019742154+0.20983843644658765j),(-0.015270481331353766+0.0028836745495605482j),2740000000
(0.1320068408555008+0.22792651619697j),(-0.012301882410517325+0.009599499255731192j),2745000000
(0.2410724376422974+0.18570498482219577j),(-0.006263964685084263+0.013740046056096368j),2750000000
(0.3245111598719128+0.10038259974710884j),(0.0006294200261855105+0.015178409971292894j),2755000000
(0.36729322930116926-0.01191854991941552j),(0.007983351495234282+0.012286213855313975j),2760000000
(0.3613807520325673-0.13461620306152006j),(0.011642921248416196+0.007057740812044482j),2765000000
(0.3084326556974075-0.24738745929143968j),(0.012819314733768938+0.0008756710324517208j),2770000000
(0.21348419077070824-0.33046882469745187j),(0.011075042748140347-0.003857809696951802j),2775000000
(0.09312241788392794-0.37182103095899527j),(0.009210625554134141-0.007818488166310035j),2780000000
(-0.040101758943644907-0.36671720897406024j),(0.0044806424458349245-0.011653884944566274j),2785000000
(-0.1596546768667674-0.30557242280871005j),(-0.0001605882932600542-0.011566961513595082j),2790000000
(-0.24809006320020954-0.20347885810115374j),(-0.005149238517054197-0.010764569758461452j),2795000000
(-0.2961914016356039-0.06826595525082464j),(-0.010075725974015156-0.007941530970579565j),2800000000
(-0.2717969354971105+0.08119952020718986j),(-0.013284027592292462-0.0017093410264500467j),2805000000
(-0.18923500324277895+0.20502370306329543j),(-0.011691518828343146+0.00507120559235302j),2810000000
(-0.06017111052000194+0.27980047187695584j),(-0.007354187754238255+0.008934836156266985j),2815000000
(0.08700675289131772+0.29297839786770624j),(-0.0032219397800775295+0.010923583700389433j),2820000000
(0.22653140196662183+0.23328089058031426j),(0.001457414750454204+0.01103165131567296j),2825000000
(0.31971864784497844+0.12371655914249628j),(0.006109800623653591+0.009484551084723567j),2830000000
(0.3633623981564413-0.011950037898247843j),(0.009952604965728043+0.005829248587150683j),2835000000
(0.3363964768486617-0.1603121299166919j),(0.011277515418836816+0.0007622996727855518j),2840000000
(0.2512947878791288-0.27382492451133744j),(0.010698928418656573-0.004890554997781015j),2845000000
(0.12574843781575137-0.35076525101346107j),(0.0068606514528586305-0.009254089882552668j),2850000000
(-0.027293437928172876-0.36514726247383156j),(0.0016049983561627916-0.01145247403780339j),2855000000
(-0.17209617730814367-0.3128068931936308j),(-0.0037603100904553656-0.009808120162585717j),2860000000
(-0.28944771931013036-0.20010283512099258j),(-0.006812716555333656-0.00616693663876264j),2865000000
(-0.34730360522676934-0.04834853616885401j),(-0.008772184557545543-0.0029828882256636427j),2870000000
(-0.3378296053953538+0.12015245855506622j),(-0.008765803562149484+0.0010616782560260226j),2875000000
(-0.2572008046409387+0.2699555324312953j),(-0.006818441214279815+0.004569891056871458j),2880000000
(-0.12207434335279363+0.36934207694777405j),(-0.004093000439083714+0.006293272001553506j),2885000000
(0.03900773675708074+0.4046206039201035j),(-0.0014121537825723452+0.007162166020493193j),2890000000
(0.20218224754942754+0.37219754351650947j),(0.0016833568790645408+0.007429139758940289j),2895000000
(0.32860828686007443+0.281586461882608j),(0.005047603763578644+0.005914572870604651j),2900000000
(0.4087584722719063+0.1499039095039588j),(0.005812461202374472+0.002852215980626521j),2905000000
(0.4295581117777038-0.009534005553928464j),(0.006653584497861351+0.0008083266024624505j),2910000000
(0.39083903731758013-0.15384277787746514j),(0.006819082962599718-0.0019038929507047978j),2915000000
(0.2851376836538753-0.28214597689646204j),(0.005525784692700281-0.004943115689951897j),2920000000
(0.13628097844930562-0.3476441296285053j),(0.0027835772669248925-0.007241160170078207j),2925000000
(-0.033028584644685464-0.3469374401994888j),(-0.001351261024544536-0.007891243794830506j),2930000000
(-0.18378117470309951-0.26895430962554984j),(-0.0038417868147247983-0.006446235884477149j),2935000000
(-0.2877349927448019-0.12480050331718502j),(-0.007090097885607428-0.0037614947220175055j),2940000000
(-0.3159491674154808+0.04839284330790753j),(-0.007585420438626102+0.0004074684077421579j),2945000000
(-0.26351119410914264+0.220075004611108j),(-0.0063421213436169474+0.003763744764635685j),2950000000
(-0.14608100530100404+0.3430514315876342j),(-0.0031349757877988595+0.006224466398160409j),2955000000
(0.010168221309403497+0.40527769293880134j),(0.0007200082841768585+0.005258443010847629j),2960000000
(0.17415545382439868+0.4012431912641511j),(0.0009628678889992542+0.004449786298122497j),2965000000
(0.3210751789784771+0.32787137326747046j),(0.0031142837697744857+0.003780875667271154j),2970000000
(0.42545481047758466+0.20237836578802568j),(0.003792487708342567+0.0019995529685328073j),2975000000
(0.47157612689936024+0.052774050455776746j),(0.00391251002260956+0.0006931813514935332j),2980000000
(0.4597904488700481-0.10373944870533826j),(0.004306795166151699-0.0006546975026412225j),2985000000
(0.39124360340895437-0.23443633348079695j),(0.003711971065253448-0.0026013745648668513j),2990000000
(0.2736320674806093-0.33787028610390984j),(0.0020218512351513353-0.003831660449067361j),2995000000
(0.12040305505885739-0.3915913769479576j),(0.0005672027245399225-0.0040074381469473305j),3000000000
(0.11990436196162003-0.39073021358431204j),(0.000553149211168796-0.0038932413106806366j),3000000000
(-0.044757218723398225-0.37277134956524316j),(-0.0008844458723702842-0.004349176691302231j),3005000000
(-0.19199840688051056-0.2852402341885183j),(-0.0029474779336529713-0.0035275519893936008j),3010000000
(-0.2874863981527959-0.1397631674681181j),(-0.004040563559214039-0.002041928772782781j),3015000000
(-0.31023882478967124+0.035625979588604424j),(-0.005233922510488455-0.00029051175775785556j),3020000000
(-0.2523815741495582+0.2038501130407762j),(-0.0037930768793869424+0.0030298913533445978j),3025000000
(-0.12168296213926538+0.32907584414426844j),(-0.002646070039716722+0.0035282170844789192j),3030000000
(0.04580181876612261+0.38184434017646235j),(-0.0010161233924019903+0.00417732069294399j),3035000000
(0.21491137216157366+0.35917760378410407j),(0.0006430224713998972+0.004216674097511386j),3040000000
(0.3578454751558487+0.2700538967780067j),(0.0023922277571645453+0.0034976568809952616j),3045000000
(0.45047349906978573+0.1316478127030953j),(0.003602996927151143+0.0021809373368345936j),3050000000
(0.480507231982401-0.02230795481426007j),(0.004109770095683473+0.00047494118118018424j),3055000000
(0.4509495623534732-0.17923775951802712j),(0.0038542416063124412-0.0012519203227359115j),3060000000
(0.3713506439239792-0.31060672755554675j),(0.0026876497764149075-0.0024368534431592264j),3065000000
(0.24115892237674863-0.409266523098281j),(0.0018931017597086763-0.003032390537798615j),3070000000
(0.08474662862216588-0.44614405280118474j),(0.0009495884063051167-0.003737115148560067j),3075000000
(-0.06960312632931626-0.42148915499113726j),(-0.0004957731114835385-0.0044220541826642526j),3080000000
(-0.21283786031430613-0.3365382000336534j),(-0.002712125543498172-0.004000380527854636j),3085000000
(-0.3084757255522736-0.20254421935568073j),(-0.004324357608765062-0.001836038276425588j),3090000000
(-0.3402200799507437-0.026783797835956594j),(-0.005675307653105652-0.0003693645859524324j),3095000000
(-0.2923523807517642+0.1460786820529813j),(-0.004856991920987736+0.003389067026562822j),3100000000
(-0.16882484051020083+0.2743795800629224j),(-0.0027591164740399595+0.005171897950576752j),3105000000
(-0.00447851516943753+0.33585817002746093j),(0.00024904081538058457+0.004939739259475949j),3110000000
(0.16959135016623794+0.31540601653184974j),(0.0014666853571147051+0.0032045021072054985j),3115000000
(0.31178287878887884+0.2225218221387554j),(0.0025085126862335644+0.00318371271972951j),3120000000
(0.39930073186429277+0.08525290003460745j),(0.00396420705579185+0.0030556742320689383j),3125000000
(0.4249221323293358-0.0697351830239774j),(0.0047197224999056+0.0004162089065563218j),3130000000
(0.3825402062693085-0.2227281639135852j),(0.004839841310533808-0.0011288657219181506j),3135000000
(0.28202121558271576-0.3455464520190074j),(0.004771756844825273-0.003934402943988682j),3140000000
(0.144410949805495-0.42058276081694923j),(0.0027733002242049136-0.006210564894896476j),3145000000
(-0.014153491620366585-0.4349763169212658j),(-0.0023014850292035274-0.007205037768553091j),3150000000
(-0.17130290647232457-0.3850217954451842j),(-0.005347683365976192-0.003993204003497718j),3155000000
(-0.29954368950950844-0.2728881113306914j),(-0.005394471716703182-0.0009000127723439214j),3160000000
(-0.36775324280861815-0.11877303994782605j),(-0.005273713315244597+0.0005250214412884752j),3165000000
(-0.3713242289194332+0.056937868123201424j),(-0.004987800899773232+0.003257291824222853j),3170000000
(-0.30006829242519667+0.21852742165378078j),(-0.002270296008853628+0.004951718888137476j),3175000000
(-0.1695206285782436+0.3349060364091711j),(4.018840320229133e-05+0.004710167564491296j),3180000000
(-0.0004968158008506295+0.38896080645804954j),(0.001640537300215921+0.004035924178365736j),3185000000
(0.16953064424695263+0.3651737010931369j),(0.0028636492420406343+0.0031691528751687714j),3190000000
(0.31193245636427847+0.2774797724220596j),(0.003950041059354073+0.0020082521166024116j),3195000000
(0.40217869572437337+0.1443485672603299j),(0.004417341933342163+0.00018381226093105185j),3200000000
(0.4300294633541569-0.012043033934607369j),(0.00412866713902009-0.0016883066399794255j),3205000000
(0.3937242363106283-0.16599714113366842j),(0.003129256664779472-0.0032933340824768146j),3210000000
(0.2977758331406383-0.28858963922282765j),(0.0017547920020804441-0.004272100236684957j),3215000000
(0.15566676265031354-0.36818372576741987j),(-0.0002723224694947606-0.004697501027005544j),3220000000
(-0.006004851180833076-0.3758899721121106j),(-0.002294793772190017-0.004389755001418706j),3225000000
(-0.15919153969747887-0.31361703734179996j),(-0.004366564365826624-0.0036152624442950566j),3230000000
(-0.2749347742800125-0.19017000311049423j),(-0.0054547101706416135-0.001438794298900153j),3235000000
(-0.3275573794469295-0.02524490077839926j),(-0.005441267925162552+0.0019064803990976413j),3240000000
(-0.3062010384226045+0.14503055299561976j),(-0.003727600206238752+0.003994387702935038j),3245000000
(-0.21568755615423305+0.29047469193556696j),(-0.0016144272694143848+0.005053091302043589j),3250000000
(-0.07407382322375197+0.3813368556978854j),(0.0008053435070899302+0.005068594118519188j),3255000000
(0.0872368066285259+0.40822144766355867j),(0.002658334727599087+0.004068746519372222j),3260000000
(0.24169923242013286+0.3718781901132211j),(0.003981785870717998+0.0027288125810334242j),3265000000
(0.36706597181549827+0.28226781581532995j),(0.004705508029026914+0.0008568026234316754j),3270000000
(0.4464179248963518+0.15492231163346987j),(0.004831696378608994-0.0010827054634215802j),3275000000
(0.47402742175635376+0.0075224773517238806j),(0.004075402157903774-0.003030383880175844j),3280000000
(0.4440023233580114-0.13684962128231937j),(0.002481923348122864-0.004534061005233634j),3285000000
(0.36075124610533527-0.26304119760173944j),(0.0003615699104310165-0.005439924234099676j),3290000000
(0.2334804894705637-0.34722891734967104j),(-0.001952158849504877-0.005063024727506073j),3295000000
(0.07795711475472991-0.3744255735275363j),(-0.003858124866431973-0.004058758885790742j),3300000000
(-0.07680855485842811-0.3371096580937033j),(-0.005719935193445241-0.0021937285924748403j),3305000000
(-0.2050842512688108-0.23130727835452275j),(-0.006437943344265675+0.001063364384193954j),3310000000
(-0.2764493731291638-0.07576266307665108j),(-0.005140816201693113+0.004030051648607797j),3315000000
(-0.2693487076985428+0.0954151772849479j),(-0.002614831002105176+0.006050058010393233j),3320000000
(-0.1843053214743076+0.24687131238681806j),(0.000811997788474805+0.0065734202077019944j),3325000000
(-0.041126837485710215+0.34279867216549703j),(0.003637819431875809+0.005014560637604036j),3330000000
(0.12147454772053808+0.36544840555687785j),(0.004741969861151742+0.003080259486591109j),3335000000
(0.27458419847779325+0.3176429660089988j),(0.00574667932921044+0.0007512887416195356j),3340000000
(0.3984945949240838+0.2151509136111885j),(0.005335216288427185-0.0017139905074566358j),3345000000
(0.46626547055086087+0.07609007980631778j),(0.0040101545778718295-0.0035955754679509737j),3350000000
(0.47719419841664085-0.0720279061216005j),(0.0020438017233734866-0.004757580617955829j),3355000000
(0.43337943196891365-0.21597165434690804j),(3.269489420483409e-05-0.00518616126693833j),3360000000
(0.34405028534511645-0.3303769310516101j),(-0.001735020936882664-0.005038782519960228j),3365000000
(0.21723062850844202-0.40757989521681565j),(-0.0038190359243169395-0.004150107080178511j),3370000000
(0.0700182325629354-0.43180198178037643j),(-0.005631259435140565-0.0023074935423887098j),3375000000
(-0.07956862425609129-0.3994892839763845j),(-0.00629072897448394+0.0007225325474784209j),3380000000
(-0.20385090431204936-0.3109958220653419j),(-0.005013905929243262+0.003738188548407824j),3385000000
(-0.28574346120164595-0.17382018106098543j),(-0.003298751940215594+0.005362600296786386j),3390000000
(-0.3012760619483566-0.008553343475623865j),(-0.0007749507886071809+0.006812373964779137j),3395000000
(-0.2369915666251005+0.14235009487488245j),(0.0028450471421673264+0.006887334811423148j),3400000000
(-0.1101417024814695+0.25180582979129174j),(0.005835899152172578+0.004532606422740242j),3405000000
(0.05277773566684092+0.28820009573907185j),(0.007038189998473973+0.0011750070873947135j),3410000000
(0.2095353365384589+0.24753437752425053j),(0.006796711250324168-0.0017560066322177973j),3415000000
(0.32719672571567215+0.1448104142358142j),(0.005802126290595918-0.004865656875960585j),3420000000
(0.38980409003974803+0.003133133336560861j),(0.0022214363882993838-0.0071290798786683325j),3425000000
(0.39179903374202163-0.14692544382532982j),(-0.0011187048488820132-0.006987715503914806j),3430000000
(0.32980490081808966-0.28319880437337935j),(-0.0041039315047442385-0.005537611552276887j),3435000000
(0.22333615514147354-0.38172551372731856j),(-0.005883771946779326-0.0029625537330891195j),3440000000
(0.07826276046953222-0.43267686718083775j),(-0.006002196839574412+1.4774206373123456e-05j),3445000000
(-0.06474967719954111-0.4262568417210284j),(-0.005210362407871781+0.0022649854466135107j),3450000000
(-0.2021326964253528-0.3592079751474872j),(-0.004142849604711393+0.004065332513665192j),3455000000
(-0.3036014059298868-0.24127640494251365j),(-0.002114397155554478+0.005746872000223842j),3460000000
(-0.3479518225251889-0.0899639215084078j),(0.0004709394426491481+0.00613946115890753j),3465000000
(-0.32656312297268236+0.0692030799037903j),(0.0031753012516777634+0.005588243784363416j),3470000000
(-0.23768698202209831+0.20816176912908563j),(0.0056979464198503695+0.003901910771587941j),3475000000
(-0.10001480966328645+0.2952381352044697j),(0.006544087088787926+0.00048633192999072137j),3480000000
(0.061936555562270255+0.3137713081373286j),(0.006129566020443092-0.0023137450157868365j),3485000000
(0.2100694279537636+0.26199552565354356j),(0.004547836116994817-0.0045240933608702355j),3490000000
(0.3203628953514271+0.1517886332033728j),(0.00228983983675523-0.006250225892907266j),3495000000
(0.3710942016912505+0.01514047411308473j),(-0.0007764688772947439-0.006978948128058856j),3500000000
(0.3701792209225061+0.017419813660808834j),(-0.0007985922368697075-0.00700249143736039j),3500000000
(0.35804752770773784-0.1326900113186061j),(-0.004614373702332564-0.005815083140432401j),3505000000
(0.28941573364153356-0.2504055134350592j),(-0.006614303886831605-0.0026847050965687056j),3510000000
(0.17600527138074634-0.33221694372700167j),(-0.006414355111655515+0.0013860487269378755j),3515000000
(0.035737312878591165-0.36090275880824857j),(-0.0047349316110464985+0.0031422761754973114j),3520000000
(-0.10332451399963964-0.3243475802953282j),(-0.0025871048909971548+0.005138670378636729j),3525000000
(-0.21830166067263704-0.23046614459171416j),(-0.00022182146018548244+0.005421735457251608j),3530000000
(-0.28121883664900754-0.09796285819015284j),(0.0013525947903366591+0.003944662830459902j),3535000000
(-0.28389765619297+0.053952277509309365j),(0.0018334667544817093+0.0044433333658546025j),3540000000
(-0.222375383372685+0.19038528361614748j),(0.00490074169173924+0.0034371708146070028j),3545000000
(-0.10825244428730117+0.2896666375764613j),(0.006127231917037034+0.0004920325594586878j),3550000000
(0.03390194023826708+0.33122654221460834j),(0.005582747656386406-0.002424647157536358j),3555000000
(0.1737868839216013+0.3110124056467214j),(0.003477162870738642-0.004288737837159053j),3560000000
(0.290421047945052+0.23774799737438387j),(0.0019213819231618653-0.005274779839302693j),3565000000
(0.3661967432934343+0.12302026230587848j),(-0.0003855826292866634-0.006041473923075795j),3570000000
(0.38638601879992984-0.004465326118428934j),(-0.003369925094741452-0.0057469217200602375j),3575000000
(0.34976385458956427-0.12843277533456143j),(-0.006117814144147908-0.0028616821183333257j),3580000000
(0.2685142788701099-0.22528599113818915j),(-0.006334887371277907+0.0005138082222046288j),3585000000
(0.15366098376198525-0.2758391709930667j),(-0.00510355855740235+0.003383676116971473j),3590000000
(0.02700467319537223-0.2709483300644325j),(-0.002813425987075192+0.005137789634583032j),3595000000
(-0.08451158348591865-0.20740532841371165j),(-0.0003462332747729444+0.0054418980700356384j),3600000000
(-0.15516041520705132-0.10152206245895264j),(0.0018566262183387545+0.004368845448354783j),3605000000
(-0.16472232558534877+0.026565456049065163j),(0.0035101925361653336+0.003490687650273348j),3610000000
(-0.11139561566450684+0.14168065678170097j),(0.004364962296134705+0.0014221177785426597j),3615000000
(-0.011486402875946135+0.21776293884824172j),(0.004403465241022182-0.00025370802061657963j),3620000000
(0.10465711353785175+0.23286635196999192j),(0.0036714796384129146-0.0015903181934458623j),3625000000
(0.21519150011486454+0.1968473198852424j),(0.0031490245394840593-0.0028201171672740917j),3630000000
(0.29464964582672976+0.11469942124867251j),(0.0016687006376413778-0.003822155966066936j),3635000000
(0.3253803704789463+0.016361909851880494j),(0.0007626632897572259-0.0033562473784221033j),3640000000
(0.3172568709121461-0.08437494133366669j),(-0.0008284187900980258-0.004599377697058802j),3645000000
(0.26211849555757893-0.1693798375093611j),(-0.002190981142255412-0.003888164333118021j),3650000000
(0.18327481812926436-0.2176753969965254j),(-0.0053137323530526815-0.003685889044388211j),3655000000
(0.09079784601635937-0.22770947798354757j),(-0.007498217285697215+0.0006382726891600551j),3660000000
(0.009811033971354664-0.19238641688445784j),(-0.0058006128414055036+0.0044609384493680855j),3665000000
(-0.03858115970762677-0.12423540920209154j),(-0.002760692184803537+0.006490115329418683j),3670000000
(-0.04219972645599728-0.04462267731117318j),(0.00041640568628560225+0.006592711389407045j),3675000000
(-0.002237138662765643+0.017042747165197204j),(0.002399636466390355+0.005997203205173864j),3680000000
(0.06310863566778588+0.03682761477751472j),(0.005289713853168962+0.004815327620148117j),3685000000
(0.12312294559265105+0.025726368964832953j),(0.006824715163465215+0.0018361306096497374j),3690000000
(0.1731676019652974-0.015989200169377618j),(0.008717488049390586-0.0008031691909449631j),3695000000
(0.19302590217668164-0.0840585277430457j),(0.007425607780359049-0.0064866602602616785j),3700000000
(0.1719154581330579-0.15283372225192463j),(0.0023958073020983917-0.009164864030677091j),3705000000
(0.11841369835433807-0.20236042219091466j),(-0.00271405419527685-0.008468167156194497j),3710000000
(0.055705366835275764-0.223761866672703j),(-0.005823298852576323-0.005649730865297497j),3715000000
(-0.0296401851064799-0.2132357979674064j),(-0.007350673494550892-0.002853341387187788j),3720000000
(-0.08932332967952958-0.15702009170378445j),(-0.008916379293997837+0.0008430365181963167j),3725000000
(-0.11259080999658717-0.07270335395342473j),(-0.007773271424672833+0.005558548385573563j),3730000000
(-0.08413208683065093+0.008905183930998792j),(-0.0026727590808967444+0.010012749136696463j),3735000000
(-0.02122005792877531+0.052516802228514015j),(0.0035968877030262735+0.009680597317694837j),3740000000
(0.03992326111188912+0.0662498972631442j),(0.007497709659861479+0.0041737479563554655j),3745000000
(0.10883999936523567+0.06308819389671405j),(0.006348699966920101+0.000428667946635295j),3750000000
(0.18014676925058457+0.021622664563772865j),(0.005053800916686933-0.0015622367476722603j),3755000000
(0.2276125265753917-0.056290909390550176j),(0.003712195059752933-0.0027457073058489946j),3760000000
(0.2245311510506007-0.15726454453111316j),(0.0023739074558804286-0.0033852625465478044j),3765000000
(0.17104735144664263-0.24711478742475373j),(0.0011135361688002676-0.004666851344797175j),3770000000
(0.08210011910689202-0.29647945126256886j),(-0.0009234354653316632-0.004684128354268304j),3775000000
(-0.02136617016837245-0.3050421046439079j),(-0.003957871688023181-0.0020267125007752836j),3780000000
(-0.12806962606739203-0.26509374811211145j),(-0.0032236303418695057-0.0004437766894117519j),3785000000
(-0.2119289058692947-0.1765224405198691j),(-0.0021247634129850346+0.0006668873629018606j),3790000000
(-0.2388969280898667-0.055081235298914934j),(-0.0024755222734569155+0.0009994782921763994j),3795000000
(-0.20905611329902585+0.06435401567948615j),(-0.0025084959386321515+0.0021276492282195037j),3800000000
(-0.1335154660511849+0.15958590916278168j),(-0.0009210168602844086+0.002931803479301068j),3805000000
(-0.017287067998807415+0.21596001677668683j),(-0.00011911055291111158+0.0026001213791646653j),3810000000
(0.11428618736526791+0.20712039718247768j),(4.243643314486259e-05+0.002960624308670923j),3815000000
(0.22241392230614504+0.15199780826225284j),(0.001235791675886107+0.0029819175587299717j),3820000000
(0.2955118413495683+0.0434948185188779j),(0.0034581020569146525+0.002615088575715405j),3825000000
(0.30715897689756405-0.08007917810626101j),(0.004905423274130386+0.0006336247233798208j),3830000000
(0.26423265374365074-0.20387928002244937j),(0.004640052007398185-0.0017474289639193914j),3835000000
(0.17216868731672322-0.28995190747276384j),(0.0030059638326313575-0.004956096712914471j),3840000000
(0.050455659601120834-0.3274893301492646j),(-0.0009717796179897582-0.005076892480777685j),3845000000
(-0.08263479497856434-0.30745193381269625j),(-0.002361710797146005-0.002972406100105868j),3850000000
(-0.19897951588148233-0.22692224681635245j),(-0.0031205145284349247-0.0016408948631562597j),3855000000
(-0.26690693003828525-0.10261466247390037j),(-0.003245986424080893-0.00011229635126217317j),3860000000
(-0.2781821627604024+0.04315437030216486j),(-0.0033719395228163094+0.0007193147921048194j),3865000000
(-0.21788906480166628+0.18269233517155561j),(-0.0027076003616137117+0.0028017689931511434j),3870000000
(-0.10927790729754892+0.2858030044916042j),(-0.0006454207928490948+0.0028653395827989503j),3875000000
(0.038400763842660376+0.33136895575997116j),(1.8547684710868723e-05+0.003052424276426196j),3880000000
(0.18753905887966263+0.31209611593592684j),(0.0013911971478662432+0.002948457976165189j),3885000000
(0.31230608851665137+0.2297061427422543j),(0.0025272514738274208+0.001478314991827009j),3890000000
(0.3927530124493363+0.10834202866623789j),(0.00283622305457614-0.00017670988564309897j),3895000000
(0.41550917505968427-0.033315886210318627j),(0.0022581541584355304-0.0006080633827453357j),3900000000
(0.38495378443944195-0.1698683096896897j),(0.001667375652427934-0.0012859277507257633j),3905000000
(0.2974361438460571-0.2830164115025245j),(0.0012960686591558356-0.0018055396658433049j),3910000000
(0.17576796452243462-0.35104391729018886j),(-4.1938360626348686e-05-0.002495950172321916j),3915000000
(0.03339663179524393-0.3682470959177746j),(-0.0012901798145514968-0.0021523643808465122j),3920000000
(-0.11232913124181577-0.3222698629148697j),(-0.001392747974997053-0.0010646493037027704j),3925000000
(-0.2219906077060484-0.2183803520861954j),(-0.0014756268286452425-0.001005677681717149j),3930000000
(-0.2779259672777475-0.07097817319794363j),(-0.001938013042634874-0.0007113150259394335j),3935000000
(-0.26470116365556245+0.0862464581939857j),(-0.002159484681016353+0.0001352283756725393j),3940000000
(-0.1844074171007195+0.22471839752866926j),(-0.002146622650423379+0.0009216628073402413j),3945000000
(-0.046274889431039336+0.31357382610218704j),(-0.0014223832094764468+0.0021797448397609513j),3950000000
(0.11029852873007172+0.3352356318412708j),(-0.00026799060676025837+0.002743369062738144j),3955000000
(0.25736562618730324+0.28769170678199874j),(0.0011165112013166755+0.0031400193484348894j),3960000000
(0.37361722923164203+0.18540415818298545j),(0.002617569618791851+0.0019661092096437804j),3965000000
(0.43807721594897847+0.0519185731359042j),(0.003010010963899177+0.0008149282107828791j),3970000000
(0.44503086014235543-0.0944189297880368j),(0.003362429514418826-0.0008461229272184003j),3975000000
(0.4002241054196461-0.2311350616401907j),(0.0021950362719734603-0.0029337027542565954j),3980000000
(0.30901892237462764-0.3405296788471615j),(5.689494542441978e-05-0.002803777904898792j),3985000000
(0.1812736108984251-0.4122213177119339j),(-0.000738817497252398-0.002272425488245595j),3990000000
(0.03530122119573137-0.4295482403906619j),(-0.0011914460085440234-0.0016698886337315306j),3995000000
(-0.11625713100759708-0.38332349590102266j),(-0.0019144162551709564-0.0011992871543231149j),4000000000
(-0.11358934233818678-0.3841945555852713j),(-0.001895416004838061-0.0013496777788983701j),4000000000
(-0.22874723449584142-0.2782410228238244j),(-0.0024668087048364327-0.0006098453391341924j),4005000000
(-0.2930526515307883-0.13776268657050267j),(-0.0022276914002680756+0.0005951265814540563j),4010000000
(-0.2901974866989128+0.025402591361539714j),(-0.0016252210867372745+0.0016763232327055492j),4015000000
(-0.2111678889445035+0.1740889532464115j),(-0.0006365544089714331+0.001971461373697675j),4020000000
(-0.07508443153898194+0.26699483796657j),(-0.0003636445477438834+0.002226646716523698j),4025000000
(0.09023853129745678+0.28598224938047123j),(0.0011295692011093084+0.0020568810503565163j),4030000000
(0.24139152390066496+0.23525733970163112j),(0.0015792192369054033+0.0013984153407961318j),4035000000
(0.35441394732361897+0.12677245962800512j),(0.001973968884241904+0.00043312246004977104j),4040000000
(0.41333904987837894-0.013726544436228125j),(0.0019249641114471448-0.0002445745255365569j),4045000000
(0.40961060634228175-0.1656764797226413j),(0.001675574810644587-0.0008803808094899894j),4050000000
(0.35162302803568457-0.29886710932218075j),(0.0011793630981975119-0.0014229918750265362j),4055000000
(0.24915758847914704-0.4021719403724585j),(0.0005286169199559974-0.002002437556541647j),4060000000
(0.11605572673678448-0.4587711613876683j),(-0.00045098296930861216-0.0014732546872419968j),4065000000
(-0.030523013431873726-0.46648754283790017j),(-0.0004980826687631459-0.0014676962600794845j),4070000000
(-0.17339308525143146-0.4173045566764126j),(-0.0011988772947814383-0.001736856634716188j),4075000000
(-0.28934952753887605-0.31637993778033485j),(-0.0025325845796619418-0.0005485637230168065j),4080000000
(-0.35750060789256716-0.17931883638207927j),(-0.0024978991646004796+0.0006937477300752325j),4085000000
(-0.3651917182943296-0.01700177928691926j),(-0.0016084478385519046+0.0016488219449589737j),4090000000
(-0.30211378811086104+0.1380409771494441j),(-0.0009236127717731318+0.002164119801959893j),4095000000
(-0.17755164339747143+0.25033217371909683j),(0.0004281165834520071+0.0025259063637796974j),4100000000
(-0.011325404569832392+0.29710948522906544j),(0.001006872249727723+0.0020315586925519777j),4105000000
(0.14996840698466252+0.26180161032212224j),(0.0022026011248338015+0.0017329533876624095j),4110000000
(0.27922803908684307+0.16346765524844298j),(0.0027002290613628637+0.00010391588349692706j),4115000000
(0.3516909304133495+0.016490233615199586j),(0.0022722018295919786-0.000903381172233881j),4120000000
(0.34728000258017294-0.14313395512346824j),(0.0017106206328839635-0.0017222164001596829j),4125000000
(0.27903777588277223-0.27852380633016616j),(0.0007395868886328204-0.0025694982739202536j),4130000000
(0.15646057194526117-0.37667408613331704j),(-0.0005985324789802893-0.002382595156122707j),4135000000
(0.00535876869908145-0.411475698767565j),(-0.0014036999673781418-0.0018795636521456223j),4140000000
(-0.1412918484184507-0.38123203951705387j),(-0.0019985281692404965-0.0011355371070835528j),4145000000
(-0.2719529957609421-0.2901263515527569j),(-0.0024479694946222355-0.0004199249183759162j),4150000000
(-0.3516347094695625-0.1542897561053122j),(-0.002140464473786396+0.0008253428557825544j),4155000000
(-0.3732524653956711+0.006300197022836794j),(-0.0014404322400381302+0.0014712679110760894j),4160000000
(-0.32470575321211503+0.16142589112774147j),(-0.0009542144744992977+0.002104047791397307j),4165000000
(-0.22529920810390958+0.28391404919313834j),(0.000185427953707473+0.002384106000015526j),4170000000
(-0.08184314878656232+0.3601555025579483j),(0.0012944930271418696+0.0015795822646273055j),4175000000
(0.07302559927358075+0.37593198096071934j),(0.0017848424208832835+0.001051607914744795j),4180000000
(0.22723389885330905+0.33167240331431364j),(0.0021152670055432435+0.00020814731129107156j),4185000000
(0.34734463978432134+0.22960427166005476j),(0.0019614741230173675-0.0009665670057589977j),4190000000
(0.42028105176981073+0.09266680522286744j),(0.0010118174255477985-0.0015490126250127143j),4195000000
(0.4310976971769527-0.058072369408317136j),(0.0005473258067650132-0.0015784596057234906j),4200000000
(0.3850258157405883-0.20101416799477398j),(-6.195809068942886e-05-0.0020963218436046587j),4205000000
(0.28814601680341384-0.3130125234246231j),(-0.001393472703804095-0.0019289336702675648j),4210000000
(0.1494593369163646-0.3799866325044797j),(-0.0018612755542220787-0.0010494414846911166j),4215000000
(-0.007604247640103817-0.38267171598314925j),(-0.002197969725899047-6.76049288156676e-05j),4220000000
(-0.15344129026588124-0.31693539398989246j),(-0.001288268643454588+0.000992386257321085j),4225000000
(-0.2594501532171217-0.19038729298934443j),(-0.0009908338034708996+0.0006980794320515952j),4230000000
(-0.29915194084673624-0.031070731319322427j),(-0.0008019817821152854+0.001234577023235391j),4235000000
(-0.26570128472044124+0.13490922861699753j),(-0.00010132503802838742+0.0012680620708495263j),4240000000
(-0.1644656149663216+0.265063440270096j),(0.0005376360451498964+0.0011410681716272552j),4245000000
(-0.02001496432343928+0.3402851125779515j),(0.001367716107094408+0.0005312796488113234j),4250000000
(0.1404499194575608+0.3491527571372405j),(0.001052053855164786+3.5795490075051414e-05j),4255000000
(0.28608565209975306+0.2944236134057725j),(0.0008040375845634545-0.0002922928493536805j),4260000000
(0.3965254457624862+0.1883709974538002j),(0.0008698451275294048-0.0003831082831873277j),4265000000
(0.45975468031591354+0.05757493774026665j),(0.0005486658970502732-0.0010793127594026094j),4270000000
(0.4661835951846216-0.09110394744845117j),(9.337014736120791e-05-0.001034077512434249j),4275000000
(0.42379923118558555-0.22844560124880417j),(-4.7749597552693775e-05-0.0011598897989446764j),4280000000
(0.3335571653267631-0.3390602157049429j),(-0.0006255026840425675-0.0011946542696113862j),4285000000
(0.20808455775657977-0.41237520655124865j),(-0.001046303873935448-0.0005531749647814554j),4290000000
(0.06233081174043702-0.43194164204310803j),(-0.0009903119865572998-0.00014210361490799977j),4295000000
(-0.08537730194479849-0.3954964520170628j),(-0.0008736919771989073+0.00038239478738939434j),4300000000
(-0.20667928489835302-0.30398631042105106j),(-0.00018237412896202334+0.0005272465904082113j),4305000000
(-0.284100526206724-0.16402056769998416j),(-0.0001741775843446068+0.00020349128893068188j),4310000000
(-0.29381035727304056-0.00609659075193176j),(-0.0003976146001151393+0.0001499002440147548j),4315000000
(-0.22954429089509515+0.14632716749059463j),(-0.0006720461964604994+0.0007074498639695204j),4320000000
(-0.10576773056197557+0.2517454063014095j),(9.392296184274168e-05+0.0012544051808135543j),4325000000
(0.054441502657813744+0.2899792053136445j),(0.000629304779150285+0.0007346505919415346j),4330000000
(0.20585595772275037+0.25704638769679666j),(0.00110716380866531+0.0008273736914826955j),4335000000
(0.33202048813228546+0.16061993057360335j),(0.0014599690512112973+0.00029564809128733514j),4340000000
(0.4035488994274788+0.02846846931355321j),(0.0015002385756654297-0.0006403710917617866j),4345000000
(0.418266905973954-0.1208503565388974j),(0.0011394093351918715-0.0012383218174566776j),4350000000
(0.3707146416019677-0.2654130155615933j),(0.0003289719229009181-0.0016001820453890182j),4355000000
(0.2815283364453231-0.37471958790567655j),(-0.0003920709417585639-0.0014677833941634936j),4360000000
(0.1567157801307538-0.4481649554781503j),(-0.0009229729466242808-0.0008660184835561258j),4365000000
(0.011639118016280318-0.47091980077636764j),(-0.0012358841864246206-0.0006287082822821873j),4370000000
(-0.13183184320475283-0.4398630589390184j),(-0.001049631845330967-3.74788358464468e-05j),4375000000
(-0.2576955563461122-0.3547842826936376j),(-0.0011580038818505937+0.00010433854957023748j),4380000000
(-0.3399871252747152-0.23055476445761977j),(-0.0011774892061094762+0.0007974315846117571j),4385000000
(-0.3679006060000846-0.07530660041631361j),(-0.0008353618682907891+0.001206508926125684j),4390000000
(-0.3275419975156961+0.08225512334795193j),(-9.72069179293731e-05+0.0015927031487552837j),4395000000
(-0.22032408605448617+0.20799192780562697j),(0.0005059996657734604+0.0016503887056697306j),4400000000
(-0.06343876319425086+0.2733420203733913j),(0.001459226147903765+0.0013088896940766112j),4405000000
(0.10402123172763934+0.25956929976082155j),(0.001841189893035803+0.0007490363183325419j),4410000000
(0.24433604017755514+0.17249043606146056j),(0.0020801775847961654-0.0003601456339639473j),4415000000
(0.3287627974464629+0.03248430630838119j),(0.0017547310368395362-0.001312406854695843j),4420000000
(0.3414368661331848-0.1278543277174995j),(0.0008805852587676689-0.0018633157309259176j),4425000000
(0.28764088427449286-0.2702469097826021j),(-0.00028016435329088516-0.002133093497445423j),4430000000
(0.17750793539702298-0.37549230213754176j),(-0.0008722484532627855-0.0014362294716426262j),4435000000
(0.04117922462722126-0.42629370577332015j),(-0.0013010396750803238-0.001011902451313628j),4440000000
(-0.10672456172663806-0.42290229132316415j),(-0.0017527290402733723-0.00038773788962351887j),4445000000
(-0.24078781964235688-0.3605275570803092j),(-0.0015560157254478398+0.00032349394443716617j),4450000000
(-0.34218129664659824-0.24582124594493862j),(-0.0018303137248402335+0.0008577171375749939j),4455000000
(-0.39243382334759486-0.10396425356690572j),(-0.001089288793198926+0.0017669819235103966j),4460000000
(-0.38334974450508574+0.04898349668923328j),(0.00012224139244335509+0.0020744759189960235j),4465000000
(-0.31681450517178067+0.186648840679513j),(0.0008755482158730509+0.0018861560595195676j),4470000000
(-0.1988621466160093+0.2935924933433129j),(0.0015592750177927648+0.0011296023155551779j),4475000000
(-0.058351986673601294+0.346239686756511j),(0.0016909903197617822+0.00042775810980202704j),4480000000
(0.10370390914578792+0.3383654099109982j),(0.0015164705042833228-0.00030548341334190265j),4485000000
(0.2429605426842729+0.27168997918688526j),(0.0011584325235685345-0.0005765651838543934j),4490000000
(0.34544784074210966+0.15321198598381053j),(0.0011570433683331285-0.0009221825211012412j),4495000000
(0.3919261268254827+0.010921248582907958j),(0.0004917457929174718-0.00149437863292668j),4500000000
(0.3921250043348212+0.007203619891746939j),(0.0005872658153998887-0.00150859725343216j),4500000000
(0.3755063041504493-0.14318927697239117j),(-0.00018698552601221943-0.0019007386306242084j),4505000000
(0.30167117662207454-0.27049827036046575j),(-0.0011380434598626758-0.0015905756959659135j),4510000000
(0.17633563388596238-0.3615321410393478j),(-0.0017272115302063905-0.0006619743573924666j),4515000000
(0.02854480921910107-0.3893057049990391j),(-0.0015905932589456594-5.647342465985689e-05j),4520000000
(-0.12093665585563049-0.3506878758143195j),(-0.0017546234199399635+0.000285202129692099j),4525000000
(-0.24389873905746964-0.24812603446581669j),(-0.0016737719600660441+0.0009698196524056874j),4530000000
(-0.310157512916683-0.09951330182315508j),(-0.0008799055767354835+0.0019092811835847816j),4535000000
(-0.30539646668704157+0.061752400843979816j),(-0.0002510527572333977+0.0023793347523200547j),4540000000
(-0.2300689310518262+0.2084718432722319j),(0.0011281022724028515+0.002027628736787873j),4545000000
(-0.10265509212032238+0.3062698877417401j),(0.001821460014642913+0.0008599498451111511j),4550000000
(0.05126558745336844+0.3434538404214662j),(0.0018555782280385799+0.00022079021575381147j),4555000000
(0.20448319280109814+0.314679334628842j),(0.0016514464764593468-0.0006953009497255639j),4560000000
(0.3300536707669994+0.2306616318552245j),(0.0011778716673359077-0.0011935603193549682j),4565000000
(0.4109317296365676+0.10850824230823956j),(0.0004806560322275953-0.0016797512288525165j),4570000000
(0.43942610057809506-0.028865146347054886j),(0.00010491222841896609-0.0017477961751182149j),4575000000
(0.413158923125444-0.17121440717569233j),(-0.00078559538809817-0.0019354079607288486j),4580000000
(0.34073123231169444-0.29017111446358695j),(-0.0016686182599334048-0.00143119780061297j),4585000000
(0.22390758851666917-0.3740219867326535j),(-0.0021106201648764572-0.0004609894375009101j),4590000000
(0.08363200262869074-0.41038454191633406j),(-0.0019089946676713171+0.0005813565441810699j),4595000000
(-0.05924878468328177-0.3874098310250231j),(-0.0013617195149691742+0.001117012617595222j),4600000000
(-0.1837087525492061-0.3115056346656547j),(-0.0003444571159667457+0.0014290069748052546j),4605000000
(-0.271027097822387-0.18689508874066263j),(2.814815976079604e-05+0.0011473570460413737j),4610000000
(-0.29931951866408973-0.03468156167942541j),(9.777899944647797e-05+0.0008727694821539922j),4615000000
(-0.2602705144573686+0.11292427568429528j),(0.0002165679985780371+0.001668109733196087j),4620000000
(-0.16176518873217735+0.23313585663757777j),(0.001623898907169086+0.0010189925655285205j),4625000000
(-0.02272060256629387+0.29837845757407555j),(0.0018941590578347952-0.0008244140690584703j),4630000000
(0.1308134470684516+0.2978522273370977j),(0.0004634302220314598-0.0006991762444146556j),4635000000
(0.2689347990158876+0.2383298470927718j),(0.0005398054325959317-0.0008405285679099452j),4640000000
(0.36865586686675655+0.12658007886265332j),(-0.00017826410139736582-0.0005896568652185957j),4645000000
(0.4187820051440921-0.008711201275982459j),(0.0011145089213380297-0.00046161211169967026j),4650000000
(0.4094243270968447-0.1576817471836562j),(0.0005127666741164915-0.0018504257721426271j),4655000000
(0.35409119380316717-0.28306393399861723j),(-0.0009178788159336386-0.001595579889046396j),4660000000
(0.2492857302017553-0.3865620450710017j),(-0.000869951185532666-0.0012872492624011634j),4665000000
(0.11881968049208116-0.4406552178278569j),(-0.0016230571416675139-0.000637691796420779j),4670000000
(-0.026693192882732086-0.44679005658465787j),(-0.0017889428719356705-0.0003946558090919423j),4675000000
(-0.16025548185842048-0.3932426555336228j),(-0.001715888040211634+0.00081401333031493j),4680000000
(-0.26922374241197794-0.2901288230172027j),(-0.0009658635192200898+0.0015231549085163905j),4685000000
(-0.31972042285801766-0.1505485772885444j),(-0.00021907839294578804+0.00034907421675368894j),4690000000
(-0.3060657007037332+0.0016478617510542214j),(-0.0020177530947943704+0.000987132276497588j),4695000000
(-0.22386320800243745+0.13324809017803524j),(-0.0008206495795908233+0.0036098264044715517j),4700000000
(-0.08601499354506753+0.21076867423455495j),(0.002165468903644946+0.0033721860267483224j),4705000000
(0.07188121876728014+0.21376046071369187j),(0.0037721011423996567+0.0017732398102207635j),4710000000
(0.21035113366664562+0.14185945058924454j),(0.0033536315659602935-0.0009599016391850679j),4715000000
(0.2995251141874227+0.012779219781757818j),(0.0032577908765508462-0.00031724829324023695j),4720000000
(0.3239737908345167-0.13438267781274593j),(0.003938270320943484-0.0027763529236346472j),4725000000
(0.28039667505948845-0.27711707239395633j),(0.0022673914637756512-0.006103477363605543j),4730000000
(0.18500591561076113-0.3881208514863462j),(-0.0032909737373331477-0.006472809595265203j),4735000000
(0.05698302300016266-0.4491539515430127j),(-0.005235708699199821-0.0021028276079829893j),4740000000
(-0.07356396516593688-0.4609149237951727j),(-0.004163914990446497-0.0007840794089127474j),4745000000
(-0.20730427193356502-0.4214926531984336j),(-0.00463259474409283+0.0011272018948118175j),4750000000
(-0.31368338242721755-0.3433537609745695j),(-0.0033725951560306176+0.0023668855135329627j),4755000000
(-0.38620254565832673-0.22859793491947006j),(-0.003711922421436059+0.0028375312919694685j),4760000000
(-0.4146311062135379-0.0959893396461372j),(-0.003072218045489668+0.005142535646760443j),4765000000
(-0.39232265271174127+0.04731578934448818j),(-0.001356505266730763+0.006878347384647164j),4770000000
(-0.32070787274316254+0.167265135045004j),(0.002925126904068588+0.00998754636761986j),4775000000
(-0.20654150264850624+0.2571832978990728j),(0.01162825664817922+0.008962305218594273j),4780000000
(-0.0685591453994207+0.29550277210126713j),(0.0161374815600886-0.0024196697718935505j),4785000000
(0.08095473784841951+0.2728392811443233j),(0.012002329772129866-0.011719400792582114j),4790000000
(0.2026567987829529+0.19540593074786278j),(0.0007505226036914971-0.0176586113413707j),4795000000
(0.2849027475358417+0.06978724695650335j),(-0.00736420347465461-0.011719751135273135j),4800000000
(0.2984664389812891-0.07701719531893822j),(-0.011709026667202388-0.008626924438379317j),4805000000
(0.24468795209376093-0.2128242899218369j),(-0.016546901546987364+0.00015825620481946581j),4810000000
(0.1394866825860173-0.3082421414975697j),(-0.011077485010349261+0.009082682654264984j),4815000000
(-0.00014136365433425262-0.3447628528881773j),(-0.0030753748015972366+0.012073869301449578j),4820000000
(-0.13756812998151968-0.32206349846479315j),(0.0025145238550267042+0.009486259851877251j),4825000000
(-0.25694315292118736-0.23185375421560409j),(0.006075655693729088+0.006791081315348679j),4830000000
(-0.32304472661938716-0.0997721467645542j),(0.005132716750480019+0.002097391064570737j),4835000000
(-0.3278047484789767+0.050022351211639775j),(0.005920302608877745+0.002218911363436579j),4840000000
(-0.2737665083637057+0.18808465508558053j),(0.005866722634476367-0.0004524979132536839j),4845000000
(-0.16202870917330783+0.2952750171793812j),(0.006130170291044921-0.0013478073585316557j),4850000000
(-0.024128953567264095+0.34652926921715627j),(0.00687049212252144-0.0056227186932454225j),4855000000
(0.1228868339390962+0.3403460043482752j),(0.0021182619717727167-0.0102106087130373j),4860000000
(0.24704169656425123+0.2858757836545455j),(-0.00432636949569298-0.008332143280140992j),4865000000
(0.3442679645113335+0.1921977938962373j),(-0.005587846635696556-0.00455312973248374j),4870000000
(0.40237164125025965+0.07246588882174702j),(-0.006562181318918313-0.0024267475526918653j),4875000000
(0.41155237220984464-0.062067039512726484j),(-0.006808026731356777-0.0005164300949774995j),4880000000
(0.37205170137683063-0.18624864846425082j),(-0.008251427944941573+0.0027422996791114334j),4885000000
(0.2889423591698181-0.289630229253111j),(-0.006117509738579206+0.007147945562752974j),4890000000
(0.17370896782200024-0.35280736051585987j),(-0.0010128495476443393+0.009967107020239679j),4895000000
(0.03685754106465687-0.36749462959334933j),(0.004194902760468841+0.007807224870949499j),4900000000
(-0.08795867004294879-0.3263284980657385j),(0.0063069755990582555+0.005065296383438801j),4905000000
(-0.19172906240395832-0.23242985408106678j),(0.007615063563082527+0.0016119626429377137j),4910000000
(-0.24334987993183319-0.10711434416477437j),(0.006423307459882997-0.0027572576085715676j),4915000000
(-0.23711275314026548+0.03224682007997137j),(0.00303529784032656-0.0032240483504003266j),4920000000
(-0.1708196718607367+0.15644626784047547j),(0.0039224661082161594-0.0028987481514379464j),4925000000
(-0.05311955813003064+0.2378674298852501j),(0.003479948279876196-0.006832272036790389j),4930000000
(0.08194471588695038+0.2573303969125335j),(-0.0002037536455444527-0.008150559242470313j),4935000000
(0.2095127339448659+0.2181284317121397j),(-0.00503246306765369-0.007764295016431101j),4940000000
(0.31047531650919186+0.1367356213044752j),(-0.00876177443413837-0.003908371982160338j),4945000000
(0.37158099223916624+0.018673684615224673j),(-0.009873510097798069+0.0006538433303519621j),4950000000
(0.37963700424137853-0.11198574370391799j),(-0.00803241713261257+0.006317204367783017j),4955000000
(0.3390069739917686-0.2380204540311539j),(-0.0030276560457166354+0.008593404582220613j),4960000000
(0.2523076994568921-0.3402781887748018j),(0.001194984307429319+0.008415242853522692j),4965000000
(0.14293335315071093-0.40084309972306653j),(0.004436809962814697+0.005975804979248265j),4970000000
(0.011592342351216782-0.4144659770346837j),(0.0056702982896623+0.003592281382962485j),4975000000
(-0.11818274790682533-0.3791493773035977j),(0.006582550766257889+0.0009979109539668676j),4980000000
(-0.22149935313995278-0.292838486323149j),(0.006160589371141078-0.00179783542684338j),4985000000
(-0.2764540435186253-0.1690328914819413j),(0.004955581456767343-0.004271932985588703j),4990000000
(-0.2709866741876348-0.034249575565407406j),(0.00227617344456745-0.004960741452512305j),4995000000
(-0.20385163891118196+0.0785604074780618j),(0.0002990544834008684-0.004955808968923301j),5000000000
(-0.20470555884908742+0.07685292051876562j),(0.0004625940581199678-0.004875935223679096j),5000000000
(-0.0969357453998127+0.1469922849338867j),(-0.0011633951535098513-0.005780345152312974j),5005000000
(0.028769286150796474+0.15333195811749145j),(-0.0030822251208131105-0.004573262924805056j),5010000000
(0.13709972024557385+0.1105441965441287j),(-0.005642879703113038-0.003142539274455426j),5015000000
(0.22079892100217308+0.020366159433636524j),(-0.007331907316492247-2.5707794562848977e-05j),5020000000
(0.2505937650038998-0.09806378521596347j),(-0.006908004814120691+0.0047403382712170984j),5025000000
(0.2266532552461267-0.21010174981737476j),(-0.002167351149532351+0.006624133068254481j),5030000000
(0.16819241894492307-0.3046457799987058j),(0.0003214528110883127+0.0048600418870081916j),5035000000
(0.078147957530481-0.3728171866391271j),(0.0011759121384601538+0.004976508881673808j),5040000000
(-0.03147430919403456-0.39731296916690095j),(0.003470084234828084+0.00441609067118749j),5045000000
(-0.14172048715935961-0.37862299199543487j),(0.00463376847083056+0.0024091346619223844j),5050000000
(-0.23754065317198425-0.3248353350575059j),(0.005417331745165429+0.0004097573403556895j),5055000000
(-0.3060582790325777-0.24287423937883793j),(0.0048121514732236866-0.0010119318384376322j),5060000000
(-0.3390614636886666-0.1273037451699041j),(0.0052544521370794075-0.003229487447799808j),5065000000
(-0.31438434514144936-0.022625792388121225j),(0.0031045878088394926-0.006243043421084706j),5070000000
(-0.2682369278983198+0.0589733991243364j),(0.00028490505834400477-0.006609051575801309j),5075000000
(-0.19254269084904937+0.12801135246761866j),(-0.003908475175133305-0.005978829406597455j),5080000000
(-0.08732994589898423+0.1606029765864979j),(-0.00474747468427467-0.0032773229037606245j),5085000000
(0.024051745600034036+0.1342619133644185j),(-0.005632265676270284-0.0014865562339535395j),5090000000
(0.10084928729453442+0.05478471554907147j),(-0.006343952660820385+0.0009351825661566703j),5095000000
(0.13029083832613042-0.04195019728206381j),(-0.006027327937809799+0.0029583504116597495j),5100000000
(0.10087872719371185-0.13178519228505167j),(-0.006227104935322868+0.007202300626988939j),5105000000
(0.047168731431777425-0.18347396928664753j),(0.00013803788937275603+0.011184694095344503j),5110000000
(-0.016883481436664904-0.21805774533752667j),(0.006256687317088598+0.008224264782498424j),5115000000
(-0.09069461058718244-0.21439554457267773j),(0.008467644372949537+0.0034556931234692926j),5120000000
(-0.15783612093059488-0.18614935542423366j),(0.007951774868772375-0.00013165208075044169j),5125000000
(-0.21919689922513136-0.1332678086281853j),(0.007631163367620451-0.00293465634257255j),5130000000
(-0.2535671789731399-0.052649946395963085j),(0.005694949849618898-0.006258461902727405j),5135000000
(-0.24804592128965294+0.04336296576110631j),(0.002507072840358209-0.007944308926367275j),5140000000
(-0.20582771918845108+0.12791270384111691j),(-0.0019714176667543536-0.008813519504420922j),5145000000
(-0.13790253753904536+0.18990375310323604j),(-0.005932829921535511-0.006232160977343333j),5150000000
(-0.046187607500009394+0.220045919875555j),(-0.007645169706442464-0.003294585431690237j),5155000000
(0.03713089602071129+0.208347711657262j),(-0.00889231198420074+0.0006556126555416835j),5160000000
(0.10846206291671108+0.1786043030049046j),(-0.006539489921083878+0.005395704865859203j),5165000000
(0.1592596479696382+0.12840473848347217j),(-0.0032947964749839853+0.00679444867626204j),5170000000
(0.1845234359909145+0.06935558502626765j),(-0.0006497168268539497+0.0069913552428789525j),5175000000
(0.19111224140211525+0.01619904728552674j),(0.0022788172115907994+0.007000744329570496j),5180000000
(0.18515262944992839-0.032004916357360864j),(0.00462495656371518+0.00549390192237414j),5185000000
(0.16463668172060364-0.08533266738087242j),(0.006031985036142551+0.0026332925309622895j),5190000000
(0.11649563949997496-0.10324990896373856j),(0.007910385022284125+0.0007995059817813693j),5195000000
(0.09423979996992436-0.10973583645613336j),(0.008011502060865894-0.003945145356029683j),5200000000
(0.06311488448777335-0.11651312352028566j),(0.0038363282382281633-0.007011260974969778j),5205000000
(0.024498957508371434-0.11316821583961105j),(-0.0007890307560419068-0.008144252954151781j),5210000000
(0.003280473589955345-0.08526732637154215j),(-0.0036856324659634105-0.006520547004129942j),5215000000
(0.001018983839564745-0.06154819819110426j),(-0.006783191809999317-0.004360461220488886j),5220000000
(-0.007972560139914096-0.051549260423708894j),(-0.007685985393120781+0.001517648268133643j),5225000000
(-0.015140810776261612-0.02394007859635462j),(-0.0043963774092984015+0.002985115229078427j),5230000000
(-0.013702669226115063+0.006343574768460678j),(-0.0023022741549863376+0.0019669982216955263j),5235000000
(0.012315006956903789+0.04344750639723814j),(-0.0036224549654647487+0.0029032206354043313j),5240000000
(0.05778083659060038+0.05599990503616368j),(-0.0025156246564074416+0.005278251935938057j),5245000000
(0.10045267909969234+0.046451209923924014j),(0.0005008663276642437+0.0060549698738949645j),5250000000
(0.13015941336037656+0.026483210277918334j),(0.003386142613007273+0.005180727894748562j),5255000000
(0.15908355340180258+0.0033886743078641976j),(0.005215746295711774+0.002801783694224372j),5260000000
(0.18402533432387183-0.0363266281387074j),(0.0054011119874312705+0.00041523540611982865j),5265000000
(0.20162546792067398-0.08456092388910057j),(0.005293079237364402-0.0015980833660991017j),5270000000
(0.1995525885323736-0.15143577547424428j),(0.0036515179207777795-0.004174535450539486j),5275000000
(0.17354297568948254-0.2158346392146616j),(0.002499729728797416-0.0050063015434650615j),5280000000
(0.11462107236495314-0.2725258711374546j),(-0.00022928505363858551-0.006254910794641562j),5285000000
(0.04096219079201182-0.3000568253666308j),(-0.003318996872008573-0.005924726208932983j),5290000000
(-0.048770216658844755-0.2970269747566133j),(-0.005881089701604252-0.0037197428046265167j),5295000000
(-0.12443518238982292-0.2571471590544763j),(-0.007447090622142538-0.001096510571071535j),5300000000
(-0.17899797161666958-0.19188296024186105j),(-0.006812771175469636+0.00306067767843127j),5305000000
(-0.20424883623581444-0.10237799741777891j),(-0.004785362740251741+0.0051949650238518425j),5310000000
(-0.17958764378654735-0.012992201717894392j),(-0.002154692503436589+0.006614777776792129j),5315000000
(-0.12016432064649961+0.05935136923525317j),(0.0007020309448429569+0.007338522472690955j),5320000000
(-0.028229599398623344+0.08706421405923834j),(0.004059313364373647+0.006530860460804123j),5325000000
(0.06673221849441302+0.07656138658855789j),(0.007015435799826379+0.0036176475052491423j),5330000000
(0.14873723570381572+0.013601248082840394j),(0.007872649003294206-0.0003996704586497899j),5335000000
(0.19278864671555485-0.07678590116311461j),(0.006215703737546023-0.003850808149521528j),5340000000
(0.19514649683536953-0.177341446235452j),(0.0035643233899434823-0.006172036328579088j),5345000000
(0.15814843819729743-0.27404764564737677j),(1.169358796191891e-05-0.00684903384603372j),5350000000
(0.08837794074844339-0.3408493395282971j),(-0.0028191591254609315-0.005362581143544538j),5355000000
(-0.0036297971950381893-0.38548149376070895j),(-0.0042417222751050315-0.003819334503179421j),5360000000
(-0.10900290428776409-0.39449093896131326j),(-0.005282708483539936-0.001412905187212873j),5365000000
(-0.21001922451468064-0.36585358002616103j),(-0.005408189186631183+0.000426426757466534j),5370000000
(-0.2964594544183961-0.30029281838507343j),(-0.005301561815474661+0.00231781536940287j),5375000000
(-0.35220187908617834-0.21124360350005442j),(-0.00386500916617989+0.004458641745235346j),5380000000
(-0.3735812296743828-0.10178221201299892j),(-0.0012916494044993194+0.005841765186043066j),5385000000
(-0.35420235689894314+0.008703778387427155j),(0.001834682885657023+0.0059998171116032685j),5390000000
(-0.2889640222366896+0.10714818677367575j),(0.003157491041838432+0.00407387539568266j),5395000000
(-0.1996241630143413+0.16300341425325796j),(0.0050946785111253634+0.003500978802883767j),5400000000
(-0.07707123056770224+0.18677947182754767j),(0.00717210066525332+0.0003244130595646609j),5405000000
(0.03217404432092066+0.1534804663680933j),(0.006492511536967465-0.00325047013248661j),5410000000
(0.11716882109611058+0.06842277361493933j),(0.004133763338420523-0.006905668848918291j),5415000000
(0.14646590798699988-0.04599843215684267j),(-0.0008728085234363374-0.007776191354925044j),5420000000
(0.11727806246020353-0.15764488906155263j),(-0.003970335110439777-0.005188847837720772j),5425000000
(0.03307934222958883-0.24879260890166643j),(-0.005311218951586737-0.0036353998908498185j),5430000000
(-0.08041539301270269-0.2776114820317025j),(-0.006760387144640567-4.418542437440588e-05j),5435000000
(-0.18882953413259435-0.2507412872274451j),(-0.0048319940480271014+0.0029533148782534603j),5440000000
(-0.29027962728971535-0.18451319791393686j),(-0.002918773013036323+0.003908986150365853j),5445000000
(-0.34596694334610395-0.08201506642434199j),(-0.0008898166281056662+0.0040010039326840935j),5450000000
(-0.3525455100778747+0.0563882828076559j),(0.00011616177614517449+0.0037471131643804917j),5455000000
(-0.3149457555570975+0.1708226380361271j),(0.0015169285947294845+0.0033585381298463462j),5460000000
(-0.23291957215298031+0.2696159985478235j),(0.00280856705293527+0.0022094777995824363j),5465000000
(-0.12845481736014255+0.3309573270391854j),(0.0030323843105235196+0.0010368363542218695j),5470000000
(-0.0013097595350821194+0.34921921319538246j),(0.0035399283874024854+8.987364828985694e-05j),5475000000
(0.1224343708990603+0.32604788188702155j),(0.003811214376149897-0.001750460852100061j),5480000000
(0.22588795307871634+0.2587458435689061j),(0.0024374194408493437-0.003713041985295789j),5485000000
(0.3031645961596085+0.15710915021619115j),(0.0005437332159665811-0.004666634996962461j),5490000000
(0.33515926313189676+0.039150526245668345j),(-0.001684637688948517-0.004215654181166075j),5495000000
(0.32263013120182865-0.08719309439174859j),(-0.0035046666363648-0.0033418514581221703j),5500000000
(0.32312295845795114-0.08663762085727819j),(-0.0036229271901777904-0.0032391689730272427j),5500000000
(0.24744689545753604-0.19933373752059455j),(-0.004709612296692513-0.0009174594620309935j),5505555555
(0.1316829132586392-0.2742317644118829j),(-0.004340988758985701+0.0012042417711503866j),5511111111
(-0.012029793098265113-0.2765596270696736j),(-0.002811697881008145+0.003114229240334401j),5516666666
(-0.13429826692376012-0.21240906798907183j),(-0.0008647272740932575+0.003982518234859091j),5522222222
(-0.20774422177651666-0.09443253186140305j),(0.0017415697582845013+0.0038208171092366343j),5527777777
(-0.21617632441565598+0.04497628473527157j),(0.0029132003307148183+0.0009091110341069253j),5533333333
(-0.15823877344697806+0.17404511906261244j),(0.0022186291843931515+2.19668555597057e-05j),5538888888
(-0.03488029530103519+0.2613031952257713j),(0.002512200005156349-0.0007158546061984532j),5544444444
(0.11501939585447872+0.2775970423396735j),(0.001835282405422717-0.0015164424001180116j),5550000000
(0.25975511307962135+0.2213506924447479j),(0.0014708976301591363-0.0024126737040006526j),5555555555
(0.3568707669173419+0.10852954793194362j),(0.00016698059915285158-0.0024024705562032235j),5561111111
(0.40201519078732967-0.026407283866064054j),(-0.0009755442732539063-0.002478993908002129j),5566666666
(0.3840710738731696-0.17339921939409408j),(-0.0017599091539634319-0.002148079756111046j),5572222222
(0.3151994519284775-0.29887942285119107j),(-0.002984534268515868-0.0010894084569160604j),5577777777
(0.20067575735186557-0.38881124928831123j),(-0.0027367068305234913+0.0008175299488806077j),5583333333
(0.06174338195534524-0.42670768434443274j),(-0.0015087251022774374+0.0018055601315716935j),5588888888
(-0.08065456234070278-0.4123328397803101j),(-0.00046507082084282664+0.001394700838163405j),5594444444
(-0.19604145343703833-0.3346744032794175j),(0.00047986526933347366+0.0014491971464224238j),5600000000
(-0.2671961684281787-0.21362439140859574j),(0.0010127601329913416+0.0012126454550158735j),5605555555
(-0.2805352303508312-0.07176235647584585j),(0.0013638610174300848+0.0008495366986733605j),5611111111
(-0.22098927348861858+0.06235160655190715j),(0.0020743916911744502+6.25264594330579e-05j),5616666666
(-0.10018778268289588+0.1453635669983096j),(0.002259719824600392-0.001047115702256922j),5622222222
(0.04512568168235081+0.15525257696123734j),(0.001301215791153604-0.002040415816531857j),5627777777
(0.1767230334784683+0.08734318920453588j),(0.00014173076315203995-0.002247129416298019j),5633333333
(0.2612547390251071-0.03429472830671247j),(-0.0006616071438136954-0.0018384245271485028j),5638888888
(0.28083130918838617-0.18345705963278203j),(-0.0010518046554351065-0.0015977523252480013j),5644444444
(0.2274560757261822-0.3201299362351101j),(-0.001868375741030386-0.0010879862137555076j),5650000000
(0.12052230735273246-0.41971247369625864j),(-0.0016450062827452492+0.00023094584006065014j),5655555555
(-0.007972921285254057-0.4679972386851774j),(-0.0009329107315514617+0.0010409426066830053j),5661111111
(-0.1483473731808593-0.46080587570910886j),(-1.0905435418799559e-05+0.0007952403528555212j),5666666666
(-0.2739740976977834-0.40665342715382674j),(-0.0003220907436944563+0.0007560082728037585j),5672222222
(-0.3710952636326331-0.3056678996312179j),(0.00017055828687298136+0.0016422574989332461j),5677777777
(-0.4227628093360413-0.1782796641121104j),(0.0013419552006314495+0.0013717570398159326j),5683333333
(-0.41429646759446087-0.033970612844423126j),(0.0019256535901940098+0.0009189307829116835j),5688888888
(-0.3437725649675091+0.09148165588175808j),(0.0024153585991683693-8.07097852855831e-05j),5694444444
(-0.22359599520131196+0.1727577957816892j),(0.0020857688963017676-0.0009618784368287456j),5700000000
(-0.07018315621533028+0.18638149881924823j),(0.0012074092859426138-0.0017796748150498757j),5705555555
(0.06500180677388685+0.11766473747647027j),(0.00046923195814132477-0.001813327503174138j),5711111111
(0.1387918650520392-0.010811134161408279j),(-0.0004633207567407682-0.0015600651571695756j),5716666666
(0.12352286582894711-0.16426316766972873j),(-0.001308712233292326-0.0013232690251156138j),5722222222
(0.032750447797756335-0.28440679758883514j),(-0.0017600151066238974-0.0002228706288684443j),5727777777
(-0.10002150946631558-0.3374176507833944j),(-0.0015896792615110484+0.001257958872893593j),5733333333
(-0.23640080103156297-0.31633576651496037j),(-0.0008519419228327974+0.002071059190706888j),5738888888
(-0.3542056367903199-0.23671212035844297j),(0.0007694179456015697+0.002103771923519141j),5744444444
(-0.42127828696533615-0.11744722404071532j),(0.0016352185473984138+0.001466445915074728j),5750000000
(-0.4367623038800926+0.020099123667531252j),(0.0015566614524064148+0.0005762571176443057j),5755555555
(-0.4013457115211576+0.16009679742737326j),(0.0014656981310717143+0.00042356066171641665j),5761111111
(-0.3190616031947117+0.26969261507956266j),(0.0014724382337122327+0.0005056421053400114j),5766666666
(-0.19672459296442846+0.34531367893098136j),(0.0014536656467213343+6.605348338967788e-05j),5772222222
(-0.05908143027549745+0.36251094304495335j),(0.0013493054671102195-0.0006462845112662149j),5777777777
(0.08172521477209788+0.3345370610966006j),(0.0008645171424952078-0.00120239463545527j),5783333333
(0.1961953091499792+0.2443469418670054j),(-0.00036427030578525246-0.0013847303270941886j),5788888888
(0.2642563418149409+0.11586605688470378j),(-0.0012868755722062891-0.0007857188315962636j),5794444444
(0.270604824682688-0.033292394821939554j),(-0.001420552190165005-0.0003493790837652918j),5800000000
(0.20116653528328216-0.1534124019872358j),(-0.0017581386200670136+0.00037854675286723064j),5805555555
(0.08689616374686378-0.2344008268590186j),(-0.0015124717998373511+0.0014698419939246528j),5811111111
(-0.05262249274084838-0.24083960766579812j),(-0.0006553497441508226+0.001609226905202324j),5816666666
(-0.17263572440201372-0.1807971266923169j),(-0.00017641041779854988+0.0019449132757800834j),5822222222
(-0.2585739161144532-0.053069277272579166j),(0.000645791920558279+0.0017562225970097405j),5827777777
(-0.25952548715452906+0.08572001423871656j),(0.0011835321049830764+0.0013148483850898638j),5833333333
(-0.19018416402152266+0.2145513157145079j),(0.0018088984137365786+0.00035673890035111533j),5838888888
(-0.06878694748533364+0.2984475389130915j),(0.0015129237710632636-0.00019969244911888692j),5844444444
(0.08024540383447222+0.3230074262065223j),(0.000873272195545743-0.001719946025888396j),5850000000
(0.21999580154650397+0.28178886020722116j),(-0.0003578731723484585-0.001381166206880981j),5855555555
(0.3346111531797698+0.19054589265101737j),(-0.0008295590883044147-0.0010920383579361233j),5861111111
(0.39839933590709653+0.06250482720041917j),(-0.0013397269496843187-0.0012513537535668235j),5866666666
(0.4094923059320738-0.0806513668059589j),(-0.002434855486519339-0.00015729786716887843j),5872222222
(0.3625378520731151-0.22487049154603866j),(-0.0021182379637275607+0.0010255720992746304j),5877777777
(0.2780747842526408-0.32759753124814417j),(-0.001458873953124292+0.00157876667598862j),5883333333
(0.1483395666915947-0.40385921848722856j),(-0.0006885181838905411+0.0017123719784457809j),5888888888
(0.013995905768311917-0.4139644528797459j),(0.0004845861462055375+0.0015708734893846229j),5894444444
(-0.11919023749875829-0.36713313545538784j),(0.0009955991695543025+0.0007216878933437166j),5900000000
(-0.2147418916950021-0.2731673265214103j),(0.0006557348535639739-0.0008106776791822447j),5905555555
(-0.2573309156621015-0.14028967993611197j),(-0.0001803580495978385-0.0002643015087822371j),5911111111
(-0.22823891585470762+0.003979867984565551j),(-0.0004410431424833194+0.00018386908678238824j),5916666666
(-0.13497503267945413+0.10459847030195966j),(0.0005386035216756006+0.0001238839141538725j),5922222222
(0.0002846692897364807+0.14371643068256607j),(0.0008766196932586544-0.0010591285888650016j),5927777777
(0.1376706420292553+0.10845194589771534j),(-8.751640898359832e-05-0.0013576134636573084j),5933333333
(0.2381986261807827+0.006426968598425495j),(-0.0005787920216521884-0.0016874749563582062j),5938888888
(0.27639776671949184-0.14239528667929205j),(-0.002303554630897185-0.000732207958769404j),5944444444
(0.24935815426816318-0.28016803690495373j),(-0.0016606529249727593+0.0006634969764363805j),5950000000
(0.15739905998878057-0.39002996944390267j),(-0.0005668789172079315+0.000707210269577088j),5955555555
(0.03886486008214845-0.4550634707027044j),(-0.0002416662181390089-0.0003917055629937652j),5961111111
(-0.09933167665253251-0.46952477560278394j),(-0.0010365803445632495-6.099733789771968e-05j),5966666666
(-0.2397748253303446-0.4312433465936348j),(-0.000903052894169633+0.0006042856852070571j),5972222222
(-0.3516346714271662-0.348613468723283j),(-0.00047677175479839877+0.0013926723106828102j),5977777777
(-0.4196384977654769-0.2326725451282493j),(0.00029456481544754237+0.0011179805678366134j),5983333333
(-0.43330137419691783-0.09652496935208238j),(0.0012805128694830165+0.0016354212641328037j),5988888888
(-0.3926638079836775+0.038489161341014495j),(0.002104847924066416-8.753306491799713e-05j),5994444444
(-0.28893711709823977+0.14072274692491107j),(0.0022598000112508884-0.0008919525972386371j),6000000000
