S11,S21,freq
(-0.41422114194277204-0.37471587857500455j),(-0.0015037834260371473-0.0007668782018208826j),1000000000
(-0.5472476027807722-0.1421383693314236j),(-0.0017209616976168508-0.00015092376961035208j),1005000000
(-0.5629149039424086+0.12352006970495562j),(-0.001746314812537773+0.0006043624404457636j),1010000000
(-0.4594181704740161+0.3670605779422973j),(-0.0012587240227415685+0.001373461589659179j),1015000000
(-0.26096912955413537+0.5375680063356829j),(-0.0005663348821078166+0.0018971960062201133j),1020000000
(-0.010562173190606983+0.6034733847362381j),(0.0005419097666807339+0.0019602506887378937j),1025000000
(0.24386328708455762+0.5555718683037789j),(0.001255322179699497+0.0014641137976861346j),1030000000
(0.44936507308756307+0.4030161281444796j),(0.00180218352658842+0.0007131386083696044j),1035000000
(0.5698410719503005+0.17781681461746376j),(0.0019886253089395596-0.00018142900925725424j),1040000000
(0.5832704751960347-0.07686002549748187j),(0.001679614556468893-0.0010222219868998032j),1045000000
(0.48640518752948936-0.31317589151451275j),(0.0011563557074852134-0.001587800225254722j),1050000000
(0.29816619534588634-0.4856595309586505j),(0.00033942823145260265-0.002007901508812163j),1055000000
(0.05282484176501667-0.5603319869685683j),(-0.0005198446760458894-0.0018853190493999163j),1060000000
(-0.20105109500483526-0.5232827053149298j),(-0.0013076066654897195-0.0015063945923676594j),1065000000
(-0.41174731450072166-0.38207673567231765j),(-0.0017763651843871098-0.0008986842561663234j),1070000000
(-0.5430495253210561-0.1662788467993193j),(-0.002053825309504899-8.024487312193509e-05j),1075000000
(-0.5690989852366891+0.08257576857935033j),(-0.0018239650894909605+0.0007829400665012452j),1080000000
(-0.4895974569871914+0.31835645639344495j),(-0.0013946981509682399+0.0014433410759751063j),1085000000
(-0.3224150753009467+0.4964132550432234j),(-0.0005686584979891532+0.0017738167644995187j),1090000000
(-0.09935096931040854+0.5882840928406791j),(0.00023695067611090615+0.001845992563385667j),1095000000
(0.14169588794593763+0.5823402418143082j),(0.0009145173685280402+0.0015264702271856425j),1100000000
(0.35860103754832384+0.4782128133226071j),(0.0014214795547861563+0.0010021206760284427j),1105000000
(0.5152223658142958+0.293762901469144j),(0.0016931405962004181+0.0003697233064300484j),1110000000
(0.5820699970119331+0.0618949544100234j),(0.0017285728508256288-0.0002990889040743645j),1115000000
(0.5459097886542887-0.18223557825071782j),(0.0014232133330546138-0.0010620171446813936j),1120000000
(0.4094608014113742-0.3893347971676757j),(0.0009765766786420638-0.0015276843531649932j),1125000000
(0.1914024429035109-0.521236704666476j),(0.0001272485481065474-0.0018466937351626648j),1130000000
(-0.06505344166468874-0.545805380692723j),(-0.000602918095496047-0.0018500229174913667j),1135000000
(-0.3087204148806615-0.45345679591084737j),(-0.0014950990054149924-0.0013629969743652907j),1140000000
(-0.4854739550686925-0.2632573641349826j),(-0.0019348581330691174-0.0005921115794072616j),1145000000
(-0.5608091750747606-0.012857428769715015j),(-0.0019683802250449536+0.0003133344861522414j),1150000000
(-0.5156056738090588+0.24356205232116232j),(-0.0016405618572583052+0.00108116650900205j),1155000000
(-0.36588771753902904+0.4507304124143576j),(-0.0009677493661147499+0.0016163988733273052j),1160000000
(-0.14314793692283398+0.5724694518281658j),(-0.00019384335606457197+0.0018074390331512759j),1165000000
(0.10815281861225902+0.5851719159033159j),(0.0005026523145017697+0.0017225908782837352j),1170000000
(0.33660510881226097+0.49197141695596774j),(0.0010751392686059974+0.0014273684641519274j),1175000000
(0.5039370949934567+0.3108682824948962j),(0.0016942760872010016+0.000692176389832282j),1180000000
(0.5793852378205556+0.07687969063996643j),(0.0017333966163305503-4.7393725802772306e-05j),1185000000
(0.5498163091225667-0.16740969161451444j),(0.0016140226319156063-0.0007145374485556607j),1190000000
(0.4178721114715002-0.3777917436904176j),(0.0012857873686306733-0.00136003766350129j),1195000000
(0.2066614972394117-0.513691294742156j),(0.0005007715594522495-0.0018138868635235099j),1200000000
(-0.04184313748826623-0.5445193083735594j),(-0.00028482835171426664-0.0018088062384606749j),1205000000
(-0.28327527603767777-0.4656222474308447j),(-0.000930745905181095-0.001550347777962071j),1210000000
(-0.46484941751722847-0.2912955858128026j),(-0.0017033877658840725-0.0010279230543889476j),1215000000
(-0.5536074565607016-0.05684893586661327j),(-0.0018631091508633743-0.00011538214324688541j),1220000000
(-0.5351005213454935+0.19051628742788043j),(-0.0015953859821305324+0.0006334207589478362j),1225000000
(-0.4150520651120684+0.4047925538292325j),(-0.0012420329381995646+0.0010889336314201283j),1230000000
(-0.21991005176891623+0.5469541119995639j),(-0.000698075750908529+0.0016868842911165712j),1235000000
(0.011038683843714233+0.5966197261555859j),(2.36923058879091e-05+0.0018978357914229288j),1240000000
(0.2409304085007683+0.548879424601223j),(0.0008673436022014747+0.0016347124808572164j),1245000000
(0.4329120979523504+0.4106494055356276j),(0.0013584777569473475+0.0010722981571835305j),1250000000
(0.5507676315674114+0.20855744862139863j),(0.0017628086260954537+0.000510595748643546j),1255000000
(0.5765725512051763-0.026931345773101443j),(0.0017925658206496473-0.00021810466999534504j),1260000000
(0.5006288360401726-0.2549905464945831j),(0.001642438061516785-0.0008187005477478187j),1265000000
(0.3351826195058627-0.432261358077289j),(0.001141913264745724-0.001658650716614447j),1270000000
(0.10347149567101503-0.5220461865559813j),(0.00020196384854705789-0.0019480915968509544j),1275000000
(-0.14608702848057684-0.5020556592134929j),(-0.0007049857903750631-0.001862255590285934j),1280000000
(-0.36452658964830736-0.37163956111336416j),(-0.0013151031055529993-0.0013994081114210807j),1285000000
(-0.5014380565504453-0.15779194715134418j),(-0.0017274102047089188-0.0007300380766578079j),1290000000
(-0.5277326653142022+0.0944044457967074j),(-0.0019397856871762734+3.5724988050122024e-05j),1295000000
(-0.44146747259837293+0.3267900668817598j),(-0.0016889486447586555+0.0009153407434251413j),1300000000
(-0.26381557909877834+0.4976001133631112j),(-0.0011728252719195975+0.001449285801993748j),1305000000
(-0.03604599734510383+0.5728046748953584j),(-0.00047094769673539094+0.0018934811517901063j),1310000000
(0.19878708003617487+0.5464543267349669j),(0.0004386431074843616+0.0021616305983986565j),1315000000
(0.3979577350169668+0.4281008793484687j),(0.0013190166697640649+0.0017344441665232409j),1320000000
(0.5316386590833374+0.23814990057045687j),(0.0020028377976674546+0.0009431413968094913j),1325000000
(0.575938355264661+0.0132175905938688j),(0.002164048417555166-0.00010833063998907417j),1330000000
(0.5256707360549601-0.21215879104488042j),(0.0019396510223887364-0.0009061377759579224j),1335000000
(0.38784892381161845-0.3983781420224624j),(0.0012051728036609364-0.0017010489005253023j),1340000000
(0.18651795057529974-0.5137003207461656j),(0.00047294771112712977-0.0019084922903190604j),1345000000
(-0.04733377019345626-0.5378935388827947j),(-0.00039897327691072683-0.0018764161475822874j),1350000000
(-0.27072843329829777-0.4629033674316829j),(-0.0010866971247838202-0.001550910250201838j),1355000000
(-0.4459398921514007-0.29947674260444507j),(-0.0016387171854455947-0.0010936968650258898j),1360000000
(-0.5363145361565528-0.08200767992796058j),(-0.001992749671556473-0.00033430015017895363j),1365000000
(-0.5283104135164817+0.15700746667347745j),(-0.001881358185065122+0.0006110588878884054j),1370000000
(-0.4217158356279651+0.36927724690095526j),(-0.001359367533574893+0.0013662011103064509j),1375000000
(-0.236234850448854+0.5160629795456608j),(-0.0006831308003467801+0.001816260962221173j),1380000000
(-0.007875837138402118+0.5731882984085171j),(0.00015362194538633776+0.0019982645402794085j),1385000000
(0.222386206376433+0.5304120364602564j),(0.0012305396070506078+0.0016127161757629308j),1390000000
(0.4160304199032867+0.3917978540119025j),(0.0015469034554693884+0.0007069232009994025j),1395000000
(0.5324874653426774+0.18726846202495886j),(0.0015094101014556977+9.32786824378331e-05j),1400000000
(0.5508784978032053-0.05211979964568216j),(0.0013806865081431453-0.0002784244396374268j),1405000000
(0.4638891565247695-0.2769507897049934j),(0.0013132891995250521-0.0008230241157885269j),1410000000
(0.285559754564798-0.4442535242911442j),(0.001042956949852479-0.0013037780609591963j),1415000000
(0.04756896299062714-0.5163431787148327j),(0.0003809747373184294-0.0018245983685115225j),1420000000
(-0.19715580505608973-0.47460250961278855j),(-0.0003751353009030156-0.0017988396431922358j),1425000000
(-0.39879196986047444-0.32832841570832066j),(-0.0011528271863135355-0.0015362202507213975j),1430000000
(-0.5145540606028961-0.1061075451304154j),(-0.001643841143529658-0.0008814650681202617j),1435000000
(-0.5193581630734186+0.14275976166925225j),(-0.0018535912190475732-0.00015061368557661454j),1440000000
(-0.4172560546011705+0.36127080661192257j),(-0.0018292691085590304+0.0006461930527560932j),1445000000
(-0.2339620187360833+0.5143243138851882j),(-0.001301569338873008+0.0014509705782564865j),1450000000
(-0.00731470700410338+0.5751492202080232j),(-0.0005941362562050674+0.0017949856311249108j),1455000000
(0.21790799029826555+0.5377376777496945j),(0.00028682002046495446+0.0017245177857637003j),1460000000
(0.40642283555895103+0.4149873281069036j),(0.0010429569661615861+0.001505475460387008j),1465000000
(0.529415200660155+0.22881537306559036j),(0.0014564187818119866+0.0010029409971779495j),1470000000
(0.5692929131612515+0.009452729336751713j),(0.0017820671002266922+0.00033174087464316445j),1475000000
(0.5184548353090802-0.20497366330744424j),(0.0018546598307910991-0.00041264626219541655j),1480000000
(0.38206422435999493-0.38712657885548113j),(0.0015820717856801375-0.0012838011473621596j),1485000000
(0.18459080821872928-0.4966801339051088j),(0.0010295643382379539-0.0019218569583461173j),1490000000
(-0.04816690594140286-0.5139133920875361j),(7.006963368526458e-05-0.0022937221329839574j),1495000000
(-0.26696002385602136-0.43325997713212583j),(-0.0010004949134530632-0.002168584729850627j),1500000000
(-0.2753965207860041-0.43102359595625483j),(-0.0010424147214918046-0.0021849631848190813j),1500000000
(-0.4402471285633458-0.2582836488291757j),(-0.0018936087840346844-0.001436899175249944j),1505000000
(-0.5095916614843629-0.03786894519227468j),(-0.0022309999396019505-0.0005379054004619787j),1510000000
(-0.48085629108110534+0.19882903928873447j),(-0.0024091390551194305+0.0003279477449135968j),1515000000
(-0.3539510004190946+0.3973544275431954j),(-0.002184458736098583+0.0015152326298798222j),1520000000
(-0.15735893044739951+0.5220138554966692j),(-0.0012679643837976457+0.0025140258788070077j),1525000000
(0.07152149039876193+0.5491535432901816j),(0.00026290403819753086+0.003028283396452567j),1530000000
(0.28706838237776294+0.48028636624271903j),(0.002025285300642786+0.002149039289413123j),1535000000
(0.4517759072001187+0.3293882975885717j),(0.002421824582532723+0.0004300825652077021j),1540000000
(0.5399278523210025+0.12141393254012131j),(0.0018162523606754884-0.0006480492270775669j),1545000000
(0.5323186753711229-0.10215036318274255j),(0.0010146755536546903-0.0008991982532447178j),1550000000
(0.43086436922133914-0.30461539559042683j),(0.0007701009524701728-0.0007076034646416301j),1555000000
(0.2492542545236408-0.44667170238081544j),(0.0011070783596208536-0.001184107835992861j),1560000000
(0.02579470346530404-0.49532332163035353j),(-1.622274566103158e-05-0.0011387090265730755j),1565000000
(-0.2020741834517934-0.44260240312872845j),(-0.00019478580507353583-0.0012566085986122776j),1570000000
(-0.38361505340566376-0.2919273609308626j),(-0.00048421094978552226-0.0012490823861053878j),1575000000
(-0.48088614522297835-0.07712665642868702j),(-0.001087038360256133-0.0011019223289251171j),1580000000
(-0.4743391784275634+0.15645461948773154j),(-0.0016947884164801891-0.000822524253491542j),1585000000
(-0.36524641959958765+0.3633115943031977j),(-0.0021952264800790223+5.851158833329338e-05j),1590000000
(-0.18366504464080607+0.4989439843253479j),(-0.0021302502012613533+0.0013313613678584454j),1595000000
(0.037487663631723185+0.5440050469384087j),(-0.0013301373257600868+0.0024067466825216165j),1600000000
(0.25181495372329143+0.4944102983113198j),(0.0002243877655214458+0.0035098499153170233j),1605000000
(0.42609706314055684+0.3627691676162977j),(0.0024418578992781164+0.0014171117865011177j),1610000000
(0.5296322900267081+0.17613376514061596j),(0.0021275359392154275+0.000301210770832248j),1615000000
(0.5518954151463937-0.037597802773197325j),(0.0015477658697665077-0.0006102536246585665j),1620000000
(0.48324544232702604-0.24699692809908458j),(0.0014828848838332272-0.0006777401978541977j),1625000000
(0.33720519569910123-0.4120090667694691j),(0.001006413399987343-0.0012398652521900964j),1630000000
(0.1331109150038497-0.5026836903098796j),(0.000456262618435669-0.0014621583753078725j),1635000000
(-0.0928350329706626-0.5017921899693396j),(-3.7109794160165594e-05-0.0015389635851915673j),1640000000
(-0.30141205307508-0.40588600239629774j),(-0.0005405268576471383-0.0013023294968495358j),1645000000
(-0.45041000494949907-0.23045988690413619j),(-0.0010439681694173627-0.0010711320084459605j),1650000000
(-0.5108910994295198-0.005226818763475043j),(-0.0015411266011574258-0.0006358457626100589j),1655000000
(-0.4703801705202135+0.21923767349084636j),(-0.0013909775356533373-2.545877145530479e-05j),1660000000
(-0.33622015890765655+0.4074902258915197j),(-0.0014306660898216995+0.00045434987684166264j),1665000000
(-0.13438075394476753+0.5190364013102265j),(-0.0012634370540089593+0.0011724569141101674j),1670000000
(0.09048316783452698+0.5319118506442991j),(-0.0006047010977737701+0.0017263833590220631j),1675000000
(0.29941864914241106+0.4463165595855872j),(0.0002826193686095516+0.0019079302552679643j),1680000000
(0.44960774739123527+0.2809966917796712j),(0.0010913087935551962+0.0016731337659098547j),1685000000
(0.5139883448951816+0.06691205589933875j),(0.0017310422725505552+0.0009442262428112473j),1690000000
(0.47855703888327034-0.15482725356777596j),(0.001976122429560007+0.00024097177474781897j),1695000000
(0.3482680632094005-0.34063753944351827j),(0.001963123370699831-0.0007883516419232181j),1700000000
(0.15010447111272995-0.45109798819325064j),(0.0012580343310977845-0.0013459216860449298j),1705000000
(-0.08187971857474045-0.4606053474164515j),(0.0006410600534430653-0.0017295239592981855j),1710000000
(-0.2896007625811903-0.3702181134469211j),(-0.00014017717749805153-0.0018459426641995046j),1715000000
(-0.43886887088973914-0.19591684717763033j),(-0.0007995792266898764-0.001498690008538762j),1720000000
(-0.4950466537384071+0.02518759400794384j),(-0.0012793843440769975-0.001115329087656419j),1725000000
(-0.4514351109290017+0.24639411379448653j),(-0.0015488483192997765-0.0005892654712697294j),1730000000
(-0.32061191109577974+0.42477783585031464j),(-0.001792976241609907+8.731607113046112e-05j),1735000000
(-0.1425339484093911+0.5337554846746013j),(-0.0015815249446346795+0.0007836351412853205j),1740000000
(0.07483690775742036+0.556255136068837j),(-0.0011286552602392315+0.0014366114346973475j),1745000000
(0.2744717001192394+0.4955758229973475j),(-0.0005034376256883093+0.001846865792574608j),1750000000
(0.43026782166930433+0.3672493380991689j),(0.0003494263824590815+0.001968683379937384j),1755000000
(0.5268805837918679+0.18831564680312746j),(0.0011855139380610522+0.0016263057962709506j),1760000000
(0.5461659183893189-0.014386522434253946j),(0.001790973352898178+0.0010045262729832475j),1765000000
(0.48493839219283275-0.20875336712400963j),(0.002072092619080062+0.0001223723512494727j),1770000000
(0.34927728707048217-0.36557610957300174j),(0.0020097499019752153-0.000665219911529333j),1775000000
(0.1568358053072416-0.45519119962919835j),(0.0016871317424775004-0.0015628701672800531j),1780000000
(-0.059609428001864695-0.45530779833535107j),(0.0008397304563293465-0.002228211369389459j),1785000000
(-0.25899510032132067-0.35731307172182786j),(-0.00020003941511586627-0.00233033360738901j),1790000000
(-0.395630788097454-0.17756194876796208j),(-0.0011919897201420465-0.0020667633851971182j),1795000000
(-0.4354940830424471+0.04644959980826322j),(-0.001973309280205877-0.0012625994119067846j),1800000000
(-0.36665205355680325+0.26277766914910705j),(-0.0023203668314110905-0.0003199351332260935j),1805000000
(-0.20906880354438057+0.42322075817197946j),(-0.002120009364039544+0.0007940143822840497j),1810000000
(-0.0002797254579792336+0.4922364499008644j),(-0.0016643660377060206+0.0013873727478549284j),1815000000
(0.21249974967008714+0.4667012597115103j),(-0.0009228430022108983+0.0019013483824939445j),1820000000
(0.39087427945831693+0.3540702351066173j),(-2.5653377645189012e-05+0.0020956487204825177j),1825000000
(0.5005667138963438+0.18573765960968874j),(0.0007185676102541263+0.0018672131507909155j),1830000000
(0.5344024729132378-0.01615497241110689j),(0.0013649749989629349+0.001431478143473662j),1835000000
(0.4851418135200492-0.20889830269304896j),(0.0019377138327156813+0.0008868704326216558j),1840000000
(0.3632715937155951-0.36993806747440555j),(0.002222347497644767+3.418583677690487e-05j),1845000000
(0.18605392842078144-0.46825766666766716j),(0.0021029500121023227-0.0008929231081059885j),1850000000
(-0.020274428710285074-0.4892257882232306j),(0.0015857565903023162-0.0017984535517110872j),1855000000
(-0.21674887019214195-0.42421089365241604j),(0.0007190967115714588-0.0024571827643331792j),1860000000
(-0.3723932903704365-0.2775715000377026j),(-0.0003954635460701535-0.00263425806732406j),1865000000
(-0.4509372987450022-0.07735387585378736j),(-0.0015953463958303263-0.0022340237786668345j),1870000000
(-0.4421823259612776+0.13993292439817553j),(-0.0026851898132508644-0.0013263074025657501j),1875000000
(-0.33859391642732733+0.3298963117415106j),(-0.003049075389127868-1.3750995681581769e-05j),1880000000
(-0.1666622111818691+0.4547946219455909j),(-0.002714863444462603+0.0014059259074904876j),1885000000
(0.04039999061327999+0.4953052709961196j),(-0.0018754201487596938+0.0025158917210102174j),1890000000
(0.24087079756491492+0.44634549403467993j),(-0.0003636247088037329+0.0031103215768499217j),1895000000
(0.3989569665482716+0.3219936068761228j),(0.0009727700329391543+0.0027823566969934124j),1900000000
(0.49485050555752513+0.1430689756689541j),(0.0018624761107728896+0.001957990766497579j),1905000000
(0.5078670175983494-0.058283803871150695j),(0.002517181190064665+0.001196521416949497j),1910000000
(0.43715867843195716-0.2511105658231391j),(0.0028701949218192337-0.00028778225850471513j),1915000000
(0.2982667135451384-0.39736559709592867j),(0.0020108066014062924-0.0011753828619676672j),1920000000
(0.09654877483932912-0.4711845671762623j),(0.0016940894323554012-0.0019316723394389001j),1925000000
(-0.11479691347682962-0.4574859958543156j),(0.0007692935993598396-0.0024156544784912602j),1930000000
(-0.3033963921938583-0.35185651501222526j),(-0.000502607359540026-0.00259387775937425j),1935000000
(-0.4322089641325458-0.17735163515105512j),(-0.0013768132103942562-0.0020927766466603765j),1940000000
(-0.4724472016204674+0.035552865785381756j),(-0.002083789592408967-0.0014187689174547434j),1945000000
(-0.4155833241417103+0.24610862503602984j),(-0.0025457424952519733-0.00040832414590764285j),1950000000
(-0.2795491105538237+0.40801371243233675j),(-0.0024454387776471137+0.0009329312423254826j),1955000000
(-0.08683890354687875+0.4952966944428648j),(-0.001659650195806647+0.0017547009588019106j),1960000000
(0.12168560595417799+0.495401516560166j),(-0.0007213749879221642+0.00215242860530244j),1965000000
(0.30702285623119796+0.40740150660438534j),(0.0001752419808597595+0.0021880322003314575j),1970000000
(0.43826959184510317+0.24961884872187956j),(0.00087855431239813+0.0019281084908403766j),1975000000
(0.49018839501195466+0.05316426817756584j),(0.0014513575848267267+0.0014488957668042368j),1980000000
(0.4542755189819452-0.14824467352218956j),(0.0019725133421154505+0.0009401411855979238j),1985000000
(0.33448490221568755-0.31871324897848935j),(0.002328969883104695+0.00013426321302406253j),1990000000
(0.152198564288275-0.42030144037896866j),(0.0023039483592718793-0.0009237983777575341j),1995000000
(-0.05741256028191468-0.43438938910369124j),(0.0018012656507111085-0.0019213208808838119j),2000000000
(-0.05787766456116485-0.4341397296784538j),(0.0018247780776903992-0.001913369295769992j),2000000000
(-0.25553411235053985-0.3541982859025254j),(0.0007306314981985054-0.002385569878346037j),2005000000
(-0.3983414789988585-0.20158978488845503j),(-0.0003202994210039032-0.0024783225992468082j),2010000000
(-0.4634947234886742+0.0028213384975820655j),(-0.00127173744951443-0.0020612891332893817j),2015000000
(-0.4362515741029708+0.20916752873292663j),(-0.0019241609670171524-0.0014911838756097016j),2020000000
(-0.32633966726148533+0.38578753477288125j),(-0.0024851749060857036-0.0006351694120507877j),2025000000
(-0.15671027259968331+0.498053853896603j),(-0.0026636741308000787+0.000426604990252781j),2030000000
(0.04053506211609911+0.5332329285472804j),(-0.0021985727747415714+0.0016033283539723842j),2035000000
(0.2260151786097887+0.4891852684225598j),(-0.0013736173087481912+0.0024324661855400524j),2040000000
(0.38571039430081616+0.3823115474285717j),(-0.00041554205787093957+0.0029704883247423145j),2045000000
(0.487682238112092+0.22394110486556168j),(0.0011372313629958396+0.0029037972768554523j),2050000000
(0.5217355502027792+0.037870784166202806j),(0.0022923679741011786+0.0020482361878710635j),2055000000
(0.4814339899991072-0.15013571092912154j),(0.002918357161459218+0.0009020671186982333j),2060000000
(0.36986160114324235-0.30421023005661574j),(0.0028792774937894706-0.0002923561665530328j),2065000000
(0.19674534534135002-0.40572029930495834j),(0.0026357347139835414-0.0013928087634953808j),2070000000
(-0.0028950802077885285-0.4221053209876185j),(0.0018876215308221561-0.0024470842473152572j),2075000000
(-0.19666821465991707-0.34865415168967534j),(0.0008580364006717412-0.003080470207236483j),2080000000
(-0.3354219050470726-0.18659852036372263j),(-0.0004619939686500085-0.003506789948770207j),2085000000
(-0.38498542527866875+0.020500736953550234j),(-0.0022184968404910426-0.0029426578682798165j),2090000000
(-0.33299280603006326+0.2265127024299137j),(-0.0033109081686455875-0.0018488385021681645j),2095000000
(-0.19149241535351758+0.3842379315972219j),(-0.0038537947521132035-0.00016178300420931956j),2100000000
(0.005186276246832248+0.45794279397409005j),(-0.0036511128940494883+0.0018878595643150667j),2105000000
(0.20897109816532167+0.43860533552585884j),(-0.0020427260092984317+0.003420836072072994j),2110000000
(0.376095624169236+0.33845630565786455j),(-6.770441452400227e-05+0.003729984291087444j),2115000000
(0.48682903588639065+0.18403538532073113j),(0.0013846957178061563+0.003126714645377785j),2120000000
(0.5262812113360991+0.0009582496448862785j),(0.0022910278979089136+0.002155281329655239j),2125000000
(0.49243373832783566-0.18330778320117339j),(0.0027130800248121784+0.0012062739382915795j),2130000000
(0.39022650805243064-0.34064792945223815j),(0.0031055311007711713+0.00019856275985265272j),2135000000
(0.23899625065824132-0.4452957168219366j),(0.0030125900386481727-0.0011394958924554886j),2140000000
(0.05148502661751369-0.4859780111629746j),(0.0020934780179210927-0.002399908589845397j),2145000000
(-0.13894282526878501-0.44828007706414846j),(0.0010208625035117694-0.002744045344935387j),2150000000
(-0.2992326503545892-0.3371619957682332j),(0.00012050458569836493-0.0030731541041990116j),2155000000
(-0.40309076672140254-0.16360688289662878j),(-0.0012352629917792052-0.0029052512688381112j),2160000000
(-0.424245839785572+0.041015464699339546j),(-0.002392574614173011-0.002200447199668347j),2165000000
(-0.3559865914589389+0.235889992350669j),(-0.003191738700298658-0.0011733144329195595j),2170000000
(-0.20871024088795953+0.38011260192749025j),(-0.003444346822921405+0.00024643397776629594j),2175000000
(-0.013779638827209622+0.447220868548444j),(-0.0031192626534015887+0.0017945148628591963j),2180000000
(0.18537060711073516+0.4199306290407506j),(-0.0022285909026353743+0.0028633582951171324j),2185000000
(0.35101007889751307+0.31184680518383623j),(-0.0007848056683041865+0.0036613643550632174j),2190000000
(0.4499203528355919+0.14984350050895776j),(0.0007503654761570019+0.0038237968248907616j),2195000000
(0.47057647912822625-0.04071729043272507j),(0.0024210603385919614+0.003135796290880318j),2200000000
(0.4101918270772271-0.21910781783510297j),(0.0034204067848822733+0.00181099518126426j),2205000000
(0.27826423202527933-0.3556119800389977j),(0.004045570042438141+0.0004811858146926j),2210000000
(0.10233080322554948-0.4237360362745462j),(0.004266248237784766-0.0013972038294650787j),2215000000
(-0.08834086434583979-0.4164577486425634j),(0.003088475309197861-0.003105164044693333j),2220000000
(-0.260714261541755-0.31580171768282606j),(0.001518975057950951-0.004471620388095278j),2225000000
(-0.3752748053790609-0.15494421449259427j),(-0.0004092862841661538-0.004450177835571373j),2230000000
(-0.4079281587983564+0.03770889650984719j),(-0.0023130849987644635-0.0042277495222457495j),2235000000
(-0.3547035617356586+0.2263712797010342j),(-0.003955607756003649-0.0029096490882895604j),2240000000
(-0.22866280192474742+0.37250362625697003j),(-0.005065280098798452-0.0009417633107477359j),2245000000
(-0.053035669624588826+0.44800519123243265j),(-0.005086601649791999+0.0014667156112516486j),2250000000
(0.13054902690166983+0.443664302101486j),(-0.003982891484040772+0.003609482462551586j),2255000000
(0.2941417285671442+0.36724746773453953j),(-0.002091286751820791+0.005003535047585906j),2260000000
(0.4102428240395019+0.228304286447383j),(0.0003441946755060373+0.005642850893102339j),2265000000
(0.4569155200670572+0.06002659320379027j),(0.002819632178042132+0.004650282948545999j),2270000000
(0.4305260591880912-0.11551816467066471j),(0.004210169711028074+0.0029274230254239197j),2275000000
(0.334140039930616-0.26344709362704305j),(0.005061371101361516+0.001436935263642864j),2280000000
(0.1860510101120206-0.3591268489649817j),(0.005649703623952276-0.00029038808468901376j),2285000000
(0.0035805190722923547-0.37845151418561945j),(0.005756805509413786-0.003606908749923868j),2290000000
(-0.16628119008215642-0.32139165705586126j),(0.002916071174204596-0.006340734209938387j),2295000000
(-0.29177661851853215-0.19788672916330313j),(-0.00015783943826224947-0.006797328857307362j),2300000000
(-0.3539075666540954-0.02939458627846887j),(-0.0033131977402359727-0.0063285513228856505j),2305000000
(-0.3347186440903369+0.1429360370080198j),(-0.006539227852682848-0.00391382200517501j),2310000000
(-0.24904941473215605+0.2852090328262673j),(-0.0068999373645326585+0.0005013773215754712j),2315000000
(-0.11912728583216996+0.38214555502355996j),(-0.005047341903224264+0.0027250587585874505j),2320000000
(0.04611944328512364+0.41622673231870905j),(-0.0039033719356060745+0.0037398935489568698j),2325000000
(0.20861670716148475+0.373589390010465j),(-0.002628892733189431+0.00550531466374738j),2330000000
(0.33761057654145443+0.26454485851681386j),(0.00017793652077487923+0.00621070981527503j),2335000000
(0.4049617956912607+0.11847166564896101j),(0.0026508768810715776+0.0053999726306701535j),2340000000
(0.401447979503212-0.0517423670232589j),(0.004555998692732767+0.00423478419393725j),2345000000
(0.32374327785462576-0.19774475224263177j),(0.006132218681155394+0.0020695408053968307j),2350000000
(0.18742661361326782-0.2945482840020155j),(0.0067464485348954426-0.0005792738121620851j),2355000000
(0.023663551994614396-0.31977685973805164j),(0.006234886072264968-0.0044262233282039275j),2360000000
(-0.1398911007215105-0.26641413924552515j),(0.004508792781276919-0.006031740748313368j),2365000000
(-0.2554256757725333-0.14064124778944304j),(0.0009153240236324638-0.008334334879806908j),2370000000
(-0.2968575794905659+0.025391165301850052j),(-0.003900986158936919-0.007627540761331961j),2375000000
(-0.2561454994651691+0.18422453179157888j),(-0.006678368713490495-0.004311653515699605j),2380000000
(-0.1563567683816854+0.30167335827243563j),(-0.006972533567375893-0.0009486055162131897j),2385000000
(-0.021118748566207234+0.37246204039059194j),(-0.006854099096901834+0.0011707982888430235j),2390000000
(0.13278516926066733+0.37557004102437086j),(-0.006642885692104303+0.00428734004060005j),2395000000
(0.26846636550945635+0.3163620495712961j),(-0.0039650629344897236+0.007216343721756809j),2400000000
(0.374186173364173+0.21495079094678565j),(-4.8209976941440355e-05+0.008647341689334715j),2405000000
(0.4253086585668925+0.07681679737131633j),(0.004309735182994205+0.007779491523504769j),2410000000
(0.41609489923310206-0.06615385306417895j),(0.006917759268215147+0.004615306936079717j),2415000000
(0.35147956029325295-0.1863680789243533j),(0.008385019656121007+0.0010125704156154073j),2420000000
(0.2518695611671749-0.2638663451201091j),(0.007645975669234422-0.003136675412169318j),2425000000
(0.1410243788523182-0.2975111505850773j),(0.0047451409658384285-0.005836675151682242j),2430000000
(0.028466428752140695-0.2983596257028193j),(0.0018919366773076387-0.006759680880660951j),2435000000
(-0.0881580778537653-0.259522122509799j),(-0.0010730975978310965-0.006630962982136967j),2440000000
(-0.18794552573853815-0.15990613230762057j),(-0.00290350114538817-0.005216738044173624j),2445000000
(-0.2262994187073796-0.016769409234457702j),(-0.004635893197886508-0.0042836367190420286j),2450000000
(-0.18523335142580383+0.13894400116690583j),(-0.0070067784482670545-0.0022934791953942127j),2455000000
(-0.0696704369211807+0.24469787865047565j),(-0.006688489841485823+0.0007781995493370081j),2460000000
(0.0855980868645205+0.27566325602368547j),(-0.006598403620228856+0.004105830498011814j),2465000000
(0.22850372301374564+0.23146545094041437j),(-0.0037226781122084752+0.006337030694889399j),2470000000
(0.32944130904126523+0.12370716095278586j),(-0.0001850442141271207+0.008522039558393863j),2475000000
(0.3737356864776564-0.015180454566231917j),(0.0037517780406461695+0.0070926983884950475j),2480000000
(0.3483132763181161-0.15717545624884433j),(0.006151910813600051+0.003840101897284644j),2485000000
(0.26398992936785726-0.2705335438391946j),(0.0067506446616031855+0.0012358433017435081j),2490000000
(0.14089031833067317-0.34026092993051693j),(0.005687723296172533-0.001399754716883459j),2495000000
(-0.0038330332197449805-0.3494362679522273j),(0.004562915958483071-0.0028712533871499035j),2500000000
(-0.0011021485690865607-0.35075946108716594j),(0.004559791531969891-0.002850876222397432j),2500000000
(-0.13677704652101594-0.29580338129593503j),(0.0036093408848407605-0.0037781746356929944j),2505000000
(-0.23352471493919993-0.18477456197916442j),(0.0028844580118752815-0.005237407752374896j),2510000000
(-0.27331089156712174-0.05520174761095571j),(0.0012770486761010656-0.0077922567201505035j),2515000000
(-0.25706336775435373+0.09058061798396057j),(-0.004113700291220397-0.008078285926204156j),2520000000
(-0.17845868006419968+0.20730523584032257j),(-0.007638912100348154-0.004383984433504378j),2525000000
(-0.05519725574471644+0.27670399185561895j),(-0.0084520196537979-0.0014263321757650418j),2530000000
(0.08584036513810399+0.2790724351999644j),(-0.009234235010795797+0.0034356769902025414j),2535000000
(0.20516242619122102+0.22014691262366695j),(-0.005642563516475252+0.008074289486087757j),2540000000
(0.28105832314706075+0.12074990290400409j),(-0.0008664125900700267+0.008533467289298647j),2545000000
(0.30322959521453147-0.0050673544578901325j),(0.0024032219272923203+0.00735376933930148j),2550000000
(0.26615847877132554-0.12318281842202301j),(0.004536359064118772+0.005676943370935038j),2555000000
(0.17712416859975463-0.21094518152634512j),(0.00615112832158939+0.00353370036090395j),2560000000
(0.059638675435606345-0.24981544622611204j),(0.007255533471582735+0.0015696952307656387j),2565000000
(-0.06441176917468465-0.22832773831311948j),(0.007508139731741871-0.0020996249586693843j),2570000000
(-0.16472590074494478-0.15529560055335512j),(0.006920885528870888-0.0045651396363631195j),2575000000
(-0.22150225395989243-0.043383452806503554j),(0.0037988194076374357-0.008030834056887438j),2580000000
(-0.22455148983596188+0.08123191072122107j),(0.000448058121222474-0.009102843653481352j),2585000000
(-0.16825762670546873+0.19099230907813414j),(-0.003906992988089062-0.009531516885717312j),2590000000
(-0.0754325345146476+0.26942026225557497j),(-0.008269072155109284-0.006436590847196136j),2595000000
(0.042089047320087815+0.297636330325408j),(-0.010330714441124857-0.0016202140090044112j),2600000000
(0.15212372725926662+0.2726745930613826j),(-0.009352935830924343+0.0030196897641395644j),2605000000
(0.24396213327775004+0.2054226402462815j),(-0.007537279612625228+0.0060952847764911946j),2610000000
(0.2957489524475455+0.11133602930242864j),(-0.004679624625682095+0.009149375096737068j),2615000000
(0.3069815841288751+0.0016886151619495016j),(-0.00012059893807055586+0.010713082494932634j),2620000000
(0.2648992792314686-0.09958541282939541j),(0.005042659152380095+0.00993363852848953j),2625000000
(0.1917465547854028-0.172925735184983j),(0.008896842489981597+0.006702107424813389j),2630000000
(0.08738462985720705-0.206680759206397j),(0.011036797357089068+0.0021643763224391947j),2635000000
(-0.018688559428609613-0.1953915591960563j),(0.01105420004073399-0.002969813528728401j),2640000000
(-0.1076843626905139-0.13565687744925134j),(0.008367241681538304-0.0073251199565224825j),2645000000
(-0.1646607138116584-0.04109940169967806j),(0.004816691018401587-0.01026072937659125j),2650000000
(-0.1735072958675414+0.07110081908979465j),(0.00019869921708404298-0.012250714902986085j),2655000000
(-0.13076152869602767+0.17444292207740922j),(-0.0060489283534356526-0.0114662120039445j),2660000000
(-0.04959412359024411+0.24792894043248334j),(-0.01089891504576581-0.0072858225611760145j),2665000000
(0.05462836171208527+0.2803126263375913j),(-0.012666100738783846-0.0012891112510103025j),2670000000
(0.1627489360269683+0.2712779696388842j),(-0.011561755439700583+0.004227755832166579j),2675000000
(0.2596529285867608+0.2130439813451587j),(-0.008521008565366067+0.008189729177301108j),2680000000
(0.32411271716308476+0.1286375974989603j),(-0.004869673685335596+0.011242261701425633j),2685000000
(0.3471899623496001+0.025323867922757867j),(0.00017841465982629953+0.01308297070977702j),2690000000
(0.3310477994695418-0.08141955487702608j),(0.0066424628121250036+0.012200308389930447j),2695000000
(0.27639461736611415-0.16805143946878218j),(0.011984490810318478+0.0077222001960978795j),2700000000
(0.19105547775470247-0.22940789715878443j),(0.013979287762008344+0.0018765118971784762j),2705000000
(0.08548047245965092-0.24912028624954557j),(0.0143794812639912-0.004964933806737154j),2710000000
(-0.017162300066086756-0.22503457769289387j),(0.01099710260911763-0.011200527641916909j),2715000000
(-0.09900070458875955-0.156756755927505j),(0.004082848351704442-0.016685651250990165j),2720000000
(-0.14020213142177904-0.06210356239635701j),(-0.004544889677989288-0.015273082456578284j),2725000000
(-0.14147657551763762+0.05094648247684154j),(-0.0111629860622545-0.011454609316502466j),2730000000
(-0.08507541294224472+0.15107745577741527j),(-0.0154269148235349-0.00537237561649874j),2735000000
(0.011256353450165034+0.21613138449526534j),(-0.015404432614812022+0.002840043876791632j),2740000000
(0.1306228200639061+0.22636759185708216j),(-0.012399614063988805+0.009561073395227168j),2745000000
(0.2407170088125458+0.18610737480706407j),(-0.006250435580022163+0.013782969174581989j),2750000000
(0.3244608005130658+0.10154778941965086j),(0.00044405129528518486+0.015231911939140754j),2755000000
(0.3675194815457612-0.012348397763113238j),(0.008009082635260286+0.012299662393452064j),2760000000
(0.3616860433699119-0.13485348232573838j),(0.011681156706181228+0.0069973759516959114j),2765000000
(0.3076377526685976-0.2474284202370313j),(0.012865212917970823+0.0007869053045061881j),2770000000
(0.21422496315594317-0.3301024125499268j),(0.01108667213220623-0.003725672508952531j),2775000000
(0.09415225268388534-0.37075996886596063j),(0.009336041106398164-0.007744730292535836j),2780000000
(-0.03896836921145852-0.3668789547447773j),(0.004481177924482083-0.011642146856634752j),2785000000
(-0.1598918188357778-0.30540913768043554j),(-0.0001372120247254968-0.011572733192662759j),2790000000
(-0.24943030461336294-0.20157643554876725j),(-0.00526797752100972-0.010772470003453693j),2795000000
(-0.2918445147283086-0.072310043888635j),(-0.010002203745103059-0.008044655633198498j),2800000000
(-0.2721731922021863+0.08145475777388768j),(-0.013287329900452961-0.0017283891389958633j),2805000000
(-0.188776725068282+0.20653726287664262j),(-0.011731099635528505+0.005094459102422286j),2810000000
(-0.05968249038232178+0.2804095561605147j),(-0.0072399290756231995+0.008918740846954952j),2815000000
(0.08726666988935898+0.2929600334833513j),(-0.0033105384808340115+0.010949256395573329j),2820000000
(0.2265595295037415+0.23295971628882617j),(0.0015320826810748223+0.01112729370427148j),2825000000
(0.32040895749560133+0.12489565310512599j),(0.005951034698287286+0.009560292708601384j),2830000000
(0.3621997745785388-0.014416711554968592j),(0.01005443537447773+0.005712374524461745j),2835000000
(0.33824946459247035-0.15769342440429002j),(0.011255449080031961+0.0007848891936208629j),2840000000
(0.2501554487980882-0.27709331972281354j),(0.01069916274576677-0.004928168386903342j),2845000000
(0.12706299432788792-0.35197825419957773j),(0.0069245549410562645-0.009255617094851787j),2850000000
(-0.024189985887343734-0.36430017942773724j),(0.001633612220582275-0.011385246358881178j),2855000000
(-0.17550209142443474-0.3115485167116304j),(-0.0038013825844241097-0.009787978115683145j),2860000000
(-0.28749627270772105-0.20072615531421012j),(-0.0067746708888443575-0.006120119094608883j),2865000000
(-0.34728481635950104-0.04804318256073569j),(-0.008640334263734334-0.002950287040458832j),2870000000
(-0.3381678248699823+0.12032962452499772j),(-0.00875799835417671+0.0011255707011509877j),2875000000
(-0.2573265696512227+0.2696385702291928j),(-0.006816987654465186+0.0045801969125580586j),2880000000
(-0.12227815248615517+0.3693969680096119j),(-0.004064602342275869+0.006319503926632755j),2885000000
(0.03872236317041924+0.4044773892759067j),(-0.001446900344710757+0.007216575235283341j),2890000000
(0.20176286271196572+0.371924148557705j),(0.0017380092217824986+0.007418741729352874j),2895000000
(0.32821148054202526+0.28343942988086185j),(0.00494925854662487+0.00588964257190477j),2900000000
(0.4132740815640204+0.1467102221689346j),(0.005908751816417197+0.0027459807606065034j),2905000000
(0.43135732782762654-0.005797411721162969j),(0.006635883071274376+0.0008483892706483438j),2910000000
(0.390819746267163-0.15615173257198436j),(0.006775400648093117-0.001979354094498284j),2915000000
(0.28563105490768237-0.2816510687437761j),(0.005519102131744385-0.004959434823746457j),2920000000
(0.1332306422283695-0.34882328520411704j),(0.002727112858329573-0.007271093466344408j),2925000000
(-0.0322683022029744-0.3464528144110454j),(-0.0013018743076255185-0.00793048155973528j),2930000000
(-0.18404437731776224-0.2687654132989652j),(-0.003963828360823118-0.006470622121438482j),2935000000
(-0.2871671811250611-0.12510019130005612j),(-0.007014062913893229-0.003775235531389985j),2940000000
(-0.3161265473157257+0.047948128052786844j),(-0.0075419242335478705+0.00036368416518793345j),2945000000
(-0.26344845367882536+0.21954432415159167j),(-0.006270822752614749+0.003706044782741862j),2950000000
(-0.1451978853404146+0.3431303483541607j),(-0.0031791122191799403+0.006188099896783818j),2955000000
(0.011779331695552888+0.4038690311388423j),(0.0006746329726346724+0.005222564118966591j),2960000000
(0.17081836843967113+0.4019116801730086j),(0.0009054203300732297+0.004531796338612943j),2965000000
(0.3210677898425655+0.32469583653532497j),(0.0031754869062589662+0.0038307644494826806j),2970000000
(0.42602254292534025+0.2034630191415583j),(0.0037857189877973513+0.001984863891758377j),2975000000
(0.4720421315622383+0.05281947564623403j),(0.003953777530489389+0.0007037699207924793j),2980000000
(0.45836526019299567-0.10011221872054009j),(0.004295507195747557-0.0006423486821693279j),2985000000
(0.3903967433173668-0.23692649365320717j),(0.0037778620100055293-0.002662551507316832j),2990000000
(0.27300805007254053-0.3386442245294497j),(0.002028883597866875-0.0038029097889653797j),2995000000
(0.11986927730603053-0.390852482873035j),(0.0005461057030272564-0.0040217333570030205j),3000000000
(0.11974330524158198-0.3908512399521393j),(0.0006025871225203039-0.0040535515506532j),3000000000
(-0.04463856272013648-0.3729443942681541j),(-0.0008546218291104967-0.004326531489257798j),3005000000
(-0.1920377436299582-0.2874997989705371j),(-0.0028936399506186055-0.0035628519309223836j),3010000000
(-0.288054994317912-0.1403444561849185j),(-0.004055892479200905-0.002039104468934747j),3015000000
(-0.3096356821860195+0.035936290070334116j),(-0.005260004990572758-0.00021706051546571548j),3020000000
(-0.2530757956241505+0.20325991930075496j),(-0.0038409166872152424+0.0030253581205541094j),3025000000
(-0.1200137156468058+0.32965337368412145j),(-0.0026815113208073166+0.0035632043826480473j),3030000000
(0.045162976390535+0.3823089143097488j),(-0.0010139172845470927+0.00412738792193205j),3035000000
(0.21567198706305746+0.3594509539688539j),(0.0006683756463831878+0.004207026307893617j),3040000000
(0.3572614474828223+0.2703337159723784j),(0.0023434518297991147+0.0035332676281019065j),3045000000
(0.4508812949426107+0.1308129984910778j),(0.003626091371804058+0.00219545342473267j),3050000000
(0.4814660094212231-0.02252905212809627j),(0.004153284134505099+0.0004758821007581676j),3055000000
(0.4504313935695256-0.18046130543123173j),(0.003813226157038861-0.0012773106050199435j),3060000000
(0.37280839084884054-0.31040833004809687j),(0.0026863072582277887-0.0024468055815643807j),3065000000
(0.2411392858295029-0.4085796285930552j),(0.001887179417514422-0.0030401360165089714j),3070000000
(0.08815835037445666-0.44636216690600683j),(0.000972828589680474-0.003727770213289632j),3075000000
(-0.0731544158076875-0.4197734991130666j),(-0.0005669280826562022-0.004312842788344127j),3080000000
(-0.2134383275051608-0.33646474554718736j),(-0.00272440058365052-0.004047956253705895j),3085000000
(-0.3122668885164661-0.19783523939917164j),(-0.00427961612667111-0.0018585875695100837j),3090000000
(-0.3402971025998743-0.025088791366887013j),(-0.0056605756482976145-0.00043043883329935075j),3095000000
(-0.2924453178129469+0.14393427555799057j),(-0.004866561187324428+0.003260380669828259j),3100000000
(-0.16915372992299954+0.27361985343685113j),(-0.0027491426836623143+0.0051396129451593735j),3105000000
(-0.004484070099566378+0.3355995302839877j),(0.00034471258089524396+0.004900005380182365j),3110000000
(0.16947993983916176+0.3152658960502041j),(0.0014234634509537433+0.0031539929791712658j),3115000000
(0.31204772163758204+0.22391848956067031j),(0.0025056341878519016+0.0032495679891764075j),3120000000
(0.39918460860695587+0.0837363039214668j),(0.004083330969213616+0.0030700013382522705j),3125000000
(0.4242530080595578-0.06921073573472117j),(0.004656550627920241+0.0004253744301060113j),3130000000
(0.3824017303820917-0.22250051764314957j),(0.0048233140700653775-0.0011343242914033608j),3135000000
(0.2843152568218384-0.3444641129043256j),(0.0047450722435628334-0.003846029352359802j),3140000000
(0.1440890095818446-0.41974411346456875j),(0.002782648306093259-0.006281852597558306j),3145000000
(-0.014134229804107983-0.4341001050365818j),(-0.002299103232831953-0.007232564395803669j),3150000000
(-0.17303824501677395-0.38552206644454734j),(-0.005465333422183528-0.003961558269164686j),3155000000
(-0.2993927749651139-0.27281850291766j),(-0.005295721259194403-0.0009672004449276764j),3160000000
(-0.36765380714468726-0.11874431223388641j),(-0.00531627120871271+0.0005023244261395444j),3165000000
(-0.37122913564607374+0.0570034148382496j),(-0.004867176197203448+0.0031948749679557935j),3170000000
(-0.29996879754755135+0.21871323412477878j),(-0.002291339369839837+0.004966894447713302j),3175000000
(-0.1698029566002+0.33613667669383274j),(-6.202139901589423e-05+0.004797633664949954j),3180000000
(-0.00022754767286426667+0.38859678699915845j),(0.001637212050886153+0.003976527797149709j),3185000000
(0.1690257895969174+0.3661561433266557j),(0.0029022109763169046+0.003156843685478572j),3190000000
(0.310843040337221+0.27760878533370686j),(0.003968474758702784+0.001930532881911186j),3195000000
(0.4015016447248189+0.14505850777695226j),(0.004492135372891637+0.000168254867861554j),3200000000
(0.43029369175700033-0.013355090216661968j),(0.00405405406350425-0.0017381543038147648j),3205000000
(0.39496777781449266-0.16235996008381723j),(0.0032195781071817395-0.0033249620875854874j),3210000000
(0.29683246062512625-0.28988091118759424j),(0.0017458100805303098-0.004313771028159922j),3215000000
(0.15744486395595503-0.36645402493977197j),(-0.000194924778460434-0.004593034145179748j),3220000000
(-0.005845037185952069-0.37605806210009174j),(-0.0022598891072444127-0.004375508589244012j),3225000000
(-0.15943933643095523-0.3133823297589801j),(-0.004364122603069797-0.0035848005502680416j),3230000000
(-0.27494573320687116-0.18991252349160792j),(-0.005467709917742125-0.0013564776050521328j),3235000000
(-0.3274042168342781-0.025700891276524054j),(-0.005474263837451846+0.0019496903893037416j),3240000000
(-0.30625634252481665+0.14482237728966937j),(-0.0037410751610992845+0.004026460546654126j),3245000000
(-0.21412499703750848+0.29007171103209356j),(-0.001562967519249826+0.004976293277011934j),3250000000
(-0.07538633963362244+0.3812041521910063j),(0.0007600304345370665+0.005086291342433278j),3255000000
(0.08767510818686083+0.40835635438839585j),(0.002609070968309893+0.004115885118497692j),3260000000
(0.24125382549301988+0.3715760273475422j),(0.003995577496969283+0.0027148978126925877j),3265000000
(0.36766630809863843+0.2815139215019912j),(0.00480221295912706+0.0008434365055462696j),3270000000
(0.44597457365519566+0.15450846584504807j),(0.0047276906633768835-0.0010012903537250015j),3275000000
(0.4732976976643767+0.008619397286685582j),(0.004055993904994458-0.003046041527463044j),3280000000
(0.4441166072538814-0.13746506419277543j),(0.0024452194121445353-0.0046264642622857515j),3285000000
(0.36087613621749226-0.26248237257394746j),(0.0003030809368718035-0.00540817641597392j),3290000000
(0.23406720793495936-0.346603101231493j),(-0.0020155940570087843-0.0050221755352863025j),3295000000
(0.07864521531635506-0.3746562882617834j),(-0.003924660815786954-0.004021625632130631j),3300000000
(-0.07682112764774784-0.33671161822119167j),(-0.00575174918271269-0.002174062308687321j),3305000000
(-0.20515278714090435-0.23105006126314756j),(-0.00639688918360773+0.0010585082581513212j),3310000000
(-0.27634753485591057-0.0744115766637351j),(-0.005176559523665423+0.004064113740985383j),3315000000
(-0.2695183057329471+0.09534134863419869j),(-0.0025609768213010068+0.006084840179316526j),3320000000
(-0.18415131546146304+0.2477428992224628j),(0.0007922277243192161+0.006439009077564506j),3325000000
(-0.042164119344816585+0.34185916679498485j),(0.0034887660078364463+0.004954636339003381j),3330000000
(0.1204454024907121+0.3652666421789146j),(0.004739604347701554+0.003100251183730513j),3335000000
(0.275772586640403+0.31768908673585033j),(0.005741035077022944+0.0006699427383332767j),3340000000
(0.3977672717399494+0.21532281307408424j),(0.005412183101119336-0.0018284475781302286j),3345000000
(0.46548464840651355+0.07594862684475179j),(0.003933256545776069-0.003616694768712219j),3350000000
(0.47685293940175516-0.07226927052288197j),(0.0020674765788931265-0.0047378795232309685j),3355000000
(0.4346382251331531-0.21532740142448503j),(8.877145144598907e-05-0.00514773170627572j),3360000000
(0.34421939370736676-0.3299801568684462j),(-0.001754269145819543-0.005029147581001037j),3365000000
(0.21989174982894003-0.40737248168982165j),(-0.0038741256810331972-0.004169754579070294j),3370000000
(0.07002993209172616-0.4321604445826745j),(-0.005660337920872906-0.002345569997703197j),3375000000
(-0.0764310729470887-0.399913421944755j),(-0.006295770487345191+0.0006755400681790518j),3380000000
(-0.2036222443601907-0.31124491230116885j),(-0.005019072996059531+0.0037454799452647787j),3385000000
(-0.28582927101870953-0.17369344935621447j),(-0.0032417165010703926+0.005411874829243381j),3390000000
(-0.29999859962255127-0.011132700248440042j),(-0.000825581909408958+0.006864848321050213j),3395000000
(-0.2374303531824173+0.14308555552037658j),(0.0028568815687064065+0.006804761177233141j),3400000000
(-0.10996170918915907+0.25232262948372486j),(0.0057778636187622075+0.0046136144573821775j),3405000000
(0.05307466560068074+0.28798425348463097j),(0.00713022174717859+0.0012860337958480693j),3410000000
(0.21012791799681668+0.24762192748143413j),(0.006846443432308432-0.001796430554417141j),3415000000
(0.32724487003866165+0.14322141584323955j),(0.005830490487246076-0.004835248847779139j),3420000000
(0.3903564804630119+0.0033199940483107497j),(0.0023623292203492512-0.0070689318219853406j),3425000000
(0.392008960439058-0.14610546049458345j),(-0.0011988885272165661-0.007095755015357547j),3430000000
(0.327815406790346-0.2850583437626515j),(-0.004075139905144713-0.0055469939454707564j),3435000000
(0.22177212235859883-0.38291421164640804j),(-0.005949761960452982-0.0028521116474370597j),3440000000
(0.07898094172934209-0.43236309036003534j),(-0.006016191389506714+3.146855895959529e-05j),3445000000
(-0.0645875962761683-0.4258302090298825j),(-0.0051499499831387805+0.0021533577817178257j),3450000000
(-0.20224620867224025-0.3602085704564932j),(-0.0042214325483480525+0.004072527239457217j),3455000000
(-0.30143485361788164-0.24126098281912484j),(-0.002035565816727266+0.005771496881081809j),3460000000
(-0.34785450464992773-0.08999271759110927j),(0.000451235049293494+0.006182187862088242j),3465000000
(-0.32689255327715105+0.0695419210573658j),(0.003164337046883357+0.005644972284381226j),3470000000
(-0.2386682605872162+0.20801735206296226j),(0.005697149850620309+0.0038998498632660072j),3475000000
(-0.09951298637600793+0.2950673233665564j),(0.00656934378524627+0.0005004540199543459j),3480000000
(0.0610561760203143+0.3146667208038524j),(0.006102949794777399-0.0024077540651579444j),3485000000
(0.21019358684625222+0.26027628929404156j),(0.00455996478954204-0.004566399730840236j),3490000000
(0.3197480795554356+0.15395388704007779j),(0.002235461206806013-0.0062340884302797064j),3495000000
(0.3709314180851108+0.012223528975774497j),(-0.0007752648574626683-0.0070680791030138575j),3500000000
(0.37126669697139425+0.011555706654571531j),(-0.0008533457014814344-0.0070621360401867325j),3500000000
(0.35915196010361394-0.12659275849023874j),(-0.004556516880698777-0.005864952229573851j),3505000000
(0.2881891862702352-0.2525135832694741j),(-0.006634693703550258-0.002730149254652715j),3510000000
(0.17565332262805278-0.3331207319612345j),(-0.00642279781167186+0.0013418434080338746j),3515000000
(0.03615119584426273-0.35970778462994335j),(-0.004744158827384721+0.003150495706110501j),3520000000
(-0.1047369556675978-0.32534000193388585j),(-0.002525652272645144+0.005273055775973001j),3525000000
(-0.21741675303303074-0.23100269605730672j),(-0.00015536368082020208+0.005345162453782173j),3530000000
(-0.2803218802347436-0.09768825872091011j),(0.0012651628656199395+0.003865032313625727j),3535000000
(-0.28398289991621156+0.05431935329839808j),(0.001910629123572063+0.004493957787364547j),3540000000
(-0.22123298409458877+0.19108942813228325j),(0.004863939698084247+0.0034228788775497367j),3545000000
(-0.10843218614292108+0.2896015789170056j),(0.006087849832600795+0.0005794683541292958j),3550000000
(0.032012374675311456+0.3317370961967697j),(0.005598564992175415-0.0023284092245696737j),3555000000
(0.17648580193275715+0.3091126194864887j),(0.003573394931964039-0.004193612199813979j),3560000000
(0.2921458992167772+0.23602667136712657j),(0.001932318193959219-0.005283095540513837j),3565000000
(0.364662993150961+0.12573087252240361j),(-0.0002894095754885431-0.005985122085947392j),3570000000
(0.3867444512457696-0.005075016720223711j),(-0.003360689241330687-0.0056219051314851205j),3575000000
(0.34986017957011895-0.12848141734414392j),(-0.006084059219781847-0.0029194711154043236j),3580000000
(0.26903912091924365-0.22553529428993507j),(-0.006463043222760588+0.0003159132385051486j),3585000000
(0.15404151044921413-0.2761313380326264j),(-0.00506540778087584+0.0033297943230296257j),3590000000
(0.027414139930387736-0.27167662614884763j),(-0.0027212054716365115+0.005230020988875542j),3595000000
(-0.08264025332989566-0.20980122450029334j),(-0.0004695738605810889+0.005390487400159245j),3600000000
(-0.15502987687460815-0.09935437760920313j),(0.001780738421099987+0.004443983872303821j),3605000000
(-0.16395142222244607+0.027985163828331102j),(0.0036323528179463935+0.0034685783495978354j),3610000000
(-0.11072709985753323+0.1429897468766015j),(0.004427425372812765+0.0014534873808854708j),3615000000
(-0.014112111303135813+0.21538017536560208j),(0.004365309390423598-0.0001629386977960673j),3620000000
(0.10601888387417652+0.23366720436024857j),(0.0035579767581076427-0.0016166320335371713j),3625000000
(0.21510369366326834+0.196682183521929j),(0.003110553474252214-0.0027691222247546356j),3630000000
(0.2934151351014666+0.11623735609850408j),(0.001485911764090999-0.0038611371820984975j),3635000000
(0.3251585602994587+0.015317475235506063j),(0.0007387077930496766-0.0034092827646762477j),3640000000
(0.31651844177259564-0.08423525544790662j),(-0.0007895938156584267-0.004705316121631248j),3645000000
(0.26232791422059293-0.1692859243367871j),(-0.002106214189971525-0.003934070519648288j),3650000000
(0.18321823859435327-0.21771683494925462j),(-0.0054396493447244725-0.003791067549980953j),3655000000
(0.0903766689047246-0.22964594558542556j),(-0.0074333179497447005+0.0005649928728746531j),3660000000
(0.009748080374847956-0.19257216867264854j),(-0.005776998401912712+0.004434419968556266j),3665000000
(-0.039634470550582446-0.12415207214934806j),(-0.0026702412992465016+0.006395799557485818j),3670000000
(-0.04283795133934171-0.045402078692545096j),(0.0003888076411850034+0.006668878134347337j),3675000000
(-0.0024246648106724332+0.016763308352064292j),(0.002345463126988651+0.005983561393718922j),3680000000
(0.06200926926466021+0.03785113651434365j),(0.005336993561173116+0.004739733331825226j),3685000000
(0.12423933701918324+0.025617423382149115j),(0.006902102104531768+0.0018189510448474602j),3690000000
(0.17178599939639133-0.016151614471971932j),(0.008758046464968618-0.000666206969226693j),3695000000
(0.19153640614282763-0.08542145011145513j),(0.007361834559569136-0.006487812542456391j),3700000000
(0.17105300862623463-0.15279444588773328j),(0.002553497467635147-0.009132209759172592j),3705000000
(0.11690765015434414-0.20230646690348378j),(-0.0027767166543019427-0.008642269465643532j),3710000000
(0.05131250322702752-0.2243743008364243j),(-0.005814494829208208-0.005363053779579425j),3715000000
(-0.028828349587735606-0.2132972022970007j),(-0.00733819043943777-0.002671226092140629j),3720000000
(-0.08963543025339789-0.1557048803941138j),(-0.008802799244556691+0.0008709765251087035j),3725000000
(-0.11357743526852924-0.07306272592876234j),(-0.007635310314598851+0.005814684049533997j),3730000000
(-0.0827163034586173+0.008442845245833797j),(-0.0029296608822144614+0.010062481665983017j),3735000000
(-0.020477435453973264+0.05166899142123383j),(0.0037276343754169025+0.009646531882723708j),3740000000
(0.040478041302847975+0.06572912297691945j),(0.0075384396692317794+0.0043899937582360495j),3745000000
(0.11019725502516482+0.062331418217349034j),(0.00640701028918946+0.00039388668743931226j),3750000000
(0.17867138314436576+0.022613962435943807j),(0.00515829029440947-0.0015922590692856366j),3755000000
(0.2273395782406411-0.0582567497870137j),(0.0038697317691037997-0.002882958964799836j),3760000000
(0.22726140978372558-0.1553689155588822j),(0.0022401314531034352-0.0033506015505054922j),3765000000
(0.17111009018270093-0.24644476089733355j),(0.0012736473160190676-0.004562048821574581j),3770000000
(0.07998496539233986-0.2981125989454724j),(-0.0011745456211661705-0.004446153331553097j),3775000000
(-0.023177540164887826-0.3071169388438641j),(-0.0037119868223106497-0.00191486096710572j),3780000000
(-0.12961009539245028-0.26697500174128197j),(-0.003143188538736904-0.0005630172220050136j),3785000000
(-0.21184941204742094-0.17585820593040388j),(-0.0021480153464289724+0.0004761280204711846j),3790000000
(-0.23955135773900163-0.056589259315626916j),(-0.002475238242831637+0.0007172668108106535j),3795000000
(-0.21053554367152288+0.06398789802924468j),(-0.0024771698587260755+0.0021730041318692257j),3800000000
(-0.13553270738152337+0.15926388444541073j),(-0.0009286797855288876+0.0030043873717593163j),3805000000
(-0.018622169818629283+0.2146026849096416j),(-0.0002384223560114501+0.002793252062179446j),3810000000
(0.10995462750601234+0.21113573315223744j),(0.00035151134939869177+0.0028774445586714j),3815000000
(0.22336914097124233+0.15051210521628472j),(0.001337152547520117+0.00295602729277168j),3820000000
(0.2953411741325843+0.04456123182230613j),(0.003563137435672658+0.002669056003113334j),3825000000
(0.3082643682327571-0.08131182758964256j),(0.004978852557518764+0.0006184614271393685j),3830000000
(0.26264959131030047-0.2033378453528137j),(0.004549339313386167-0.0017381117908201438j),3835000000
(0.1717567806036094-0.288841712577712j),(0.00284640193322187-0.00499109346544089j),3840000000
(0.049572887659793445-0.32752772554623755j),(-0.0011712092351939712-0.00507018452242784j),3845000000
(-0.08104916108296949-0.3071861945908015j),(-0.0023801260206501146-0.0030953529649842175j),3850000000
(-0.1992197910920421-0.2279656268395613j),(-0.002832538568227621-0.0016996037527726036j),3855000000
(-0.2684494979131007-0.10567791545006121j),(-0.0032769552510187204-0.00042171567788140815j),3860000000
(-0.2759837610627821+0.04413568432944695j),(-0.0035231664039909556+0.0004921785954910874j),3865000000
(-0.21885201858843403+0.1821202471116953j),(-0.00265698132056085+0.002748368839578476j),3870000000
(-0.10811888057540593+0.28548457785693976j),(-0.0009036722764840981+0.0031308468403940986j),3875000000
(0.03744696204675838+0.33216468702452195j),(-2.2808101604069345e-05+0.003377577154684805j),3880000000
(0.18967957529349427+0.31063352922379056j),(0.0014011024780278664+0.00290624507387249j),3885000000
(0.3127455700289359+0.22922900848833555j),(0.002572919830440251+0.0015754057187703516j),3890000000
(0.3940095462251437+0.10465916487028505j),(0.002824344386749042-0.0002555328214229048j),3895000000
(0.41607934223186566-0.031116633558781012j),(0.0024986706754443334-0.0008743877902471427j),3900000000
(0.3858616003059894-0.17104914292630666j),(0.001741102422773773-0.001161577293603853j),3905000000
(0.29817290525490414-0.28329020279960937j),(0.0011920269830629172-0.0021923091831184552j),3910000000
(0.1760482484024796-0.35097602197642813j),(2.8643430145149788e-05-0.0025545935475896242j),3915000000
(0.03341276655807363-0.3694835641650732j),(-0.0014300280651953314-0.002125655221862176j),3920000000
(-0.11326036759600051-0.3229780784525608j),(-0.0013258038771850435-0.0011634094545094815j),3925000000
(-0.2227709389232435-0.21840976875687745j),(-0.0015643658503134202-0.0008422790904404984j),3930000000
(-0.27906587943410466-0.07031854150112346j),(-0.0019520377354718785-0.0006552738224928575j),3935000000
(-0.26380237508304144+0.08758138574194241j),(-0.002104358202488105+0.00027199062524363004j),3940000000
(-0.18392227370509276+0.2250635546665448j),(-0.0020392297160770107+0.0009616412708810109j),3945000000
(-0.049389401692610704+0.3128847641567985j),(-0.0015738095051442622+0.00220731267941236j),3950000000
(0.1106703577427426+0.33451050178671976j),(-0.00043302953057503663+0.0030423298217343397j),3955000000
(0.2577282333351642+0.2884095332036242j),(0.0011999388177100319+0.0028360881347725122j),3960000000
(0.37353438055465704+0.18672048307920167j),(0.0026494787701246084+0.0018775586444833776j),3965000000
(0.4382902526370079+0.04848771626622573j),(0.003061988299744617+0.0010606659682058023j),3970000000
(0.44630658492613845-0.09525898735350793j),(0.0032134323288420864-0.0008825782745245817j),3975000000
(0.3992692184170813-0.23239575479673907j),(0.0021880731839738444-0.002833033004188465j),3980000000
(0.30941253285628373-0.3397133977910841j),(0.00027941702161407556-0.0028496412005014197j),3985000000
(0.18000651335501552-0.41117838318433186j),(-0.0005962821568949922-0.0022267599484503647j),3990000000
(0.035339263229130134-0.42851639771666916j),(-0.0012870139542736471-0.0016881062899405809j),3995000000
(-0.11810226398315066-0.38233385248069285j),(-0.0017624017007083455-0.00114860014816501j),4000000000
(-0.11110376487312593-0.3837408313671856j),(-0.0018799993431492224-0.0015204529714185559j),4000000000
(-0.2294263752679986-0.2777512184713115j),(-0.002455472408151905-0.0005055424210481424j),4005000000
(-0.29171221423715726-0.14008167489679543j),(-0.002145343354992108+0.00047942541674420713j),4010000000
(-0.29010757908434687+0.025188021421324508j),(-0.0016886540552676222+0.0017583907017790063j),4015000000
(-0.2111192372514571+0.17401223080918718j),(-0.0008255903966238403+0.001932452127837918j),4020000000
(-0.07562872873370498+0.2660045300227578j),(-0.00024428495301876443+0.002287291956388338j),4025000000
(0.09142782802414745+0.2850807964760811j),(0.0011580219857200555+0.0019133312831328896j),4030000000
(0.24019214362207425+0.2350649654211064j),(0.0015868089065219342+0.0014336492230818106j),4035000000
(0.35553569768342325+0.12743763199218072j),(0.0020816785171336003+0.00035426052636275494j),4040000000
(0.4129180408838642-0.014571011052124437j),(0.001887152522007569-0.0002587258446403942j),4045000000
(0.4096251612216824-0.16600214631049323j),(0.001611533169904835-0.0009970551732525676j),4050000000
(0.3515679336256381-0.29835223077118206j),(0.001256504863395888-0.0015577795959752997j),4055000000
(0.24778933520334132-0.40326548308326865j),(0.00053637157012211-0.0018897170631298236j),4060000000
(0.11979775402613407-0.4577023948079398j),(-0.00044197227279915496-0.0015103662842344033j),4065000000
(-0.03563554579065832-0.4662745487680028j),(-0.0004964026234189078-0.0014542607756678238j),4070000000
(-0.17119096044022022-0.4189433488655325j),(-0.0012743594276678732-0.0017815236838716302j),4075000000
(-0.2886679451592824-0.3163470891045676j),(-0.002565637513216448-0.0006364243293624846j),4080000000
(-0.3576785227830569-0.17890139949051725j),(-0.0025028726813348993+0.0006822225613533656j),4085000000
(-0.3647602959269099-0.016838584019116767j),(-0.0017391503594389784+0.0015786340808544902j),4090000000
(-0.30187108784709354+0.13733080889684843j),(-0.0009879447722051433+0.002182365477097974j),4095000000
(-0.177482289011981+0.25063244500222553j),(0.0003593314515894241+0.0025692846210086805j),4100000000
(-0.012215870379195288+0.2967382314382319j),(0.0010540384717894107+0.0021109497739051557j),4105000000
(0.14952715527086663+0.26208780335218723j),(0.0022092749001860275+0.0016114232979002148j),4110000000
(0.2796005277827964+0.16305416608237233j),(0.002581394187151032+0.00021588502387588973j),4115000000
(0.35070945347172505+0.01759560589247874j),(0.002145011679263449-0.0008517098641026506j),4120000000
(0.34804761393442485-0.14331470158970502j),(0.001899523950133887-0.0015800956279583566j),4125000000
(0.2804340860073503-0.27815649871700593j),(0.0006842006453728464-0.002473815032202487j),4130000000
(0.15661483799990802-0.375979337226172j),(-0.0004483343913036724-0.0023136652867135105j),4135000000
(0.006879065421767508-0.4109602140353916j),(-0.0013845600200253938-0.0017868597901886723j),4140000000
(-0.14459032561268298-0.38023196920542535j),(-0.0020209720636249415-0.0010921075861417707j),4145000000
(-0.27074179904719253-0.2911217373676099j),(-0.002483445727825228-0.00038239424203082446j),4150000000
(-0.3522257087306797-0.15412656772644437j),(-0.002200000432096875+0.0008296306463193205j),4155000000
(-0.3737490884295489+0.0033105498509160727j),(-0.0015055467949769631+0.0014764639801842171j),4160000000
(-0.32404069801707686+0.16200284500897363j),(-0.001056499779490308+0.002037610207956567j),4165000000
(-0.2217459684694798+0.2854894165348941j),(0.0002855601625894839+0.002395321871359143j),4170000000
(-0.08588054455546963+0.35910600925135433j),(0.0013107967746863152+0.001655708337105624j),4175000000
(0.07467896672422208+0.3756493680836204j),(0.0016121686865072445+0.0011787428358265594j),4180000000
(0.2292760233222446+0.3292901043873082j),(0.001998517158125106+0.0002582731591216789j),4185000000
(0.3462217093592652+0.23100098704680574j),(0.001954034725762966-0.0009546105133634542j),4190000000
(0.41924059301719213+0.09380153547524303j),(0.0010154359411233247-0.0016648118674842053j),4195000000
(0.4308624979609802-0.05821952810165748j),(0.0004990514072965109-0.0015450576170198346j),4200000000
(0.3856153418027873-0.20060356024038528j),(-3.3481032041008884e-05-0.0021270787338697104j),4205000000
(0.2882479289051678-0.31278637535722337j),(-0.0013099341258145701-0.0018030133468509137j),4210000000
(0.1491226630344972-0.37983375288632454j),(-0.0019448973605576154-0.0010087117092902435j),4215000000
(-0.007879938575397408-0.3836380597209429j),(-0.0023044394770988562-1.9720880479076578e-05j),4220000000
(-0.1539526212048553-0.31544441378173715j),(-0.0013828531957281133+0.0008610073833688155j),4225000000
(-0.2602770522283111-0.19121656792834035j),(-0.0009644903809835347+0.0007552734159523068j),4230000000
(-0.29965003253079925-0.03079926786456794j),(-0.0006834946164279091+0.0012762267591822573j),4235000000
(-0.26515804390369757+0.1343098973152215j),(-8.954578658815432e-05+0.0013647882394606803j),4240000000
(-0.16536162245108588+0.2646149376654396j),(0.0007208736427521787+0.0013177471972337187j),4245000000
(-0.018070414886312235+0.3405217555795945j),(0.0012373531708842096+0.0005716354080526245j),4250000000
(0.13960839697440183+0.3500601562910337j),(0.0008654547296687568-8.899550211622516e-05j),4255000000
(0.2859704162795382+0.29432421432418815j),(0.0008080584640025518-0.00024814288932810787j),4260000000
(0.3978056626023761+0.1866932766343862j),(0.0008853365212371783-0.00043640046788477117j),4265000000
(0.45848030571079346+0.055838760997393336j),(0.000610514927540421-0.0011422598786112734j),4270000000
(0.4666953584050925-0.08818428019312148j),(0.00010232687867852184-0.0010033064331406633j),4275000000
(0.42329957202143476-0.2266536092024886j),(-2.4318268203469165e-05-0.0011873905854991793j),4280000000
(0.3324304260282893-0.33997423548701416j),(-0.0006426758167055917-0.0011350352196492542j),4285000000
(0.20655802475546864-0.4118931332353973j),(-0.0010235884344860246-0.000516361179243466j),4290000000
(0.062025783485480025-0.43122868391469j),(-0.0009885335089475325-7.110007876796349e-05j),4295000000
(-0.08662754511110607-0.39646257286543773j),(-0.0008617673720457396+0.0005259608621906646j),4300000000
(-0.20799939322969188-0.3029699344564446j),(-0.0002641725547317981+0.0005031006179195913j),4305000000
(-0.28337380500635156-0.16543004682445683j),(-0.00013581806369725256+0.0002393871474547433j),4310000000
(-0.2944094206964106-0.005461999390527976j),(-0.0003484970494632983+0.00013194064508454642j),4315000000
(-0.23012756339866328+0.14582962915409797j),(-0.0006643753826180885+0.0006786760783274872j),4320000000
(-0.1057219936908912+0.25239012739070926j),(0.00012649534899634448+0.0011751077158667959j),4325000000
(0.05456547161319094+0.2893255952242853j),(0.0006441547492844407+0.0006658818545771213j),4330000000
(0.20561758499255067+0.2567221110126558j),(0.0009115406647057005+0.0008583234031280225j),4335000000
(0.33008332333876184+0.16235118349832542j),(0.001371545318751237+0.0002887668978304945j),4340000000
(0.402077123216724+0.02474793496380037j),(0.001603819274161722-0.0005187711707273485j),4345000000
(0.41738971368752464-0.12079259866139058j),(0.0010971394225578047-0.0011455929171931044j),4350000000
(0.3720848277457104-0.26297721309388983j),(0.00030609634692265115-0.0015451105142201438j),4355000000
(0.282018231777619-0.3750034850645422j),(-0.00040180019109278576-0.0014700025777070165j),4360000000
(0.15553759068363185-0.44758063500742745j),(-0.0009129392937605264-0.0009209788239544926j),4365000000
(0.009112772450839754-0.47042316267940987j),(-0.001223982696614457-0.0006004668543078779j),4370000000
(-0.1305380509660338-0.43910466154030026j),(-0.001171168600145407-9.404210943614213e-05j),4375000000
(-0.25672074144275125-0.35621878013931857j),(-0.001007809014583417+0.00021929914876364987j),4380000000
(-0.34021871041545976-0.22960236786270993j),(-0.0010940532203076358+0.0007486965993160259j),4385000000
(-0.36787672949692973-0.07514722919241285j),(-0.0008734471114550298+0.0012408148575421508j),4390000000
(-0.3274448355206055+0.08110955167544306j),(-0.0001374493794837066+0.001504209347559744j),4395000000
(-0.22017965544485518+0.20818163565695103j),(0.0005511734459164883+0.00163712909279994j),4400000000
(-0.06476378975156477+0.2732370367471746j),(0.0014781542123735057+0.001330485367794697j),4405000000
(0.10273520735059011+0.2606133753225538j),(0.001881736477474697+0.0006199572971277256j),4410000000
(0.24299435949557943+0.17359176679364535j),(0.0021407991723373892-0.00033021315438143157j),4415000000
(0.3293822252504525+0.03249703047597181j),(0.0017624508760268644-0.0013414091392502877j),4420000000
(0.34196844372291546-0.12627390189393917j),(0.0008150010915092394-0.001909246390924414j),4425000000
(0.287258851527943-0.2708923111730362j),(-0.00019990637225563427-0.002056720792389336j),4430000000
(0.17714493650642996-0.3758495473703468j),(-0.0008170901865465598-0.0014503268881499154j),4435000000
(0.04003342963356047-0.4266838220814164j),(-0.001230257498264543-0.0008680641501933087j),4440000000
(-0.10568093550064198-0.42326801716959206j),(-0.0016550110378717175-0.00023386301157479465j),4445000000
(-0.24192887170110158-0.35885529461516136j),(-0.0015512485743269+0.0003984166263361636j),4450000000
(-0.34075608968187776-0.24710568100056832j),(-0.00170957586376756+0.0009060519037899173j),4455000000
(-0.3909526615648669-0.10651594339280426j),(-0.0011525369207926177+0.001780174557785699j),4460000000
(-0.3840599239244663+0.04692741581985257j),(1.7332582789029332e-05+0.0020517785901989606j),4465000000
(-0.31671027915102984+0.18723951844076694j),(0.0010266625579408775+0.001811507871923857j),4470000000
(-0.1999789223322076+0.2928624855196539j),(0.00159891545356158+0.0012072884321017616j),4475000000
(-0.05647601326871676+0.3463444035524446j),(0.0016890758812821553+0.00039669584377963326j),4480000000
(0.10384032537708503+0.338500212254894j),(0.001546938679744145-0.0002615119519272848j),4485000000
(0.2431492327583966+0.2707341291630638j),(0.0011708016985992966-0.0005368590427717542j),4490000000
(0.34458446174679275+0.1543027845661633j),(0.0011284350883913714-0.0009299070339528222j),4495000000
(0.3913140577377813+0.010652362065213791j),(0.0005294788599440036-0.0014511275762104257j),4500000000
(0.3923410883406609+0.006605693942880354j),(0.0005242805692402591-0.0015493996709300892j),4500000000
(0.3763555836379394-0.14177754458499406j),(-0.00021120969239375332-0.0018061666118407071j),4505000000
(0.30017134231331827-0.27261591180554107j),(-0.0012981151929588506-0.0015872959741719064j),4510000000
(0.18143814671336803-0.359204902555605j),(-0.0017766805568845048-0.0006803020965527953j),4515000000
(0.029841457484407925-0.38850355367237416j),(-0.0016944214964821353-6.112153522148951e-05j),4520000000
(-0.12367487604262638-0.3493553742090512j),(-0.0017429470537420728+0.00033177946081400515j),4525000000
(-0.24484565077095716-0.24606236848818674j),(-0.001721514361521493+0.0008886554467249047j),4530000000
(-0.30978529124118365-0.10044589466745586j),(-0.0008612127016245782+0.0019345388945494263j),4535000000
(-0.3046169540892579+0.06344146212534844j),(-0.00018433688338182177+0.0024717624381186435j),4540000000
(-0.23003027935498033+0.20787990755367922j),(0.0012161853736391668+0.0020832331656094618j),4545000000
(-0.10221806214046272+0.30607555340258785j),(0.0018598781162003533+0.0009697511327651957j),4550000000
(0.05103192539799251+0.34434434447945594j),(0.0017839732896815007+0.00016977793466268275j),4555000000
(0.2041824824780514+0.31437685441230134j),(0.001630112671058811-0.0005998483215763769j),4560000000
(0.3310863844092537+0.22981700831743504j),(0.001273750641377008-0.0012331220578452136j),4565000000
(0.40934919592527497+0.11127848816832654j),(0.0006472201561405841-0.0015732062974449248j),4570000000
(0.4391842237802579-0.031454056293585164j),(8.693442943838923e-05-0.0017882270134273043j),4575000000
(0.41383212903970534-0.16935028806340272j),(-0.0008322435321389274-0.0020079310002356927j),4580000000
(0.3381431609081629-0.29102699039095525j),(-0.0016495268576030562-0.0014067474002666077j),4585000000
(0.22430917508984508-0.3754176883525991j),(-0.0020705311806147437-0.0004455036478248384j),4590000000
(0.08486628763249066-0.4093891204291934j),(-0.0019143795989274147+0.0005398887736590462j),4595000000
(-0.05693754403598115-0.38706913411340843j),(-0.0012428105964460427+0.001176993812005816j),4600000000
(-0.18528872618060635-0.31026781401395687j),(-0.00022136203294413355+0.0014604260684016252j),4605000000
(-0.2710197081649559-0.18662863484068268j),(3.715152228800184e-05+0.0013116582063071906j),4610000000
(-0.29939464336202865-0.03754489592558154j),(-1.2120372910898825e-05+0.0007896303724118878j),4615000000
(-0.26029167667396774+0.11387629554768197j),(0.0002821981260004084+0.0016361142820407052j),4620000000
(-0.16175188930327963+0.23385745408515435j),(0.0017460458557728206+0.0009678486522423611j),4625000000
(-0.02408003046718878+0.29797290862181786j),(0.0017359819239826098-0.0009064470404355027j),4630000000
(0.1311103252857599+0.2979973409420289j),(0.0005778257660959086-0.0007888176386271318j),4635000000
(0.26762746379620006+0.23867296993478918j),(0.000506216450138804-0.0009098210880051731j),4640000000
(0.3696598010301019+0.12259978487257894j),(-0.0001774677524195776-0.00045333505242367583j),4645000000
(0.41865739467334473-0.007901353265622623j),(0.0010950662055489067-0.00044024108830133783j),4650000000
(0.4103877265376111-0.1576876685733889j),(0.00043205077764806726-0.001851634943612067j),4655000000
(0.35513530678857946-0.2827298111647691j),(-0.0009052349820263656-0.0014262809616057063j),4660000000
(0.24718012771079892-0.38815450430442283j),(-0.0008364218514565285-0.0011136222587581116j),4665000000
(0.11912936399728544-0.4413355176547798j),(-0.0015249597775460208-0.0006004494231718739j),4670000000
(-0.026154914202202877-0.44714925042154907j),(-0.0017234804287414576-0.0003587968079211946j),4675000000
(-0.16221768607335377-0.39140694704294327j),(-0.001763653063307243+0.0006665296310224107j),4680000000
(-0.2678706594585483-0.29075799416730824j),(-0.0009310857787502747+0.001531567000512936j),4685000000
(-0.3196988773310392-0.15103799107598567j),(-0.0002053906640634094+0.00041998459025812535j),4690000000
(-0.3065590684604699+0.002831301869641737j),(-0.0019484991773156774+0.0010400121945508631j),4695000000
(-0.22398340041441267+0.1326714916352917j),(-0.0008779110694184258+0.0035904792800493385j),4700000000
(-0.08679261340039866+0.21078328596914434j),(0.00223153787942452+0.0034477797732086696j),4705000000
(0.07120719360596603+0.21428258156129645j),(0.0036755573275513344+0.0017517591458545815j),4710000000
(0.21124293798785237+0.14096905591873846j),(0.00327460507331342-0.0008865744213761067j),4715000000
(0.29906065025203876+0.014532036750613644j),(0.0031446310604341912-0.00024391177210721755j),4720000000
(0.3235895896820582-0.13664214614652134j),(0.004036746343187214-0.002630620695459389j),4725000000
(0.27926234970225877-0.27792314378078303j),(0.002308961916991488-0.005982638810829778j),4730000000
(0.18601958581685107-0.3873841001747364j),(-0.0033706172233751272-0.006466167648832179j),4735000000
(0.057233640958788815-0.4480782256724321j),(-0.005216778321377906-0.0021178009902077955j),4740000000
(-0.07701696697825806-0.4604418881819022j),(-0.004153869367942988-0.0006008712277812919j),4745000000
(-0.20483128070431267-0.4221732644812214j),(-0.004697676099856263+0.001188473908746815j),4750000000
(-0.31591014577834003-0.3414389217237839j),(-0.003135258338773414+0.0024240566670194292j),4755000000
(-0.38572146279719155-0.23071077178919855j),(-0.003719355132233854+0.0027744019805082667j),4760000000
(-0.41427410190374786-0.09143456736706998j),(-0.003081382951735191+0.0051003940752709495j),4765000000
(-0.3937266608474467+0.044592342478945945j),(-0.001419533922026932+0.006808018425642425j),4770000000
(-0.3200238584251512+0.1677927440243532j),(0.003128434860200324+0.009850863263227117j),4775000000
(-0.2077661902983188+0.2556762946847408j),(0.011557481732197967+0.009011293477074236j),4780000000
(-0.0669456231352466+0.29639098460321234j),(0.016253271821262884-0.002540577118814169j),4785000000
(0.0788764368296779+0.2744623808017538j),(0.012066876896375587-0.011732375886260275j),4790000000
(0.20366563226780005+0.19460908982376188j),(0.0008524602919152662-0.017623652421218862j),4795000000
(0.2848460441502415+0.07157623644046145j),(-0.0073181840043510474-0.011688079236178156j),4800000000
(0.29796773727976944-0.07768157748617238j),(-0.01179738919399175-0.008678015725617785j),4805000000
(0.24544151324933014-0.2122703499057734j),(-0.016510811301052832+0.00016959744111464932j),4810000000
(0.13959469001183739-0.3083007967261896j),(-0.010971290379988357+0.00926348850438732j),4815000000
(0.0024092825973554984-0.34530555279629327j),(-0.0031791343628653768+0.012024492606866952j),4820000000
(-0.13973580026848004-0.32001752974437025j),(0.002516735885539437+0.00948940656982764j),4825000000
(-0.2575061015199536-0.23233675270763968j),(0.005982941851165371+0.0068687774361130575j),4830000000
(-0.3229889583691025-0.09664218794684015j),(0.005174633234852394+0.0020276559591056076j),4835000000
(-0.3288879328594296+0.04768924940088157j),(0.0058682102473555315+0.001980154040246329j),4840000000
(-0.2718281777495216+0.19055055187022335j),(0.005925162842435322-0.00036328627657282225j),4845000000
(-0.1655975893280334+0.29299171386616985j),(0.006188297083467164-0.001413848791236167j),4850000000
(-0.021423818546769214+0.3475556628866672j),(0.006867086880287204-0.005677431994190836j),4855000000
(0.11979469210121146+0.34096955407494683j),(0.0022269976881922077-0.010195753846493166j),4860000000
(0.24723701881536028+0.28482081729665654j),(-0.0042777943600986095-0.008221692407065544j),4865000000
(0.3429501224187421+0.19232446011768814j),(-0.005542160498207788-0.004692086739193725j),4870000000
(0.40273874143727506+0.07204737126235936j),(-0.006540999036914272-0.002259426809255496j),4875000000
(0.4113062023296335-0.059664640619630824j),(-0.006841878807160346-0.0005357506628939378j),4880000000
(0.37201052269350915-0.1877534253116641j),(-0.008217711209773165+0.0027297359188998655j),4885000000
(0.28981120632112817-0.28935042872166905j),(-0.006034828381864072+0.00710531105482335j),4890000000
(0.17222645562759573-0.35262634110210067j),(-0.0009459201172695303+0.01001553351768722j),4895000000
(0.03668170479123639-0.3668535371264561j),(0.00424202011933183+0.00793814943574577j),4900000000
(-0.08948683386122465-0.3257283298915732j),(0.006268173458313117+0.005047077038717233j),4905000000
(-0.1928481619739761-0.23175737921125755j),(0.007607207479263543+0.0016250776656353985j),4910000000
(-0.24416941248419047-0.10708174264399213j),(0.0063152614962663335-0.002630488775819254j),4915000000
(-0.23722316153612602+0.034410465119031924j),(0.0029515902778600575-0.0032411645475642803j),4920000000
(-0.17195903454943684+0.15529943421324172j),(0.004055312296129861-0.0028696651681981776j),4925000000
(-0.05197210225269805+0.23854547615988844j),(0.0035214823564891046-0.006819046520897713j),4930000000
(0.08150480585578844+0.2562858133254665j),(-0.0003156935516993856-0.008095083526613768j),4935000000
(0.20905689275439476+0.21811855605455135j),(-0.005135501535921854-0.007804936259914953j),4940000000
(0.3098254882687869+0.13715653586712478j),(-0.008818379559675365-0.0038453861576976684j),4945000000
(0.37154991928303804+0.017737399390117585j),(-0.009964782267208639+0.0006667307564415359j),4950000000
(0.3803567235453284-0.11208931714175492j),(-0.00796527529797125+0.006360653793891738j),4955000000
(0.33948364212452686-0.23957640256387733j),(-0.0029775284438099013+0.008563256137227804j),4960000000
(0.25587277194066904-0.33847705960831204j),(0.0010434682279313416+0.008358547531095566j),4965000000
(0.14017039952846405-0.4024208766239455j),(0.004442140495049194+0.006048255869124295j),4970000000
(0.010369113338103891-0.4148954841304248j),(0.005638448929747978+0.003438979639904711j),4975000000
(-0.11831912280316967-0.37834053711485366j),(0.006596508427879357+0.001028848524354766j),4980000000
(-0.21889419198714563-0.2937750740490189j),(0.006158397178859769-0.0016990543113932037j),4985000000
(-0.2774424227380303-0.1671242642001405j),(0.004985260289171422-0.004362654229173511j),4990000000
(-0.2702106904777025-0.03640860786513962j),(0.002311847142353312-0.004890630045112931j),4995000000
(-0.20312935511549304+0.07818286851300651j),(0.0004551213623415881-0.004929468189220351j),5000000000
(-0.20338797755781993+0.07888697417980549j),(0.0004330994901583863-0.00501252223868575j),5000000000
(-0.09437951273430299+0.14670168524868205j),(-0.0010694495144155367-0.005764441801204871j),5005000000
(0.028901055262413905+0.15379197064378092j),(-0.003210331279136143-0.004676353418225061j),5010000000
(0.13754031323981078+0.10795553712948089j),(-0.005704539734386631-0.0030488324755799214j),5015000000
(0.22102133287724285+0.020004863082649867j),(-0.007254580141793608-0.00011368124109395028j),5020000000
(0.2508643447456193-0.10029844488972169j),(-0.006863237957047934+0.004649194202355099j),5025000000
(0.2274383247802221-0.2085138268827312j),(-0.002282360921724074+0.006746370410914055j),5030000000
(0.16774364563465463-0.30517655661102505j),(0.0003587707889991841+0.004976423073153894j),5035000000
(0.07891132863038797-0.3724257263943003j),(0.0012306713493095063+0.004861137984279678j),5040000000
(-0.032550258157155364-0.3971760970697344j),(0.003427818132174019+0.004318284015086683j),5045000000
(-0.1383941628681293-0.37979487694313374j),(0.00461378222475102+0.0025467789107829772j),5050000000
(-0.23667717763412094-0.3235866535116046j),(0.005381238493098938+0.0003224061011300787j),5055000000
(-0.3071549662475704-0.24059525905907952j),(0.004804568959718382-0.0009770418440853195j),5060000000
(-0.33809126149081387-0.1267032880624389j),(0.0052700577030888466-0.0032787419338069844j),5065000000
(-0.31477877319155967-0.02377193655639721j),(0.0031945268553160095-0.006244074881418087j),5070000000
(-0.26893686551387797+0.05876828428014538j),(0.0004218983404127824-0.00646277402902552j),5075000000
(-0.1938226874492216+0.1277019000037099j),(-0.003969565254516924-0.005908821535902809j),5080000000
(-0.08668584247627402+0.1626812130854786j),(-0.004890535995360855-0.003248099418846533j),5085000000
(0.026854440198172815+0.13317336442451996j),(-0.00574468490354138-0.0016920221916374505j),5090000000
(0.10155321503250689+0.05504580474195876j),(-0.0063353527150148935+0.0008859766982588979j),5095000000
(0.13156726004061364-0.04273641106082492j),(-0.006147046039011733+0.0029402578059357655j),5100000000
(0.10051646109673454-0.13127411269767364j),(-0.00624872989662182+0.007328461528131656j),5105000000
(0.046849041257615104-0.18327645920371874j),(8.376839199162169e-05+0.011104579745768919j),5110000000
(-0.017381980781295037-0.21682777741064216j),(0.006164906520937161+0.008304361800192487j),5115000000
(-0.09019026077474304-0.21417718117369342j),(0.008281439448427942+0.0034939443761652744j),5120000000
(-0.15832696061599397-0.1862330661340171j),(0.00802236191568857-0.00017007169880070206j),5125000000
(-0.2196273282639616-0.13393967623950237j),(0.007694552977237152-0.0028457132026084306j),5130000000
(-0.2523665278004489-0.05204244679625974j),(0.005890712899306004-0.006297722335193121j),5135000000
(-0.24779658456863077+0.04260232574960022j),(0.0026423363557961993-0.007988791248913588j),5140000000
(-0.20560803308085301+0.12795136753071398j),(-0.001980992342160659-0.008913084925497231j),5145000000
(-0.13707978995665426+0.1910662009196577j),(-0.005929236943212759-0.006261956287322212j),5150000000
(-0.048545324669945523+0.21753197875921795j),(-0.0076692878922684634-0.0034572314188485013j),5155000000
(0.03895030276675+0.20943821907346627j),(-0.008885021104663713+0.00046958499555883816j),5160000000
(0.10728699565615549+0.178934107626417j),(-0.0068568904655523615+0.005238019798127959j),5165000000
(0.15950036928961772+0.12901323626405298j),(-0.003315052106297928+0.006865306540619618j),5170000000
(0.1842336856382481+0.0695629228847149j),(-0.0006594276176712214+0.00679445035119896j),5175000000
(0.19095994139993558+0.01650004186511419j),(0.0021898166263123087+0.007058414458407266j),5180000000
(0.18512192397321345-0.032609710288570674j),(0.004558307332357947+0.005548146350731091j),5185000000
(0.16446732810092285-0.08569566339763393j),(0.0060639297621234295+0.0025505160536493238j),5190000000
(0.11620024668773357-0.10334646620988602j),(0.008043223549018673+0.0008204431760485977j),5195000000
(0.09325396178435952-0.10903244027218964j),(0.007934030073697758-0.00407798483929584j),5200000000
(0.0632050026095262-0.11708988653892559j),(0.00379498425316613-0.007245446386569572j),5205000000
(0.022431318978146087-0.11230620394082853j),(-0.0007841475649655656-0.008162282077508881j),5210000000
(0.004493948100328149-0.08549304523769789j),(-0.003691732974940582-0.006574451044220712j),5215000000
(0.0003713119082892549-0.06174913234942921j),(-0.00675555797358527-0.004413128067964187j),5220000000
(-0.007176951804660877-0.05149914318504616j),(-0.007536089551239517+0.0013439053498814069j),5225000000
(-0.015782727254020627-0.024514100119656275j),(-0.00446853204564465+0.003161496151570709j),5230000000
(-0.011924002093541284+0.004906100932671741j),(-0.002523178573709553+0.0018619453082525147j),5235000000
(0.011028117051280796+0.04326431290590265j),(-0.003673025941784898+0.0026844431024768936j),5240000000
(0.059057193566446536+0.05615210716402748j),(-0.002545712451847211+0.005112796257154494j),5245000000
(0.09860232740326706+0.045028497906966176j),(0.0004799319319935567+0.006210700699500579j),5250000000
(0.13067611173076632+0.028376920009859224j),(0.003210888622489357+0.0051632340044551256j),5255000000
(0.16009055042680664+0.003049739289045249j),(0.005237795799824769+0.0029063684912371407j),5260000000
(0.18477400243829592-0.03611704465301222j),(0.005313442596958267+0.0005120330013881582j),5265000000
(0.20102313499525581-0.08587385461963297j),(0.0049884824102357575-0.0016622244215286589j),5270000000
(0.20120171587039434-0.1500438832015442j),(0.003747377879818165-0.003990298251290762j),5275000000
(0.17190577615856784-0.217703161244375j),(0.002372418541075089-0.004930824884384813j),5280000000
(0.11377521926005725-0.27205806308493224j),(-0.00015288539351035615-0.006285147419507775j),5285000000
(0.037469007243464254-0.301805416480462j),(-0.003488828064251875-0.005712575132836046j),5290000000
(-0.04764636482479968-0.2975755878838871j),(-0.0058343376782390615-0.0038196791965159154j),5295000000
(-0.12521923374591631-0.2570183616632178j),(-0.007473290023846292-0.0010338036065193753j),5300000000
(-0.17958118970767234-0.19145366102976735j),(-0.006737570925482739+0.0030377988839560156j),5305000000
(-0.20529847546095456-0.102513338759183j),(-0.00472574278528181+0.005138717962530091j),5310000000
(-0.18010736689038923-0.012798378798559818j),(-0.002321274684722912+0.006534956865173021j),5315000000
(-0.11875908062122141+0.0583223706881844j),(0.0007308518777363229+0.007457772122346744j),5320000000
(-0.02935157385331031+0.08839353033838468j),(0.004006586456365375+0.006380838116539086j),5325000000
(0.06797249329140356+0.07449442274710819j),(0.007028872109065392+0.0035991688293803073j),5330000000
(0.1485767829496933+0.014732266296593991j),(0.0075539798507786434-0.0003115566236600698j),5335000000
(0.19183329759575693-0.07408610491475018j),(0.006386847725101169-0.0037171858508862924j),5340000000
(0.193509560942828-0.17158694193667906j),(0.0038828143800338616-0.006071500798132627j),5345000000
(0.1579518587993688-0.2780688631035504j),(-1.571558385149468e-06-0.007014468835160991j),5350000000
(0.08882629333315512-0.34058016451529316j),(-0.0027368765423195973-0.005522013019666563j),5355000000
(-0.0040108879228485245-0.3858229416363342j),(-0.004344615939701748-0.0037450892300474772j),5360000000
(-0.10930191900510672-0.39406996806510286j),(-0.005459992223093355-0.0015397420045462104j),5365000000
(-0.21016665325518186-0.36394209085984414j),(-0.005630604604340972+0.0007320567570526227j),5370000000
(-0.2964456914010309-0.30043000139162607j),(-0.005309691293322031+0.0023403260823782j),5375000000
(-0.35162045704470474-0.21107198968224192j),(-0.003929036987599238+0.004706245589464361j),5380000000
(-0.3734473946313893-0.10180895965909703j),(-0.0012718896716519654+0.005997931845770351j),5385000000
(-0.3534924841541305+0.00778945813782747j),(0.0016740799771803793+0.005917318612793477j),5390000000
(-0.2892865490652318+0.10816016053360097j),(0.003302449216927925+0.004159570069242914j),5395000000
(-0.1964736255701007+0.1642109200337047j),(0.005073716287848547+0.0033969942111988587j),5400000000
(-0.08564139449086515+0.18460634663580855j),(0.007196520786112487+0.000477037153015644j),5405000000
(0.03637866923674258+0.15413228767306625j),(0.006549834670287891-0.0034176648911166656j),5410000000
(0.11750286335763649+0.06825370151697599j),(0.004035327058868393-0.007017220134905199j),5415000000
(0.14465544713446912-0.04591205964751629j),(-0.0009235637888577327-0.007936062509627351j),5420000000
(0.11706813762778653-0.15750044881146097j),(-0.00417411036869518-0.0050397168716376116j),5425000000
(0.0340539011263132-0.2460240399813374j),(-0.005329977114647414-0.0034584613090647316j),5430000000
(-0.08021633797857401-0.27906808957105694j),(-0.006744589824453935-7.813372835259887e-05j),5435000000
(-0.18838547850393128-0.2574132501139166j),(-0.005003668031330124+0.002827375749433896j),5440000000
(-0.2875837978014008-0.17176237208091052j),(-0.0026852981362933525+0.003917388793100666j),5445000000
(-0.3457254406004477-0.08334605204036742j),(-0.000987605481436944+0.003941416627735924j),5450000000
(-0.35263066246637015+0.05386542809190315j),(9.68459677107248e-05+0.0037126045952073374j),5455000000
(-0.31473515453379886+0.17127431220495945j),(0.0014913888119676623+0.003416251543380755j),5460000000
(-0.23511420129076543+0.26644660698246253j),(0.0027715172289406805+0.002045794834467704j),5465000000
(-0.125962867535212+0.3324557654941603j),(0.0030523476700764583+0.0010950605300572211j),5470000000
(0.00033516737612649994+0.3496276429957754j),(0.0036075279361791313-0.00020420099258066567j),5475000000
(0.12244479180647574+0.3262081267830696j),(0.003769285996124354-0.0016799578720179673j),5480000000
(0.2253844393149457+0.2586753806285295j),(0.00249904733855405-0.0034933833728083385j),5485000000
(0.3028487079924903+0.15666411413678755j),(0.0004073153043803534-0.004749655524820807j),5490000000
(0.33495072442452417+0.03946541932278068j),(-0.0013576582210267692-0.004108496206598137j),5495000000
(0.32122994683749995-0.08697266074235811j),(-0.0036624126856107217-0.0033972555791072804j),5500000000
(0.3239469494762703-0.08674546779188909j),(-0.00355721545820043-0.0033792107625950744j),5500000000
(0.24667711021834116-0.19966239253627174j),(-0.004815612030702406-0.0006750786463345685j),5505555555
(0.12871634518393005-0.274054384205567j),(-0.004194786680369885+0.0012207286172799734j),5511111111
(-0.01432788448438542-0.2740260719025639j),(-0.002787538650720396+0.0030241551115510867j),5516666666
(-0.13720712241033148-0.2101876882965935j),(-0.0006979250448514788+0.003995252621213117j),5522222222
(-0.20843603362577082-0.09075996824298034j),(0.0018073357325280167+0.003535697240391007j),5527777777
(-0.21577942701057698+0.04594203866031678j),(0.002865742558572894+0.0009547549330105755j),5533333333
(-0.15742548277422352+0.1737867328169809j),(0.0024699749864074486+0.00016817211514475535j),5538888888
(-0.03519739519890171+0.2618428927275141j),(0.0023504997545793424-0.0004992938709904953j),5544444444
(0.11557400039955115+0.28006169108376217j),(0.001770418248267222-0.0015110520624503712j),5550000000
(0.2576083061025112+0.21690119838049846j),(0.0012525670795091863-0.0026015124478180425j),5555555555
(0.3597423192429408+0.11756130302907354j),(0.00015955910033987783-0.002370279668200477j),5561111111
(0.3984931696418444-0.032509358809903216j),(-0.0008791454428142159-0.002445195652410582j),5566666666
(0.3856570374664181-0.1710233959235384j),(-0.0019135860739025584-0.002322583478605378j),5572222222
(0.31238299000102365-0.30020707754696074j),(-0.003106214119911772-0.0011297526993071193j),5577777777
(0.20377773859841666-0.3859475551643734j),(-0.002579907303490187+0.0008825313921482634j),5583333333
(0.060408386172456675-0.4260826971082021j),(-0.0012978517679416532+0.0019020258467503832j),5588888888
(-0.08157650918949377-0.4101161819583122j),(-0.0003138055105189227+0.0013718542556661489j),5594444444
(-0.1942586332966945-0.3332505843539734j),(0.00015187176818059052+0.0013988014941853856j),5600000000
(-0.27055116750441155-0.21406964102260134j),(0.000819764883234108+0.0013836826812594373j),5605555555
(-0.2789497006416878-0.07144664830453384j),(0.0015244750783988657+0.0009929871205168804j),5611111111
(-0.2210138621900218+0.0625741913077529j),(0.001993487478508051+1.5358587067637502e-05j),5616666666
(-0.10074705903448104+0.1446700611511579j),(0.0023169026843636096-0.0013191443074966759j),5622222222
(0.04581966442698094+0.15521589565296398j),(0.0013030746478320807-0.0021451655784111264j),5627777777
(0.17806875029781388+0.08569742086468256j),(0.0002565476737197083-0.002201337516337459j),5633333333
(0.2622263668060095-0.033110403559009245j),(-0.0007204920893829801-0.0018621254225536401j),5638888888
(0.28162163505614607-0.18711191533390398j),(-0.0008846478855514972-0.0017168480435825397j),5644444444
(0.22600838127790157-0.32153665591854863j),(-0.00170937319231669-0.0009868063342907912j),5650000000
(0.12057479583901347-0.41756947060461963j),(-0.0016594984884646098+3.198588244200533e-05j),5655555555
(-0.008681241586477961-0.4686882537531396j),(-0.0008881080231849874+0.0009709649874815085j),5661111111
(-0.14834691209175827-0.46038321253146547j),(-3.706038397868137e-05+0.0008476669429031094j),5666666666
(-0.27403160798339826-0.4075182827629413j),(-0.0003894626869685525+0.0007773361710236552j),5672222222
(-0.3717903677595632-0.30529687846909004j),(6.575385346320929e-05+0.001717714304845285j),5677777777
(-0.42271796376998794-0.1770646950134228j),(0.0012542526620532026+0.001368720079841946j),5683333333
(-0.4149328862762976-0.03382607979681746j),(0.0021303553701920667+0.0010149490499379973j),5688888888
(-0.3465175596374671+0.0894393812909873j),(0.0022634894390800627-4.787804350682585e-05j),5694444444
(-0.22344552439879498+0.17288109305162952j),(0.002218151228274245-0.0009955304722200403j),5700000000
(-0.07204461286520843+0.18600378928707667j),(0.0012297989442370753-0.0017835366126812305j),5705555555
(0.06417598722278219+0.11837745218535035j),(0.0005108682051307807-0.0016629011660160543j),5711111111
(0.13800883268969955-0.011592850255783972j),(-0.00043814947072058733-0.0015155159382182464j),5716666666
(0.1244335427645863-0.16314794965044632j),(-0.0013123030726271074-0.0014016537708060426j),5722222222
(0.03291020929312169-0.284134329288784j),(-0.001998443782544998-0.0002742035619127241j),5727777777
(-0.10090081395345275-0.33453871765344406j),(-0.001538205403039729+0.0013626783376136742j),5733333333
(-0.23602813540446682-0.31826034482084736j),(-0.0009822558339631104+0.00212793885985577j),5738888888
(-0.3545920239722509-0.23580763185970693j),(0.0006266988621966092+0.002193736461107425j),5744444444
(-0.42210097337652147-0.12028808759774658j),(0.0016088932586948803+0.0013295616108138307j),5750000000
(-0.43808333891767276+0.022525696215951924j),(0.001353066842597563+0.0006463389017566489j),5755555555
(-0.403872951479151+0.15241196216662742j),(0.001238548538983983+0.0006023637209369396j),5761111111
(-0.3182775841318725+0.27022062408080366j),(0.001591343819962932+0.000250474454693842j),5766666666
(-0.19750921159719656+0.3439579452647984j),(0.0017159185631737733+0.00010661926730656336j),5772222222
(-0.05650118981759336+0.3671399732958432j),(0.0014799728672810553-0.0007488929053989106j),5777777777
(0.08046907886627308+0.33155524570150996j),(0.0006554950761253867-0.0011525572463002213j),5783333333
(0.19599033072503455+0.245315419566567j),(-0.00045172202259275785-0.0013717351931865078j),5788888888
(0.26355219762381915+0.11474545942157606j),(-0.0012353534013066472-0.000916656029922986j),5794444444
(0.2677231157895825-0.03209028028148455j),(-0.0013154703672500134-0.00017086386154247172j),5800000000
(0.2027053864863286-0.15447828546017242j),(-0.0016701097496716103+0.0006252093178554977j),5805555555
(0.08595479967858573-0.2325192095346219j),(-0.0014374955840150733+0.0013578875477692485j),5811111111
(-0.05546186882224827-0.2407447685150206j),(-0.0004707256885213451+0.0017891334399134555j),5816666666
(-0.1753276661193799-0.17677650795333028j),(-4.2106189059648206e-05+0.0018368330046612627j),5822222222
(-0.25854447617623677-0.05111844422009751j),(0.000681662073885302+0.0018832620828317978j),5827777777
(-0.2567961919093208+0.08386784852856767j),(0.00152991873725683+0.001423540272519954j),5833333333
(-0.19161200985868626+0.21503276349610434j),(0.0018249697060878699+0.0002970901942674344j),5838888888
(-0.06905839709577748+0.2977630912075117j),(0.0016739609821747915-0.0004361935231478345j),5844444444
(0.08071753888239011+0.3234319615232248j),(0.0008553052753876496-0.0017469267407459216j),5850000000
(0.21984117277785373+0.28350937010008903j),(-0.0004415738102335248-0.001297299937859493j),5855555555
(0.3324667532773561+0.18556310837989856j),(-0.0009008389743206971-0.0011002855096693667j),5861111111
(0.39691428302951004+0.06290277637980027j),(-0.0013168887697868786-0.001265910561876051j),5866666666
(0.40827821417029836-0.08354771375738543j),(-0.0024979415395332866-0.00018689670265664156j),5872222222
(0.3687641608557954-0.21766183645998968j),(-0.0020141866088240284+0.0009221452713388846j),5877777777
(0.27332580950278546-0.33411019541672704j),(-0.0015748176411886302+0.0015839413000630106j),5883333333
(0.15245950658675197-0.4008653329543269j),(-0.0006982139007108969+0.0016782039257555897j),5888888888
(0.017296484653858947-0.41097222069948036j),(0.000340160655723173+0.001703858994884165j),5894444444
(-0.12195861997737004-0.3683251561616591j),(0.0012315590041983011+0.0006423773070751903j),5900000000
(-0.21240377555586784-0.2731965176317704j),(0.0008103227074412387-0.0006963536263879543j),5905555555
(-0.25511947518283923-0.1396806931699896j),(-0.00022751944885510773-0.0004547305542148486j),5911111111
(-0.2267073603099763+0.0011681193975859162j),(-0.0002968089580669446+0.00021860908162495124j),5916666666
(-0.1365677149227235+0.1086823017556232j),(0.000749595115229914-2.430260969604008e-05j),5922222222
(0.002571605777472117+0.1370192909948557j),(0.00100299394459831-0.0009721342774411364j),5927777777
(0.13520279879702354+0.1141218905412319j),(-0.00013328681298694145-0.0014535708720302776j),5933333333
(0.23886740766874484+0.001522980708084498j),(-0.0005065280794064435-0.0016819164283483617j),5938888888
(0.2752213943924029-0.13792037336614318j),(-0.0021220973153468687-0.0010282689231479287j),5944444444
(0.24820497925958634-0.28259011661350814j),(-0.0014387248886618342+0.000776442151441562j),5950000000
(0.15898295308662863-0.3880153317713157j),(-0.0005589058803009025+0.000819806852071971j),5955555555
(0.038241899294805544-0.4531958377268049j),(-0.0003340397482079636-0.0003200927677576135j),5961111111
(-0.09861057830808999-0.4702554820992073j),(-0.0010172669595968295+3.350611342360208e-05j),5966666666
(-0.2385474152566338-0.43015996678127366j),(-0.0007888998362976083+0.0005731656620185581j),5972222222
(-0.35291261530773044-0.349977873319135j),(-0.0003608360010561681+0.0013712742890901696j),5977777777
(-0.41520526527931373-0.22996763256783476j),(0.00035001069258359675+0.0012620000890939931j),5983333333
(-0.4378214168762039-0.09804303445934635j),(0.0011338332564800472+0.0016441317416415354j),5988888888
(-0.3968875359732609+0.03407088425683116j),(0.002281765694454519-6.57598654304504e-05j),5994444444
(-0.2911611883030221+0.13962770005947409j),(0.002076583721402904-0.0006011090838090439j),6000000000
