S11,S21,freq
(0.09367650209347012-0.10970418486658358j),(0.007903085434957059-0.00395312215030762j),5200000000
(0.0922361399901804-0.10863607410010141j),(0.007832104586668278-0.004590684804517432j),5200500000
(0.08933033446149481-0.11146532564216026j),(0.00744930485568019-0.005212812541020874j),5201000000
(0.08756679209948763-0.11396105504999732j),(0.0068417722935878895-0.005622212049335473j),5201500000
(0.08317748524422139-0.11426272499568045j),(0.006383701529206042-0.006204881198259427j),5202000000
(0.08007421245312572-0.115762283606382j),(0.005915837779287178-0.006378807528692965j),5202500000
(0.07601109653391487-0.11520494044529067j),(0.0055235541712375805-0.006793234515777172j),5203000000
(0.07390971738481585-0.1153286699726671j),(0.004873800644655521-0.006882482978057034j),5203500000
(0.06831442694215971-0.11529141583445497j),(0.004428062697736702-0.007103606929878532j),5204000000
(0.06723651358821969-0.11800516376371244j),(0.004227481249776903-0.0071725751156809054j),5204500000
(0.06192707159576056-0.117044130005293j),(0.0039434223896037245-0.007257610132303725j),5205000000
(0.060859808843105316-0.11619784269438284j),(0.003519750892081068-0.007352887648948925j),5205500000
(0.059090710291544404-0.11649503527595197j),(0.003543822999994733-0.007377751702907319j),5206000000
(0.055232537567418395-0.11908670319479463j),(0.0030565375332164374-0.007795867504176485j),5206500000
(0.05075630827781094-0.119690465960867j),(0.002772084437621008-0.008137119578336965j),5207000000
(0.0468806873575965-0.12105411731185237j),(0.0021604080196289256-0.008501854880821419j),5207500000
(0.041377891211923604-0.11945366755446317j),(0.0015077513759637208-0.008643483031737715j),5208000000
(0.0374272161904801-0.11844660284553522j),(0.0010024270552091903-0.00854878234919994j),5208500000
(0.03223654570867493-0.11584308958076674j),(0.00024634617875189-0.008546649584573782j),5209000000
(0.029035356097521513-0.11502212504711071j),(-0.0001806897724484657-0.008243184764576403j),5209500000
(0.023052263644196238-0.11291052178017899j),(-0.0008761190534405791-0.008224400352294043j),5210000000
(0.02151396536562191-0.10863667482850836j),(-0.0010011880554984373-0.007878230110133408j),5210500000
(0.019389279135123384-0.10677760126621884j),(-0.0015003231927147361-0.007770098446210219j),5211000000
(0.01744371867643238-0.10375692116994067j),(-0.001794881764812612-0.007609139328276274j),5211500000
(0.016377339352518575-0.10182630403699289j),(-0.002202180283063145-0.007464415641866513j),5212000000
(0.012575567816541178-0.09845908863261865j),(-0.002369910896813133-0.007166730669639479j),5212500000
(0.010843172316344813-0.09536526345294545j),(-0.0027383145231984814-0.006933971505964523j),5213000000
(0.00953865408860769-0.09310664437403202j),(-0.002789832318916206-0.006904528980635173j),5213500000
(0.006587393218237348-0.08954499323218897j),(-0.003064307425751396-0.006664067979057648j),5214000000
(0.005475178863617194-0.0874088242365907j),(-0.0033889780421310594-0.006619719902766941j),5214500000
(0.0037715958226018365-0.0857518784870778j),(-0.003751003792838787-0.006629379855687297j),5215000000
(0.0034495055643940244-0.08196658693521186j),(-0.003791037247103324-0.006285917579496541j),5215500000
(0.0023973828843194918-0.07981891266939868j),(-0.004127707286263697-0.006034807787119131j),5216000000
(0.002275175751822899-0.0775708703724395j),(-0.004409202838910638-0.006049431419492771j),5216500000
(-0.00010140041321409102-0.07435228702379475j),(-0.004834491785792877-0.005712223479005929j),5217000000
(0.00017478140405733535-0.07146360503239169j),(-0.004886513415050375-0.005786482141029084j),5217500000
(0.001114239827709975-0.07042371980019398j),(-0.005397093070827687-0.005590732341387076j),5218000000
(0.00016817215058511628-0.06732786006638843j),(-0.0055842810256611745-0.005167053904006867j),5218500000
(0.0008520092634960708-0.0652828863239694j),(-0.00582292818382786-0.005037218090732541j),5219000000
(0.0006138196311117235-0.06313517298982957j),(-0.006334857037702366-0.004995150942182228j),5219500000
(0.00270122473682006-0.06175601078657797j),(-0.006677911431754881-0.004337557129317074j),5220000000
(0.0009632922412919949-0.06088424999575661j),(-0.007115375746771222-0.004056515013353214j),5220500000
(0.0005889013859495013-0.058604866176597034j),(-0.007292882960114632-0.0034012432333873186j),5221000000
(0.0024011625445907467-0.058571853006876826j),(-0.007524383700271565-0.0031401511552376572j),5221500000
(0.00034984032090380735-0.05724675846881783j),(-0.007800072442153361-0.0026252057603137523j),5222000000
(-0.0013659385559315607-0.055440154662352574j),(-0.007922411346682475-0.0021164282255830952j),5222500000
(-0.00017945033359858037-0.055960375133107955j),(-0.008251311815542095-0.0013994771083326554j),5223000000
(-0.003086767856449876-0.05437717831540247j),(-0.00823345264438832-0.0007794288019186276j),5223500000
(-0.0037042342004183653-0.054557386926833505j),(-0.008127775275059316+2.711182723131379e-05j),5224000000
(-0.004384080910474843-0.05389646223063005j),(-0.008054669654513796+0.0005669182914328763j),5224500000
(-0.007852720896717827-0.05208507558471557j),(-0.0076315808412754016+0.001287205672554425j),5225000000
(-0.009099607972693406-0.0502609792083793j),(-0.007250508787029151+0.001792622386477937j),5225500000
(-0.010815180813859212-0.04776086418325877j),(-0.00704043026482697+0.0021802368054322147j),5226000000
(-0.012518366092343714-0.04573129929661396j),(-0.0065488989550380895+0.00264251644394881j),5226500000
(-0.012609551875006767-0.04343228556613738j),(-0.0061650977770691855+0.002748602062058232j),5227000000
(-0.012441016988591163-0.0407355090886405j),(-0.005670719234310972+0.0029473498243431737j),5227500000
(-0.015394400217460089-0.03735834454388927j),(-0.005061852142175366+0.0032226587917947714j),5228000000
(-0.014588593924299629-0.033831192507629566j),(-0.004537978437738968+0.003093774233460997j),5228500000
(-0.014902975788029422-0.031812855298695056j),(-0.004450541043451779+0.0030388577199825916j),5229000000
(-0.016324759431258044-0.027815626322439266j),(-0.004311228278430307+0.0028700163209686436j),5229500000
(-0.013585336384278491-0.02501437512680355j),(-0.0044728645979496525+0.002983463148834532j),5230000000
(-0.012904017538119556-0.023787457124633454j),(-0.003965851608069376+0.003599941204519944j),5230500000
(-0.014641580494405457-0.021361263665468793j),(-0.0034083155994454645+0.003688213993056821j),5231000000
(-0.013603875577872026-0.018896601779444983j),(-0.002618870528320029+0.003285814891490202j),5231500000
(-0.014850438568933347-0.014340602860152207j),(-0.0024922293386473323+0.002972158781763213j),5232000000
(-0.014075370067902918-0.012095650902847395j),(-0.0022901973854154867+0.00263747373286405j),5232500000
(-0.015152122733251217-0.008713487287364674j),(-0.0022868463661217782+0.0023755420498640673j),5233000000
(-0.015025108318174817-0.004826810085177468j),(-0.002265897235083151+0.002013528428554834j),5233500000
(-0.014571351013327174-0.0013473009308299102j),(-0.0023391913468921903+0.0021397075588829553j),5234000000
(-0.01250860561227818+0.0018154826714954543j),(-0.00244409879568408+0.0019634085685778634j),5234500000
(-0.011892437070056517+0.004666140189794398j),(-0.002500182933882379+0.0019050636753491078j),5235000000
(-0.011499978890019451+0.009181915615887173j),(-0.0023518467460466727+0.0019733521486794752j),5235500000
(-0.010455842704185965+0.012400903074105065j),(-0.00255778193407535+0.0016502144823843882j),5236000000
(-0.008727815215780378+0.01670975479029365j),(-0.002649113129061782+0.001586166201394012j),5236500000
(-0.006865503319149094+0.021596165755921125j),(-0.002864987741439867+0.0016187656100099584j),5237000000
(-0.004443527120474922+0.02438130007753729j),(-0.0032301522366177814+0.0018211385898180023j),5237500000
(-0.003196380539011235+0.0288685380703189j),(-0.0032882538506352446+0.0020220829978167287j),5238000000
(0.00035890547503708505+0.03199486203353205j),(-0.0033210308291392477+0.0020998195951348105j),5238500000
(0.0031508720175219542+0.036400821103039493j),(-0.0035126059300309644+0.0022675186450532483j),5239000000
(0.008071961786815662+0.03973352142994863j),(-0.003742915714934646+0.002359800699399283j),5239500000
(0.011581160543118741+0.0437880096628431j),(-0.003589108304338186+0.002654366124138406j),5240000000
(0.01563369534846003+0.045949145027338406j),(-0.0038133064505003265+0.0028738489899299636j),5240500000
(0.02017478572084162+0.04810106425473122j),(-0.00373780445477308+0.003346219352731894j),5241000000
(0.02584198331836377+0.0504710423867923j),(-0.0038529391605913047+0.003623909355734783j),5241500000
(0.0296058380209437+0.05225338257909986j),(-0.0037085360114782117+0.0037361598199559753j),5242000000
(0.034849988573384734+0.05317886962382994j),(-0.003441329706574975+0.004138739161017815j),5242500000
(0.03849733011224706+0.0544346004549204j),(-0.0032815993476076745+0.0043869863787758725j),5243000000
(0.04394957741287699+0.056037064722190846j),(-0.0031900216532497255+0.004679260237152976j),5243500000
(0.04855437020808025+0.05654174444380514j),(-0.0030684986402639484+0.0046664374449687995j),5244000000
(0.0531571798416449+0.05610701938700763j),(-0.0027770718708183327+0.005077200098227048j),5244500000
(0.05863880976950642+0.05656764893644312j),(-0.0026809504009110614+0.005199712586538736j),5245000000
(0.06213607648827458+0.05522573449354185j),(-0.002278344386809546+0.005262883746384594j),5245500000
(0.06632527795981771+0.05513065324707429j),(-0.0020361942472561425+0.005776663264754492j),5246000000
(0.07214047329268562+0.05520200722977988j),(-0.0018204735589042998+0.005736545221854381j),5246500000
(0.07626339442492244+0.05395656590749625j),(-0.0014680719758453787+0.005822063329589115j),5247000000
(0.08005696084259575+0.05221199621232734j),(-0.0010796894018670574+0.00596604255752555j),5247500000
(0.08389537976331447+0.051398835743533065j),(-0.0008526795096094887+0.006081988271069935j),5248000000
(0.0870124501887412+0.04950087159525471j),(-0.0004691261935845678+0.006263286850374679j),5248500000
(0.09065337894458304+0.048366283456868615j),(-0.0002184994865363535+0.006279954968728566j),5249000000
(0.09525308174801357+0.04777798250458657j),(0.00029369625912058954+0.0062920829301988225j),5249500000
(0.0998153919169523+0.045383317957586024j),(0.0005259984887244178+0.006098245541450893j),5250000000
(0.09913673028809182+0.046056099282819556j),(0.0004638797359490018+0.006089930294541332j),5250000000
(0.10168100971700694+0.042509058283387684j),(0.0009204782490906157+0.006142153093136496j),5250500000
(0.1051857026677817+0.04247010974813069j),(0.001215771257973808+0.006011468553722646j),5251000000
(0.10740186727462295+0.040611473501634215j),(0.0013920041233961198+0.0058454214879655126j),5251500000
(0.11048904957435633+0.03924264268505813j),(0.001877372376815602+0.005772757768088671j),5252000000
(0.11354768706562704+0.03810102153082372j),(0.001954128359433422+0.005689523416372981j),5252500000
(0.11717485266138598+0.03790532397969564j),(0.0022380567469293838+0.005507284849806292j),5253000000
(0.11965026781080634+0.03501665264675001j),(0.002548512512053162+0.005290411859031382j),5253500000
(0.12413284311042123+0.03350529626963191j),(0.002726634194210263+0.005267733242346925j),5254000000
(0.12783155684496572+0.030928944009782123j),(0.0028777922122139735+0.00530541726380633j),5254500000
(0.1304934969331829+0.02874971850905458j),(0.0033323007942658582+0.005081722816030624j),5255000000
(0.1326496821101473+0.02572242289750675j),(0.0035557097681912773+0.0049898502139231j),5255500000
(0.13714069426985243+0.023248953768587807j),(0.00391243910508398+0.004859734628855092j),5256000000
(0.13895170488650233+0.020496352387750556j),(0.004121418242289468+0.00461548199119384j),5256500000
(0.142130478945102+0.017889357303113262j),(0.00443779199777462+0.00450194504957858j),5257000000
(0.14456990701779537+0.015361180296630379j),(0.004585303929807662+0.004347250384061617j),5257500000
(0.14803114198432427+0.012654958701200411j),(0.004836267689789218+0.003911073827822694j),5258000000
(0.14846731340424976+0.008386206635182006j),(0.004749084823672819+0.0036158191964681856j),5258500000
(0.15296297463581698+0.007540891671981565j),(0.004949485095408549+0.003451313165872499j),5259000000
(0.15535711673565208+0.005622610264679929j),(0.005036057667356628+0.003273955569772319j),5259500000
(0.1596172775348583+0.002938639643301955j),(0.005259406429403164+0.002792926244976391j),5260000000
(0.16173822987596945+0.00026109852275220434j),(0.005184826626098498+0.0026130690901320867j),5260500000
(0.16368956129480072-0.004346196446880295j),(0.005378777704203202+0.002211947144607892j),5261000000
(0.16768475082845852-0.006678352616693587j),(0.0052935425195257315+0.00200352979075541j),5261500000
(0.16990573524902847-0.011270539776483643j),(0.0053790624550233935+0.0016119175153007461j),5262000000
(0.17367779390259974-0.013105367514794932j),(0.005550545953153404+0.0014129887042242267j),5262500000
(0.17595553388343224-0.017922586508604805j),(0.005450348398952872+0.0013013935605781584j),5263000000
(0.1788015413107261-0.02210772520822028j),(0.005444036775294227+0.0009459025401341421j),5263500000
(0.18022134911034585-0.02820163854065212j),(0.005372584268345838+0.0007284813334853216j),5264000000
(0.18358979444330972-0.03075622108704708j),(0.005372106812242975+0.0005534280026374539j),5264500000
(0.1848076421410673-0.035465701766026744j),(0.005203742677254848+0.0005540482503490225j),5265000000
(0.18737745716039528-0.03895608796535118j),(0.005444356766800258+0.00037998412356471216j),5265500000
(0.18879757166491565-0.044954962789549836j),(0.005399269839327281+4.255193646383488e-05j),5266000000
(0.19324744281059358-0.045891772469400446j),(0.005208348762304775-0.00018692563557431402j),5266500000
(0.19171521700532218-0.0543859735128336j),(0.005264131066539203-0.0003123358716571442j),5267000000
(0.19464388565489776-0.058385330379004535j),(0.005359087855415279-0.000517515839139437j),5267500000
(0.1956612043270579-0.06469007780725611j),(0.005234595040741497-0.0008343296524518471j),5268000000
(0.1974022952182036-0.06958693871454653j),(0.005246050433487784-0.0008969158129608278j),5268500000
(0.1970610387775842-0.0766146204619823j),(0.005012618096680274-0.0012104601369184501j),5269000000
(0.19914068649729835-0.08078959021847687j),(0.005256392821824679-0.0014503331120419675j),5269500000
(0.2005686411951645-0.08554858726556096j),(0.005108169888634113-0.0015079070870757858j),5270000000
(0.2010442978746052-0.09187679887217946j),(0.005129888721272613-0.0019423478611290354j),5270500000
(0.2025905255544873-0.09750723153814357j),(0.0049365608142177995-0.0018814046726870464j),5271000000
(0.2029947805472822-0.10476856668488575j),(0.004838511142825346-0.0024886967426784785j),5271500000
(0.20447455439107526-0.110195992633633j),(0.004789397370227333-0.002606627918363719j),5272000000
(0.20565307307119982-0.11660929952322738j),(0.004568189451033911-0.0027600149911209144j),5272500000
(0.20439563864349417-0.12342930356833023j),(0.004596679253259179-0.003087349044082991j),5273000000
(0.20379188296968628-0.1303638138598275j),(0.004451829694497544-0.003239655970691657j),5273500000
(0.20481052957815096-0.13702715620310424j),(0.004340355145757206-0.0035696114343893443j),5274000000
(0.20375506967303045-0.1434083274609927j),(0.004151841861209719-0.003920798467835078j),5274500000
(0.19954655599949145-0.15114929849822792j),(0.0036155330719828405-0.004185577905768824j),5275000000
(0.1980345974018847-0.1587750559664632j),(0.00341937994889968-0.004265537099687666j),5275500000
(0.1975150589170181-0.16542595146377645j),(0.003464226156482794-0.0041486032611583136j),5276000000
(0.19452231428300673-0.17281738605431984j),(0.0032353563266128123-0.004194910180679575j),5276500000
(0.19271050687028538-0.17987905935536813j),(0.0033215557403594663-0.004257320448477368j),5277000000
(0.190295057393485-0.1863451825098068j),(0.0030394413718446097-0.004318953745811064j),5277500000
(0.18683884883498109-0.19105326051875013j),(0.003153856435897359-0.004519843853012321j),5278000000
(0.18202821859795867-0.1979694173327697j),(0.0027766146644745276-0.004822655688838498j),5278500000
(0.18190461858875734-0.20326475621814488j),(0.0027275849084185165-0.004774026542383964j),5279000000
(0.17673240386621408-0.21046039333419234j),(0.0025749118735815604-0.00467102752325582j),5279500000
(0.1735697647071647-0.21603023570922292j),(0.002486177564495672-0.005022119405573961j),5280000000
(0.1686473948847976-0.22405779713792107j),(0.0024052844616920853-0.005160417708272044j),5280500000
(0.1644378623803204-0.2286223393919522j),(0.0022947248546914423-0.005512295092695165j),5281000000
(0.1576429346454565-0.23481372012786741j),(0.001974494163493083-0.005762220689746403j),5281500000
(0.1518245971339184-0.24093767788960288j),(0.0018109708190883536-0.006050003113274782j),5282000000
(0.1481576830935012-0.24556670923068719j),(0.0014128904285811504-0.0062022772341657675j),5282500000
(0.14096685874022366-0.25194220812704826j),(0.0010876631679695985-0.006321259889503681j),5283000000
(0.13417264596195058-0.2565312654103275j),(0.0005755752239086963-0.006081920808102966j),5283500000
(0.12925542600208711-0.26130367996989545j),(0.00038977464605695377-0.00624205380681154j),5284000000
(0.12151574844729617-0.2670269131478678j),(0.00014998215726987716-0.006296878620556246j),5284500000
(0.11624610720289538-0.2699497312382673j),(-8.530304105638978e-05-0.006328074605630594j),5285000000
(0.10766823617274356-0.27638880556880957j),(-0.0005912650397711557-0.006398709373403377j),5285500000
(0.10029566589878519-0.2795813162853715j),(-0.0007506089267961803-0.006425287007405133j),5286000000
(0.09372996286528397-0.28240639149550467j),(-0.0012874950713418684-0.006430813283032515j),5286500000
(0.08584119948613188-0.2870861962948643j),(-0.0014259600777671608-0.006505581893526427j),5287000000
(0.07627040524576012-0.29212660199896806j),(-0.0016806831981977912-0.006482634642501848j),5287500000
(0.06946497853210507-0.2934332545215979j),(-0.0022621447478487606-0.00639443500472965j),5288000000
(0.06347363681683016-0.29427256237842886j),(-0.0025963751109832557-0.006158583740227465j),5288500000
(0.05386524551472317-0.2983776374359629j),(-0.0028879605187887136-0.006017261326075619j),5289000000
(0.04669989477225358-0.2992357947976224j),(-0.0030547776654037224-0.006097828808729655j),5289500000
(0.03728767523593358-0.30178527198028277j),(-0.0033228114194317503-0.005816177666439957j),5290000000
(0.029515333233341195-0.3015196589010505j),(-0.0036491155000948792-0.005646663974453645j),5290500000
(0.02007705089991959-0.30383100674799457j),(-0.003852319655384319-0.005645944220747394j),5291000000
(0.012837763189164122-0.30292881729424537j),(-0.00411602612508138-0.005403610119848223j),5291500000
(0.002702830162644592-0.3056208845442669j),(-0.0045375528626666875-0.005042187780978514j),5292000000
(-0.0046792393412051015-0.30347258322919557j),(-0.004587902225558035-0.00498422517365341j),5292500000
(-0.01400984718655957-0.3036839146552694j),(-0.005005391440148073-0.004636697905368826j),5293000000
(-0.021973716361766052-0.3013123259823306j),(-0.005090217583107081-0.0045948053191380124j),5293500000
(-0.030428370975375894-0.30103239430196144j),(-0.00533370780184832-0.004336313036370921j),5294000000
(-0.03920181311925838-0.2996461564083399j),(-0.005644589795427993-0.0040121542511083064j),5294500000
(-0.04827539514849733-0.29724125231019705j),(-0.005814575209329873-0.0037959469800257126j),5295000000
(-0.05780181128280957-0.2955433045812447j),(-0.006128790887322114-0.0037369142308747156j),5295500000
(-0.064489095200066-0.2922125138805464j),(-0.006303078261156928-0.0033687214284622057j),5296000000
(-0.07230017452407785-0.288771466930777j),(-0.006341178321780432-0.003200030152385805j),5296500000
(-0.08104489004090766-0.28525415682735755j),(-0.006581318724339691-0.0026682309452881643j),5297000000
(-0.08936196143845611-0.2819947199939105j),(-0.006444728487384811-0.0026291108431804j),5297500000
(-0.09616732061437488-0.27706386680649814j),(-0.006882828083855744-0.0021826613830907937j),5298000000
(-0.10436763126785116-0.27346524761981694j),(-0.007013022931845682-0.0019747123188161315j),5298500000
(-0.11089013131316972-0.2675412045810817j),(-0.007042228176042483-0.0018029237460275064j),5299000000
(-0.119523977253701-0.26225904004232764j),(-0.007460365861121073-0.0013224590101059087j),5299500000
(-0.12443072002695758-0.25645750628225084j),(-0.00731119701049955-0.0010096609661825301j),5300000000
(-0.12294051403027902-0.25585557640924994j),(-0.007370697077335464-0.001090976925776752j),5300000000
(-0.13150465846395287-0.25087975478911045j),(-0.0073222786253445285-0.0006167360543472565j),5300500000
(-0.1387979393081489-0.2458932476006527j),(-0.007583513777258464-0.00016549273834489002j),5301000000
(-0.143827670405664-0.24038747450888343j),(-0.007482528770508695+3.0469550850403793e-05j),5301500000
(-0.14976046807095808-0.23433209844846453j),(-0.0075859864500794245+0.0007937821355666948j),5302000000
(-0.1544188940934874-0.22760250649686534j),(-0.0074700534599760424+0.0010443701564641812j),5302500000
(-0.16155763166782697-0.2210487725998021j),(-0.007432699192290331+0.0016407336642250004j),5303000000
(-0.16470092594475205-0.21301164001511244j),(-0.007358744135543983+0.001838009072138737j),5303500000
(-0.17110054773457964-0.20589799890568974j),(-0.007193161935806119+0.0023023342054473346j),5304000000
(-0.17500101641941146-0.19902080946467027j),(-0.006950191980378141+0.0026315212435992033j),5304500000
(-0.17950217289585155-0.19097203086965672j),(-0.006832546260118923+0.0031366205046613055j),5305000000
(-0.18304036130959803-0.18414800594831227j),(-0.006464798830557272+0.0034117760774943244j),5305500000
(-0.18797181783067587-0.17554772754622716j),(-0.006321451663133495+0.0036618135748762836j),5306000000
(-0.1896161149868286-0.1671656246460587j),(-0.006110241495633151+0.003615500973272306j),5306500000
(-0.1948056315088688-0.15807085883404345j),(-0.005705260761445208+0.004120035482760015j),5307000000
(-0.19643294665905575-0.14932417576113444j),(-0.00571027914069615+0.004152183767672656j),5307500000
(-0.1985268669631803-0.13980321395338466j),(-0.005623264300996674+0.004300622676560082j),5308000000
(-0.20067749403670723-0.13111282833124221j),(-0.0054427409799010845+0.00457031203267255j),5308500000
(-0.20308761319872723-0.1222435071793482j),(-0.0052921799304193225+0.0047669229826117245j),5309000000
(-0.20318468697435416-0.11236448112451934j),(-0.0050642649632327615+0.00480727679058256j),5309500000
(-0.20396238311554862-0.10280749555994677j),(-0.004906432901168345+0.005184954220236058j),5310000000
(-0.2047774725641869-0.09445930000456848j),(-0.004630388616307657+0.005440683478714405j),5310500000
(-0.20403859670759256-0.0835500283509863j),(-0.00446577471694823+0.005625057100022561j),5311000000
(-0.20218572813817068-0.07402496070639333j),(-0.0040957718541736205+0.005864529958597287j),5311500000
(-0.2006394354707412-0.06456985317072624j),(-0.003774996854214897+0.006036982598973013j),5312000000
(-0.19895653227027457-0.05637950070943744j),(-0.0036475687858984218+0.006329745080516636j),5312500000
(-0.19571880495833746-0.04724668235792197j),(-0.003258648271614582+0.0062435860490289204j),5313000000
(-0.19180509906598578-0.03881804407691613j),(-0.0030721199058115285+0.00642914404166304j),5313500000
(-0.18894645773663232-0.029260617266654226j),(-0.0025672420231492073+0.006511844522922834j),5314000000
(-0.18360020901423524-0.02131664684697653j),(-0.00236355261009712+0.0066337069042062165j),5314500000
(-0.17981921248784757-0.012177563102987378j),(-0.002034580042804257+0.006689610203239645j),5315000000
(-0.17526858717974583-0.004522481281018505j),(-0.0019534879441008733+0.006629463826529826j),5315500000
(-0.1700833041129507+0.0033282327551072102j),(-0.0018068151569797478+0.0068295051195077765j),5316000000
(-0.16627739341184225+0.011018735743877715j),(-0.0018406141147924732+0.0067695262860582445j),5316500000
(-0.16169664325663477+0.01933771007924723j),(-0.0016657866675627302+0.007039365192302845j),5317000000
(-0.15462063082492686+0.026484766184114772j),(-0.0012050301922333973+0.007413437549302139j),5317500000
(-0.14815091037911612+0.03347904725785005j),(-0.000582279835706903+0.007557455446203494j),5318000000
(-0.14192875524891738+0.04118627977906509j),(-0.0003580537259635547+0.007389872907918998j),5318500000
(-0.13324498554838932+0.04728043574682331j),(5.802922371611407e-05+0.007354480653640976j),5319000000
(-0.1274021838354146+0.0526852063550838j),(0.000313573153601378+0.0075312350525215815j),5319500000
(-0.11915610035489221+0.059391448115094704j),(0.0008051053022359602+0.00736661811944072j),5320000000
(-0.11066371130586199+0.06337733423050457j),(0.0011147931389422423+0.00721123278955485j),5320500000
(-0.10235918154961014+0.0680401368936291j),(0.0012682824929972076+0.00743417171573209j),5321000000
(-0.09498614087478531+0.07349992864949143j),(0.0017570367625824954+0.007197117914034988j),5321500000
(-0.08673397349194989+0.07735227827927128j),(0.001995907574283827+0.007194437732417228j),5322000000
(-0.07669525837054428+0.07809977648877373j),(0.002315401632425914+0.006966542158674349j),5322500000
(-0.0665506351305051+0.0810571330707455j),(0.0025998259393177573+0.006977162077228959j),5323000000
(-0.05788150270965282+0.08334199478454721j),(0.0028643193129536753+0.00696080972345157j),5323500000
(-0.048053311499978976+0.08494113028756231j),(0.0032578880604142604+0.006921435626373453j),5324000000
(-0.03779176641818242+0.08635019989285331j),(0.0037242147810829644+0.0066592570760577105j),5324500000
(-0.027533800502773504+0.08717346330646042j),(0.004035805622032285+0.006371105482141706j),5325000000
(-0.019626543806786814+0.08892206911981149j),(0.004306988437316281+0.006347184752839003j),5325500000
(-0.0088769297699776+0.08908699221626712j),(0.004738618727125723+0.005904009704462283j),5326000000
(0.0007205038335900407+0.08993552029984617j),(0.005159050506576054+0.0058930516828681135j),5326500000
(0.011365959473463656+0.08817974431792125j),(0.005494324941477712+0.0054690629452774486j),5327000000
(0.02009718205558094+0.08860602752817315j),(0.005630794178558676+0.0052610090012040435j),5327500000
(0.030878993600420842+0.08450527813121962j),(0.005960249031256797+0.004885052441593841j),5328000000
(0.03985512324211434+0.08500543401560787j),(0.006219110841051246+0.0047293786107829115j),5328500000
(0.050064196290606384+0.0814679364891466j),(0.006542759452540235+0.004258167934450019j),5329000000
(0.05931039102149534+0.07937178771201105j),(0.006810992999516851+0.0039057031852332666j),5329500000
(0.0677821758244722+0.07671622719059285j),(0.006946719972677987+0.0036040344715994963j),5330000000
(0.07836665634677895+0.07133883403936585j),(0.007152210190157442+0.0031081918899310192j),5330500000
(0.08635004094783895+0.06670511193147649j),(0.007271250644859479+0.002840927840824097j),5331000000
(0.09516744423611723+0.06146923373748035j),(0.007400636021778569+0.002444159488565572j),5331500000
(0.10391218274976921+0.05514869808566974j),(0.007504264907571609+0.002181313260672431j),5332000000
(0.11241517715614041+0.048726784443973326j),(0.007612502302285559+0.001840152949495002j),5332500000
(0.1204761060666891+0.041670859393051214j),(0.0077402867596786966+0.0012043781327741887j),5333000000
(0.12683130650322705+0.03767045039575093j),(0.007849767934980658+0.0009957275246879958j),5333500000
(0.13476967984591665+0.02795670511976527j),(0.007812196966582143+0.00038363238284349667j),5334000000
(0.1419419908320423+0.023028987232550764j),(0.007756794394885416+0.0002477830539394237j),5334500000
(0.1489813593501912+0.013811399730744692j),(0.0075260492874061604-0.00039355606672459155j),5335000000
(0.15471290599968018+0.007512909743539085j),(0.0076954872164901105-0.0007679349309900529j),5335500000
(0.1603743496527952-0.0013663938718972285j),(0.007371684032881807-0.001166633746697935j),5336000000
(0.16535362217546776-0.010193133450614476j),(0.007255621562853078-0.001587614291469374j),5336500000
(0.1709189806662084-0.019322017768637817j),(0.0071785847334640725-0.002059006222651567j),5337000000
(0.17557611326084996-0.027302232158430365j),(0.007348856559137936-0.0023316538073753653j),5337500000
(0.18003145409268728-0.03500637787859021j),(0.007135669296065781-0.002625231003683737j),5338000000
(0.18324697304761056-0.04564336148572573j),(0.007076954184086243-0.0028417171138768633j),5338500000
(0.18735930382390786-0.056259769566446446j),(0.006817574230447574-0.003142813257561841j),5339000000
(0.19106161446935427-0.0715390631157427j),(0.006121888562529778-0.003652945285714766j),5339500000
(0.1944239377129034-0.07962071863930706j),(0.006147796605101857-0.0036408457288031933j),5340000000
(0.19263967564120893-0.07730853217417116j),(0.00626907751283406-0.003935678869733035j),5340500000
(0.19692287266490835-0.09592478763684262j),(0.005821236795241623-0.004289121553374027j),5341000000
(0.1986170925100165-0.10893751379962388j),(0.005386186235203816-0.004614606624458586j),5341500000
(0.19798256467057324-0.11061220023862273j),(0.005570019581020881-0.004735749486239658j),5342000000
(0.2001158873427178-0.1279998782719758j),(0.004873582132024015-0.005089934518099009j),5342500000
(0.19848950189092504-0.13122427106950404j),(0.00507774559584892-0.005103245032906948j),5343000000
(0.1993856235898883-0.1460769702294624j),(0.004555458492660766-0.005536992503508574j),5343500000
(0.19667928305082294-0.14882510458670659j),(0.004683214592670727-0.005450467366241122j),5344000000
(0.1973899517425224-0.16646231685577134j),(0.0039956829678613835-0.005974133475850479j),5344500000
(0.19468208997706157-0.17430351648953735j),(0.003577959856075361-0.0061716878726149355j),5345000000
(0.19277090850571582-0.18420326444339566j),(0.0032122594291943496-0.0062272994428113956j),5345500000
(0.1891895617161452-0.18966500846712528j),(0.0034183984472160762-0.0064716192284972164j),5346000000
(0.18873420104626323-0.20712430613441118j),(0.0027199476498692824-0.006519058679049021j),5346500000
(0.18509895131257428-0.2176448770305924j),(0.0025528630498042994-0.006702885913784162j),5347000000
(0.18071014740040392-0.22669951419702203j),(0.0021410289443007224-0.0068436988260729215j),5347500000
(0.17614699685687082-0.23156987058425346j),(0.0019849485242982834-0.007040454164712057j),5348000000
(0.1730306989853973-0.2454858150739417j),(0.0012647843326858697-0.007019462512626145j),5348500000
(0.16867558417092218-0.2567771497740965j),(0.0008119680980225289-0.007234605079844526j),5349000000
(0.16289746522213286-0.25821058628598453j),(0.0009393196765777899-0.007014465172030394j),5349500000
(0.15821922805303948-0.2749416962121251j),(0.00012333206589511822-0.007095877623037712j),5350000000
(0.15877535403798812-0.27160424585632753j),(0.00023895578514795366-0.007074103787835173j),5350000000
(0.15351596135913145-0.2812693895305336j),(-5.645707100009314e-05-0.006918161767999158j),5350500000
(0.14564501895590304-0.28277587692040557j),(-0.00037542431890506416-0.006839411066510396j),5351000000
(0.1409466193398725-0.297761805709546j),(-0.001113035774251172-0.006926066422418641j),5351500000
(0.13450332852316066-0.30307890230887313j),(-0.0011675757531909913-0.006677048117478191j),5352000000
(0.12731236829070727-0.30994032435817565j),(-0.0016509847284544342-0.006358597821319316j),5352500000
(0.11994995156532477-0.3163255732428448j),(-0.0020718641847045907-0.006125813342151555j),5353000000
(0.11315475963191277-0.32158954202855805j),(-0.0021072045753151056-0.006021945185637552j),5353500000
(0.10549374692039588-0.32901758608941045j),(-0.0024848349102131037-0.005778865627919368j),5354000000
(0.0973217497860921-0.33385395431125875j),(-0.0028183091655486076-0.0055593905161142425j),5354500000
(0.08863338827944381-0.34123632854989683j),(-0.002807055147482748-0.005555158635037015j),5355000000
(0.08105840473020329-0.34604747180739626j),(-0.002888809012570358-0.005208339301791642j),5355500000
(0.07237892714468551-0.3527202123460549j),(-0.003071799046050161-0.005021425670631241j),5356000000
(0.06392887297259174-0.3573479014332614j),(-0.003310931610136433-0.004867745505126055j),5356500000
(0.05382543635710485-0.3643177417533153j),(-0.0033241513005406523-0.004738274626995687j),5357000000
(0.044565667053345255-0.36815012801074426j),(-0.0034869839743464697-0.004544460018376592j),5357500000
(0.03565602541051649-0.371931552151552j),(-0.003726613337401003-0.004500405061119269j),5358000000
(0.026052029466635117-0.37527893769254284j),(-0.0038264363066552076-0.004387201141781794j),5358500000
(0.015794740679596922-0.37949462702873804j),(-0.004085697884274271-0.004097800169586289j),5359000000
(0.006064996489987664-0.38252635487545833j),(-0.003980118144636832-0.003872705519999611j),5359500000
(-0.003623366972957422-0.3846430857984855j),(-0.004230773361641462-0.0036875169924527585j),5360000000
(-0.014255263555815034-0.3890087996639998j),(-0.004480755381900579-0.0036471439510058017j),5360500000
(-0.023954846392771623-0.39053802997295534j),(-0.004582013835100349-0.0034118081871190196j),5361000000
(-0.03503459598965945-0.3926218461429199j),(-0.004822025640469347-0.003264831112189815j),5361500000
(-0.04461649879439047-0.39407846977532995j),(-0.005063163420153797-0.0029932307730329427j),5362000000
(-0.05628677829236784-0.3956575420832484j),(-0.005086407751953064-0.002730807894684811j),5362500000
(-0.06605471552329581-0.39645233750420406j),(-0.005321771544245358-0.0025541029824791713j),5363000000
(-0.07717558736159394-0.3969509521420725j),(-0.005526247191149813-0.002386026090810027j),5363500000
(-0.08772641427788436-0.39674428964718j),(-0.0052687155226783635-0.0018891791446800162j),5364000000
(-0.09784302793845523-0.39534850079138734j),(-0.005368539408827608-0.001685194322504181j),5364500000
(-0.10928638991098963-0.3943842888481909j),(-0.00533731154399078-0.0014824717846262227j),5365000000
(-0.11849999131116358-0.3926544074613667j),(-0.005488161570957457-0.0015120898239262253j),5365500000
(-0.12901902549352506-0.3911360674089049j),(-0.005475061811994263-0.0012005755462866112j),5366000000
(-0.13916928646939278-0.3904251203499443j),(-0.005634960456511506-0.0011049273164157485j),5366500000
(-0.15038420175607864-0.3883204435299125j),(-0.005722402304531113-0.000932281524903555j),5367000000
(-0.16076676776774432-0.38456866769167375j),(-0.005901184713313602-0.0006090117550680487j),5367500000
(-0.17107631394098854-0.3822720040815151j),(-0.005770452777356464-0.0004156943069927764j),5368000000
(-0.18090982049910917-0.3788547211786803j),(-0.005709886434345112-0.0002357520936686418j),5368500000
(-0.19152907992419732-0.37455198284294233j),(-0.005908911124486077+9.234119332024313e-05j),5369000000
(-0.2006805664736246-0.3700232272424849j),(-0.005538406063440698+0.0002919938706190889j),5369500000
(-0.21034643859992735-0.364725747824964j),(-0.005638404742400796+0.0005974012241385142j),5370000000
(-0.21951237768074017-0.36035296982844617j),(-0.005524330542091627+0.0005646939607519164j),5370500000
(-0.2290713150482944-0.3540709920801717j),(-0.005376344895761506+0.0009056741085137763j),5371000000
(-0.23746732341063378-0.34852678492326233j),(-0.005464563579739218+0.0009543611040709986j),5371500000
(-0.24667312670433927-0.34253594638563756j),(-0.005331701828958611+0.0012458942303737572j),5372000000
(-0.2559529875521395-0.33595017450309417j),(-0.0053115743178750495+0.0012967248697292677j),5372500000
(-0.2639951725077152-0.32946440922046855j),(-0.0054536968924711535+0.0014309630572660172j),5373000000
(-0.2733049137895946-0.3220512337670896j),(-0.00516449195108726+0.0014323779958931354j),5373500000
(-0.28225197726559254-0.3162874237796855j),(-0.005500656639703367+0.0019233162270403932j),5374000000
(-0.2891745451470051-0.3076551672726333j),(-0.005414073671052254+0.002053930285330633j),5374500000
(-0.29676760030644667-0.30040364535116254j),(-0.0052766025923650615+0.002320144473711197j),5375000000
(-0.30427611106720237-0.2906331315420445j),(-0.005260823373669677+0.0024809769887306366j),5375500000
(-0.31109934336989437-0.2839251404953919j),(-0.005109288802456896+0.0028031703040420266j),5376000000
(-0.3170909237744855-0.2758213693922967j),(-0.005269744208941385+0.0032131840551156074j),5376500000
(-0.32314041041041425-0.26708377772631303j),(-0.004808855129700246+0.0033120639349880124j),5377000000
(-0.32918219146558936-0.256212087577796j),(-0.004938836141513545+0.0035762176220697113j),5377500000
(-0.33455127280801356-0.24909646254956946j),(-0.004447850150930432+0.0038035697863952507j),5378000000
(-0.33886932737003767-0.23801713956433834j),(-0.004394655529588883+0.004005997838960849j),5378500000
(-0.34354051572027355-0.22928379338883567j),(-0.004310132950956364+0.004251475733124473j),5379000000
(-0.34744443860913493-0.21971810780526116j),(-0.0041359879546513136+0.0043700802730024585j),5379500000
(-0.3513930911119198-0.20898616720818108j),(-0.003867783657946217+0.004753536591031214j),5380000000
(-0.3559462977142464-0.20011515734036517j),(-0.0037877736129050695+0.004696469195792795j),5380500000
(-0.359356692850457-0.1899358497707898j),(-0.0036056159762295164+0.004998012888779685j),5381000000
(-0.3623827682738474-0.1780709038279869j),(-0.0031793335287949097+0.005106827840683921j),5381500000
(-0.3669185606763362-0.16987980559770693j),(-0.0029650555223075734+0.005245565003410059j),5382000000
(-0.36859956036800506-0.1576074487605427j),(-0.002569936267175548+0.005278142765408075j),5382500000
(-0.3695369579386052-0.14594255856210553j),(-0.002440505618248777+0.005579410843405894j),5383000000
(-0.3711342723387078-0.1331039989021194j),(-0.0022864247173198416+0.005587258878006543j),5383500000
(-0.3729443038088252-0.1252573550945643j),(-0.0019524129171788571+0.0056929688654859005j),5384000000
(-0.37408062555601124-0.1139401229486557j),(-0.0016425743927918242+0.005780247192091418j),5384500000
(-0.37365749013189387-0.1013438168605958j),(-0.0013243092084538946+0.00603924910871755j),5385000000
(-0.37422816362434835-0.09257521147666777j),(-0.0011046946419102914+0.006052923281805884j),5385500000
(-0.3738692843020244-0.07954122949633771j),(-0.0006449282407759496+0.006074984587442023j),5386000000
(-0.37408488095388404-0.069474679898264j),(-0.0003581244032039024+0.006258541745686216j),5386500000
(-0.370885039145446-0.0559020697567854j),(4.375706211062634e-05+0.006303579564745303j),5387000000
(-0.3727472940692033-0.04957174026965157j),(0.00021514299298745537+0.006336592172756596j),5387500000
(-0.3676989940641954-0.0346538917438854j),(0.0004104583189555199+0.006167252656287138j),5388000000
(-0.3658866772999625-0.02487010163503377j),(0.0008144630831655407+0.00619465388693836j),5388500000
(-0.3655075381747894-0.017349827209930727j),(0.0012411821870443357+0.0060493944596168945j),5389000000
(-0.35876283664249253-0.004273511758459387j),(0.0014893715020927007+0.006137765076229625j),5389500000
(-0.35114627690382966+0.011583479699478058j),(0.0018957570016541001+0.005965016994128161j),5390000000
(-0.352427816202695+0.016830179476055317j),(0.001983528847743786+0.005776922423472979j),5390500000
(-0.34484658026038395+0.0307450862599941j),(0.0023217991480744766+0.005493854559736948j),5391000000
(-0.3352477497400864+0.04352822845944687j),(0.002569466159996747+0.005133962099128413j),5391500000
(-0.3332628829791656+0.051226140067205786j),(0.002533957481828098+0.0050238133264137175j),5392000000
(-0.32885913824541346+0.06006580868951621j),(0.0027933864356108375+0.004772279385104986j),5392500000
(-0.3208896117301472+0.07010544289087427j),(0.0027982313536557084+0.004530367705477189j),5393000000
(-0.31860572014091953+0.0767180032864987j),(0.0029269150388049653+0.004431214767104031j),5393500000
(-0.30554820845713+0.08996803751525609j),(0.00301949106073603+0.0041977161245950086j),5394000000
(-0.2969788347208046+0.09897514414115385j),(0.003094035287952966+0.004264791470303798j),5394500000
(-0.29003677607979206+0.10587146354303838j),(0.0030060532800283883+0.0041772129352664064j),5395000000
(-0.28235333475348884+0.11409410891770236j),(0.0032261131903924653+0.004038450553989566j),5395500000
(-0.27586381656222925+0.11956049054965238j),(0.003395932908738354+0.004030360906947456j),5396000000
(-0.26258015831714776+0.12958033666742275j),(0.003325567209012923+0.004003933373075544j),5396500000
(-0.2538041809654577+0.1357763409039872j),(0.0035030625673027234+0.004045539689944056j),5397000000
(-0.24750154668099192+0.13937521428465768j),(0.0037208212569685302+0.00406988463740558j),5397500000
(-0.23874010852278807+0.14319778973490851j),(0.004016831627553848+0.004099587350422014j),5398000000
(-0.22685139439144858+0.1507791469178602j),(0.004181963441757901+0.004048502735909943j),5398500000
(-0.21769169943894487+0.15473475822619093j),(0.004414709102144389+0.0037341505869842063j),5399000000
(-0.2058016283487542+0.16045855518982452j),(0.0048603644789834205+0.003537714780834659j),5399500000
(-0.1929530640889178+0.16638645390138768j),(0.005028932827561801+0.0033655861744472998j),5400000000
(-0.18827367028921588+0.16794751379481337j),(0.005058327493686801+0.003221628172109875j),5400000000
(-0.187630558341711+0.16740280580221803j),(0.005090378792869368+0.0032596128163351083j),5400500000
(-0.17172934945912594+0.1728724465830143j),(0.005472450772252868+0.0028386230827260987j),5401000000
(-0.1631591112976116+0.17579720834992188j),(0.005748905209373792+0.002730672584263707j),5401500000
(-0.15246101733977446+0.17891889388309015j),(0.00606275322343374+0.0023723195599942857j),5402000000
(-0.14234634104160537+0.18019779916481435j),(0.006176716643029484+0.002191537054678993j),5402500000
(-0.13029114167469405+0.18213515466895j),(0.006421131703175779+0.0018156078275334436j),5403000000
(-0.12075758215924498+0.18338984729588584j),(0.006683221636329536+0.0014875785017370185j),5403500000
(-0.1040422936083888+0.18577655281291677j),(0.006855991816760691+0.001072666174762545j),5404000000
(-0.09440298276041265+0.18499101427135148j),(0.00705284121362113+0.0007920395032872885j),5404500000
(-0.08200660987242486+0.18462762437560043j),(0.007146722761810132+0.00036729703747356726j),5405000000
(-0.0723503224431609+0.18431920425244594j),(0.007146412481099495+0.0001340582115430529j),5405500000
(-0.05662420720304478+0.18468648777170052j),(0.007256476556402066-0.0004659322259583486j),5406000000
(-0.046730823382614785+0.18243481627050345j),(0.007389477310492572-0.0008828460175375982j),5406500000
(-0.03606148074142813+0.1802397683867958j),(0.007316486564707916-0.0012703282534808555j),5407000000
(-0.023045102933204543+0.17724401358311107j),(0.007278372146674605-0.001611301140411128j),5407500000
(-0.011318006061677561+0.1743551553352569j),(0.007207792157302757-0.0019944593633622644j),5408000000
(-0.0020331100233825913+0.16937679044077986j),(0.00699346862494931-0.002331708696658648j),5408500000
(0.01128412195849458+0.1644671044379517j),(0.00693168606189979-0.0027199772906126704j),5409000000
(0.021292366783276628+0.15966158202061032j),(0.006769136906670358-0.002779846077526854j),5409500000
(0.03377401919812315+0.15428862719660785j),(0.006616868359786427-0.003402180833070519j),5410000000
(0.04247008214944391+0.14679637472402432j),(0.00657394433258944-0.0034905574638158642j),5410500000
(0.05304118130937894+0.1405068587827252j),(0.006383185698475636-0.004116064072761027j),5411000000
(0.06284321263920559+0.13190858054120705j),(0.0061239121441757265-0.004335142212969217j),5411500000
(0.07211984210540871+0.1238612929211402j),(0.005963062651671472-0.004757371639305633j),5412000000
(0.08021908618506199+0.1157646860379964j),(0.005867866362619905-0.005042447829455926j),5412500000
(0.08977226475100543+0.10756821274183523j),(0.005466426267155588-0.0055384424803224626j),5413000000
(0.09640574704135142+0.09847461589945214j),(0.005257188105897188-0.00587185039340092j),5413500000
(0.1035747369820341+0.08839180254565387j),(0.004885604377908161-0.0062262778004375735j),5414000000
(0.11030174410560345+0.07872339241192702j),(0.004629108572635474-0.006593771156573723j),5414500000
(0.11714053596193282+0.06780685579804946j),(0.004120683388188552-0.006966988987421682j),5415000000
(0.12150272189995323+0.0581223802707127j),(0.0036686972914231953-0.007332831757577593j),5415500000
(0.12753413383127163+0.04624132812874296j),(0.00341902696470625-0.0077049867260410914j),5416000000
(0.13280166352967593+0.0359694736238669j),(0.0028775369131340766-0.007893307224094467j),5416500000
(0.13553492450771373+0.024812536839878527j),(0.002312012949102555-0.008198262040802788j),5417000000
(0.13648279303038405+0.013234967522838962j),(0.0016916891536126488-0.008413214095126853j),5417500000
(0.14108385649504426+0.0015730934183221393j),(0.0011129115100506051-0.00826562796404142j),5418000000
(0.1415167145866901-0.01076708592544126j),(0.0006274152968298978-0.00824380367489365j),5418500000
(0.14337556504680207-0.022069604552788457j),(7.753489840752716e-05-0.00818778310319851j),5419000000
(0.1433182291748757-0.03480100771222135j),(-0.00024186880974591036-0.008037727212231388j),5419500000
(0.14488267624245876-0.04543154829210908j),(-0.000911880735309108-0.007838377297214557j),5420000000
(0.14391353070942337-0.05761937072013007j),(-0.0015278127565360108-0.007560624079455623j),5420500000
(0.1422740472724119-0.06959484655790207j),(-0.0019639600182060433-0.0075137821485941805j),5421000000
(0.1417542003257191-0.08010667092262551j),(-0.0024454178736668724-0.007389902236010347j),5421500000
(0.14046652301820273-0.09230305843073136j),(-0.002868087014562777-0.0068935457687135555j),5422000000
(0.13943782574641161-0.10444356359609104j),(-0.0031211922598979383-0.006487160661851835j),5422500000
(0.13624982801463598-0.11577017779501007j),(-0.003277269923411478-0.0062057731265229505j),5423000000
(0.13141943247954077-0.12803915275397482j),(-0.0033836613611841373-0.006105361937366957j),5423500000
(0.12655335781921248-0.13792841491586397j),(-0.003714179571145037-0.005677451961529825j),5424000000
(0.12180429748765645-0.14794049402834786j),(-0.0037980590148680277-0.005533954589151355j),5424500000
(0.11735469600211941-0.15747128503190733j),(-0.004013015149573286-0.005231815789074651j),5425000000
(0.11128437107649893-0.16827550823926465j),(-0.004165891636698728-0.0050341241875990475j),5425500000
(0.10524082805141802-0.1777751425253858j),(-0.0043722703999743125-0.004618330713652748j),5426000000
(0.09767582806543021-0.18891042503246194j),(-0.004279624887206741-0.004523691218793597j),5426500000
(0.09015454729901567-0.19865218606787854j),(-0.004362180282178047-0.004545588080020144j),5427000000
(0.0816779022813009-0.2085367106999512j),(-0.004501427719150947-0.004262829207589745j),5427500000
(0.07240983267196081-0.21644803518780054j),(-0.004497515804308007-0.0041236265444346675j),5428000000
(0.06298595436447114-0.22576992335974383j),(-0.004723216020110652-0.003971067510787241j),5428500000
(0.05430986746926922-0.23165722011436593j),(-0.004768979136350267-0.003823458692646418j),5429000000
(0.044105663299783986-0.24091601868567117j),(-0.005201309765431379-0.003818428663917397j),5429500000
(0.033612975951107946-0.24599672003739362j),(-0.005322419576066007-0.0036013976829302563j),5430000000
(0.02336827908854902-0.2536067462618287j),(-0.005553003849387071-0.0034113938552016946j),5430500000
(0.012258216044329959-0.25797502001311867j),(-0.005681334980909118-0.003014917127885765j),5431000000
(0.0013402215807686525-0.2643130089254836j),(-0.006113256909968425-0.0026966657400408992j),5431500000
(-0.009765740865448326-0.26675762746776843j),(-0.006190243735499499-0.002159178793290318j),5432000000
(-0.021973534461493145-0.2710092903017907j),(-0.006421953639642092-0.002013987559347105j),5432500000
(-0.03350095839303508-0.2735786419926886j),(-0.006499153477723843-0.0016741406547787455j),5433000000
(-0.04442871849248202-0.27611186578336755j),(-0.0064780983762344315-0.0011315149232942988j),5433500000
(-0.056416631850853-0.2766071916627916j),(-0.006538130411762459-0.0007654798429213372j),5434000000
(-0.06896564387035914-0.27983955757751516j),(-0.0066753317380701905-0.00047633723672374446j),5434500000
(-0.08043461759115285-0.27564043407885647j),(-0.006595391762351913-7.502891148865536e-05j),5435000000
(-0.09057354720376191-0.2837230690542232j),(-0.006608803680327573+0.00030176598427082013j),5435500000
(-0.10367857085480159-0.27046463648925473j),(-0.006458430373828132+0.0006950319356416924j),5436000000
(-0.11350877626469219-0.28088508893749176j),(-0.00637966253873965+0.0009091788873605391j),5436500000
(-0.1255232834429587-0.2649747886371271j),(-0.006028595437077947+0.0015513400314988385j),5437000000
(-0.13563136389104563-0.27668782005266324j),(-0.005996530572399797+0.001631623900135635j),5437500000
(-0.14682102720031573-0.25853184934857937j),(-0.005740589870669168+0.002102576066521719j),5438000000
(-0.15652134429014689-0.2646217012868875j),(-0.005571345952218154+0.002118384545309519j),5438500000
(-0.16829679288648997-0.2586898011589141j),(-0.0054277627848382005+0.0025780879049457574j),5439000000
(-0.17700187857281174-0.2570163815372503j),(-0.0051241551457154155+0.0027638317285084723j),5439500000
(-0.1889166268891149-0.2498364030225946j),(-0.0048848771864088555+0.002749575811772888j),5440000000
(-0.19983341291392526-0.25519611017121335j),(-0.0047017294472560915+0.0030048853836950576j),5440500000
(-0.21144139268968917-0.23122610565566534j),(-0.004422873411164718+0.0030431165670534365j),5441000000
(-0.2228962042718736-0.23339116196029808j),(-0.004172628651191315+0.003290721287395314j),5441500000
(-0.2340072860939754-0.22669590458279448j),(-0.0039704825720122084+0.0034100153130757647j),5442000000
(-0.24349964712641672-0.22515080750348743j),(-0.0037750664626378804+0.0033749222350119763j),5442500000
(-0.2528899619824339-0.21824454471361926j),(-0.0036951172172305863+0.0036276841268207682j),5443000000
(-0.2630406339528854-0.2112810359613006j),(-0.003430390099153419+0.003681426936649979j),5443500000
(-0.2718057658158885-0.19787728873719118j),(-0.0030754895752326344+0.0039056571760677297j),5444000000
(-0.2811788422980387-0.18818158752269953j),(-0.002775041188049171+0.003851595163091781j),5444500000
(-0.28733837392460687-0.17133106832829922j),(-0.0028177103623631293+0.003970074138215256j),5445000000
(-0.2979443438141784-0.17771131688517652j),(-0.0024956544947602414+0.0039437052607142805j),5445500000
(-0.30349042936929654-0.16021535801472508j),(-0.0021920030802576058+0.003980674834382934j),5446000000
(-0.31096649155530987-0.15250068591903657j),(-0.0021302866922717797+0.004050865250206585j),5446500000
(-0.316149716238439-0.13837182580668833j),(-0.001873495939252586+0.004082967448808173j),5447000000
(-0.32315048730039686-0.1311351743316484j),(-0.0018091881068485708+0.00399269578999708j),5447500000
(-0.3296164923107722-0.12006240805436165j),(-0.0017327708249851627+0.004111745747910793j),5448000000
(-0.3328852352412597-0.11441236096959045j),(-0.0014952320360622402+0.004047837503959105j),5448500000
(-0.33487355104619126-0.08477024355547265j),(-0.001029425596617341+0.003938708652272484j),5449000000
(-0.34318137812933874-0.0957714643999386j),(-0.0011572499464979073+0.004052316604118286j),5449500000
(-0.3444627566073618-0.07449181909469317j),(-0.0009374589055395435+0.0039470520133341675j),5450000000
(-0.34442389513829497-0.07637438537621213j),(-0.0008030023526180085+0.003884182314157506j),5450000000
(-0.3476502423391818-0.0625431969634941j),(-0.0007875989087847971+0.0038863350990335915j),5450500000
(-0.35179798813333485-0.05531861537543193j),(-0.000619940302219901+0.003980630953492784j),5451000000
(-0.35268117407173166-0.03515835004238358j),(-0.0004563652381572314+0.0038772601139860055j),5451500000
(-0.3546385620308396-0.02597334346130556j),(-0.000328814714995499+0.003981088993066487j),5452000000
(-0.35516049747120937-0.009756917073492693j),(-0.0004236835671207997+0.0036561115607035696j),5452500000
(-0.3563354690348532+0.0012542743819331584j),(-0.0001469633150711406+0.0037867201770100034j),5453000000
(-0.3562820347374704+0.01565099983607459j),(-0.00013581572623704385+0.0037058410984362857j),5453500000
(-0.35829736906901266+0.018711535317851778j),(-1.5253303441110629e-05+0.0037294875962526177j),5454000000
(-0.3525431642082917+0.045808640023646444j),(0.00014158635898314174+0.003655196768068092j),5454500000
(-0.3528978548679894+0.05385750113113905j),(0.00030266134671083254+0.003717952550527608j),5455000000
(-0.3491801593685326+0.06617320312955581j),(0.00020290371393118657+0.003746417673807928j),5455500000
(-0.3503646381004296+0.07336006501311756j),(0.00033480997250217605+0.003648454502747506j),5456000000
(-0.3432913997856523+0.09454755671670849j),(0.0003968799364062806+0.003757721409309018j),5456500000
(-0.3438451509830628+0.10125478935131033j),(0.00047921846252446627+0.003748602079411472j),5457000000
(-0.33975950206767774+0.11486182748756293j),(0.0007121443559244807+0.0036841874809991557j),5457500000
(-0.3355969632526297+0.12536455834921786j),(0.000973624868601772+0.0036988761274926547j),5458000000
(-0.3303436166203809+0.1398242383917381j),(0.0011570642344581681+0.003738238727868105j),5458500000
(-0.32727612383394944+0.14952169219712302j),(0.0012629601373619526+0.0036600813415165637j),5459000000
(-0.3199964498656817+0.16233161892947592j),(0.0012421228652253098+0.0035748976077560786j),5459500000
(-0.3148101454296248+0.17113151654296432j),(0.0013237883851589956+0.003534037692030424j),5460000000
(-0.3096049529057037+0.18187957345507483j),(0.0016540166277200386+0.003304157800567157j),5460500000
(-0.30147352485779766+0.195012413546621j),(0.00184666330401791+0.0031640729558944747j),5461000000
(-0.29563943336867554+0.2016032574239632j),(0.0019428252113668997+0.0032400531319845874j),5461500000
(-0.29077057759270664+0.20749640360074417j),(0.002075207595739648+0.003045748609585547j),5462000000
(-0.27998707865492445+0.22487770120962308j),(0.0022066409917897473+0.002784202030235065j),5462500000
(-0.2718165157024972+0.23386669810636027j),(0.002511843637691691+0.0024455598971022067j),5463000000
(-0.26461868661946475+0.24118173788683064j),(0.0025864849565490323+0.0025852735308896572j),5463500000
(-0.25458777087995355+0.2503259623029451j),(0.0025311105745598763+0.002396469888396784j),5464000000
(-0.2457753952693089+0.2591826719404577j),(0.0026607576473622187+0.0024565273499258782j),5464500000
(-0.23425511410934144+0.26865345112095607j),(0.0026401081183472642+0.0022002375264740357j),5465000000
(-0.2261891212172413+0.2741632002569327j),(0.0028159999603917544+0.002062147502138598j),5465500000
(-0.21509324881305433+0.2834112734962805j),(0.0027914858943044827+0.0019163353296565678j),5466000000
(-0.20562903962354176+0.2901535102925038j),(0.002805168047653288+0.001637345181684021j),5466500000
(-0.19231117827695637+0.3001510257175742j),(0.003066003583746427+0.0017582151922652131j),5467000000
(-0.18600747376328086+0.30296110999731113j),(0.0028448082434529356+0.0015987243190964278j),5467500000
(-0.17277689895836673+0.31157834103266263j),(0.0028332129291988705+0.0013458037633268134j),5468000000
(-0.16226993072536014+0.3153149743734339j),(0.0029605600718046435+0.0011848867996011277j),5468500000
(-0.14820217067679528+0.323509501190252j),(0.002933806663676953+0.00115402119110719j),5469000000
(-0.14003931683485965+0.32571102089634124j),(0.00304352515616475+0.001091023672326766j),5469500000
(-0.12518407015358793+0.33239034023292907j),(0.0029261232469055274+0.0009352259638005261j),5470000000
(-0.11625250396292318+0.33505436711984193j),(0.002984442238150951+0.000887471222423159j),5470500000
(-0.10186239937074651+0.3391050969595189j),(0.0030063576119270206+0.0008704759332957079j),5471000000
(-0.09027079816911152+0.3412953718904708j),(0.0032023064997111455+0.0007755269823193906j),5471500000
(-0.07702785770020684+0.34456331514381794j),(0.0031258189547494924+0.0006271708204763377j),5472000000
(-0.0668977126241343+0.34404002712228193j),(0.003172671304682962+0.0007259876410102893j),5472500000
(-0.05004440320087411+0.3497864111381365j),(0.003316372279942693+0.000597375060701467j),5473000000
(-0.03933428799728282+0.350656982608131j),(0.0034075107649173715+0.00045042892800393314j),5473500000
(-0.026923745679989095+0.34942209422187365j),(0.0033456659430544755+0.0002992502273785457j),5474000000
(-0.01327430193394812+0.3513510032814831j),(0.0033941366798738333+0.0001067760917320565j),5474500000
(0.0010660012337304515+0.35211773139320557j),(0.003598116843451755+0.0001297849870967324j),5475000000
(0.012362516834795192+0.34946417059669j),(0.00365470925727319-0.00013716473462212987j),5475500000
(0.023850144128349328+0.34800931656296424j),(0.0036815102763437515-9.768562450192304e-05j),5476000000
(0.03847266247496805+0.3491884575415264j),(0.0037848826191296944-0.00032577159727802097j),5476500000
(0.049314599444407366+0.34533241295538675j),(0.0038717098374006784-0.0004881849575409546j),5477000000
(0.06391135551300597+0.3455325016171855j),(0.003730308129877998-0.0008755639353984317j),5477500000
(0.0738328683119556+0.3409074996530959j),(0.003941547056715863-0.0008561459196811882j),5478000000
(0.08802994982693928+0.33878812802537794j),(0.0038930290282129048-0.001076524144029571j),5478500000
(0.09721646273809267+0.33374835047243717j),(0.0037744905561119635-0.0013094055308881098j),5479000000
(0.11171465516017778+0.3306265561720037j),(0.0038353665470866683-0.0015179479211370496j),5479500000
(0.12183537506399514+0.32610997796529684j),(0.003678247893100434-0.0017972634592078609j),5480000000
(0.13331821523196544+0.31968111634922886j),(0.0036188441332722877-0.0020433458162374112j),5480500000
(0.14503438167415655+0.3148373067810379j),(0.0037832348919900854-0.0021382979848372286j),5481000000
(0.15614180017466497+0.31013699148490315j),(0.0035536076704517955-0.0024840042747232426j),5481500000
(0.16682212814584055+0.3040161357372281j),(0.0033925508536356195-0.00262388551663898j),5482000000
(0.176983499040387+0.29681327821983605j),(0.0033328897025871294-0.0027465102969533024j),5482500000
(0.18961657977763194+0.29143819603658516j),(0.0031541397308024357-0.0030081781558801922j),5483000000
(0.19808463032672924+0.28363684882522766j),(0.002948647066243294-0.0032147294587423682j),5483500000
(0.20762700563541955+0.2751755635630491j),(0.0029871188339180513-0.0032569365480819845j),5484000000
(0.21626190173367982+0.26689062498337496j),(0.0026399806103795964-0.0033346345038233025j),5484500000
(0.22700494157269116+0.2590352359645171j),(0.0024471184844566955-0.0035907853617218877j),5485000000
(0.23578770222854542+0.25024429248314245j),(0.002198932712500229-0.0037306473333263116j),5485500000
(0.24481168128485828+0.24211090261176257j),(0.0019317845549173475-0.0037868757716170267j),5486000000
(0.25256038616856863+0.23183535042397252j),(0.0017734893521289964-0.0038786656323529173j),5486500000
(0.26152202958495374+0.2225399853672217j),(0.0016239704614633796-0.004157498416931831j),5487000000
(0.26857307572140116+0.21248908054788695j),(0.001578424593882947-0.004227098992646465j),5487500000
(0.2764721983739121+0.20231018768354503j),(0.001341831026649597-0.004177809270199546j),5488000000
(0.28461155710076436+0.1912391821317349j),(0.0011558545536793318-0.004373540558802558j),5488500000
(0.29103457975027847+0.18004505973628762j),(0.0008466902536895937-0.004404978373492112j),5489000000
(0.29683428705415327+0.16857707221567048j),(0.0005653885784919695-0.004392345512397387j),5489500000
(0.3025084838527093+0.15719370894258775j),(0.0005428653887308948-0.004792055775265231j),5490000000
(0.3082018087466396+0.1461448085515375j),(0.0001268410813395848-0.004495843940883147j),5490500000
(0.313714697830265+0.13522271347205314j),(8.602505842989535e-06-0.004512332301410636j),5491000000
(0.3174955811944991+0.12316205155896352j),(-0.0002453330574204085-0.0045477401107969885j),5491500000
(0.3215575769907643+0.11189057312997092j),(-0.0004761955502216003-0.004564344862508691j),5492000000
(0.3249694365438352+0.09976931106365544j),(-0.0006394605492196913-0.004470391921161384j),5492500000
(0.32812823906322264+0.08747622256542117j),(-0.0006747793908398207-0.004584287263613552j),5493000000
(0.3298309337149178+0.07563108428126765j),(-0.0008268157878118495-0.004422223833058498j),5493500000
(0.3336050617866285+0.06410134614989808j),(-0.0010786342524014734-0.004373928877234837j),5494000000
(0.3336568735594279+0.05130759335263123j),(-0.0014312752747270927-0.004244048753967767j),5494500000
(0.336116578975649+0.039262483239977775j),(-0.0014918942716747603-0.00409458237028619j),5495000000
(0.33587464883923346+0.026193515672788773j),(-0.0018355090151546526-0.004062213147805642j),5495500000
(0.3340584861205191+0.013081091812083424j),(-0.0020142887253577226-0.004113258964856832j),5496000000
(0.3363101994154455+0.0008959480186920589j),(-0.001957991775959461-0.004051376544283979j),5496500000
(0.3365061349788071-0.011308700535142232j),(-0.002308642565340713-0.003859431099956462j),5497000000
(0.33547267551394866-0.024713406847398086j),(-0.0024299682702739324-0.0038633957649024642j),5497500000
(0.3336238237546898-0.03671077236117199j),(-0.002579155374354485-0.003924069293089359j),5498000000
(0.3331448235295105-0.04979968644483823j),(-0.0029346031180842425-0.0038447558023104824j),5498500000
(0.3297599404475966-0.062153967326020215j),(-0.0031825419719407754-0.00377209912715477j),5499000000
(0.32490688287182573-0.07500694523899533j),(-0.00341728710077272-0.003491178418279798j),5499500000
(0.3211089532217192-0.08663868418272601j),(-0.003475961759201295-0.003332061160314497j),5500000000
(0.3195959098049063-0.08772572191444883j),(-0.0035342925193883527-0.0033198904475750988j),5500000000
(0.3166713901514916-0.09834505765867863j),(-0.0036483557926225304-0.0031486902933283577j),5500500000
(0.3150162076503771-0.10887470228733628j),(-0.0038929101430307442-0.0030532428826185627j),5501000000
(0.3072878930882326-0.12045063516911249j),(-0.004139885027781827-0.002925438816859048j),5501500000
(0.30281080471941896-0.13043729063715315j),(-0.004370717408339699-0.002486681471217288j),5502000000
(0.2941473055287678-0.14092575189075235j),(-0.004540136816996588-0.0024329056071961544j),5502500000
(0.28864311426871764-0.1517167796588005j),(-0.004519908696242434-0.0019950615728094936j),5503000000
(0.28412352358818194-0.16089191092016528j),(-0.004507470524326702-0.001746364759266878j),5503500000
(0.2744358231964961-0.17182543607909964j),(-0.004725794300146725-0.0015325803865656703j),5504000000
(0.26461988102914735-0.18087312962349109j),(-0.004709056135555726-0.001182826536853939j),5504500000
(0.2608663588411881-0.18964658567807877j),(-0.004602659144615518-0.0009563850191381434j),5505000000
(0.2507705001092872-0.19911023332364663j),(-0.0046172347525722125-0.000795357121285034j),5505500000
(0.2420862013668387-0.2083330503702203j),(-0.004629591578496865-0.0005773178448397535j),5506000000
(0.23092526602943783-0.2173632570443447j),(-0.004651154186969864-0.00044572107637029106j),5506500000
(0.22255972221957224-0.22590787758893716j),(-0.0044544479650302496-0.00028974238565199195j),5507000000
(0.2110617969671895-0.23250189955394832j),(-0.004546973577989912-7.889664530876939e-05j),5507500000
(0.20271452008553154-0.2411011564405872j),(-0.004375494716424152+0.00014711257994266824j),5508000000
(0.19028247484823468-0.24783145799760162j),(-0.0045523989909855775+0.0004031978026033894j),5508500000
(0.18132547489372958-0.25460807082929604j),(-0.004283618571899752+0.000267699392239117j),5509000000
(0.1668394875002858-0.2593253451166768j),(-0.004322744452768191+0.0004102661463267634j),5509500000
(0.15744090540741376-0.2647482099442417j),(-0.004399146507867057+0.0007156994406335111j),5510000000
(0.14011826656305842-0.26791801726598546j),(-0.0042680871938939125+0.0011631751363332964j),5510500000
(0.13309243037739552-0.2744824972588131j),(-0.004174962876041339+0.0012853705378521212j),5511000000
(0.12004634582649001-0.27710023804884637j),(-0.004237512955625083+0.0015197349805573773j),5511500000
(0.10946605547999562-0.27982876043334864j),(-0.004124341011981985+0.0017369120438090794j),5512000000
(0.09281874611501402-0.2815813813425623j),(-0.0039382197863021915+0.002065745151116667j),5512500000
(0.08421578207316437-0.28352329473224813j),(-0.0039031324408709263+0.0021929533063380995j),5513000000
(0.06803288562088751-0.28373569770137913j),(-0.0036444083323938043+0.0021834053312122996j),5513500000
(0.05651193178841308-0.28420917082238045j),(-0.003436554886543383+0.002580488983464326j),5514000000
(0.04136172545638882-0.28352429774935994j),(-0.0034453465305440416+0.0027406198452118806j),5514500000
(0.033933935985327714-0.28429668625107474j),(-0.003234001442964022+0.0027645550982817297j),5515000000
(0.015776209266894138-0.2804514484396434j),(-0.003144422119849049+0.002989770236274146j),5515500000
(0.004967013009899437-0.27940661752879825j),(-0.002937374553943016+0.0029713513004181536j),5516000000
(-0.007914941125413794-0.27690296169354234j),(-0.0029625949778538377+0.003166840154176593j),5516500000
(-0.019944439511594143-0.2749501401810923j),(-0.0028008514786913206+0.0031230324006266863j),5517000000
(-0.03255493301790983-0.27066105708661276j),(-0.0024459994788057467+0.0033381520652848236j),5517500000
(-0.043593843269697-0.266847843197153j),(-0.0025140821256704016+0.003270675833698221j),5518000000
(-0.04983205948767303-0.26456868220006907j),(-0.0024564273477143584+0.0034569596380159117j),5518500000
(-0.0651462409719742-0.2574907875930755j),(-0.002170957762635719+0.0034028895200028126j),5519000000
(-0.07994109587806801-0.25093627808354896j),(-0.0018924317716822276+0.003566401536003341j),5519500000
(-0.09078244294739737-0.24477862190460675j),(-0.0018883835444151516+0.0037706538777394646j),5520000000
(-0.10030463290736065-0.23853912459691948j),(-0.0016388667594297017+0.00373010406918636j),5520500000
(-0.116219017566392-0.22910281735568294j),(-0.0012652351300326682+0.0036196722304971196j),5521000000
(-0.12123688420142464-0.22282592050417438j),(-0.0010724964617180813+0.0038438297970408244j),5521500000
(-0.13084002367484274-0.21555479211894996j),(-0.0009333616912586148+0.0038291877007943878j),5522000000
(-0.14047086205102363-0.205763098135714j),(-0.0005690934274991705+0.0040906850184747965j),5522500000
(-0.14918487192399607-0.19647925418348444j),(-0.00044571540642511607+0.0041139170215606j),5523000000
(-0.1570211853717224-0.18772617832834196j),(-7.22059896666964e-05+0.004330706637989888j),5523500000
(-0.16539711537711116-0.1781899631112785j),(4.641159172664106e-05+0.004141447322905642j),5524000000
(-0.17334786657600365-0.16626798742494522j),(0.00029541787612753675+0.0041293830782616146j),5524500000
(-0.17911791985976286-0.15644138229231944j),(0.0005707265847133063+0.00414290935260402j),5525000000
(-0.1855547578519816-0.14592347975318984j),(0.0006973623287782567+0.004118199974249399j),5525500000
(-0.19352031597989108-0.13333659470135925j),(0.0011158852604612097+0.004206240785984856j),5526000000
(-0.19757418100258825-0.12333024008371736j),(0.0013152407447450602+0.003961300200506338j),5526500000
(-0.2028557311707018-0.11002084331071996j),(0.0015306767219945808+0.003774804693495224j),5527000000
(-0.20732459858186653-0.0989772379291879j),(0.001576947124261659+0.003721504402611827j),5527500000
(-0.21179379999003906-0.08645077361781327j),(0.0017921639199999148+0.0037506229835164552j),5528000000
(-0.21476226206819743-0.07292359052603795j),(0.002019534151413076+0.0033941488380952447j),5528500000
(-0.22068011815034488-0.05837499110859844j),(0.002232952617275269+0.00327581509571692j),5529000000
(-0.21984846414894227-0.048484549165927655j),(0.002253088835729259+0.0027900462147655157j),5529500000
(-0.22023499401955596-0.037271432540333854j),(0.002346228001132357+0.0029296164575435208j),5530000000
(-0.22235284320360482-0.025304770896069792j),(0.0028551660644124846+0.0027187538870036055j),5530500000
(-0.2228213641782297-0.009898891279861138j),(0.00296477253153416+0.002188183597100736j),5531000000
(-0.21954021685350775+0.00011545612635115587j),(0.0029415404774541377+0.001778331454241764j),5531500000
(-0.22149645411770152+0.013376330376231727j),(0.0029454834493087595+0.0015854282630869405j),5532000000
(-0.22015852746562242+0.025395259066334736j),(0.0028982124567502386+0.0013384803393725316j),5532500000
(-0.21840811358817352+0.038075542158163854j),(0.0029290667542189713+0.0009922142219408183j),5533000000
(-0.21483962040433+0.04791664474348634j),(0.0027674414652069396+0.0009371186750203771j),5533500000
(-0.21207295271221321+0.06023101587729417j),(0.00265180021883706+0.000560991623638798j),5534000000
(-0.20658690895112924+0.06782295650899632j),(0.0025253639806215498+0.000616345632443821j),5534500000
(-0.20558650548406435+0.08305880494959098j),(0.002269616244680707+0.0006142329788893774j),5535000000
(-0.20292574755383558+0.0962352896023552j),(0.0022435036330625516+0.00044926672752317607j),5535500000
(-0.19868719888163952+0.10835455503195507j),(0.002131953199454139+0.0004422590063242655j),5536000000
(-0.19420577286532462+0.12178200374772398j),(0.002222807222373981+0.0003295138645300559j),5536500000
(-0.18889999921090286+0.13341254466605987j),(0.002198175828851092+0.0005086035297657524j),5537000000
(-0.1812211458874705+0.14588919156871896j),(0.0021429075083941444+0.000396870673266784j),5537500000
(-0.17255304198630006+0.15655566040901467j),(0.0023022813809247017+0.000127317485312597j),5538000000
(-0.16485342318846893+0.16706976669405707j),(0.002209829874118689+3.8929541314773746e-05j),5538500000
(-0.15558693643904273+0.17619654912892851j),(0.0022609820863181223-9.92573501468833e-05j),5539000000
(-0.14864961813636196+0.18754705103698657j),(0.002091293493730049-0.0003696247635053345j),5539500000
(-0.13765792824172574+0.19521514460282585j),(0.0018903278141296322-9.967321055938673e-05j),5540000000
(-0.12906418761474664+0.20599083116611427j),(0.0018893379239034898-0.00022024639876500607j),5540500000
(-0.11849549647465456+0.21411585009435583j),(0.0019790095594945495-0.0003088445816868655j),5541000000
(-0.10818201274840068+0.22319576140756484j),(0.001996171398975105-0.00015577770762771303j),5541500000
(-0.0958425175057406+0.2302559161253262j),(0.002198424444573045-0.000273177065716127j),5542000000
(-0.08564877242871236+0.23957944943494197j),(0.002041510221354212-0.00030524090837131515j),5542500000
(-0.07185341733537957+0.24423379770412026j),(0.0022238742535250853-0.0004101838293395341j),5543000000
(-0.05933395396869393+0.25157147662323803j),(0.002302320596772472-0.00043962358751526586j),5543500000
(-0.04614372665565787+0.25747057947815666j),(0.0023896677820139265-0.0003926484408952491j),5544000000
(-0.0336604833596643+0.26230458799242057j),(0.002259013334694173-0.0005835002964294086j),5544500000
(-0.020595395901374432+0.26692883156250113j),(0.002232311555441345-0.0005876477928909366j),5545000000
(-0.006181882223043722+0.27090201947125536j),(0.002281353627586722-0.0007706055189132072j),5545500000
(0.005620813386700608+0.27437930812904604j),(0.002278381862457935-0.0007329927556792316j),5546000000
(0.019706570251306888+0.2777465400513458j),(0.002288937616908489-0.0008746880561522896j),5546500000
(0.03452458507237045+0.27962743355253245j),(0.0021930945803844233-0.0009223792348324059j),5547000000
(0.04738734533992619+0.28114674200308215j),(0.0022172570313364398-0.0011924857815543513j),5547500000
(0.06210810715667636+0.28179959161096063j),(0.0018869277114336924-0.0011921000035795565j),5548000000
(0.07543011175696832+0.28155587703381874j),(0.0020249257247560853-0.0013080550563748848j),5548500000
(0.08918700810549313+0.2827577593168821j),(0.0018084635808379324-0.001337322453163637j),5549000000
(0.10256275160350138+0.27963796662910845j),(0.0019108419186629514-0.0014307961799528116j),5549500000
(0.11643794791836484+0.28046406493531284j),(0.001653724527575887-0.001470344016573083j),5550000000
(0.11549027785414158+0.27679846107628614j),(0.0016085216393145077-0.001555343923028999j),5550000000
(0.13047041417200167+0.27748391809592887j),(0.0015910577071830895-0.0016001502422812038j),5550500000
(0.14339697746321114+0.27220525533406953j),(0.0017727541526851899-0.0015884209599758958j),5551000000
(0.1582271731948645+0.27030642665080223j),(0.0018708619836431673-0.0017983055222819714j),5551500000
(0.16940924944082897+0.2636248843078808j),(0.0016877076584617722-0.0017110434950248635j),5552000000
(0.18406242927887734+0.26154890761085275j),(0.0016388022379362072-0.0018406356174746244j),5552500000
(0.1976277039662043+0.2572431074933722j),(0.0016559309720078502-0.0018843246997882384j),5553000000
(0.20885536942744018+0.24708193198467412j),(0.0016858022185625148-0.0018615199282636034j),5553500000
(0.22250225648302213+0.24473980409449364j),(0.00168594829617698-0.0019887110836069714j),5554000000
(0.2333210565006142+0.23336769371792718j),(0.001827384348952453-0.0021990723009133193j),5554500000
(0.2463283058627197+0.22781822507624083j),(0.001688126259968444-0.0023609424134850344j),5555000000
(0.25738205896920263+0.21952497678274366j),(0.001338927442071862-0.002506935830286167j),5555500000
(0.26976464287244933+0.2108154183868075j),(0.0011468853331548378-0.0025081608441019365j),5556000000
(0.278278615486136+0.2027672742395191j),(0.0010636688707228218-0.0023793882977761523j),5556500000
(0.2894404952573238+0.19527443683693785j),(0.0008828519699186723-0.0022877950000846367j),5557000000
(0.2992146986096383+0.18892863130439094j),(0.0008453300114999321-0.002205080536375063j),5557500000
(0.30719839109864944+0.17352343860087296j),(0.0008290638806802266-0.00246725707707363j),5558000000
(0.3176522560792743+0.16879430445683627j),(0.0007053528393560175-0.0022959883452370916j),5558500000
(0.3262784453768411+0.15750852579988997j),(0.0006778548461123709-0.0022904540273598097j),5559000000
(0.334093688294221+0.1489871937888944j),(0.0005082862629933119-0.002274955584501085j),5559500000
(0.342109203507578+0.1353436741053693j),(0.0004740995290936395-0.0023242886789667885j),5560000000
(0.35067630230375346+0.12831151716564657j),(0.0002750383570307193-0.0023004026788023208j),5560500000
(0.35566863672906074+0.11233415132608111j),(0.00017226532766584235-0.002493961191980723j),5561000000
(0.3633362769430149+0.1028573043452041j),(-9.26471917449588e-05-0.002405436846055752j),5561500000
(0.3682874687530146+0.08983925310962776j),(-1.2577925998982312e-05-0.0024006082143002757j),5562000000
(0.37441108643620274+0.0777448673122625j),(-0.0003043742443981473-0.00259470820115029j),5562500000
(0.37797549112661094+0.06503003444184051j),(-0.00024486644358803-0.002436825787127848j),5563000000
(0.38266394501289935+0.05171918137396349j),(-0.00043017508177869025-0.0024185799928275464j),5563500000
(0.3863048751946456+0.04072542024191367j),(-0.00032721702594196665-0.002501180159290955j),5564000000
(0.3906759415169549+0.027594869602751867j),(-0.0006937859525775154-0.002669480799301806j),5564500000
(0.39202353370379184+0.01371509873655427j),(-0.0007056264523385036-0.0023867150300275358j),5565000000
(0.39486613127867376+0.0008815407704631181j),(-0.000820925282021379-0.0023658520693270323j),5565500000
(0.39881629971437565-0.0092241342697715j),(-0.0009366524352724976-0.002547429666169174j),5566000000
(0.4013117177544005-0.021731706356035906j),(-0.0008159780996414594-0.002224211309546739j),5566500000
(0.4017622214683669-0.03633306311994714j),(-0.0010624561815189937-0.0025410678966784764j),5567000000
(0.40025538461634724-0.052383177798888486j),(-0.0010444235912359307-0.0026036603368105255j),5567500000
(0.40159322890455623-0.06347508543657773j),(-0.0012908189759487116-0.0023846998285091637j),5568000000
(0.4011060936633385-0.07672939053727451j),(-0.0012404704731678732-0.0023868741872993455j),5568500000
(0.3974741929386407-0.09392452566534817j),(-0.0014722462490544162-0.0023362366050649836j),5569000000
(0.39569514291502866-0.10584012151759394j),(-0.0015909542643167262-0.0025012882823354414j),5569500000
(0.39896574718318384-0.11426863558487695j),(-0.001625657348087282-0.002501218181679288j),5570000000
(0.3944502980893985-0.13014599742171723j),(-0.001645484495671438-0.0022853512450903882j),5570500000
(0.39165024612403976-0.14262969205040096j),(-0.0016409452368807518-0.002115308863896468j),5571000000
(0.38944536162657306-0.15442386205973835j),(-0.001842807100662134-0.0022011540384091173j),5571500000
(0.38659916177984893-0.16642705952526113j),(-0.0016824285285172169-0.0021968470948314626j),5572000000
(0.3818587142392017-0.18028435770272866j),(-0.001747567880739916-0.0021826227168092087j),5572500000
(0.3762301968362388-0.19452315462415598j),(-0.0019541725473901303-0.0022009788430619338j),5573000000
(0.3724181670743977-0.20388809908817984j),(-0.0018311003072533783-0.0020397800504535967j),5573500000
(0.3641957368386424-0.21804020458902107j),(-0.0019747110615624926-0.0019973805706870016j),5574000000
(0.3621195406663276-0.2261118669158819j),(-0.002109409079635003-0.002116748667502824j),5574500000
(0.3524838821730449-0.241741465280815j),(-0.0022863423721570185-0.0019962875079605437j),5575000000
(0.349994455084226-0.24902385212631858j),(-0.002436530922094891-0.0020403258832017573j),5575500000
(0.3391187605837962-0.2645371247063665j),(-0.0024339809506695224-0.0017897134936626802j),5576000000
(0.3337855276614818-0.2729384123944084j),(-0.0027530950030132486-0.0016664442484880515j),5576500000
(0.329204656004293-0.28073273446398j),(-0.0028229624321977082-0.001624607980518007j),5577000000
(0.3188668023592835-0.2921377084186319j),(-0.0030120734516803716-0.0013519177683432298j),5577500000
(0.30965979079567174-0.30345383833337053j),(-0.003160446621132324-0.0011190017114412138j),5578000000
(0.29878211879317756-0.31473763481492645j),(-0.0032348767581749966-0.0010815138503053215j),5578500000
(0.2923028205065145-0.3205548844446725j),(-0.0032693302926753796-0.0006091018278505663j),5579000000
(0.2758528415286807-0.3354822878373695j),(-0.003231319435289301-0.0005043728970852665j),5579500000
(0.272191388634873-0.33864150727594855j),(-0.00333741279569749-0.00026380591009423233j),5580000000
(0.25981242774342767-0.34816430060646913j),(-0.0032968456101718406+7.212411178284561e-05j),5580500000
(0.25315087161895183-0.35617253953557365j),(-0.003281131933324478-8.723431219879465e-05j),5581000000
(0.24114464219509818-0.3649306855483515j),(-0.0031606657683602175+0.0003955032186223412j),5581500000
(0.23300009340357242-0.3690181567864469j),(-0.0030512289041299957+0.000386352132614418j),5582000000
(0.21771472265907715-0.3781402418037456j),(-0.002875820423146036+0.000624009933465974j),5582500000
(0.21156273608029055-0.38165285871714094j),(-0.002772533867248701+0.0006668156051711376j),5583000000
(0.1968539846947879-0.39070137125245696j),(-0.0026451520365907664+0.0007440877416308531j),5583500000
(0.18681626314101507-0.3956959946097401j),(-0.0026084897278026496+0.0009096815437859459j),5584000000
(0.17160995337198384-0.4003140513774265j),(-0.002535280482524102+0.001026416420229224j),5584500000
(0.16401322500822346-0.40269967216358027j),(-0.0026690542952273657+0.0011141973752044974j),5585000000
(0.1486429040696114-0.4096766215977203j),(-0.0023929327305251507+0.0013678502933265472j),5585500000
(0.1346690616930306-0.41548602595211853j),(-0.0022097063497932127+0.0014598505736096677j),5586000000
(0.12464727236762721-0.41682085903080485j),(-0.0021331812304505476+0.0016156888795036965j),5586500000
(0.10874199816853479-0.42015751325650835j),(-0.002106725217147605+0.0017540635691941637j),5587000000
(0.09574106578933864-0.4252633040989692j),(-0.001989499685979631+0.0016271161674578944j),5587500000
(0.08347437994688897-0.4248580985435722j),(-0.0016135656366933575+0.0018076101883239247j),5588000000
(0.07360677007724944-0.42409819046707903j),(-0.001682540383186267+0.0017958627826664972j),5588500000
(0.05638092137110722-0.4282448483017117j),(-0.0014204682457889413+0.0019110828862782436j),5589000000
(0.04937219766203039-0.4245452188358987j),(-0.0014458791447858744+0.001955801491407971j),5589500000
(0.030849750707256013-0.42766894388835663j),(-0.0012819734423220013+0.0018171028382879529j),5590000000
(0.0204549932159938-0.4272484886225646j),(-0.001103695742803114+0.001974756615219918j),5590500000
(0.008227664189031909-0.4268306107587747j),(-0.0010201150420544405+0.0018221902188224255j),5591000000
(-0.00635691669828399-0.42580840615949195j),(-0.0006419330911903887+0.0015988767284859041j),5591500000
(-0.019461168334861022-0.4230871155271129j),(-0.0007222286048295246+0.0017828739424922066j),5592000000
(-0.028757723584310214-0.42121105318663943j),(-0.0005988129223418409+0.001573251978295525j),5592500000
(-0.04381050409585428-0.42017994746610204j),(-0.000535267181010903+0.0015683486501194505j),5593000000
(-0.05707190649677177-0.4181306893707224j),(-0.0002881658756697737+0.001444628696823138j),5593500000
(-0.06913456669116393-0.4135644986681616j),(-0.00042552846523917314+0.0014461651336573522j),5594000000
(-0.08112432203080029-0.40904935981090246j),(-0.0002477129076179605+0.0014374242418835994j),5594500000
(-0.0937230439907033-0.40439892245686976j),(-0.00024267152560553037+0.0013020287027725394j),5595000000
(-0.10581989632758895-0.4017758372680914j),(-0.0002482038240026334+0.0012904517633094347j),5595500000
(-0.11482273104070809-0.39414495723397847j),(-0.00017469820583054191+0.0013786665866396101j),5596000000
(-0.12675403481791042-0.38806785736615634j),(-0.00010535618815294312+0.0014102724429116925j),5596500000
(-0.1370336379430763-0.38218714096984197j),(6.080249445539131e-06+0.0014502848137228018j),5597000000
(-0.1534640507623575-0.3770275478689446j),(1.4501373718114529e-05+0.0013239389047129029j),5597500000
(-0.1586088473357756-0.3681615062369649j),(4.545904923111628e-05+0.0013370136652103837j),5598000000
(-0.16717874331264426-0.35959703522283853j),(-9.441802171864492e-05+0.0014277135296363991j),5598500000
(-0.17442224567075196-0.3507452623120464j),(8.790937303166678e-05+0.0013397612622229914j),5599000000
(-0.18830397574956712-0.34228786227099134j),(0.00010878023500397974+0.001440160224084004j),5599500000
(-0.19592041777608685-0.3343412460759858j),(0.0003231396728025793+0.0013646336320603236j),5600000000
(-0.1941953488114905-0.33403878077855315j),(0.00012736957199035594+0.001488011497325321j),5600000000
(-0.20354130441000862-0.32519823702313716j),(0.0003241441198354706+0.0014599156433479118j),5600500000
(-0.21387196505623154-0.3158459836696191j),(0.0005486897624955717+0.0014773599183914045j),5601000000
(-0.22102124113250782-0.3052877179873697j),(0.0004211459345982092+0.001407399234418993j),5601500000
(-0.2290946913636336-0.2957466011027642j),(0.0005978456818183473+0.0013267609439600253j),5602000000
(-0.2347654878527725-0.2837384405750753j),(0.0004935865346087833+0.001437300136185188j),5602500000
(-0.23974318555876167-0.27268684168214247j),(0.0005458110491324833+0.001421903873377499j),5603000000
(-0.2475565512657187-0.26083778626071646j),(0.0007132053280805915+0.001292625028606542j),5603500000
(-0.25194881279709-0.24924569251981032j),(0.0006870048091670424+0.0012998713813042798j),5604000000
(-0.2574157762206968-0.23751399953533417j),(0.0007988678933126348+0.0013802141201998252j),5604500000
(-0.2630982723580835-0.22606588168551595j),(0.0008217357548491857+0.0012014626324485561j),5605000000
(-0.26887532066208003-0.21454594251906672j),(0.0008505426917739709+0.001182518754176254j),5605500000
(-0.27186461974082765-0.20265032346195272j),(0.0009673270122708672+0.0012949460442866008j),5606000000
(-0.2755867596295865-0.19054184710496577j),(0.0009748145570810307+0.001172652100076265j),5606500000
(-0.27958616846988976-0.1780502174258765j),(0.001095914714695295+0.001269682706463287j),5607000000
(-0.2790762556082617-0.1649577023816135j),(0.0010134564989356157+0.001246143169426558j),5607500000
(-0.28264641999005763-0.15295090712102782j),(0.0013117098508472706+0.00117009074039324j),5608000000
(-0.28161349776667943-0.13893314024065678j),(0.0011750329968203874+0.000979983398164314j),5608500000
(-0.28372800990702496-0.1267091057705475j),(0.001266862510728147+0.0010344151889639084j),5609000000
(-0.2834733210599608-0.11454914212764558j),(0.001477985370703394+0.0011151040827272424j),5609500000
(-0.2824847012795809-0.10129500444603301j),(0.0013031232119157998+0.0010895465850635703j),5610000000
(-0.281374699827378-0.0875104657029747j),(0.0015016401412712805+0.0009100552287019703j),5610500000
(-0.2802569013713363-0.07539977930525625j),(0.00133853373234803+0.0009987703487725872j),5611000000
(-0.27825858686158245-0.061809627127449425j),(0.0015518879608451184+0.000724175786396051j),5611500000
(-0.27532652980254624-0.04893129500213833j),(0.001567895788493425+0.0007327022296445727j),5612000000
(-0.27093718561491686-0.034821010005889635j),(0.0012858832150105298+0.0008047566904362167j),5612500000
(-0.26735812836700834-0.023063187595850698j),(0.0015706192075605526+0.0007693443753165592j),5613000000
(-0.26285672468451254-0.010261319190431738j),(0.0017282696815590548+0.0007835442876502319j),5613500000
(-0.25745213468370226+0.002987050079827443j),(0.0016165097935884486+0.0006145267843956199j),5614000000
(-0.25128102863859375+0.015627001959014442j),(0.0018572419564203174+0.0004371420374543894j),5614500000
(-0.24486732665048702+0.026743348782033643j),(0.001781918375762136+0.000535001883786704j),5615000000
(-0.23762411253615737+0.037463485743380404j),(0.0019262250626972239+0.00039369088144398825j),5615500000
(-0.23050884932276242+0.04777460478603025j),(0.0018696553488975344+0.0003258326617559229j),5616000000
(-0.22205336948893856+0.05873603985494714j),(0.002022354449854085+5.128311790948994e-05j),5616500000
(-0.2143224690439147+0.06812013764674361j),(0.002076193797497521+0.00018062173445569576j),5617000000
(-0.20557413306927763+0.07897827775855194j),(0.002195606199050325-0.0001531649030581259j),5617500000
(-0.19628198785993473+0.08734202886996839j),(0.002171323196077682-0.0003653663402437754j),5618000000
(-0.18507307480202317+0.09635556202390037j),(0.0022509810990218922-0.00029042096057099086j),5618500000
(-0.17649745591627122+0.10410114987714555j),(0.00192645346120346-0.0004472023285933178j),5619000000
(-0.16564534573495743+0.11203201112120979j),(0.002145103350690127-0.0005105276200226628j),5619500000
(-0.1541435044268324+0.11885985138255732j),(0.002181083219003585-0.0006990379595775119j),5620000000
(-0.1421832600905254+0.12482316803560478j),(0.002273868033939081-0.0007669152563211449j),5620500000
(-0.13099633737790017+0.1328008932632119j),(0.0021110245503063244-0.0007309403386202708j),5621000000
(-0.11814368302599103+0.13865310523495222j),(0.0020603227628406616-0.001187307262270947j),5621500000
(-0.10679551006633234+0.14464281329563733j),(0.0021144672272106276-0.0012027453494086783j),5622000000
(-0.09464100852222045+0.14918096032228878j),(0.001982776931548668-0.0014018403778008907j),5622500000
(-0.08146704916736643+0.15150861785609362j),(0.0022447430837791976-0.001164417283384128j),5623000000
(-0.06755273168922704+0.155759044682691j),(0.002076039519505896-0.0013544916429232882j),5623500000
(-0.05384630876865461+0.15687131490461192j),(0.00205142082041381-0.0014085455049799654j),5624000000
(-0.0419664552212158+0.16000425145388955j),(0.0019271077442342827-0.0017653864843331637j),5624500000
(-0.026215343433225808+0.1580465924360768j),(0.0019373908010379161-0.0016875972172406078j),5625000000
(-0.013561260706254501+0.16046971681121924j),(0.0018837710623313875-0.0017681483286694432j),5625500000
(-0.001691869345561726+0.16059432907335616j),(0.0017727808911137488-0.0018008579082502986j),5626000000
(0.01225511204168074+0.15863235346174054j),(0.0016181111089719955-0.0019237468163262618j),5626500000
(0.02560827906746117+0.15734649851218901j),(0.0016123204988987459-0.0019302190271049272j),5627000000
(0.03779508519660116+0.15696575725453774j),(0.0014323101368413124-0.0021701134644856613j),5627500000
(0.05309461638603655+0.15356956000656755j),(0.0011567047606552586-0.002053782391615022j),5628000000
(0.06472328899020681+0.14985980536972612j),(0.001135699528459707-0.002262089935343002j),5628500000
(0.07701447153031724+0.14682781007237802j),(0.0011094116305566926-0.0020544699486414767j),5629000000
(0.08907682483571473+0.1415508765456223j),(0.001056759527011716-0.0022490841095900555j),5629500000
(0.10260340872323664+0.13503289461011492j),(0.0008912561777028037-0.0022353967910673745j),5630000000
(0.11254222250795731+0.1322072253003506j),(0.0007455622219412325-0.002258716972449045j),5630500000
(0.1258620783436089+0.12266013873243588j),(0.0007875509839632913-0.002233554152840717j),5631000000
(0.1368709251530539+0.11843009101660876j),(0.0005045076392918498-0.0021901879271396738j),5631500000
(0.14774067898658158+0.11055427058741028j),(0.0003898692698558063-0.0023815348768692103j),5632000000
(0.16055606215518944+0.10163301283656724j),(0.0002779171559207015-0.002316833001556808j),5632500000
(0.16810981882236428+0.09847540309708044j),(0.00015445801321826763-0.0022040945418314727j),5633000000
(0.18003450645550237+0.08348928705697606j),(0.00022126646783883543-0.002254571596624689j),5633500000
(0.18876863051730314+0.0783021510540963j),(0.00012235513700041258-0.002361412085026727j),5634000000
(0.19898971560737164+0.06506476500128164j),(8.490247464453126e-05-0.00216467621005412j),5634500000
(0.20656536889290006+0.058767430942106166j),(-0.00012655625152091594-0.0019943405248314745j),5635000000
(0.218238781050494+0.043535439433819115j),(-0.0002134588634675031-0.002129469850957023j),5635500000
(0.22442071464680907+0.03632185917446847j),(-0.00024505184589827274-0.002141364887733387j),5636000000
(0.2325509428611898+0.02284679610178083j),(-0.0003656371217612323-0.0019582596788883778j),5636500000
(0.23873311912112422+0.014417058189953112j),(-0.0003066934821332521-0.002112909449676197j),5637000000
(0.24654020578838426-0.0012694641094700195j),(-0.0003033355891206552-0.0020766952309641934j),5637500000
(0.2523061101919478-0.012769850029610647j),(-0.0004132827256473881-0.0019183641007520563j),5638000000
(0.25779859906126174-0.02510586124868309j),(-0.0005446906914218549-0.0018597325378597275j),5638500000
(0.2614282903885248-0.036045209479558256j),(-0.000675902188096965-0.001866406120315624j),5639000000
(0.26602408154555096-0.04968177289008739j),(-0.0007111684843854538-0.0018813934838167578j),5639500000
(0.27218550133360037-0.06407289438626655j),(-0.0006263302194700465-0.0017706278793361578j),5640000000
(0.273845561512567-0.07656229970078429j),(-0.0005067832419359997-0.001747901374368088j),5640500000
(0.27704972952303114-0.08959498877531027j),(-0.0006232995518403754-0.0017503655607890088j),5641000000
(0.2789511507859372-0.10519884537625025j),(-0.0007400367596966504-0.001905958710103166j),5641500000
(0.2818343979723975-0.12031938081519102j),(-0.0006764598987003863-0.0017555646155451704j),5642000000
(0.2817277983789655-0.13031102908893397j),(-0.000857692906335652-0.0017998755251241293j),5642500000
(0.2825767653862394-0.14880503408694026j),(-0.0006958102991199313-0.001701458931511893j),5643000000
(0.28317734927000016-0.1641495863116096j),(-0.0008317024372705353-0.0017247047685423973j),5643500000
(0.2832381137614509-0.1748672345759897j),(-0.0009102992513004973-0.0017460743318008676j),5644000000
(0.2806216364664474-0.18552431664574623j),(-0.0009237774531582409-0.0017144725454702413j),5644500000
(0.2800237773519525-0.20503078486600787j),(-0.0009155437602067963-0.001636736923723033j),5645000000
(0.27657331908350097-0.2118987979269571j),(-0.0009677058078140418-0.0016181626121713288j),5645500000
(0.27372002600789797-0.23012631315661233j),(-0.001297576079400479-0.0015551597689817869j),5646000000
(0.26955203709661046-0.23642776419250222j),(-0.001191044319365852-0.0015175121094814054j),5646500000
(0.26561311173812274-0.25390529609004336j),(-0.001389886837255758-0.0014403194684455j),5647000000
(0.26120993810225385-0.26880330802514796j),(-0.0012916106775297841-0.0013121930068295976j),5647500000
(0.25410580988256826-0.2761281866364815j),(-0.0014291091254052025-0.0014703132388575633j),5648000000
(0.24733542932033264-0.2898559373486989j),(-0.0014883682791828293-0.001303023780847588j),5648500000
(0.24158081597590125-0.2979325956354213j),(-0.0016091448537126185-0.0012590456788565362j),5649000000
(0.23450756755770968-0.31232139876843157j),(-0.0017266220593993556-0.0011609603522981995j),5649500000
(0.2262504312635543-0.32519973133226593j),(-0.0017461292627597034-0.0009648400172218611j),5650000000
(0.22655656480734443-0.3238525291223281j),(-0.0017458264299164148-0.0009538836733238546j),5650000000
(0.21807493550235835-0.33493985656791697j),(-0.0017227631572632562-0.0011550131339101775j),5650500000
(0.2100544070463876-0.3460155141142589j),(-0.0018051290073126712-0.000847506850204647j),5651000000
(0.20095191842031748-0.35203000397570017j),(-0.001710659248399273-0.0005949788248810576j),5651500000
(0.192712917116932-0.36282222329752706j),(-0.0019107401849389656-0.0007642754701820556j),5652000000
(0.1832334832013075-0.3716975218432961j),(-0.0018873221669771555-0.0005074489285625327j),5652500000
(0.17352011813676896-0.382154129651678j),(-0.0018418770593616796-0.0003748978096858224j),5653000000
(0.16390315886914153-0.3880817143117013j),(-0.001975608199917156-0.00014552198171624095j),5653500000
(0.15297951252111683-0.3993320949837573j),(-0.0017113881678141151-0.00018855697912984577j),5654000000
(0.14237223643872593-0.4037079488450769j),(-0.0016089549363120692-0.000188411488815636j),5654500000
(0.13273203290974675-0.4107616279358028j),(-0.0016948094851246692-2.7337967863392594e-05j),5655000000
(0.12263361235891239-0.41852337328670086j),(-0.0017001225172750632+0.00018158487480046475j),5655500000
(0.1099915357705022-0.42935295830040826j),(-0.0017304831183488595+0.0002476613777237741j),5656000000
(0.1005130254022466-0.4291125526173311j),(-0.0015863245890679251+0.0002356835604180689j),5656500000
(0.08928147431680691-0.43771225479844583j),(-0.00168525231026676+0.0003743642691120877j),5657000000
(0.07941647706479775-0.4391461932872157j),(-0.0017221281469939442+0.00036596342653105236j),5657500000
(0.06623151670114147-0.44928609917319573j),(-0.0014807404261264609+0.0004912527518010691j),5658000000
(0.05594761073603238-0.4488872381541039j),(-0.0015150326764858026+0.0005392096130858057j),5658500000
(0.04369411325689837-0.45542228111915306j),(-0.001206233124142742+0.0007559534570916919j),5659000000
(0.03147763455059162-0.4586968638795017j),(-0.0011524009423617796+0.000885676586022419j),5659500000
(0.020014657498434188-0.45996225531770973j),(-0.0010334504866245067+0.0007854210964517687j),5660000000
(0.006418748989936954-0.467513125892447j),(-0.0009474847391744352+0.0009352401573054089j),5660500000
(-0.005152528682963053-0.46545240905018365j),(-0.0010506531298768906+0.0010002842849498772j),5661000000
(-0.017070037389157453-0.4678019051925187j),(-0.000808413297015523+0.0009276743132434234j),5661500000
(-0.02954668675712828-0.4695734012728247j),(-0.000812878352368565+0.0009618022356842126j),5662000000
(-0.04303461201018635-0.47146830949494517j),(-0.0007326018797143059+0.0010386150285380702j),5662500000
(-0.05545782750980267-0.47112662557206986j),(-0.0007007338799434355+0.001083517657890838j),5663000000
(-0.06827962229773656-0.4712205841152077j),(-0.0005700788569520673+0.001163597191487659j),5663500000
(-0.08029516842427831-0.470259398709071j),(-0.0005930370809719642+0.0010374656343236587j),5664000000
(-0.09289172704814253-0.4682475155806152j),(-0.000544300973888137+0.0009743399090809515j),5664500000
(-0.1062168738327555-0.4670975997846297j),(-0.0003171320711538573+0.0010252263084898324j),5665000000
(-0.1199697518459676-0.4660574540212782j),(-0.0002254900916993527+0.0009560075286905754j),5665500000
(-0.13208141268475102-0.46364016573934574j),(-8.369432200734665e-05+0.0008042107460791215j),5666000000
(-0.14466655913226797-0.4613720077574453j),(1.2104123953183687e-05+0.0010153088464100498j),5666500000
(-0.15721097454022034-0.4588429796344636j),(0.00010124667673828878+0.0008086591563206382j),5667000000
(-0.16892448955549652-0.45548510442459383j),(-2.3776617457439234e-06+0.0007430439611682079j),5667500000
(-0.18083162338785752-0.45153106984391833j),(1.0167353017011029e-05+0.0006711244753759814j),5668000000
(-0.19290060863760444-0.44722531293035234j),(-5.091913841713655e-06+0.0006276172673637178j),5668500000
(-0.2051941000669105-0.4431705020992278j),(6.101289978757045e-06+0.0005540978634385022j),5669000000
(-0.21669475344464148-0.4374107113170156j),(-0.0001537341291658542+0.0006242477644168009j),5669500000
(-0.22792165052811852-0.43247771820399306j),(-7.253520253649434e-05+0.0006741011308985759j),5670000000
(-0.23807994695347362-0.4283271393575196j),(-0.00017087111556317452+0.0007488405756223258j),5670500000
(-0.24895963762351844-0.4217221791665607j),(-0.00021814269009718111+0.0007921658139771777j),5671000000
(-0.2586587140653329-0.41594113647100517j),(-0.0003366812538574767+0.000661849270543893j),5671500000
(-0.2701190915890984-0.4105923333290502j),(-0.0002024649786043936+0.0008817889576110613j),5672000000
(-0.2791247155160835-0.40335026111749794j),(-0.0005509790542468153+0.0008946379198615773j),5672500000
(-0.2886237370211696-0.3942510265224663j),(-0.0002981491982050121+0.0009055472315971108j),5673000000
(-0.29803959125019697-0.38940648135936407j),(-0.0003418735906626112+0.0010346627226275316j),5673500000
(-0.30676732798899525-0.37976905281358625j),(-0.00045238683191179796+0.0011727405571212268j),5674000000
(-0.31538052822807516-0.3726278606182917j),(-0.0003778781896076201+0.0010876036658781436j),5674500000
(-0.3225501710673273-0.3631913270430612j),(-0.0002888321008460861+0.0014440922594364568j),5675000000
(-0.333512902690182-0.3527994182909094j),(-0.00016884768600752568+0.0012716197289996494j),5675500000
(-0.34195206252397364-0.3442555385418876j),(-4.350700385739475e-05+0.0015258010582206852j),5676000000
(-0.35089716785875685-0.33396837113218253j),(-0.00014538967833172044+0.0014808444915244837j),5676500000
(-0.35955241680204975-0.32374443904598404j),(3.0433387960592076e-05+0.0016235004486903498j),5677000000
(-0.3677990423667004-0.312314102986801j),(0.0002092008839408552+0.0015370725535487914j),5677500000
(-0.375713408993552-0.30312994676227684j),(0.00012458095753929807+0.0015914205607584087j),5678000000
(-0.3840027369899398-0.29184438497377047j),(0.00047040470319397224+0.001751665394775903j),5678500000
(-0.3892370723929792-0.2799212575886388j),(0.00053317738281664+0.0016615560528985332j),5679000000
(-0.3940604595186697-0.26681860943804847j),(0.0006357159767665246+0.0017847202544060792j),5679500000
(-0.40098439300453714-0.25683592908836766j),(0.0008334647700353928+0.0018471238482628345j),5680000000
(-0.4048990445514471-0.24439566841683733j),(0.0009612221921647109+0.001601666859056885j),5680500000
(-0.40826449718893737-0.23130384894490325j),(0.0009358828172963077+0.0014854352470017667j),5681000000
(-0.4133626221082298-0.2209042476531526j),(0.0009758494920544397+0.0016695062824212095j),5681500000
(-0.41702796963026384-0.21134617039141537j),(0.001235416941011607+0.001665129699186266j),5682000000
(-0.4195972196942615-0.1963413411645009j),(0.0012512873354396088+0.0015796920051610926j),5682500000
(-0.42133398302249125-0.18586711607228573j),(0.0009918677947159805+0.0015915834051214162j),5683000000
(-0.42263847834584106-0.1731537351675214j),(0.0013516100707018485+0.0013782520484832135j),5683500000
(-0.423668995492338-0.1605343155450043j),(0.0012183121485156302+0.0014331955788825749j),5684000000
(-0.424381775401619-0.1475358893418547j),(0.0013693671418883913+0.0014186123718426319j),5684500000
(-0.424869332072133-0.13429197359999018j),(0.0015906099904574875+0.0013943051227856005j),5685000000
(-0.423729290700901-0.1202111613580902j),(0.001548006071946781+0.0013517151207327058j),5685500000
(-0.4245797734252289-0.10850772334384128j),(0.0016010376178619546+0.0011833606462312027j),5686000000
(-0.4258075030330939-0.09781288251863378j),(0.0017457100784948408+0.0013919859179237367j),5686500000
(-0.4223608950996913-0.08145177367199047j),(0.001974878125151955+0.0011523776663278375j),5687000000
(-0.42168216779833356-0.07090536130590923j),(0.0019160126939504307+0.0012375632316602614j),5687500000
(-0.42017488196714814-0.05827100964176543j),(0.0021299308008980306+0.00106062799646572j),5688000000
(-0.41753315361724225-0.04555668106283331j),(0.0018657085046120175+0.001144029135969632j),5688500000
(-0.41567396033524234-0.034453218061750904j),(0.0020554967320608594+0.0009834871684195586j),5689000000
(-0.4101045561633604-0.020491917963840013j),(0.0020116688238093995+0.0006547371618270533j),5689500000
(-0.40612128581957513-0.007909175254244751j),(0.0022290356790659535+0.000583529829701069j),5690000000
(-0.39988671634204737+0.004398455584090975j),(0.00215396812039969+0.0005759868370887755j),5690500000
(-0.3924566443354185+0.018664106138693033j),(0.0021738659258216547+0.0006555050385616358j),5691000000
(-0.3835186264200693+0.031561836695865195j),(0.002157843992115056+0.0005221735689255752j),5691500000
(-0.3808415525560352+0.03998447006657628j),(0.002281733003805019+0.00033904549888240745j),5692000000
(-0.37680802288344434+0.048896007132728535j),(0.0022061116303158474+0.0004112164183742982j),5692500000
(-0.36336402692279324+0.06272647039438227j),(0.0021352001761631993+0.00020681765476827826j),5693000000
(-0.358983335696328+0.0724627646998193j),(0.002200267086291213-2.949973491919868e-05j),5693500000
(-0.350857247060122+0.08182481570394727j),(0.002285574844759312+0.00018699214988871087j),5694000000
(-0.34263971578356023+0.09044822168277543j),(0.002309620523640554+7.442809449971654e-05j),5694500000
(-0.3290859787402573+0.10447516349319627j),(0.002403368619007532-1.6241905994279317e-05j),5695000000
(-0.32470210979788866+0.11062126327860852j),(0.002282930929555568-0.00029025856082105236j),5695500000
(-0.3141143463035509+0.1203075747532264j),(0.0022696108856465-7.806607170050389e-05j),5696000000
(-0.30380124042171996+0.12772015154310623j),(0.0022292095410571416-0.0003320514485636365j),5696500000
(-0.29558192736224104+0.1354699880221652j),(0.002217517524519294-0.0002971939063156308j),5697000000
(-0.2835503350416942+0.14352834063310851j),(0.0022083470019296763-0.0005276797608844052j),5697500000
(-0.27173128159291393+0.15033153144563263j),(0.0020891063096877263-0.0005278691292076031j),5698000000
(-0.2573088470901289+0.157934085208795j),(0.0021594110229456198-0.0005214900089342288j),5698500000
(-0.24689553487964208+0.16284231523594275j),(0.001958495796962924-0.0007919082617592379j),5699000000
(-0.23146645507764524+0.16775043187961963j),(0.0019226330278058958-0.0007630368142581484j),5699500000
(-0.22079159332404089+0.17360745460956195j),(0.0020026698331197332-0.0009455647005787603j),5700000000
(-0.2228360295331428+0.1733909568567064j),(0.002273984350067942-0.0008705990925174626j),5700000000
(-0.21496351213407358+0.1746699070142824j),(0.0020604720450717747-0.0010515201237223802j),5700500000
(-0.19369933339176085+0.18171930357306507j),(0.0018165588406506132-0.0011767807876809089j),5701000000
(-0.185178813461758+0.1832347485023288j),(0.001832212043157977-0.0013172899979538783j),5701500000
(-0.16958263079599403+0.1876475780032117j),(0.001795902154998411-0.0013447693632297713j),5702000000
(-0.1554491120426616+0.1889878047457982j),(0.0016745965416749354-0.0013894626958021407j),5702500000
(-0.14631292892969308+0.18954692170844706j),(0.0016915715955562749-0.0015375636866319952j),5703000000
(-0.12709028904694714+0.19244912354805307j),(0.001722893037564166-0.0016158288493923624j),5703500000
(-0.11439648526627338+0.19079185221062453j),(0.0015151349890857064-0.0016978212219426788j),5704000000
(-0.09722456972488+0.19206713552554092j),(0.0012966686953553607-0.0018767097046305217j),5704500000
(-0.09053063948215744+0.18826275835991227j),(0.0015192131991563983-0.0017054569185023754j),5705000000
(-0.06588519690562801+0.18855965504531833j),(0.0012003899375889638-0.0019249846691223218j),5705500000
(-0.05831142016594717+0.1844135920436079j),(0.0012853772646226587-0.0017964417692818428j),5706000000
(-0.043966851043536335+0.18077767828175878j),(0.0009592422159131702-0.001777324883356435j),5706500000
(-0.0285612660730693+0.17785849103736262j),(0.001155210711779676-0.0020454647125928214j),5707000000
(-0.01655056100859381+0.17129078792839428j),(0.0008423122195822564-0.0017983234519939465j),5707500000
(-0.007174703450932599+0.16635026757823013j),(0.0009297232261024683-0.0018508959433112537j),5708000000
(0.00779090553394816+0.1598789652377768j),(0.0007536273196462717-0.0018934964251890137j),5708500000
(0.014533477947994838+0.15137775289856822j),(0.0006442300584757026-0.0020557338029329572j),5709000000
(0.03027177346194638+0.14496156932723783j),(0.0007454249392988973-0.0018645291804841343j),5709500000
(0.04208584387682677+0.13660243285078774j),(0.0005298444961444928-0.0017618502991532193j),5710000000
(0.04969858697206802+0.12788265856062805j),(0.0005189547123479916-0.0018126352924075929j),5710500000
(0.058320622376912636+0.11804477209540946j),(0.00036972800992545005-0.001726116192744127j),5711000000
(0.07269860092644936+0.1098732493262385j),(0.00038076364524286917-0.0018155248771362037j),5711500000
(0.07952910029237979+0.09977547246398502j),(0.00028012858629771967-0.0018493886139428577j),5712000000
(0.09288634037129405+0.09056455514192009j),(0.0003383251181707359-0.001699703690395023j),5712500000
(0.10044730718234732+0.07910593157225315j),(0.0002719013718606686-0.0018853801934765287j),5713000000
(0.10623082691781749+0.06679791240710786j),(1.4843935290092367e-05-0.0016789644888229682j),5713500000
(0.11141413928711846+0.05567166856264775j),(-5.508340373057703e-05-0.0016272667651923264j),5714000000
(0.1195565060591096+0.04297564625963974j),(4.0939471438688606e-05-0.0016876261452263657j),5714500000
(0.11998238617816928+0.029132800607407684j),(-0.00019278832901370446-0.0018588617619101908j),5715000000
(0.13025030255551703+0.018385900053307903j),(-0.00013751058739210862-0.0016577252606253235j),5715500000
(0.13551593957819014+0.00576786721506246j),(-0.00040543119275307743-0.0015852435604096532j),5716000000
(0.13482784637110626-0.008634855261552063j),(-0.0004353534101004593-0.0016520216542737142j),5716500000
(0.1405410078335048-0.020729007780045848j),(-0.000603254504552064-0.0016136416146422877j),5717000000
(0.14042907508896207-0.03350972101460626j),(-0.0005429213924467683-0.0014410772568153242j),5717500000
(0.14293638284219323-0.04796988269653799j),(-0.00044812839269744656-0.001403178535530427j),5718000000
(0.14249563059531242-0.062006149895337974j),(-0.0008249841689541185-0.001414172296447348j),5718500000
(0.14215286244835615-0.07538895477740093j),(-0.0009020329149528498-0.0012063126093311857j),5719000000
(0.14282700642927082-0.0899210744652624j),(-0.0007725970308419264-0.0010462836186167705j),5719500000
(0.14227999349468998-0.10149204207261718j),(-0.0007092711882521734-0.0013605365705098697j),5720000000
(0.13947969597499085-0.11625690644183795j),(-0.001067282269244714-0.0010707672991572353j),5720500000
(0.13635441228918666-0.1290119376959864j),(-0.001145173122345676-0.001312801402551417j),5721000000
(0.13491567235255417-0.14146917248774074j),(-0.0011327600724125755-0.0013475041978788906j),5721500000
(0.12990872841582476-0.15434700736082443j),(-0.0012581677168296732-0.0012782711374244894j),5722000000
(0.12102754154134156-0.17037269116201417j),(-0.0012999247141824198-0.0012107149822674485j),5722500000
(0.11753174309685963-0.18154255964595925j),(-0.0012797576641474663-0.001192564946527001j),5723000000
(0.11063543671255677-0.19418861028470522j),(-0.0016156448393565292-0.001161682368871419j),5723500000
(0.10250388968770532-0.20650266682058438j),(-0.0013745349241964591-0.0011156228501231506j),5724000000
(0.09482520889614479-0.21941970742095984j),(-0.0015367449679719904-0.0012058125940591627j),5724500000
(0.08834483473043561-0.22948664268257432j),(-0.0014891127982751401-0.0009626644451400355j),5725000000
(0.07968629600034077-0.23944389193592505j),(-0.001653517791761403-0.0007102489852171261j),5725500000
(0.06986773192814716-0.2511719701658328j),(-0.0017001165826910011-0.00044247265878205697j),5726000000
(0.059893550914073716-0.2614165784464281j),(-0.0017840106804829052-0.0005433078705533382j),5726500000
(0.05064858232640774-0.26837610538244455j),(-0.0018592383177034547-0.0002812770358940693j),5727000000
(0.0392412259010365-0.2771091693779332j),(-0.002043153164629004-0.00012590129166767036j),5727500000
(0.028217722356000667-0.2881781638966885j),(-0.0018042413779966917-0.00015225659812490418j),5728000000
(0.01735540432260232-0.29493431393446806j),(-0.0018428995817397725+9.457727169895711e-05j),5728500000
(0.0054544189317758465-0.30378145952223884j),(-0.0019904359592987386+0.00023598472222786224j),5729000000
(-0.007452990440400574-0.3110127272883815j),(-0.0020555376900255207+0.00040191405345326624j),5729500000
(-0.019987750074317814-0.31769650246143977j),(-0.001701965571382856+0.0003037587192924354j),5730000000
(-0.02961488499593999-0.316870328238911j),(-0.0018985694184196255+0.0006386438383522096j),5730500000
(-0.04324155500214873-0.32725818300396703j),(-0.0018211004360801266+0.0009256919571270169j),5731000000
(-0.05486781203357467-0.33031438559555126j),(-0.0019203254618875053+0.0008730231618124615j),5731500000
(-0.06671610828806177-0.3305285852541907j),(-0.0018456711909240347+0.0011243557490386203j),5732000000
(-0.08003555379033442-0.33389544560179585j),(-0.0017243040238634753+0.001099543841066995j),5732500000
(-0.09206969673892876-0.3375129318510427j),(-0.0015891311587361056+0.0012130191906028923j),5733000000
(-0.10466886733524873-0.34171448816648287j),(-0.0017384881331490977+0.0013878245372712934j),5733500000
(-0.11774446515059063-0.3382949005966538j),(-0.001577416305882616+0.0015136282702344094j),5734000000
(-0.13010707464297863-0.3421279167607j),(-0.0014966050246297763+0.0015303778158207641j),5734500000
(-0.14295348761108953-0.3372981063855222j),(-0.001438893668145001+0.0015695545329708056j),5735000000
(-0.15565054167255285-0.3405108700943655j),(-0.0012545750407221567+0.0016654274339529963j),5735500000
(-0.1684715502353044-0.3369937907909564j),(-0.0010742256835978323+0.0019309004790009927j),5736000000
(-0.17970954976396983-0.3380450200673489j),(-0.0012462230782236616+0.001925941973779642j),5736500000
(-0.19250243115134338-0.3335838101300102j),(-0.0011326757419981416+0.0019950199128613037j),5737000000
(-0.20508758880171726-0.3332103959512958j),(-0.0010005194864358637+0.0018131185586868174j),5737500000
(-0.21736457479645746-0.3276084485362672j),(-0.0010124018188283452+0.002052568258175582j),5738000000
(-0.22839543162257878-0.3214479048482517j),(-0.0010299467966914425+0.002019421493315545j),5738500000
(-0.2390986175079512-0.31649355195977114j),(-0.0008167680438052842+0.002114290029949761j),5739000000
(-0.24996656839252226-0.31032282249155396j),(-0.0008215406174108307+0.00203430358380826j),5739500000
(-0.2612594186865832-0.30566233622765526j),(-0.0006242292046788347+0.002105315080461531j),5740000000
(-0.27394747158946187-0.2989405309007471j),(-0.00038629482379439503+0.002280679510834975j),5740500000
(-0.2841848377357259-0.2958660339312555j),(-0.0002701021315886509+0.002152211364089151j),5741000000
(-0.2956826725620901-0.2837296063060623j),(-0.0002544609825032242+0.002248205191905744j),5741500000
(-0.3063196092882376-0.28151658552679143j),(0.0001024825264670211+0.002048773350390467j),5742000000
(-0.3178411407899872-0.26881981811397626j),(0.00012552564806297771+0.002227256238584576j),5742500000
(-0.32828703297237716-0.26692109451986235j),(0.00030881119311328804+0.002342266452957846j),5743000000
(-0.33716191655315153-0.2522965478518196j),(0.0003654990257101527+0.0022095175240052878j),5743500000
(-0.3458401508050882-0.2456866655310215j),(0.00037862221832603033+0.001988660312352884j),5744000000
(-0.3547374161583313-0.23420616028247127j),(0.0007174520278493893+0.00225657716376729j),5744500000
(-0.36341510858448983-0.22533623754875784j),(0.0008618992779261532+0.002087195045006884j),5745000000
(-0.37041142040579583-0.2143006544372405j),(0.0008669082888033499+0.0019773351536481786j),5745500000
(-0.37804650520554367-0.20351641363856723j),(0.0010372399129827486+0.0019344856489190109j),5746000000
(-0.3852563792896219-0.19341133705454866j),(0.001233008972761405+0.0018429689217735307j),5746500000
(-0.39180206011727525-0.18390066629806578j),(0.0013356606710282748+0.0019054943013283225j),5747000000
(-0.3981310892545877-0.17557799511813083j),(0.0013281251776860192+0.0017823774793919785j),5747500000
(-0.40529758640378105-0.17439515688644708j),(0.0016157977198557579+0.0017310045287354716j),5748000000
(-0.4084828194943416-0.15029966921552612j),(0.0016778126384797793+0.0015469143026539236j),5748500000
(-0.41298835075920687-0.13917160874193807j),(0.0014252079130991574+0.0015814880771838347j),5749000000
(-0.4185458327399616-0.13452328802009134j),(0.0016777943353695928+0.0015669182471305212j),5749500000
(-0.41950090079595304-0.11523858021864829j),(0.0018834555108760886+0.0015309089802010255j),5750000000
(-0.4208656071200222-0.12182775194824876j),(0.0017820517806262724+0.0012229264449458573j),5750000000
(-0.42457403400949384-0.1094707736552924j),(0.0015326371093048775+0.0014078199634894432j),5750500000
(-0.42772381265550674-0.08998869137310457j),(0.0017716609672066112+0.0011790342542582007j),5751000000
(-0.43263421043860506-0.08664095742399155j),(0.0016672577765336944+0.0013200596438565286j),5751500000
(-0.43258815100677356-0.06942105136939346j),(0.0016232789084086325+0.0010656651487881974j),5752000000
(-0.43748048739396844-0.06191795120328568j),(0.0016534164881306123+0.0010421514040537384j),5752500000
(-0.43785114948563525-0.045243746228947807j),(0.0016810916090643866+0.0007764280381633122j),5753000000
(-0.4390329999807966-0.03388539056887069j),(0.0016933599982320623+0.0007949313786896118j),5753500000
(-0.4369168344299269-0.016782559751552056j),(0.0015711812308335713+0.0009156495034132782j),5754000000
(-0.4392664617787454-0.007277909269706214j),(0.0015061635897356091+0.0007978193176177139j),5754500000
(-0.43889996756040456+0.00769569308606821j),(0.0013630247417347392+0.0009698605946315293j),5755000000
(-0.43606500861014036+0.021515792362597687j),(0.001381116617293725+0.0006753752690672593j),5755500000
(-0.4371685177947183+0.029285562480172635j),(0.001242638589470572+0.000645172623249052j),5756000000
(-0.4332184538963852+0.049052247924708435j),(0.001419131875436136+0.0006893728431951586j),5756500000
(-0.4317053522225564+0.058267336855684845j),(0.0014161864215679184+0.0006303102565443072j),5757000000
(-0.43285196037693324+0.06632949142536615j),(0.0014862927904575616+0.0006266900169192389j),5757500000
(-0.4273643811391804+0.0843987191696391j),(0.0013384208085726178+0.00045472596622778144j),5758000000
(-0.42329912438147277+0.09388446236133276j),(0.0013821882082383113+0.0005270460120749526j),5758500000
(-0.42056891017938597+0.10487010916768046j),(0.001502452458910222+0.0004773157187082409j),5759000000
(-0.41589876853418084+0.1188313123524463j),(0.0012907680299978803+0.00045490955207068846j),5759500000
(-0.4089028848032641+0.13338177899325523j),(0.0012919589396169376+0.00038720650367091245j),5760000000
(-0.40554085522183103+0.147439572977726j),(0.001208258841492792+0.00041818604416300477j),5760500000
(-0.4024765577356497+0.15233002619302577j),(0.001282537365403926+0.000552981774326704j),5761000000
(-0.3981571381280562+0.16722821631431645j),(0.0012115849464888655+0.0004126820444514464j),5761500000
(-0.39200010873476154+0.17598346934460604j),(0.0013907269799606702+0.0006207070563422643j),5762000000
(-0.3858735963819228+0.18506901116416846j),(0.0014173134519154702+0.00046840502595406114j),5762500000
(-0.37793417165627086+0.1993716099490123j),(0.001272798702620737+0.0003920978805323578j),5763000000
(-0.3696392494645952+0.20919657265464608j),(0.001311795748834708+0.0005874283870798228j),5763500000
(-0.3596713831459201+0.22881128663181657j),(0.0013068510853865446+0.0003510230801021392j),5764000000
(-0.3543120165051636+0.2327434787351135j),(0.001460199622939341+0.000509556917251095j),5764500000
(-0.3463726613383834+0.24375168260660218j),(0.0013377262730952344+0.0003779251116153501j),5765000000
(-0.33933957444069207+0.25018709408881107j),(0.0015244707972121843+0.00044231357344468085j),5765500000
(-0.3306860348879514+0.260629722154673j),(0.0014555455184138667+0.0003341990749581976j),5766000000
(-0.3219497392299843+0.2651957803017103j),(0.001409555354011152+0.00043262993730829193j),5766500000
(-0.3104229213965312+0.2808666746942676j),(0.001372380795888155+0.0005088503147909695j),5767000000
(-0.30552689268469785+0.2808837953948898j),(0.0013336917995422917+0.000459985029663175j),5767500000
(-0.29242115551525827+0.29349344196812793j),(0.0014499443434650135+0.0003490570095819104j),5768000000
(-0.28257055768063133+0.2975677694015109j),(0.0012672872120576728+0.00044819221122089297j),5768500000
(-0.2722865633084293+0.30943039366178077j),(0.0014922140128571647+0.0004035450272096446j),5769000000
(-0.26000162555494655+0.3144747713435554j),(0.0015287086114893337+0.00018381057300753854j),5769500000
(-0.2516847656500421+0.3180587705333455j),(0.0015720158329751695+0.00017736470775371122j),5770000000
(-0.24097572586842772+0.31995447952312484j),(0.001649737207853011+0.0002602519048820558j),5770500000
(-0.2258875198230479+0.3331437379366329j),(0.001532132263535775+0.00010586929777364531j),5771000000
(-0.21704669345453753+0.33293294572727605j),(0.001696638276791989-0.00010021468188885861j),5771500000
(-0.2043133268872835+0.34096972747176474j),(0.001737915644870661+4.123638081549854e-05j),5772000000
(-0.1871129584730432+0.3508245218147081j),(0.0016812058927932758+3.1090751973960885e-05j),5772500000
(-0.17788956363107594+0.35189307593853j),(0.0016616903517099177-0.00024980700464285j),5773000000
(-0.1661507824582713+0.3512016598633118j),(0.0014818034754720396-0.00019618862834870675j),5773500000
(-0.15218652313783593+0.3571754485317802j),(0.0016947983582812367-0.00039200870775125084j),5774000000
(-0.14006717439983343+0.35951011824845175j),(0.0014201413247014554-0.00042637601952824324j),5774500000
(-0.12858290354250945+0.35856678178038204j),(0.0014010951523063498-0.0002996518584357086j),5775000000
(-0.11650452035205204+0.36170461762144024j),(0.0015009565481199118-0.0006776784736604498j),5775500000
(-0.09765856507246808+0.3711505645331605j),(0.001457185771357739-0.0006714208578496273j),5776000000
(-0.0909317627650594+0.3617805859241506j),(0.0013947781993781728-0.0005094004366048325j),5776500000
(-0.07538929288497873+0.36765316580261065j),(0.0014670034766153537-0.00054649356340106j),5777000000
(-0.0635039275225599+0.3670908372894917j),(0.001320489940002389-0.0005841215446969311j),5777500000
(-0.052318987883039056+0.3648381114473859j),(0.0013753834766912895-0.0007600985832769402j),5778000000
(-0.03551508484373312+0.3677877552535102j),(0.0012134297219230541-0.0007533217974664245j),5778500000
(-0.02455099368431908+0.3631685003554261j),(0.001275661350076882-0.0008139976467733587j),5779000000
(-0.012496235488474691+0.36329679071360543j),(0.0012026540107887885-0.00104359998941958j),5779500000
(9.679526452145307e-05+0.36046787302164274j),(0.0010872556748593013-0.0010187685156651267j),5780000000
(0.01653640101169967+0.36241497348730844j),(0.0010493802282311572-0.0009131680467965009j),5780500000
(0.02679425769970582+0.3539419373390451j),(0.0011415133503258946-0.0008929858864821061j),5781000000
(0.04049318015150495+0.35239366065569483j),(0.000835884101407866-0.0010246914125031867j),5781500000
(0.050752976160579735+0.3473892384168208j),(0.000870875197949202-0.0010599139278120492j),5782000000
(0.06188533697121895+0.34156393382408756j),(0.0007294728187662845-0.0009927997201807594j),5782500000
(0.07718837597271852+0.34206584793500255j),(0.00091128525889332-0.0010326551157523133j),5783000000
(0.0836230510784397+0.3280292165554323j),(0.0006841527252163724-0.0011568978434960493j),5783500000
(0.09693783022334425+0.32455736118863354j),(0.0006917478929367449-0.0012498817430572843j),5784000000
(0.10816255803314766+0.3205117506263563j),(0.0004499028103395224-0.0011923252547701736j),5784500000
(0.12014205254385253+0.3128392961658495j),(0.0003570769068711986-0.0011956230345726226j),5785000000
(0.12799019819611726+0.30166838889575254j),(0.0002202486233009446-0.0012888906580768194j),5785500000
(0.14122804324138408+0.2994898695763696j),(0.00029422902508339507-0.0012352914841808281j),5786000000
(0.14883309200015146+0.28554097401482864j),(9.61281680454997e-05-0.0013556029462705687j),5786500000
(0.16150210989142644+0.28079594515326295j),(9.783235206719501e-05-0.001225340090097888j),5787000000
(0.16961195006387134+0.2698620922737651j),(-9.098902085155855e-05-0.0015220113175603439j),5787500000
(0.17994106675725763+0.26248019617384394j),(-0.00025360127637039044-0.0013293644633726222j),5788000000
(0.18826624720806645+0.2503758490813649j),(-0.0003732080249203658-0.0016428841578018936j),5788500000
(0.19784761509186943+0.24192934518034012j),(-0.0003456617551778976-0.0014382921380920967j),5789000000
(0.2069654020789655+0.23050514665723737j),(-0.0004938085377327392-0.0014071839442653113j),5789500000
(0.2153911023884546+0.21910801311860528j),(-0.00046346361820233606-0.0016064978699158233j),5790000000
(0.22251999149239715+0.2097219692697622j),(-0.0005207968210707281-0.0014562690613183034j),5790500000
(0.22822984097934235+0.1973799084428262j),(-0.0006451617996846001-0.0015326536148247076j),5791000000
(0.23504343343547188+0.18701694706956795j),(-0.0007884718251007334-0.001299855571790094j),5791500000
(0.24051741022181802+0.1750429158113078j),(-0.0007288169172858907-0.0012401195877905008j),5792000000
(0.2465448990319203+0.1637205601085047j),(-0.0008682438894627276-0.001209755586652914j),5792500000
(0.2524136739907619+0.15049091173419973j),(-0.0010500672466082024-0.0012489870480953788j),5793000000
(0.25594798792662127+0.1398002857090472j),(-0.0011354299220968154-0.0009639724390391763j),5793500000
(0.2601956823229087+0.1267501255731457j),(-0.0012579480862146312-0.0010697464652962875j),5794000000
(0.26349860837010813+0.11402813843734416j),(-0.0012669801313812065-0.0008462659011454713j),5794500000
(0.2667646141603142+0.100784651102984j),(-0.001392074069093353-0.0005890281039441044j),5795000000
(0.27076204426872585+0.08727152419751723j),(-0.0014224452223234839-0.0005704196895605697j),5795500000
(0.2706809421067516+0.07492337077920441j),(-0.001366676114702597-0.0004178059627249275j),5796000000
(0.2747825441158897+0.06036700123860317j),(-0.0012554303137102649-0.0006781158827309997j),5796500000
(0.2743358294905875+0.04715950846289809j),(-0.001407962177309015-0.0004352286186427788j),5797000000
(0.2775555814816165+0.033714104073847985j),(-0.0013551224733126634-0.00026514353436584993j),5797500000
(0.2746219613507836+0.020638497817233946j),(-0.001345487443413167-0.0003351745097815198j),5798000000
(0.27478342651822557+0.006672539694461838j),(-0.0015057949700453587-0.0005158865812327146j),5798500000
(0.27320095506831343-0.006674991082684632j),(-0.0012542232240154525-0.00030969894209912784j),5799000000
(0.26928337250556117-0.01837705268942879j),(-0.0011928893211825581-0.0003016506799676732j),5799500000
(0.2664973587711884-0.03197347777720058j),(-0.0012536365050835544-0.00010827995729196737j),5800000000
(0.2648696972693539-0.03166047064144945j),(-0.0013004695096263397-0.00018460202502980274j),5800000000
(0.263932757362098-0.04412239035402221j),(-0.001412814154817765-0.00026822764561445963j),5800500000
(0.2625391003018529-0.05751540913918077j),(-0.0012088073180628986-0.00011213610452940481j),5801000000
(0.25647066176696776-0.06736618519399948j),(-0.0013740498021654185-9.715433599289037e-05j),5801500000
(0.25323475397124384-0.0796178666169802j),(-0.0015594092161257554-0.00011165745581489685j),5802000000
(0.244173873824207-0.0905065211943984j),(-0.001256560188775897-8.89167561745263e-05j),5802500000
(0.24310636764885254-0.10275463102087913j),(-0.0014383470013312727+0.00015665613209678983j),5803000000
(0.23348568144984455-0.11396089493866947j),(-0.0016868024427798354+6.50371274353329e-05j),5803500000
(0.2290226704932627-0.12469869245582521j),(-0.0015583956115829388+0.0003977476605468727j),5804000000
(0.22113195489324844-0.13336555428434824j),(-0.0016101262860964366+0.00021621423293708973j),5804500000
(0.2126244900493706-0.14447026013388822j),(-0.0016091817875711347+0.0003199494859524073j),5805000000
(0.20301087049282363-0.15329751129180652j),(-0.001737784266752132+0.00044279754933584204j),5805500000
(0.1967066031693363-0.1638893451812727j),(-0.0016401772122785721+0.00041813282829714787j),5806000000
(0.18691102651908434-0.17268959233274714j),(-0.0016694799922702792+0.00048068018263209867j),5806500000
(0.17687945818174935-0.17980185751672595j),(-0.001643339754656263+0.0005749500767274133j),5807000000
(0.16876739945682256-0.19008785403460451j),(-0.0016474955286682551+0.0005898895558889507j),5807500000
(0.16044819011882352-0.20002524286166626j),(-0.00168533801739569+0.0007484407977488048j),5808000000
(0.14865331207467694-0.2051649544721248j),(-0.0018428404490218459+0.000987202913650487j),5808500000
(0.13470006975272322-0.21083307397899623j),(-0.0015201432969959476+0.0009133832404733904j),5809000000
(0.12489694978703737-0.21852280554935624j),(-0.001644139860730958+0.0011713577380418035j),5809500000
(0.11230923178256519-0.22328743410886118j),(-0.0015592906446572148+0.0011810171403899544j),5810000000
(0.09633393114077657-0.22520922860878353j),(-0.0013652020591659283+0.0015248451725152895j),5810500000
(0.08815043008919386-0.23276938360512955j),(-0.0012551442822180381+0.0014451621985766428j),5811000000
(0.07713583570732613-0.23672269582972505j),(-0.0013769008572244964+0.0014748647241902728j),5811500000
(0.06311122946846963-0.23970874639831277j),(-0.0012593538843315066+0.001566587597699034j),5812000000
(0.051653386779909584-0.24238324077627307j),(-0.0011155713326843288+0.0017058277422108276j),5812500000
(0.041083641715711286-0.2451054021458664j),(-0.0010550177467016874+0.0015093149463324873j),5813000000
(0.02759989270419672-0.2455606262104008j),(-0.001208208361208131+0.0015403632052067254j),5813500000
(0.015828462099229133-0.24713323989193878j),(-0.0010407990605281333+0.0018091861675396572j),5814000000
(0.00017963869875680402-0.24613813074936966j),(-0.0009168479618712036+0.0018226067091519286j),5814500000
(-0.0103264561102909-0.24673264289655739j),(-0.0008982236614918476+0.0016982363837011276j),5815000000
(-0.02115131111437657-0.24543447150166717j),(-0.0007488388461659409+0.00186977010823947j),5815500000
(-0.03689898186703437-0.24383467566236058j),(-0.0007711924318017983+0.0019796692961754833j),5816000000
(-0.05047157446472623-0.24168600128712436j),(-0.0006464534606891708+0.0017969894834587246j),5816500000
(-0.060920615374496834-0.23934075717388784j),(-0.0004916720787414363+0.001888258001874545j),5817000000
(-0.07564148508098817-0.23447603954008267j),(-0.0005166219346990649+0.001766228624161864j),5817500000
(-0.08505129051544481-0.23207891982621676j),(-0.00044851244866222784+0.0018136167028285845j),5818000000
(-0.09661570506084173-0.22896680693716742j),(-0.00046130164694664345+0.0018262610050900345j),5818500000
(-0.10801316767920772-0.2230680390682496j),(-0.00038554145473576666+0.0017850258870027724j),5819000000
(-0.12338829494613945-0.2151216943171351j),(-0.0004819737613192968+0.0015775237608060596j),5819500000
(-0.1311969423868507-0.21128174383063048j),(-0.00020099488808121612+0.0019097822830377944j),5820000000
(-0.1408906178711274-0.20423641439817214j),(-0.00022015308070885253+0.001909931623212039j),5820500000
(-0.15931347572760843-0.19291353236589465j),(-0.00027988547664605076+0.0019745107099259475j),5821000000
(-0.16682650602600405-0.1865055889569456j),(-0.0002487108936863549+0.001993096694023227j),5821500000
(-0.17397965586072753-0.1799971898096503j),(-0.0002276517069497643+0.0020249710920693833j),5822000000
(-0.1836446326747671-0.17019063225319542j),(5.968398715740602e-05+0.0021359703863481523j),5822500000
(-0.1963791160816709-0.15800551991881795j),(6.503186672290618e-05+0.0020700772872150846j),5823000000
(-0.20189374308505947-0.1504543189940467j),(0.0001361985277263402+0.0020038522974353745j),5823500000
(-0.20835008407081432-0.1414540244926035j),(0.0002618311393845399+0.0018481472044808045j),5824000000
(-0.21858836251633873-0.12845140115317766j),(3.883648322451718e-05+0.0018795192109135285j),5824500000
(-0.22360616352881832-0.11883193477789555j),(0.00032915085031814045+0.002032163154298591j),5825000000
(-0.23208031571243895-0.10804271029362013j),(0.0004235667441922374+0.0020349752113583176j),5825500000
(-0.23790686165901268-0.09685869636263261j),(0.00030331309285841945+0.0019377056643168947j),5826000000
(-0.24495206404884076-0.08387479158599415j),(0.00043020733537082746+0.0017932088274078483j),5826500000
(-0.2517532848888648-0.07083922526319744j),(0.0004757454461495105+0.0019502407408096215j),5827000000
(-0.2537784701859178-0.06290458538492488j),(0.0006579597658727296+0.0017469404192468345j),5827500000
(-0.25881027136666496-0.04879703956857773j),(0.0006324542448982002+0.0019935993691136775j),5828000000
(-0.264203624254805-0.03362944940713028j),(0.0006725774312347651+0.0017175160618480905j),5828500000
(-0.2696482356445404-0.020155493355828565j),(0.0008595807830944609+0.0016746566458521934j),5829000000
(-0.26583252768803084-0.012966282854929517j),(0.0008483132227085099+0.001782907335599835j),5829500000
(-0.2702921181210365+0.003229677135975951j),(0.0009745826979887408+0.0017032809197376677j),5830000000
(-0.26848838612931425+0.01209073661164186j),(0.0009295386894745901+0.0015266076061901306j),5830500000
(-0.2721620924194746+0.027404537662163653j),(0.0011564417591990394+0.0014671468094575027j),5831000000
(-0.26712016646288445+0.037568623670770934j),(0.0011547163769557753+0.0016181176349959652j),5831500000
(-0.2664530407578601+0.051362304021949114j),(0.0011742686981266362+0.0016470909077682119j),5832000000
(-0.26767089553996937+0.06636438218248546j),(0.0012661605147467753+0.00158640388300414j),5832500000
(-0.2619215035449368+0.07620194380777746j),(0.0013014823074906047+0.0014002240179486775j),5833000000
(-0.2571835276895529+0.08668542191114371j),(0.0012501819813371272+0.0013902937670584497j),5833500000
(-0.25684494432109084+0.10329495650780811j),(0.0015066138926900943+0.001371217302934349j),5834000000
(-0.24847251007110682+0.11406805405008866j),(0.0012602817749117286+0.0013376726585722976j),5834500000
(-0.24589862781615976+0.1282595378919444j),(0.0013632179674831874+0.001130988124695937j),5835000000
(-0.23925458610797692+0.13705379525465936j),(0.0016176639292249159+0.0012450037555183664j),5835500000
(-0.2350087124153156+0.1511084533215344j),(0.0015861756957997013+0.0010498226863476072j),5836000000
(-0.22826205811407538+0.16233547830331196j),(0.001593824488712599+0.000970460568221445j),5836500000
(-0.22297836901080037+0.17722860909916185j),(0.0016597909656794931+0.0009236903660854784j),5837000000
(-0.21422619149570618+0.1855349257478918j),(0.0020117860677562036+0.0008141629942247728j),5837500000
(-0.2056965546131466+0.19777524778323274j),(0.0021208605343507854+0.0005820656867134298j),5838000000
(-0.1968957132464855+0.20592832082762724j),(0.001739065023403526+0.00032694152140427693j),5838500000
(-0.18849482583411026+0.21796985925004653j),(0.001887460493040297+0.00013142691900591306j),5839000000
(-0.1799364820042243+0.22734500656487328j),(0.0018764284205977577+0.00012002457410332159j),5839500000
(-0.16896871330015098+0.235677630839751j),(0.0018539588390672262+9.782760509925123e-05j),5840000000
(-0.15947201106336234+0.24496917162017348j),(0.001689658381420171+0.00019655121349472016j),5840500000
(-0.14902617931992182+0.25235348592602663j),(0.0019119435023237327+1.71600702465023e-05j),5841000000
(-0.1397389709891608+0.26162788842551565j),(0.0015772197753045577-0.0001908481101282588j),5841500000
(-0.12812162985764106+0.2689464797661467j),(0.001546039915479648+3.3201312778244896e-05j),5842000000
(-0.11714091424060889+0.2769213124752744j),(0.0016605238253014343-2.567978689344262e-05j),5842500000
(-0.10445969935824925+0.2821634440657418j),(0.0016841652392876518-2.7334559923872627e-05j),5843000000
(-0.09401921202763446+0.2880373417258483j),(0.0015878892834519437-0.00026591882168184005j),5843500000
(-0.08076959796211318+0.2920984039070679j),(0.001782924507871498-0.0003618843927477901j),5844000000
(-0.06878208587727644+0.2988653814601027j),(0.0017714538434044247-0.00026412891067427484j),5844500000
(-0.054884074622637814+0.303119189153487j),(0.0018151473356515357-0.0005204380006678707j),5845000000
(-0.04190984097616367+0.3067458920616981j),(0.0017734581296477469-0.0008577395723214077j),5845500000
(-0.029480122947279915+0.3112413514424533j),(0.0017221601135538253-0.0010226719590828075j),5846000000
(-0.014854964205836882+0.31445081189276664j),(0.0015814426446652925-0.0010732383635970073j),5846500000
(-0.0023147840202326136+0.31774217642233715j),(0.0013555283338524593-0.0012817624649806205j),5847000000
(0.00971904815822857+0.3205085625013784j),(0.0012098398682852814-0.001332280745525014j),5847500000
(0.025066372334189256+0.3218798168269375j),(0.0010693177218354098-0.001317445990234719j),5848000000
(0.039631451195396204+0.32298458721020745j),(0.001093275746056243-0.0013688640381152512j),5848500000
(0.05279125431699868+0.32360045707774515j),(0.0009827549195131633-0.0016234628320358163j),5849000000
(0.06576856647433345+0.3235219184612536j),(0.0008010827360196778-0.001562542299678527j),5849500000
(0.08136157305118437+0.3238615697125346j),(0.0006561051768842895-0.0017780601231026205j),5850000000
(0.08089974820443083+0.32362229172766j),(0.0007531139242760006-0.0017400933952553589j),5850000000
(0.09426693465926082+0.3227303263062134j),(0.0006253478683815754-0.0016968584333989496j),5850500000
(0.10689725119143095+0.3211801836765488j),(0.0005233138989771448-0.0016782908349357035j),5851000000
(0.11926031456355733+0.3176084864859416j),(0.00027066727161548373-0.0016232551358116264j),5851500000
(0.1333074378837753+0.31659737193060405j),(0.00027429970808194267-0.001601182984526992j),5852000000
(0.14585620199863883+0.3152561529327354j),(3.2791893998795286e-06-0.0016932440624721301j),5852500000
(0.15833599273483623+0.3108951229099644j),(-0.00019935050628301388-0.0015761292476425938j),5853000000
(0.17074892217621968+0.3054432162538685j),(-0.00034798548183072585-0.0016803155304115146j),5853500000
(0.18319362302278075+0.30073502463148j),(-0.00034462412188813237-0.0014799632345693758j),5854000000
(0.19613039011026848+0.29617771780824514j),(-0.0004269172475026589-0.0014529129157241634j),5854500000
(0.20800798813263946+0.2925199034525459j),(-0.0006763468517980892-0.0014565142941226612j),5855000000
(0.2202713875416959+0.2838457511056522j),(-0.00047406089736858585-0.0015552691440495394j),5855500000
(0.23320952721739402+0.27862697525605423j),(-0.00038158116090500387-0.0012246351537647262j),5856000000
(0.24275982854087885+0.269647385557846j),(-0.0006037393740660169-0.0011927830431236366j),5856500000
(0.25398470394666145+0.26262759131998287j),(-0.0005575373837638878-0.0013032857875749204j),5857000000
(0.26576978340063484+0.25503163846705235j),(-0.0005247443454348158-0.0013064853011804129j),5857500000
(0.2786608065977275+0.25250157977560217j),(-0.0005697916168234187-0.0010326581628125853j),5858000000
(0.28692629265659425+0.24037638476474796j),(-0.0004687332643176116-0.0006700799448677062j),5858500000
(0.2999094494076909+0.235341312602745j),(-0.0005163046609361564-0.0008272803816755709j),5859000000
(0.30524941773583164+0.21814030706724302j),(-0.0006645501185917961-0.0009996242263044565j),5859500000
(0.31651108077694434+0.2121449345222057j),(-0.000555744090876527-0.0010936227506277837j),5860000000
(0.32416010330979067+0.2018974056596229j),(-0.0005183118681409678-0.001052251838611263j),5860500000
(0.3321038614499581+0.19395322703486356j),(-0.0008367670100841679-0.001182543948115631j),5861000000
(0.3393001609743993+0.179447799902086j),(-0.0007185757765930372-0.0009745633199693003j),5861500000
(0.3496005744309696+0.17309895195561759j),(-0.0009266393845445319-0.0009657739615479746j),5862000000
(0.35550194280901426+0.1625452648340343j),(-0.0008167215914766849-0.000978127486052382j),5862500000
(0.36247737295591304+0.15104191602857564j),(-0.0008377533800285662-0.0011035553871689338j),5863000000
(0.36953083166500966+0.14228646225020414j),(-0.0009397764163030817-0.0011997492680820621j),5863500000
(0.37175830190072456+0.12496234979903281j),(-0.0012059157928925944-0.0012369887718445057j),5864000000
(0.37988545403510526+0.11965867226701737j),(-0.0009976683213695223-0.000996558403566759j),5864500000
(0.3834626146853318+0.10264158180513282j),(-0.0012260093213914704-0.0011986959511958095j),5865000000
(0.38822802122107747+0.09091831475905249j),(-0.001302150027719552-0.0010033254985215222j),5865500000
(0.3939468194300667+0.08093959008367291j),(-0.0012635738095180527-0.001289212498416286j),5866000000
(0.39584168598692737+0.06528823972035165j),(-0.001445965139670483-0.0012550299990242084j),5866500000
(0.40319688077523236+0.058474488799185105j),(-0.001676190588861951-0.0013882978885856015j),5867000000
(0.4042291905782437+0.03997775731983555j),(-0.001496526662137808-0.0012910090637525404j),5867500000
(0.4068920127336506+0.02860427257723987j),(-0.0016499889583741212-0.0013185581220452774j),5868000000
(0.4078434638404318+0.015226809167426357j),(-0.00177702614620753-0.001132745909008364j),5868500000
(0.4088795822448832+0.002422598277224273j),(-0.0017210142333690304-0.0013053488330716438j),5869000000
(0.40658082982669497-0.016350211290678533j),(-0.0019273587789572734-0.0012098387431574494j),5869500000
(0.4101521122831002-0.024634775420077755j),(-0.002093861204856023-0.0011756500166342338j),5870000000
(0.41037602382621674-0.03834049144420446j),(-0.0022152276019976455-0.0010105859086192465j),5870500000
(0.4108141717888172-0.052850196821106074j),(-0.002349540595893757-0.0005626106539887196j),5871000000
(0.4096734218795059-0.06523075741939903j),(-0.0023916594686766053-0.0005918273607971594j),5871500000
(0.4091177151964955-0.07963323633251664j),(-0.002332182557375658-0.0001536116276975412j),5872000000
(0.408558508206376-0.0907230564189613j),(-0.0021967313997274186-0.00016300437424721168j),5872500000
(0.4055709014947913-0.10427535046556428j),(-0.002347617180132325+0.00024162816245186763j),5873000000
(0.404804453253709-0.1154506347248921j),(-0.0024849250504067125+0.0001615071717846126j),5873500000
(0.40138710107269543-0.12797341648574617j),(-0.002361646646255575+0.00028347822794445485j),5874000000
(0.39812859144129076-0.13916149932684127j),(-0.0023844036768941074+0.0005440941094989075j),5874500000
(0.3990746916325865-0.14778835296765866j),(-0.0022697351045426264+0.0004895526092004634j),5875000000
(0.391228005259981-0.16374200951730344j),(-0.0021589123679338555+0.0005055527902795673j),5875500000
(0.3859787260964759-0.17788943592769574j),(-0.002115128409813269+0.0006837745676415642j),5876000000
(0.3842089904557284-0.18799436393782729j),(-0.0022650461855507975+0.0008065658056540455j),5876500000
(0.3744862906527881-0.2047171307597714j),(-0.001994469920248019+0.000729747184048387j),5877000000
(0.37565953918907274-0.2089459897206837j),(-0.002142715248746125+0.0009125205456982508j),5877500000
(0.36075239363726025-0.2287182975368869j),(-0.002007678899080669+0.0011082460402665837j),5878000000
(0.3590301589271557-0.23491114824245185j),(-0.0020252133175520702+0.0009351060785976546j),5878500000
(0.3513164136413459-0.24829350816905282j),(-0.0020245022838268722+0.001095335436482674j),5879000000
(0.342381786654663-0.2581537994811598j),(-0.0019459415729243003+0.0013057550275285199j),5879500000
(0.3306617674061553-0.2726047577797701j),(-0.002023826976393554+0.0011093672242950858j),5880000000
(0.3293117075869922-0.2781752540471924j),(-0.001724742489053963+0.0011338896645589974j),5880500000
(0.3173226415144699-0.2929997658253565j),(-0.00175908315256932+0.001408409390057355j),5881000000
(0.3074915828398804-0.3004408437089179j),(-0.0017349945667559658+0.001376188633779877j),5881500000
(0.2995516376374156-0.3093558471270669j),(-0.0015347236092404164+0.0013227790913516871j),5882000000
(0.29275908919345034-0.3138496042535828j),(-0.0015321241802465258+0.0015291302788877081j),5882500000
(0.28214254869416056-0.32490890200384204j),(-0.0013242965549381544+0.001560335504342362j),5883000000
(0.27313323520077604-0.3332463697858713j),(-0.0013658385745685894+0.0015966965513597945j),5883500000
(0.2604764836700035-0.34176425422704365j),(-0.0011861766775361031+0.001481399331363912j),5884000000
(0.2520824127795862-0.34882550640094934j),(-0.0010383639393136814+0.00162322084997017j),5884500000
(0.24302809999914168-0.3548560126456386j),(-0.0010348390350285452+0.0018226200517790314j),5885000000
(0.23418537531157035-0.360052032626161j),(-0.0009747145510325162+0.001915577593064879j),5885500000
(0.21603962858995795-0.37384121048270713j),(-0.0008913855069180235+0.0019857538268254677j),5886000000
(0.2102063588038348-0.37447858551322194j),(-0.0008329385124951204+0.0017244381672174125j),5886500000
(0.1921729117599668-0.38454514571977266j),(-0.0007218935835661138+0.0015753295628107811j),5887000000
(0.18223165866836283-0.3897065545371367j),(-0.0006068880424326612+0.0016968060778963345j),5887500000
(0.17595915350549474-0.3910580905259614j),(-0.000794838382523977+0.0019431619740456114j),5888000000
(0.1579823703271689-0.4001352835083235j),(-0.0007611678961370057+0.0016269518951398476j),5888500000
(0.14666019876017317-0.40299674832689736j),(-0.0005277187196203701+0.001629486547468623j),5889000000
(0.13917302471891838-0.40335269073576213j),(-0.0008900121434777375+0.001579426597048607j),5889500000
(0.11895445583370658-0.41071379635784333j),(-0.0007790146116215445+0.0016554594770946574j),5890000000
(0.10676582375665346-0.41497895021623604j),(-0.0007279495845911799+0.0015816848315607591j),5890500000
(0.09571068504159562-0.4153704286110378j),(-0.00044402404450083444+0.0017887623275869066j),5891000000
(0.08515700940265727-0.41411361621188675j),(-0.0002901107261654948+0.0019933924210316103j),5891500000
(0.077897810655849-0.41412990161530566j),(-0.00034715504388190444+0.0019330304794834539j),5892000000
(0.06455138887647519-0.41559624389540517j),(-6.17390627742893e-05+0.0017881691252096515j),5892500000
(0.0450210913360856-0.41937939132380136j),(1.0598762526586687e-05+0.0018324664046142597j),5893000000
(0.04606734478961721-0.41158087157661893j),(0.00015460642272301434+0.0018440423807818984j),5893500000
(0.02733119341762579-0.41411331702089693j),(0.00021942430786171636+0.0018988406695111394j),5894000000
(0.010098238172631939-0.41667198452533477j),(0.0005096577885826146+0.0017253444901747465j),5894500000
(0.00574830293686948-0.40817707808022j),(0.00046189145356062246+0.0015547849300307811j),5895000000
(-0.015849667062061285-0.4124454498260352j),(0.0007433527444071554+0.0015657812263871825j),5895500000
(-0.025607467066154185-0.4078460770249855j),(0.0007012738237440249+0.0014802377802859243j),5896000000
(-0.03282514578916586-0.4009270904299126j),(0.0006486264141010616+0.001563973328185287j),5896500000
(-0.04994268549989741-0.3993049637896467j),(0.0008676355436334634+0.0013496706954595095j),5897000000
(-0.06399138567395449-0.39731309759942174j),(0.0008242655661632101+0.0012950287837361024j),5897500000
(-0.07380564086238482-0.39102244755984195j),(0.0009381306608070381+0.0009268084048965834j),5898000000
(-0.08910605590300724-0.3887219911857167j),(0.0009584627581419808+0.0010174944644688007j),5898500000
(-0.09681741251808734-0.3812241341185885j),(0.0008966216761278463+0.0008208077787242913j),5899000000
(-0.10906793258793669-0.3750945923444312j),(0.0010951588499151122+0.0007029514965738006j),5899500000
(-0.12393427618098928-0.37072207839423377j),(0.0010300790732609903+0.0007187239960078796j),5900000000
(-0.11663957831881334-0.3650873571860639j),(0.0009935476353096955+0.0006311061915173333j),5900000000
(-0.1281609544693736-0.36102184771869106j),(0.0011084012021576773+0.0005993873112448362j),5900500000
(-0.14628824389562467-0.35905105573919677j),(0.0010497118123561752+0.00032296993042746504j),5901000000
(-0.14824684473748712-0.3465067097252977j),(0.001178501820966976+0.00027696312256615137j),5901500000
(-0.15954099946536734-0.3396568355866799j),(0.0011835493157941978+0.00021803430657070373j),5902000000
(-0.16705016038339174-0.3299977127573073j),(0.0012490406753033099-7.988918469547428e-05j),5902500000
(-0.17744597916760452-0.32389579067337104j),(0.0011451085307943281-4.152220036735929e-05j),5903000000
(-0.18523758773637153-0.31461068586187096j),(0.0011351275868372273-0.00030558764002262085j),5903500000
(-0.19577213988020345-0.30777271302926834j),(0.0010951560234829807-0.00044103749012577446j),5904000000
(-0.197330194010552-0.2941287717392755j),(0.0010222582438486618-0.0004205612338280826j),5904500000
(-0.2067521068943581-0.2848543949956031j),(0.001011343067526112-0.0006334760798894123j),5905000000
(-0.21635773566911545-0.27706852335171545j),(0.0008227697716702531-0.000636140286720918j),5905500000
(-0.2195444086742468-0.26462627852434517j),(0.0007941430973273027-0.0006859024593510858j),5906000000
(-0.2266704887057435-0.2546251519843098j),(0.0004096382275645885-0.0007135461180184928j),5906500000
(-0.2302283134123077-0.2415958448650286j),(0.00036253560099429674-0.0007393959155196372j),5907000000
(-0.23705486338568557-0.23124956905896366j),(0.0001915543830012999-0.000821370647708988j),5907500000
(-0.24057846240732478-0.21866052045654172j),(0.00014302286310101657-0.0006366864523038382j),5908000000
(-0.2457788463864799-0.20840469060463104j),(0.0002588824024152539-0.0006447374352488704j),5908500000
(-0.24854209985260362-0.19420146603985494j),(7.591444213482862e-05-0.0008000777076085403j),5909000000
(-0.2515294140840319-0.18327086705176734j),(-0.00016389593617784654-0.0005647356176505813j),5909500000
(-0.25364303711443376-0.16884575087671844j),(-4.856851527750444e-05-0.0005219643396630713j),5910000000
(-0.2551752962611492-0.15718923558387318j),(-0.0002622609765220043-0.0004792253085803943j),5910500000
(-0.2550683583343601-0.14213950982651075j),(-0.0003674089025096507-0.0005086254113993153j),5911000000
(-0.25696948552111465-0.12858232324886573j),(-0.00021935632161514896-0.00044950333671378334j),5911500000
(-0.25564081557900314-0.1159386945492108j),(-0.0003072664711675681-0.00033921532957687824j),5912000000
(-0.2549970722310152-0.10294020837020212j),(-0.0004089100281959887-0.000416810285805641j),5912500000
(-0.25417006904831035-0.08918073157535705j),(-0.00043895589796148825-0.0002133736768870375j),5913000000
(-0.25222101861511836-0.07648411404524127j),(-0.0005953926138465702+2.3762849800808523e-05j),5913500000
(-0.24940555054809324-0.06355330433723058j),(-0.0005858097382889242+8.142009815899951e-05j),5914000000
(-0.24706804367907828-0.05083538030412877j),(-0.00038491471411938465-2.14449309757201e-05j),5914500000
(-0.24247116455994788-0.036970918855681795j),(-0.0005334213216906801+8.258249004901445e-05j),5915000000
(-0.23909824257415827-0.025190371237352144j),(-0.0005142737757556182+0.00014584066340193186j),5915500000
(-0.23397732648644398-0.01291463628611543j),(-0.000588085347196519+0.00040549041683312254j),5916000000
(-0.22935387681244046-0.0006252141686958908j),(-0.0005074620653253664+0.00032975238981198596j),5916500000
(-0.22437750260738087+0.009914191568661402j),(-0.0003761743020315801+0.0003795732979952465j),5917000000
(-0.21791786995028464+0.022946669434789835j),(-0.0002962504263153252+0.000294331702346688j),5917500000
(-0.21158526078867723+0.030442450436468045j),(-0.00024231736869354296+0.00042177942845803685j),5918000000
(-0.2039540428625181+0.04336427087041979j),(5.479966165518736e-06+0.0004977788198281379j),5918500000
(-0.19668260111115707+0.05458547301110561j),(6.756866207233289e-05+0.0005705628322403917j),5919000000
(-0.18835913032735993+0.06508819550463295j),(6.210041025513334e-05+0.0003254864560613721j),5919500000
(-0.1794773130515221+0.0718590334097122j),(0.0001759175481672008+0.00029816461918859944j),5920000000
(-0.1704579900451306+0.08118828175624578j),(0.00026269531406427173+0.0001921797884141748j),5920500000
(-0.161153044299078+0.08941066748249757j),(0.0001760782873667699+0.0003536732177886947j),5921000000
(-0.15090975232729859+0.09663051127547573j),(0.000301620721411067+0.00025130340628024174j),5921500000
(-0.1391054831265723+0.10250075433938975j),(0.0005732054134926469+0.00015154354900783233j),5922000000
(-0.1302910051620883+0.11233293014445798j),(0.0008941078725647232+0.00019431128867871916j),5922500000
(-0.11725791276165358+0.11270070272043392j),(0.0006650029863596002+4.792218973654994e-05j),5923000000
(-0.10840586486912573+0.12339487007957203j),(0.0009155878391625633+0.00013867385553123303j),5923500000
(-0.09219123384658649+0.12196928703893468j),(0.0006716389255563272-0.00038278697316601243j),5924000000
(-0.08238429105648894+0.12911170560128246j),(0.0008739724791513076-0.0002714598914645025j),5924500000
(-0.0698296515492111+0.1317173893992665j),(0.001018934555427687-0.00033227639858343525j),5925000000
(-0.059490949180874254+0.1407948197572832j),(0.0010753501078437592-0.0005155517413644366j),5925500000
(-0.042833140035003756+0.1356044171321849j),(0.0009036082562046486-0.0007786546925673109j),5926000000
(-0.03141366538822164+0.14135122696986566j),(0.0009140491930057891-0.0006540188132604062j),5926500000
(-0.018288850581956978+0.13892578308041367j),(0.0009190144590614183-0.0008706065093037093j),5927000000
(-0.0060216718082153715+0.14204911571355672j),(0.0010637233024260132-0.0009035330355617797j),5927500000
(0.007876075193475565+0.14186956996733055j),(0.0006910647324950333-0.0009611941687002728j),5928000000
(0.018068951097626972+0.1448177130638904j),(0.0006931250608954936-0.0011901633541949199j),5928500000
(0.030740373457051638+0.14386657645223414j),(0.0007595721488526946-0.0013735847008611395j),5929000000
(0.047315029678815936+0.13625430252264842j),(0.0005232196470204102-0.00142790169207345j),5929500000
(0.056230814493961355+0.1397959757495257j),(0.0003883234213225757-0.0014717057652667456j),5930000000
(0.07277768560698578+0.13316852612120983j),(0.00010924739182399695-0.0015469289435021381j),5930500000
(0.08233236066172388+0.1348230737340743j),(0.00019772235446807444-0.0015881337755583105j),5931000000
(0.09670596131550317+0.12698892113245053j),(6.639162926104993e-05-0.0013687834110715602j),5931500000
(0.10593550248774529+0.1246354873125034j),(-0.00015057449806984494-0.0013606475198260045j),5932000000
(0.11962717042354051+0.11619197577310884j),(-3.788793422260036e-05-0.0013665505095369298j),5932500000
(0.12887392053689445+0.11536693275586195j),(-0.00011413696456040639-0.001562333909827712j),5933000000
(0.14078131756259138+0.10644429438521505j),(-0.00043852104319097243-0.0013007042283290978j),5933500000
(0.15075423206007663+0.10160096568984806j),(-0.00029485841525720867-0.0013532593680943698j),5934000000
(0.16237600650842882+0.09131404125411684j),(-0.00028608299776344235-0.0013653739747175788j),5934500000
(0.1715443639870765+0.08705312430651961j),(-0.0004461763517197861-0.001386589157435389j),5935000000
(0.1808436642257385+0.0763556105304872j),(-0.000713440550925081-0.0012684788756290209j),5935500000
(0.18790891302443324+0.07588987893441766j),(-0.00024111531243127548-0.001246025640981195j),5936000000
(0.20176561987534364+0.05313901660002758j),(-0.000585892072221527-0.0013311991034038531j),5936500000
(0.2089328443791231+0.04781960012873986j),(-0.00035614119408708313-0.0015022736450880743j),5937000000
(0.21864092810086222+0.03482629346932185j),(-0.0004559703731892395-0.001378932001508149j),5937500000
(0.22747738125398673+0.02092270259421431j),(-0.00024074179959353965-0.0014648592669944313j),5938000000
(0.23412701206960287+0.010734821961093774j),(-0.0003858027811179182-0.0016674161410069881j),5938500000
(0.24167565242855021-0.0013255914365960758j),(-0.0006799326933468831-0.0017173250952039975j),5939000000
(0.24531940019471704-0.01039178492372536j),(-0.0003649883597526034-0.0017325378483244837j),5939500000
(0.25213628825207535-0.023406892230148846j),(-0.0007718316537877334-0.001546112855448487j),5940000000
(0.2578258402295597-0.0347641399572106j),(-0.000948486456636962-0.00172745216004388j),5940500000
(0.2636816519688022-0.05210883204144148j),(-0.0009171106342282846-0.0020444832673507424j),5941000000
(0.2663233695132997-0.06144790954603437j),(-0.001235166491825822-0.0020145523929976073j),5941500000
(0.2684734931542729-0.07617762231167628j),(-0.0014258464683452182-0.0017993604592543026j),5942000000
(0.272658103288266-0.08734439474645132j),(-0.001731802819588233-0.0016904630193498387j),5942500000
(0.2740554858626072-0.1024073818984924j),(-0.001826866895778467-0.0013971252504180794j),5943000000
(0.2761561725755763-0.11613430488780298j),(-0.002021041445550971-0.0012962019315503428j),5943500000
(0.2770007890038606-0.12689418326170424j),(-0.002184534402971217-0.0009680561404695051j),5944000000
(0.27570993627217566-0.14078418801626438j),(-0.002292303388663633-0.0007225456132886948j),5944500000
(0.2759515416914163-0.15458891604287903j),(-0.002256604171955977-0.0006805804846886962j),5945000000
(0.273858711336867-0.16722941049726034j),(-0.0020147500642071657-0.0003470491502172446j),5945500000
(0.2744259470601196-0.18030333533783424j),(-0.0022863230607118624-0.00021352650618483278j),5946000000
(0.27539952695177977-0.19841679962120692j),(-0.0021994689151316397+9.528349211678172e-05j),5946500000
(0.2718755211200648-0.20796008069864472j),(-0.002175674720486932+0.00019395198208063138j),5947000000
(0.2698885733200027-0.21945407211606133j),(-0.0020324667485128187+1.0745703098206016e-05j),5947500000
(0.266237308353078-0.23254939261923668j),(-0.00196311148335156+0.00031995549189401925j),5948000000
(0.2637163483365715-0.24595492863855756j),(-0.0017812113619011885+0.0005175408882961982j),5948500000
(0.25789099086395967-0.253758592987858j),(-0.0016469081998189128+0.000317425756764243j),5949000000
(0.25523051525304663-0.27060521793902353j),(-0.0016362283694936746+0.0004549135659128113j),5949500000
(0.24824848087074955-0.2781575967897165j),(-0.0014018948685706838+0.0006520080053289596j),5950000000
(0.25011034316427433-0.28253153390517655j),(-0.0012667273697685925+0.000591155671972572j),5950000000
(0.24161346169526243-0.293993192912709j),(-0.0014973855591234708+0.0008882329492888645j),5950500000
(0.23605790088822834-0.30106384577842615j),(-0.001324519806166389+0.0007508136848882336j),5951000000
(0.2286051726905003-0.31390678002145683j),(-0.0014349101606185443+0.00066370494894224j),5951500000
(0.22072203560267098-0.3217173168196518j),(-0.001225867006916306+0.0005847537257814593j),5952000000
(0.21437532944040516-0.3355683082453575j),(-0.0012095715580299638+0.000714010638815332j),5952500000
(0.20511213375965856-0.34135628920848854j),(-0.0011374964173716863+0.0007420182916699789j),5953000000
(0.19677714487305725-0.35350902160944464j),(-0.001205424422032444+0.000599047243559211j),5953500000
(0.18792767907433355-0.36625808098988777j),(-0.0010668388914700855+0.00081616235315933j),5954000000
(0.17732062944669932-0.3716800720862922j),(-0.0008849650123761974+0.0008427883078586776j),5954500000
(0.1679944053127202-0.3788347416576117j),(-0.0008882450661190684+0.0009997068452616746j),5955000000
(0.16027697345109498-0.3878600381713383j),(-0.0008038126891419095+0.0008768292751858734j),5955500000
(0.15046533094280132-0.39606113405753346j),(-0.0007905798319033125+0.0007144648896781473j),5956000000
(0.1393392306529865-0.4050395589362344j),(-0.0006520733251613295+0.000774365558991135j),5956500000
(0.1291893523589666-0.40758968786911925j),(-0.0003972332084038285+0.0007717167412864216j),5957000000
(0.11911204283728521-0.42134263844720976j),(-0.0004667225031516913+0.0006103037397341832j),5957500000
(0.10884975953688106-0.4247290556135288j),(-0.0003912730755841325+0.0004760737719873752j),5958000000
(0.09765088030382163-0.42973988993217344j),(-0.00025210075948705425+0.0006218368420471899j),5958500000
(0.08875900770755031-0.43660561977895j),(-0.00019311542892079696+0.00032415816711488845j),5959000000
(0.07754956452098191-0.43748364773956605j),(-0.00011091933272484846+0.0001622693701101544j),5959500000
(0.06429405617659989-0.44355530963844775j),(-6.690906265948445e-05+9.291588229654591e-06j),5960000000
(0.05272421410264517-0.45165007601141727j),(-6.409718005337997e-05-9.659529123009339e-05j),5960500000
(0.041828448949193534-0.4553390553958984j),(-0.00020018019277577538-0.0001608845006848831j),5961000000
(0.02940897466838494-0.45716011803988593j),(-0.00031849681207198375-0.00046598942316363986j),5961500000
(0.016929606187338-0.46138306377749916j),(-0.0005755622557651321-0.0004694274289002565j),5962000000
(0.005036405538846527-0.46380676812280985j),(-0.0006125316315660357-0.0003628794279035722j),5962500000
(-0.006266914869537644-0.4664891793030886j),(-0.0006705231550606504-0.0004551063223058244j),5963000000
(-0.017213601153439683-0.46863234859257774j),(-0.0010321551802542218-0.0004971103166592235j),5963500000
(-0.030099611941960102-0.47081639564789796j),(-0.0008824259725805191-0.000409228942162882j),5964000000
(-0.04233781222643774-0.4702583703740949j),(-0.0008125843892414896-0.00011566130500807408j),5964500000
(-0.05556573700121111-0.46766881654925446j),(-0.0009825437793134588-0.00023251416862886935j),5965000000
(-0.06862509685751986-0.47304317351183156j),(-0.0009844308175597255-0.00012200550696603684j),5965500000
(-0.08191656119840814-0.4685157133914674j),(-0.000794875639047557-7.100796581296244e-05j),5966000000
(-0.09370306078151275-0.4696207049023265j),(-0.0010495011068149232-2.6024480267369805e-05j),5966500000
(-0.10760858896735723-0.4703695649688632j),(-0.000711892803015826+0.00030581704916103505j),5967000000
(-0.12064315050884011-0.4664764382686662j),(-0.0010229443737221667+0.0003770790281723671j),5967500000
(-0.13382667597574893-0.4656617103412431j),(-0.0005079948454706445+0.00023573724282587564j),5968000000
(-0.14647963595155766-0.46398154899074756j),(-0.0009643854277384849+4.5985086988213915e-05j),5968500000
(-0.1578170005275821-0.4605500357363737j),(-0.000840877431402387+8.665472977202826e-05j),5969000000
(-0.17255455298286354-0.45711089233209773j),(-0.0008073048708622941+0.0001481039965668128j),5969500000
(-0.18424692553383212-0.45320678957231186j),(-0.0007766973322886884+0.0003441579954005256j),5970000000
(-0.19716923746378462-0.4473288733449043j),(-0.0008601259830401931+6.271643772223758e-05j),5970500000
(-0.20997266081811813-0.44419187042958264j),(-0.0008915653055966808+0.0004913565663981344j),5971000000
(-0.2229992568519826-0.43855107749857514j),(-0.0006467860068987753+0.0005239743891390834j),5971500000
(-0.23316540923242615-0.4334914774437991j),(-0.0006597491611409643+0.0004311187754537571j),5972000000
(-0.2453697592758014-0.4270595067877198j),(-0.000913733345595832+0.00075463109215754j),5972500000
(-0.25727780360966157-0.42119904877567116j),(-0.0007846997372434796+0.0008107495556734667j),5973000000
(-0.265878594290086-0.41389196646910065j),(-0.0008281865806136992+0.0006462807728318884j),5973500000
(-0.2788631729736578-0.40773486215579213j),(-0.0008983765797041626+0.0007468879079808197j),5974000000
(-0.2873355510703163-0.39829933125616646j),(-0.0008252821796532086+0.0009000239526270734j),5974500000
(-0.2998569425174035-0.39378630732644526j),(-0.0010372412040539503+0.001014192555383261j),5975000000
(-0.3081024502080073-0.3841976855991053j),(-0.0006854201031659654+0.001069961495101985j),5975500000
(-0.318862429218621-0.37705049146941466j),(-0.0005919362802797483+0.0011400707269351579j),5976000000
(-0.3284950800732082-0.3701056941425288j),(-0.0006665258586029965+0.0013471730950657468j),5976500000
(-0.337104916187221-0.36082384607210927j),(-0.0010220145790809482+0.0013047587674899714j),5977000000
(-0.3449997273082943-0.35312152344265885j),(-0.0004986561865905682+0.0014895091471886254j),5977500000
(-0.356039265238698-0.3460107599772621j),(-0.0006480958652888168+0.0013828092092025568j),5978000000
(-0.36342339948409175-0.3367874902060241j),(-0.0003539556948444927+0.001484353260176502j),5978500000
(-0.37031766259607113-0.32583717843588067j),(-0.00022019519038331113+0.0013648989197562866j),5979000000
(-0.3799547996707549-0.3167362666201246j),(-0.0002207949446535471+0.0014138052004702133j),5979500000
(-0.38240793917466126-0.3046078914300355j),(-0.0003039044688254548+0.0015677008537505587j),5980000000
(-0.39102390789455743-0.29686191356745295j),(-4.39780977749096e-05+0.0014008289271372509j),5980500000
(-0.3963313893885816-0.28399596668715976j),(0.00023618076939288654+0.001405230895524612j),5981000000
(-0.40301958672364097-0.27602446307898126j),(3.40275314421976e-05+0.0012886698303735064j),5981500000
(-0.40705961550339365-0.261927255045884j),(0.0003551454448551632+0.0014158664745143204j),5982000000
(-0.41102721114743385-0.2509830787338058j),(0.00023123681411293668+0.001030225583234458j),5982500000
(-0.41371122072582883-0.23989646609797655j),(0.00013578789984101703+0.0011043043306412227j),5983000000
(-0.41920503762125166-0.2274915463263124j),(0.0004043755174910886+0.0012129245726891786j),5983500000
(-0.4219665079891106-0.2159727648114872j),(0.00021332544418554823+0.0010183510121252906j),5984000000
(-0.4277074014999748-0.20709892960786486j),(0.00047088494846101207+0.0013420491177212352j),5984500000
(-0.4232742489178464-0.18915097728939867j),(0.00031843069258033333+0.0010540960746560624j),5985000000
(-0.43161001758159084-0.1809550465741861j),(0.0005991053751820188+0.0012914903107057584j),5985500000
(-0.4314570573214893-0.16744327000914377j),(0.0002898406112570494+0.0011841808815772957j),5986000000
(-0.43704531489793985-0.15651216264151044j),(0.0008184798114563975+0.0012625202597258945j),5986500000
(-0.43190017567675-0.14150631570441832j),(0.0007612664769144631+0.001217841202854828j),5987000000
(-0.43538978894644015-0.13028590470662954j),(0.0005924049280224649+0.0013962826659518572j),5987500000
(-0.43670791488575184-0.11831844928669612j),(0.0010260475031096156+0.0015342756288021261j),5988000000
(-0.42385862402092356-0.09937300182405807j),(0.0011363077844122086+0.0016381769866440847j),5988500000
(-0.4368727798407484-0.09638199936046585j),(0.0013526053269073347+0.0015733871186752212j),5989000000
(-0.4337737935393857-0.0825329799913542j),(0.001355972333602603+0.0014241117486070883j),5989500000
(-0.4312832021211392-0.06965116226618767j),(0.0019449436085527546+0.0011566419753595994j),5990000000
(-0.42886564485193046-0.05913364081732566j),(0.0017164516359802933+0.0012354875275102483j),5990500000
(-0.42640637845211626-0.04362403790998214j),(0.002270239939236875+0.0006742041123610913j),5991000000
(-0.4227704782421447-0.032831029542728915j),(0.002107409682866899+0.00047955610488789683j),5991500000
(-0.42470135252826546-0.022337450008403655j),(0.0021397736584830305+0.0003461995590088311j),5992000000
(-0.4117861988430829-0.005876995695660491j),(0.002194806528901547+0.00034071635256050116j),5992500000
(-0.4077072385822592+0.004113944125729433j),(0.0020475983047623697+0.0002726126497064614j),5993000000
(-0.4066649643335504+0.014465908984121666j),(0.002221673185526176-0.00013818366146454387j),5993500000
(-0.40074034817494647+0.026044472289201995j),(0.002129579389343271-0.0001261836456651207j),5994000000
(-0.3955656009995908+0.035932309446055376j),(0.002352397548192737+4.904755913715467e-05j),5994500000
(-0.38810093477425506+0.046593041081244j),(0.002022304996755616-2.423350255944406e-07j),5995000000
(-0.37255235832537953+0.06092674494216969j),(0.002069869162616696-0.0005394401548388739j),5995500000
(-0.37449849939132307+0.0663047090703009j),(0.0018160110607330518-0.00030140824186474614j),5996000000
(-0.36636585916032494+0.07798910148186967j),(0.0019264000503194459-0.00037505590159788105j),5996500000
(-0.3541592717071676+0.08702621482726411j),(0.0018068855144776613-0.00022343116028680136j),5997000000
(-0.34414686054714866+0.09941785364151483j),(0.0018479325288281194-0.0004586296083043837j),5997500000
(-0.33745383028312964+0.10568278914174849j),(0.002141656146663736-0.0003852436981202531j),5998000000
(-0.3242193398807837+0.11743906581502625j),(0.0019099474056231932-0.00041361052649732454j),5998500000
(-0.30847691684373163+0.12698170052753366j),(0.002220741848409533-0.0006327982237817111j),5999000000
(-0.3034897746594398+0.13157698009704263j),(0.002074789616614237-0.0005985551408072999j),5999500000
(-0.2973697546949137+0.13732564543626308j),(0.0021983861464159177-0.0009488226712052176j),6000000000
(-0.2942904529510669+0.13759584197650426j),(0.0022416758598488317-0.0008926403323897999j),6000000000
(-0.2784312921052926+0.15049136100259064j),(0.0018278045977842268-0.0011779769056819542j),6000500000
(-0.2675664676609739+0.15705822817237797j),(0.0021952235672126306-0.001049492949694704j),6001000000
(-0.25062363381096064+0.16843285502165647j),(0.0020066309714523974-0.001403267182096028j),6001500000
(-0.2369468343448537+0.17670941336304843j),(0.0022889363425042946-0.0012612211767094516j),6002000000
(-0.22264932929592213+0.18357946862968058j),(0.002107457880083654-0.0016685645674484977j),6002500000
(-0.20974893396354524+0.1888849073670204j),(0.0020218926383527083-0.001757667110845676j),6003000000
(-0.19288157098454697+0.19402794550370897j),(0.0018220079567652903-0.0020749900044123673j),6003500000
(-0.17908394337056888+0.1988356993268762j),(0.0016702811927382037-0.0019968087045075292j),6004000000
(-0.16170744214002217+0.2031827477261455j),(0.0013858353122642906-0.002463663651873671j),6004500000
(-0.15073190103405532+0.20517195279448863j),(0.0014331797670796014-0.0023933681556743995j),6005000000
(-0.13343462462528233+0.20716239204501286j),(0.0011712271138206002-0.002525613574824453j),6005500000
(-0.11534716680552455+0.20942950750570008j),(0.0009299381952223985-0.0027582314598691106j),6006000000
(-0.10427321787237558+0.20838502228618438j),(0.0010349248326235268-0.0027092998757833396j),6006500000
(-0.08804442378992083+0.2082404193346433j),(0.0007298627668004666-0.0028895216019944694j),6007000000
(-0.06798809393371433+0.20628337221276408j),(0.0004887899531884512-0.002678677654372611j),6007500000
(-0.053570848248406466+0.2045756615736847j),(0.00023293364331215626-0.0031704144158929194j),6008000000
(-0.04185569293851967+0.20070943855883877j),(1.846396824673381e-05-0.003162553594206751j),6008500000
(-0.02405224824369213+0.19567652324451343j),(3.2332693295467654e-05-0.00282437945652004j),6009000000
(-0.0055452443507179455+0.189335922700602j),(-0.0001470197134187167-0.002912116108491239j),6009500000
(0.001696822676444568+0.18609440896763293j),(-0.0004635175593898021-0.0027870629586667804j),6010000000
(0.015593218095864326+0.17853091462625276j),(-0.000818103105359069-0.003008855698062369j),6010500000
(0.02818266440154008+0.17120324634000783j),(-0.0006952432127228225-0.003200244652168828j),6011000000
(0.03923859668557846+0.1636913643140477j),(-0.0007770618096300758-0.0028975890778344003j),6011500000
(0.05120179451857247+0.15262538017017838j),(-0.0009786161025819636-0.0028967381621908157j),6012000000
(0.0605230206438832+0.14212265882010963j),(-0.001315022076688988-0.0028805426028150065j),6012500000
(0.07365643467583467+0.13250884009317596j),(-0.0016645901164600223-0.0025296354340792948j),6013000000
(0.0779321882757139+0.12225784533558678j),(-0.001716124603604019-0.0027761919761692625j),6013500000
(0.09223406232186283+0.11031036479324206j),(-0.0020848909454583725-0.002456692588746566j),6014000000
(0.09583056466743768+0.09813417472097025j),(-0.0019249274409112982-0.0022948364203774583j),6014500000
(0.10390638111833123+0.08577005991949437j),(-0.002090734606526432-0.0021336291565626922j),6015000000
(0.1094443089403234+0.07379480058418748j),(-0.002036152431135253-0.002015793804475421j),6015500000
(0.11416029536431552+0.06094384633571531j),(-0.0024443824342951213-0.001952355353103947j),6016000000
(0.11486634440860881+0.04729877689105972j),(-0.0021372473700150317-0.0022998359549972107j),6016500000
(0.11874102170626055+0.03342892674630103j),(-0.002363830870994906-0.0019361258319954941j),6017000000
(0.11744207493086019+0.01910462241950663j),(-0.002564543765396559-0.0019669657761191826j),6017500000
(0.11810203867205615+0.005901163141527689j),(-0.0026138680532715214-0.0014353637206717547j),6018000000
(0.1235697822333306-0.008910507853876407j),(-0.0030800320861840745-0.0013177179936860433j),6018500000
(0.11567721388443279-0.021274396984523512j),(-0.0030266122649357007-0.001110218925270124j),6019000000
(0.1214217506909952-0.03677034508993767j),(-0.003000026157595202-0.0005987224358993733j),6019500000
(0.11537906321238657-0.04857775544737828j),(-0.0028610855493259356-0.0005181047887170263j),6020000000
(0.11171774866419007-0.06193918720359155j),(-0.00288655834758886-0.0005384916002689592j),6020500000
(0.10483297891430671-0.07669575607571333j),(-0.0028539862656910653-0.00015800830128814077j),6021000000
(0.10021536742161348-0.08857916524253022j),(-0.0027916208466984794+0.00017812607709330946j),6021500000
(0.08921667115537657-0.10007383605639986j),(-0.0024149600195017018+2.5144895045756798e-05j),6022000000
(0.08192492207075602-0.11246036834777397j),(-0.0023299717812461755+6.52116542026391e-05j),6022500000
(0.0774231111184106-0.12150451948686804j),(-0.002569212912025415+0.000328981662013501j),6023000000
(0.06729960268415948-0.13356405351760703j),(-0.0024268517107435095+0.0004711381034506369j),6023500000
(0.05636183034768402-0.1425398950069288j),(-0.0021950964045788918+0.00046098954524646557j),6024000000
(0.043535018720238856-0.15310763531451252j),(-0.002050937115775396+0.00021297657498651524j),6024500000
(0.03349897854307172-0.16110269661334903j),(-0.0018233020525841132+0.0006053431836669333j),6025000000
(0.018062902772689918-0.16925481151549063j),(-0.0018908095746272603+0.00047829960292131233j),6025500000
(0.006280174524451627-0.17641398198132638j),(-0.0019945642617335+0.0004011108772355817j),6026000000
(-0.009331084512650708-0.1840134151050811j),(-0.001624150074061637+0.000435216816204552j),6026500000
(-0.019203704659825828-0.18594940450383066j),(-0.001920846557382855+5.9402781848590866e-05j),6027000000
(-0.03615221253208502-0.19019136373254536j),(-0.001979061311748883-3.090879779381654e-05j),6027500000
(-0.04265515489974299-0.19269534622798384j),(-0.002226033046186469+0.00024374472293683768j),6028000000
(-0.06616792351647897-0.19593463038713538j),(-0.0022239389867759786+0.0003433931589783687j),6028500000
(-0.08259689432601192-0.1975291070805037j),(-0.0024041422435805335+0.00043213283304995687j),6029000000
(-0.09432915102181862-0.19771014206064902j),(-0.0024838116837194203+0.0010350178589066555j),6029500000
(-0.1129422534407893-0.1977302021624149j),(-0.0023537398719457522+0.0009825880325501925j),6030000000
(-0.1272670979957932-0.19674002320442732j),(-0.002628347837936177+0.0011903654881897936j),6030500000
(-0.1419916219414331-0.1933460370433384j),(-0.0025461138813497896+0.0014547188343729642j),6031000000
(-0.15649053726728238-0.18908730938931603j),(-0.0023332751138259618+0.001573850266604138j),6031500000
(-0.17273185222820056-0.18560167048513795j),(-0.0019803309751220024+0.0018938967566324585j),6032000000
(-0.18344555532563595-0.17874786526805117j),(-0.002249372773351129+0.0017047817471668343j),6032500000
(-0.20323194183627558-0.17655855549075028j),(-0.0025215199284592373+0.0020539951794396635j),6033000000
(-0.213528767805893-0.16595442687243597j),(-0.0019881939415969203+0.0023121743848683474j),6033500000
(-0.22682094278124898-0.15781443399535044j),(-0.002337972430351488+0.0024343711663511514j),6034000000
(-0.24058170366667586-0.1492159045901095j),(-0.0018967034130225795+0.00302307393067113j),6034500000
(-0.25380923058645743-0.13842346612139786j),(-0.0019067738441408838+0.0030964008269777823j),6035000000
(-0.26682064244532405-0.1290470674703255j),(-0.0013588147761662583+0.0034410509509974524j),6035500000
(-0.28143511193936116-0.1192944824154681j),(-0.0010664921829148266+0.0032690818558092907j),6036000000
(-0.288676795983494-0.10392828447159186j),(-0.0004074730100415389+0.003728401700638329j),6036500000
(-0.2970531351026039-0.088459773977564j),(0.0001007820230672444+0.0037389746043030568j),6037000000
(-0.3099420772723473-0.07773033460046275j),(0.00019057119371942904+0.0032449709155372205j),6037500000
(-0.31830305656756475-0.06406544336331031j),(0.0006569055444306334+0.0034398913678786386j),6038000000
(-0.3192660095263896-0.04467576158464959j),(0.0006104044538907957+0.0035340765201447005j),6038500000
(-0.3367548103973748-0.03575813796942255j),(0.001220572775233076+0.0032553211098954394j),6039000000
(-0.34082529961005864-0.017796500959021824j),(0.0014205370808476215+0.0033155845149140492j),6039500000
(-0.34374284363406343-0.002384668236836485j),(0.001689612590427331+0.003343854651633819j),6040000000
(-0.3499211473130021+0.014506943370408273j),(0.0018580726631911106+0.0031036322992019603j),6040500000
(-0.352217675461141+0.030761596232375957j),(0.0015863040499087112+0.0026774028326586362j),6041000000
(-0.3616128346527381+0.0432863145161571j),(0.0026236374652245315+0.002574496900644695j),6041500000
(-0.3581240787353951+0.0644429571753807j),(0.002182518787220506+0.0025273881224441587j),6042000000
(-0.3646942540281452+0.08085750230140853j),(0.002684493160485816+0.00229172160910304j),6042500000
(-0.3644249647606121+0.09629983261812043j),(0.002828205355570385+0.0019026100944130831j),6043000000
(-0.3653272064978085+0.11305976559369028j),(0.0027057753042802873+0.001397468962444356j),6043500000
(-0.3585144357221367+0.1317472909773639j),(0.0029298330342787775+0.0013739344723333832j),6044000000
(-0.35915786790375287+0.1507227597332481j),(0.0031585308967285305+0.0009165604976519309j),6044500000
(-0.3586479266594469+0.16648163560034884j),(0.003048798556844719+0.0006644291234366081j),6045000000
(-0.3554289831176902+0.1831341838417243j),(0.0027723099453602655+0.0006019709900146789j),6045500000
(-0.3502598861363127+0.20180205110838284j),(0.0029223837952788915+0.00011892903809629428j),6046000000
(-0.34367738347447163+0.2190067310371476j),(0.002363208863258388+6.421865726795973e-05j),6046500000
(-0.33446068076277036+0.23490650506152416j),(0.0027486900950074687-0.0005854188872418231j),6047000000
(-0.3301907513434202+0.2520768571644168j),(0.0025181671007588544-0.0005031977958727288j),6047500000
(-0.3257593315654+0.2661892271135696j),(0.002185586750011451-0.0006350289008239144j),6048000000
(-0.31875682418076606+0.2817120688016027j),(0.002500217353842323-0.0003562750552942965j),6048500000
(-0.30860645741115617+0.2974621668745319j),(0.002245809108557193-0.00029815692447226355j),6049000000
(-0.2950745195455913+0.312012770848898j),(0.0020012830910152027-0.0009209543974837442j),6049500000
(-0.29455230445478037+0.32551266120366396j),(0.0018093501377953684-0.0008668446440519428j),6050000000
(-0.29080678903987633+0.3276759393085602j),(0.0019762636474064117-0.00048719921873030737j),6050000000
(-0.27832089284648115+0.3401352860707679j),(0.001650714826938964-0.0008029337479986623j),6050500000
(-0.26338712338700443+0.35648947069606846j),(0.001639498482747631-0.0007089211876510625j),6051000000
(-0.2564119616403703+0.36744707856885384j),(0.0014186542064151533-0.000620932889732224j),6051500000
(-0.24209393907806329+0.38117526349756664j),(0.0016639887898867594-8.525896327771279e-05j),6052000000
(-0.23387521077317833+0.3923509538886847j),(0.0017061885440475236-0.0004856352248079752j),6052500000
(-0.2185648666448605+0.40366315393053265j),(0.0015838806671819152-0.00033353022395150335j),6053000000
(-0.19335713780802422+0.4179602827125353j),(0.0016871616481826284-0.00032290285130647835j),6053500000
(-0.18898038001350578+0.4246267152023248j),(0.0016555013828521174-0.00023080914243422187j),6054000000
(-0.16877527538420134+0.4371653791883357j),(0.0021197448913416856-5.8741420302660337e-05j),6054500000
(-0.1529424079197988+0.44704373288544286j),(0.002179184279396566-0.00037096844690648356j),6055000000
(-0.139348185856019+0.4558014521501629j),(0.002336584438326898-0.0007600565377477466j),6055500000
(-0.13193387571959148+0.4592344307063253j),(0.0022290030349685387-0.0005837234337919752j),6056000000
(-0.1060433875840755+0.46964077876019705j),(0.002486245656090349-0.0007105644853785441j),6056500000
(-0.09746267114505382+0.47279035667367725j),(0.002510709494286325-0.0004520800553835285j),6057000000
(-0.07136914157048359+0.48072266255297535j),(0.0026062594539677285-0.0010535034967355983j),6057500000
(-0.05700776390845912+0.48337918340348923j),(0.0027205663397429024-0.0010240578976268347j),6058000000
(-0.040166232371490786+0.48948239337955984j),(0.002865365747091107-0.001235969801946105j),6058500000
(-0.030191843943002335+0.49342911655191274j),(0.0029533091768243936-0.002096532449712523j),6059000000
(-0.0036405969348382644+0.49695331127209347j),(0.003012032956070557-0.0019892259344593093j),6059500000
(0.006680825287395655+0.500375938950219j),(0.0034315358836930457-0.002216252207019401j),6060000000
(0.025788133572594494+0.4979719947854387j),(0.0031415782652472416-0.0023358729328517387j),6060500000
(0.04417685126099508+0.5010138840058667j),(0.002866786184884083-0.00271417977296511j),6061000000
(0.06559088454643855+0.5001972441614163j),(0.0025162767620245307-0.002906170682840145j),6061500000
(0.07945829037391816+0.49964402977042605j),(0.0023205489757562874-0.0031230927783258713j),6062000000
(0.09532754149227125+0.4991864516722689j),(0.0023104462128434923-0.0035675011392003724j),6062500000
(0.11909680714416558+0.4969502466052435j),(0.0020868043293431468-0.003611351428769362j),6063000000
(0.13349739651653722+0.4947491634536511j),(0.001723510085816062-0.0038402602122862605j),6063500000
(0.14326838053830243+0.49341161141778767j),(0.001442693981197196-0.004303574613489534j),6064000000
(0.16542003494541918+0.4872977180187094j),(0.001771981952895467-0.004405686890495206j),6064500000
(0.17476578264135237+0.4848309666069325j),(0.0011738040406004083-0.004185040993253712j),6065000000
(0.19841483310306254+0.4774870613961004j),(0.0004918689605917523-0.0047639011132451945j),6065500000
(0.21177169605638285+0.47267241633775275j),(0.0006566503415268287-0.004464331620487785j),6066000000
(0.2261982309025062+0.46539528190984863j),(0.00013749984008507325-0.004373731288976464j),6066500000
(0.23979270420221271+0.4577698199556484j),(7.530134710471628e-05-0.0045877306059651886j),6067000000
(0.25928274584347066+0.45146735009600353j),(-0.00048759927753046613-0.004607777123618j),6067500000
(0.27177588942003295+0.4442667793400971j),(-0.0006271932967420551-0.00456275972389996j),6068000000
(0.2901716657940854+0.4312358172746322j),(-0.0010096255036134102-0.0043984686084368885j),6068500000
(0.29687721495918246+0.4254865402272228j),(-0.0012245609496745686-0.003862641204237936j),6069000000
(0.31136226481970297+0.4152459832899296j),(-0.0010941669100999532-0.0037370757277944582j),6069500000
(0.32920259837781934+0.40652012979323143j),(-0.001441786497284063-0.0040187601760275j),6070000000
(0.3361375220781786+0.39444408816814647j),(-0.0011327080890126888-0.003687140227916052j),6070500000
(0.3521881288995155+0.3827053733164116j),(-0.0013361300718539284-0.003772193757538516j),6071000000
(0.36439327483724265+0.370270566936565j),(-0.0015373684381529342-0.0035938722147197647j),6071500000
(0.3803287824651562+0.3546728453826651j),(-0.001723801257332641-0.0033555613296083597j),6072000000
(0.38330862042112923+0.3448908864734935j),(-0.001889826799932761-0.003763542174661275j),6072500000
(0.39910851191683144+0.3336100016861801j),(-0.0017471748283542114-0.0038064217226532783j),6073000000
(0.40725076825939494+0.315268042783348j),(-0.0022943571556698263-0.003298605556196351j),6073500000
(0.417249998971505+0.3053217119973716j),(-0.0025976951692865276-0.0033673266928487228j),6074000000
(0.42184693002939355+0.2939231135877569j),(-0.0027275918061346396-0.003127534074170141j),6074500000
(0.4333614358293385+0.27628309338941087j),(-0.003169731964170478-0.0030096401440465378j),6075000000
(0.43891666861937917+0.2610958073162164j),(-0.00308577818601231-0.0029078430411364j),6075500000
(0.44682129889750505+0.24608908768970797j),(-0.003244958247100239-0.0031161606889491427j),6076000000
(0.44780605722022293+0.23106051451613607j),(-0.003512199515551495-0.0024640863675965516j),6076500000
(0.4558056595479097+0.21540597628087585j),(-0.00366952229804319-0.002528270190133102j),6077000000
(0.4577102006026621+0.20072880328983556j),(-0.0035833564215278545-0.0025956736642793726j),6077500000
(0.46413716415962486+0.18359421749506158j),(-0.003837545457649689-0.0015607194383540069j),6078000000
(0.46561339549035297+0.16995156591269853j),(-0.003905097691858263-0.0019916555509990773j),6078500000
(0.46411946368663043+0.15798534368924919j),(-0.004113276241135752-0.0014660170324000618j),6079000000
(0.4696952801420465+0.13957140623230047j),(-0.003772250948891308-0.001383114134968574j),6079500000
(0.4690134875726277+0.12202742427928857j),(-0.004044893878499726-0.000848853717578818j),6080000000
(0.47283368376451457+0.10457153375623437j),(-0.004087452646454703-0.0007487289985643618j),6080500000
(0.4669626592105774+0.09121724142151537j),(-0.0041173964039235835-0.0005856014465817632j),6081000000
(0.4733874842523216+0.07284735136478561j),(-0.004229712407490817-0.0001924333570826287j),6081500000
(0.46614111718434614+0.059426980841905064j),(-0.003886089476716266+7.791975603116044e-05j),6082000000
(0.4634049566748481+0.04292121953782877j),(-0.003999514458694156+0.0002158844358226124j),6082500000
(0.4552743641408523+0.02940859696189221j),(-0.00350973302440599+0.000784103951560229j),6083000000
(0.4549871694391655+0.012458002956932864j),(-0.003927846865936474+0.0007778611507097526j),6083500000
(0.44866267209291794-0.0027870509212125035j),(-0.00410422324498452+0.0008431651133357702j),6084000000
(0.4456902319434117-0.016973391120670707j),(-0.003821438331911768+0.0010028902587855253j),6084500000
(0.43600342818315546-0.030374137744087676j),(-0.003922356268314607+0.0014360739584020862j),6085000000
(0.4328023653988018-0.044989776605536574j),(-0.0035530353240177475+0.0018209969961427844j),6085500000
(0.4218591952870062-0.060371322322239275j),(-0.0031117339494840775+0.0018288005568470077j),6086000000
(0.4099147535224783-0.07108006802786668j),(-0.003830032804856873+0.002219229894564845j),6086500000
(0.4075777803568152-0.0880482995284203j),(-0.0034270698423739905+0.0024472468387284705j),6087000000
(0.39495361436594095-0.09829478029653696j),(-0.002758823998316527+0.00303753369999549j),6087500000
(0.38233001220810975-0.10908655325718908j),(-0.0025577482729193957+0.003144437001616352j),6088000000
(0.3749248155201621-0.12184191635303009j),(-0.002294173225175378+0.00317596336925916j),6088500000
(0.36213343059890385-0.1319527797922623j),(-0.0024895378227314754+0.0032788487697443607j),6089000000
(0.34417410411156635-0.13976448101248692j),(-0.0017762266105188558+0.0037540142711807944j),6089500000
(0.3382564439702592-0.152448056931585j),(-0.001320549561175225+0.00390398167358913j),6090000000
(0.3234941348506946-0.16011086169270664j),(-0.001144997577691982+0.004177381338925684j),6090500000
(0.30642708990030454-0.16533770887906385j),(-0.0013221721559727511+0.0038286854115988297j),6091000000
(0.2971488498546293-0.17691015885155856j),(-0.0005597426413598039+0.003960004883972784j),6091500000
(0.2815518562508712-0.18375299157171557j),(0.00021488125850630167+0.0037423335574732043j),6092000000
(0.26779853992558583-0.18787881202853537j),(0.0003579759759279988+0.003967191270455789j),6092500000
(0.2525065864381619-0.19362225380618514j),(0.0005678899171734299+0.003268117146565997j),6093000000
(0.23723040079374794-0.20007305249234345j),(0.00044880853800470657+0.0033855059158166565j),6093500000
(0.22424627132553912-0.20218554531483698j),(0.0008569237866145287+0.0034223013914069203j),6094000000
(0.2065144410812194-0.20408378190289608j),(0.0010867567280129053+0.003243053039946696j),6094500000
(0.19047172692146777-0.2060337404298917j),(0.0013628658471707066+0.0031272013916618757j),6095000000
(0.173202318472571-0.2059169291452023j),(0.0011532363501604215+0.002879168957175663j),6095500000
(0.1609591462360441-0.20543207529103258j),(0.0013382113943089097+0.0028749499791483083j),6096000000
(0.14389392669106865-0.2058568388766349j),(0.001830776895045024+0.003327219369582042j),6096500000
(0.12685504118341875-0.20668119544283634j),(0.0019351622412109846+0.003095732982611255j),6097000000
(0.10922536647344841-0.2016507041190273j),(0.0022843818639861017+0.003045927055101919j),6097500000
(0.09399797410869327-0.1975000722441941j),(0.002384638014897876+0.0022129006162018325j),6098000000
(0.07803418077354438-0.19416841587824363j),(0.0024628199954404117+0.0021972181511224096j),6098500000
(0.06488499738850351-0.18859292957608476j),(0.0021876212275485645+0.0024595160717595425j),6099000000
(0.05206739268189507-0.18129111997048736j),(0.0029481910980954117+0.002287738174644286j),6099500000
(0.03709887740494363-0.1778552589489562j),(0.002896864880372127+0.002083125244908266j),6100000000
(0.033768803556089064-0.17518382053295525j),(0.0028769625253749803+0.0025206247050030333j),6100000000
(0.024797457363609443-0.16521502532285703j),(0.0030211753122951993+0.0018386237409360477j),6100500000
(0.005222244847755131-0.15895587641107597j),(0.003284890644789463+0.0015698624067620173j),6101000000
(-0.003403501123913635-0.1471950222775371j),(0.003390226648025017+0.0020210241834698515j),6101500000
(-0.014067088944754686-0.13748678935200165j),(0.0034345865412299076+0.0013436157883660398j),6102000000
(-0.024865259745968406-0.12524790314923798j),(0.0035675665526163016+0.0018136797144120743j),6102500000
(-0.03466931911137717-0.11606030301655927j),(0.003371432961149163+0.0013517347164095255j),6103000000
(-0.04548805300194451-0.10082535419210556j),(0.0036805695375592314+0.001030921972117885j),6103500000
(-0.06010962933325294-0.09101619043848845j),(0.0042852126847834114+0.0011076413521143528j),6104000000
(-0.06086012007429757-0.07395658403012921j),(0.0041654312284919535+0.0005091229214240541j),6104500000
(-0.06876588478857487-0.060612700346933585j),(0.003909435947163827+0.0006574665743758616j),6105000000
(-0.07419511006733931-0.047899158116005855j),(0.004491711719104089+7.333084457858076e-05j),6105500000
(-0.07973178525995366-0.03158761725018524j),(0.004253618160089194-0.00012786794896844515j),6106000000
(-0.07971510426652335-0.016473596468303462j),(0.004857896438958848-0.00023446227870400872j),6106500000
(-0.08473217553898307+0.0007901849285663505j),(0.004971677218020993-0.0010420746529403045j),6107000000
(-0.09026088466080244+0.014253732838523945j),(0.004564182385535769-0.0011872966610560782j),6107500000
(-0.08732437017109586+0.03030782822772137j),(0.004806940631258967-0.0015218800089238083j),6108000000
(-0.08959228145900655+0.04525146726867977j),(0.004181288189541191-0.001280024437999834j),6108500000
(-0.08907059110455631+0.05952725841336001j),(0.004609418621000861-0.0015810415258961134j),6109000000
(-0.08565556619475741+0.074867550085087j),(0.004373463922688766-0.002030240886821627j),6109500000
(-0.07736835259096023+0.09294339493148052j),(0.004371286903828186-0.0026648205017800676j),6110000000
(-0.08183592185627467+0.1081187465136765j),(0.0046101982263510866-0.0026905335617872367j),6110500000
(-0.07110473894595634+0.12236198090311412j),(0.004341538797932587-0.0029233396562411695j),6111000000
(-0.07119997204040658+0.13382941518987654j),(0.0037359953373185453-0.0032324212731347944j),6111500000
(-0.06242914284115457+0.15029788740799876j),(0.003810166900402414-0.0033040723569072064j),6112000000
(-0.04930395255805911+0.16446982537654828j),(0.0036545155789497025-0.0034084666017713135j),6112500000
(-0.04519402950738246+0.1750350168352689j),(0.003333552316940071-0.0030523561496179664j),6113000000
(-0.03148825648184183+0.1868312296377316j),(0.003507503508320161-0.00364922735982487j),6113500000
(-0.02554585359654734+0.19838088579393742j),(0.002690238728238356-0.003740976397778767j),6114000000
(-0.012767061663401986+0.20793299976614j),(0.002839176371343033-0.0035720072881317956j),6114500000
(-0.002724425115899247+0.21871327593741208j),(0.002643890559161073-0.004045686684018868j),6115000000
(0.01558440808243038+0.23088979941251972j),(0.002226922267352511-0.003722121768533987j),6115500000
(0.023066075125043044+0.23709143576174452j),(0.001927586287968569-0.004273701389900822j),6116000000
(0.03491402404104919+0.24530584861733742j),(0.0025968530038979554-0.004137819489933149j),6116500000
(0.05445632544534084+0.2558890252807408j),(0.002429055535501436-0.004306596902052877j),6117000000
(0.06088244591557671+0.2568706046750446j),(0.001933437851440572-0.004325812664262347j),6117500000
(0.07769108070035532+0.2654906062722633j),(0.0022719939611687305-0.004683293193508623j),6118000000
(0.09339557463486726+0.2673796291686882j),(0.0013912658933938227-0.004708962353064078j),6118500000
(0.10823804577459799+0.2700767991238349j),(0.0017382514693826316-0.005070090248712042j),6119000000
(0.12057215674927693+0.2753495681206929j),(0.0012039186881071852-0.0051752811031569755j),6119500000
(0.14425772087829786+0.27623308088122733j),(0.0013559745017915586-0.005247560125715389j),6120000000
(0.15497017962907267+0.27702540128104103j),(0.0013994802696520147-0.0055551442847876185j),6120500000
(0.16830657007283434+0.27641506634482554j),(0.0011789091333436435-0.005392497449365033j),6121000000
(0.1819730078218017+0.2751318954381939j),(0.0010868579992746575-0.0061283255511860235j),6121500000
(0.1948256229559828+0.2711832926755207j),(1.8674056279991102e-05-0.006634332534054821j),6122000000
(0.21631539532203334+0.2686710084087089j),(-0.00041051043837272646-0.0064923718052420235j),6122500000
(0.22022964965324737+0.26837811011446183j),(-0.0006194746431301538-0.006514052840836255j),6123000000
(0.24630407739245502+0.2606429230089496j),(-0.001431860604543732-0.006623730523489727j),6123500000
(0.2543583693109916+0.2580741911762703j),(-0.0020450363711068073-0.006076649651349199j),6124000000
(0.271267020613591+0.25181778052777626j),(-0.0025036355962606773-0.006108972773548737j),6124500000
(0.2848121469165731+0.24433613078627595j),(-0.0032902459215725824-0.005828855503142008j),6125000000
(0.29503123243607066+0.23743853384082422j),(-0.0037207954483235634-0.005362711290762177j),6125500000
(0.3042250250358637+0.22996293432807555j),(-0.004323054050350122-0.005157827186895449j),6126000000
(0.31956027376554724+0.22169440125472178j),(-0.004537830764600128-0.00448800624170784j),6126500000
(0.32354936509377535+0.21482726557854975j),(-0.005245307921042073-0.0033934042125895406j),6127000000
(0.3464255831417964+0.2000154124784272j),(-0.004748915483643507-0.002880880723416596j),6127500000
(0.3511984550562634+0.1941263272303706j),(-0.004485308891559116-0.002778464813710876j),6128000000
(0.3600934357147662+0.18299455485593527j),(-0.004672793653136189-0.0016505954310065195j),6128500000
(0.36488431529539783+0.17436690722843487j),(-0.00428731304788065-0.0014116759688478013j),6129000000
(0.38143438381536515+0.15875876511654224j),(-0.00443157808124782-0.00080172195542578j),6129500000
(0.3851559987282684+0.14791352270532673j),(-0.004187008513111219-0.00046392705701700504j),6130000000
(0.3920355834709755+0.13626052788420112j),(-0.004269793387462186-0.0006361544468276363j),6130500000
(0.4005113975332672+0.12361848541132486j),(-0.003555664319849382+0.00048648244260473487j),6131000000
(0.40766775292277097+0.10780038024825814j),(-0.0029829513461034447+0.00037714446053501935j),6131500000
(0.4107035454689165+0.09531004339176286j),(-0.002730845580377331+0.00011443310865044977j),6132000000
(0.41600416521844263+0.08195461514173114j),(-0.0028933748341892036+9.235926721993416e-05j),6132500000
(0.42695703707746024+0.06303134823412218j),(-0.0028807801060613454+0.00028880944167858656j),6133000000
(0.42169883755975995+0.05326942434246692j),(-0.002486414605476665+0.0006501954681108362j),6133500000
(0.42608339085950003+0.03764551994915102j),(-0.002388922695381548+0.00036996989129971014j),6134000000
(0.4316237067357758+0.02224576119895595j),(-0.0020612000883163464+0.00022480430362975017j),6134500000
(0.43083513999424333+0.007340795028077932j),(-0.001918344029362438+0.0003963457671985875j),6135000000
(0.4284303688816073-0.0053635267038153215j),(-0.001998653339522137+0.0004967963670463885j),6135500000
(0.42873577503977006-0.025777875035106278j),(-0.0017300771279765588+0.001297307329814943j),6136000000
(0.4272020840950706-0.037167688357316j),(-0.0011080102679223505+0.0009023181991563038j),6136500000
(0.43199741245586215-0.05422602590122929j),(-0.0013151661326285893+0.0008796395371872715j),6137000000
(0.4233284439144073-0.06866224221912524j),(-0.00185759683822764+0.000581026125087032j),6137500000
(0.42247624416705526-0.08474295318461905j),(-0.0013360818085828522+0.001060646419524214j),6138000000
(0.4108989200183857-0.09533011107416539j),(-0.0010860682353324173+0.000544166148981671j),6138500000
(0.4115927192666342-0.11030179499265326j),(-0.0008537633224565969+0.0006703434987044652j),6139000000
(0.4075160927438227-0.12723810885208311j),(-0.0013379942657551743+0.0008102916884403858j),6139500000
(0.39827640626152777-0.14018162850303292j),(-0.0007169286543731451+0.000877928607594821j),6140000000
(0.3899444301769161-0.1539958742313618j),(-0.00044512828363310093+0.0011709377894314932j),6140500000
(0.3879178934555518-0.16745547773727654j),(-0.0004146652130887985+0.0005234551134572094j),6141000000
(0.376350985397031-0.18203200625069374j),(-0.0005588780134999491+0.0009641961268513652j),6141500000
(0.37002392874065504-0.19473879160155952j),(-0.0006150047515500424+0.001103052884266161j),6142000000
(0.35669365110083634-0.20680176906178352j),(-0.00029559948266277337+0.001112511401118673j),6142500000
(0.34540585827425335-0.21792574351764846j),(0.0004931770841052051+0.0009285738559083302j),6143000000
(0.33719379670109195-0.23097888419351434j),(-0.00023696179490276996+0.0009507672326263925j),6143500000
(0.32344895198977075-0.24306290288477397j),(0.00021981186500428742+0.0007059630280908207j),6144000000
(0.3111726690069828-0.2522468576959208j),(0.0004291639109857518+0.0014575690059122051j),6144500000
(0.2986853779595197-0.2613632300165883j),(0.00036408040310333145+0.0013798800234697806j),6145000000
(0.2870269473603138-0.2723951583151674j),(0.00027333842724186735+0.0011527441125857105j),6145500000
(0.2712479639668915-0.2793787255220851j),(0.0005754892307550306+0.0013704076989055586j),6146000000
(0.25924416057820165-0.2900074904147492j),(0.0006931398170947775+0.0014840182579156378j),6146500000
(0.2441110639950391-0.29848331688266916j),(0.0010492114748934212+0.001219678992671207j),6147000000
(0.22861902365077538-0.3048098958418577j),(0.0007919379399223847+0.0007597616389445938j),6147500000
(0.21095791279380335-0.3102179240940638j),(0.0009872006936574769+0.0004460933333687845j),6148000000
(0.19602280195616426-0.3167905585081708j),(0.0014728799296819552+0.00042481697038371984j),6148500000
(0.1794030586329678-0.3222115283281829j),(0.0013869567075638731+0.00046670694504488545j),6149000000
(0.16386745134844147-0.32699050942577024j),(0.0014452179131460813+0.0006657652404647754j),6149500000
(0.14563827838300672-0.32990329602846397j),(0.0015381797039179293-0.00025574676018955096j),6150000000
(0.14857466649229795-0.3298686429520715j),(0.0019423832919844672+0.0006115819624154859j),6150000000
(0.12436638514441715-0.3318233515122154j),(0.001715912216854345-0.0002780600822077515j),6150625000
(0.10176435187639558-0.33564524691566533j),(0.0010317827840380387-0.00026829567402360537j),6151250000
(0.08059221562018232-0.3373988721087805j),(0.0010428991685242004-0.000470976751646657j),6151875000
(0.0580901144968131-0.3387946196851586j),(0.0013109421757876085+0.00012776121829462806j),6152500000
(0.04013778887109688-0.3361529695196083j),(0.0007287270073374939-0.0006063352371222272j),6153125000
(0.014978110720953623-0.3326265527404336j),(0.00031227894170491417-0.0009183943845434273j),6153750000
(-0.008025534267143619-0.3290954157807852j),(0.00041187120448584434-0.0004093184666575315j),6154375000
(-0.0304672522839818-0.32288310652993485j),(0.0005114992567521395-0.0003721572978312099j),6155000000
(-0.04922040161786089-0.3145074436104873j),(-7.050056551189619e-05-0.00024316429586022792j),6155625000
(-0.07406975331218912-0.30740595089798073j),(-0.00042978308777941686-0.0006004003898982716j),6156250000
(-0.0920061219669394-0.29616064753304133j),(0.0001415118633708466-0.0004100625254567828j),6156875000
(-0.11524011150676347-0.2853252102734637j),(-0.0002990400324004569-0.00041139828995379887j),6157500000
(-0.13731371944464285-0.27796974439826727j),(-0.00032335088644970625+0.001065726658686289j),6158125000
(-0.15297705998661432-0.26284668450436544j),(0.0006054377997351906+0.0014546359960938562j),6158750000
(-0.17020814286372973-0.2480779082425761j),(0.0007095263817912977+0.0017619132457763651j),6159375000
(-0.18505752736992934-0.22898791701421187j),(0.0005771048881313923+0.0016523233911711276j),6160000000
(-0.21049092022936566-0.21963903125535506j),(0.0004133929449303134+0.0020514263256621837j),6160625000
(-0.21869097016804506-0.1980133533663262j),(0.0012092364940110682+0.0018952066643389172j),6161250000
(-0.23430363244407443-0.1771550413337468j),(0.0024484401664119906+0.001895843908736734j),6161875000
(-0.24972807064751237-0.16031738427437559j),(0.002143279981556522+0.0020908204863561335j),6162500000
(-0.26325564975355803-0.1395691057117633j),(0.002991201987066083+0.0016766306688374374j),6163125000
(-0.2691478373776192-0.11598747362196073j),(0.0029363104529503232+0.0008570398847722682j),6163750000
(-0.2782414245672953-0.09657102102738566j),(0.0037041889080557788+0.0008764554133834295j),6164375000
(-0.28522938801499675-0.07617477438286288j),(0.0036752475676473315+0.0015516535286681332j),6165000000
(-0.29422213559276705-0.05231059328388396j),(0.0034139915604772812+0.001282952285956121j),6165625000
(-0.2987851976734591-0.02609985969356967j),(0.004478641018346478+0.0005454169722997972j),6166250000
(-0.29870800929984115-0.005661802537153798j),(0.00438597973517485-0.000287301014523638j),6166875000
(-0.30764240850992364+0.018425302277784914j),(0.004496575859687832-0.0008320345794690888j),6167500000
(-0.30732764984350286+0.03978654919794661j),(0.005051873654943244-0.0009555193382510545j),6168125000
(-0.3105531505188772+0.06530243552998266j),(0.005065356851043657-0.0012371132155974509j),6168750000
(-0.31105119793760116+0.08453477217425337j),(0.004431287609484629-0.00122235280210682j),6169375000
(-0.3054786954465058+0.11304233468255194j),(0.00491254292858593-0.002569045267529695j),6170000000
(-0.29220615575532577+0.1348863399069326j),(0.004403787332332022-0.0029368377663893204j),6170625000
(-0.28475959533631684+0.15956965585499214j),(0.004404338078774336-0.003491693383499888j),6171250000
(-0.2854642226411011+0.18296435290031177j),(0.004049030720038236-0.0031176613876727683j),6171875000
(-0.2821228338648546+0.20257426221674446j),(0.004184509672412883-0.003253327775614247j),6172500000
(-0.2715293772819524+0.22486911770526669j),(0.0035932439635100234-0.004039145424437561j),6173125000
(-0.25995601549982794+0.24537992290863847j),(0.0037035780047409398-0.003942056009173894j),6173750000
(-0.24850218805324636+0.26564150982291945j),(0.004112604861711993-0.003914520228342321j),6174375000
(-0.23106344401513354+0.285162247248573j),(0.002799484519301147-0.00494363815989546j),6175000000
(-0.21974657952707063+0.3008026311660957j),(0.0027031846506311843-0.004673309233730906j),6175625000
(-0.20427639425576552+0.3240326085705801j),(0.0035512691613572623-0.004706726639770262j),6176250000
(-0.18954982271064766+0.34046618335648676j),(0.002600500727745496-0.0050403648000116544j),6176875000
(-0.16755212451621274+0.35373820689482494j),(0.0023887641444153922-0.005001876226797563j),6177500000
(-0.15643498631510933+0.36840714797512836j),(0.00214351579434681-0.005152986606185971j),6178125000
(-0.1313513840510413+0.38068351459385164j),(0.0016725319079199724-0.005263779702126473j),6178750000
(-0.11765110080658038+0.396405091918086j),(0.0023276139761528327-0.005422670224736858j),6179375000
(-0.09830124958341765+0.40811357366915485j),(0.0015969768767635374-0.005894894737019226j),6180000000
(-0.07673399546672748+0.4150809342942376j),(0.000989036858567923-0.0056361444180639585j),6180625000
(-0.05902696412199089+0.42788228300463j),(0.0005758967982920061-0.005991958794013575j),6181250000
(-0.035107580049263544+0.43474009617568193j),(0.0004570357102035904-0.006077143357361706j),6181875000
(-0.008355494702034252+0.4375185969701075j),(-0.00010187360894061396-0.006223796730295785j),6182500000
(0.01643253858674112+0.4395450611780644j),(-0.0011041456657188465-0.005871864271006906j),6183125000
(0.028559095214392247+0.44763017533447735j),(-0.001441438448377944-0.00615159266152025j),6183750000
(0.05238477545784438+0.449411954024765j),(-0.0012147352236794684-0.005202546355460034j),6184375000
(0.07740811374024954+0.4522976785123421j),(-0.0019378018456259996-0.005186236475342949j),6185000000
(0.09638734090722555+0.4509550512700721j),(-0.0016951242186872316-0.0047530938516358945j),6185625000
(0.11407847352077048+0.4482557537781488j),(-0.0028636858197925623-0.004897413546124254j),6186250000
(0.14300662921147705+0.4481849370976857j),(-0.0036956698033326395-0.004632760437335762j),6186875000
(0.15682530801397598+0.43966266459517156j),(-0.0029969984017628347-0.00424985565180183j),6187500000
(0.18410488491901175+0.4371547178359611j),(-0.003446915403481594-0.003532591665997919j),6188125000
(0.20313070580808856+0.43210150265798786j),(-0.003613574449396929-0.0032261374459469647j),6188750000
(0.2254794785581089+0.42025645985629073j),(-0.0038095896733969623-0.003014179871451246j),6189375000
(0.24072489253962345+0.41389746138328987j),(-0.0033791440464148344-0.002580051997375866j),6190000000
(0.2555176672974712+0.4031566865065541j),(-0.0028076867184220022-0.001847027968890632j),6190625000
(0.2737865568022724+0.3926788616322175j),(-0.0032354483527647624-0.0010529179988711173j),6191250000
(0.298718081179783+0.37881840969427716j),(-0.002672418516841597-0.0007672717657766039j),6191875000
(0.30898548657039493+0.3690054329548887j),(-0.002019961203317105-0.0011813528505364647j),6192500000
(0.3224566957032943+0.3549329470065105j),(-0.0019667524884494233-0.0012771348900223242j),6193125000
(0.33333551493902924+0.34067523736704264j),(-0.00242785552848557-0.0013842612436102799j),6193750000
(0.3615471217058218+0.3206467681914286j),(-0.0019653247634316183-0.000709583017618841j),6194375000
(0.36142564412891065+0.30729592220616j),(-0.001961922201011744-0.0010589390265937555j),6195000000
(0.3712077827964964+0.2923875839531929j),(-0.0021597889319783497-0.0005820197810881288j),6195625000
(0.38323668254846466+0.2744939730053651j),(-0.0017431825461048439-0.0009187320345985131j),6196250000
(0.3866818470033777+0.2602961992008329j),(-0.0023227745539898-0.0008519399225769337j),6196875000
(0.403872789219353+0.23799592437261133j),(-0.0024018182833689134-0.0008315389578920078j),6197500000
(0.4011464061583933+0.22240739843633228j),(-0.002665864462254236-5.246220384196369e-05j),6198125000
(0.4082909879288184+0.20050705763404406j),(-0.002655304284074004+0.0001150687501830951j),6198750000
(0.4135453949156526+0.18317180344216208j),(-0.0025579472912684587+0.0010309734268224644j),6199375000
(0.41459968254145074+0.16750585711027902j),(-0.0015616077499647865+0.0011702609483525076j),6200000000
