S11,S21,freq
(0.5835836149790211+0.8196913295610803j),(6.264154714873012e-06-1.614406909371395e-05j),1500000000
(0.5833220268574476+0.8219203617651757j),(-1.4048542129073851e-05-4.1240205620957494e-05j),1502500000
(0.5811415996147498+0.8250351233404963j),(-2.4172336225224483e-05+3.192735149209186e-06j),1505000000
(0.5835878546858144+0.8234612622111651j),(-5.961298396509943e-06+5.4513914501101986e-05j),1507500000
(0.5825468164323588+0.8224587743117446j),(5.901800496233646e-05+3.846588411054286e-05j),1510000000
(0.5796778482013498+0.8236921583937764j),(8.636189651029464e-06+1.772607223630536e-05j),1512500000
(0.577515331502156+0.8271127751723847j),(4.427276116879286e-06+7.912105373098815e-06j),1515000000
(0.5754507062884043+0.8264295953672496j),(-5.1774429754928315e-05+9.595370086430196e-05j),1517500000
(0.5767501122761225+0.8283611977139621j),(-5.550264171102628e-05-8.374097778671461e-06j),1520000000
(0.5745475521595734+0.8290182572345269j),(-1.8080927569337934e-05-2.096360531111683e-05j),1522500000
(0.5761719400625895+0.8301723704224702j),(-2.726976586344641e-05-1.700884501724028e-05j),1525000000
(0.5742081804527616+0.8305654642321365j),(-5.0991242265666214e-05+3.617320994855473e-05j),1527500000
(0.5729932227712696+0.8316840656963674j),(1.593815698746917e-05+3.0773504022969735e-05j),1530000000
(0.5711659365378188+0.8326765732744331j),(3.5484445849302393e-06+2.426424230282522e-05j),1532500000
(0.5684899591377092+0.8338284857978511j),(6.95108261088611e-06-2.1161420346084433e-05j),1535000000
(0.568826021498257+0.8352500837518397j),(4.5507968065439934e-05-1.5045837228685938e-05j),1537500000
(0.564801864177405+0.8366281275059045j),(-9.618219529972993e-06+4.884315976897456e-05j),1540000000
(0.567206313928206+0.8366210158373327j),(-1.3985107736504938e-05-2.368238800097804e-05j),1542500000
(0.5630270657796574+0.8376218676035787j),(2.285287523832873e-05+2.406037391508697e-05j),1545000000
(0.5655975213313628+0.8380283772097017j),(-6.092080569361955e-05-5.442261917718077e-06j),1547500000
(0.5660093121073415+0.8374758864708436j),(-5.686187222112441e-07-3.7088504046640006e-05j),1550000000
(0.5628555429787009+0.8419187255092252j),(-6.209189371148248e-05+1.425234942313866e-06j),1552500000
(0.5619977530849586+0.8418422852248274j),(-5.685739432653416e-05-5.234718254758465e-06j),1555000000
(0.5586061681393325+0.8440527024085547j),(-3.2396390232257796e-05+4.979793130265015e-05j),1557500000
(0.5552531197327406+0.8428640752264224j),(-1.5674360001830226e-05-1.2092508223876786e-05j),1560000000
(0.5536365643081442+0.8450786523260956j),(-6.913637001925223e-06+1.7316889200586096e-05j),1562500000
(0.5567735075384557+0.8442180713458837j),(-3.149835208118082e-05+2.175666861396842e-05j),1565000000
(0.5554541962042295+0.8454552494161149j),(-3.1087215345054535e-05+6.725017730746639e-05j),1567500000
(0.5518709280872397+0.8470940752190633j),(7.393500374857683e-07+2.196248468032252e-05j),1570000000
(0.5500588937215592+0.8461257859329718j),(-1.7114641544860878e-05+2.0365179302028385e-06j),1572500000
(0.5487952502364914+0.8481793994706347j),(-7.784572970324592e-05+3.992038630050754e-05j),1575000000
(0.5464291404807412+0.8498896741897686j),(1.1204010932359032e-05+8.876676264108056e-05j),1577500000
(0.5465916763474394+0.851501985513222j),(-1.4355350037064237e-05+1.9088207506833003e-05j),1580000000
(0.5436652028358976+0.8523706646811084j),(1.1530805692808106e-05-6.937134382900958e-07j),1582500000
(0.542131123422986+0.8558436130039948j),(3.503497072920977e-05-1.6226276636049018e-07j),1585000000
(0.5420381137348147+0.8557953728151029j),(2.2529059645309617e-05+1.9366095783093263e-05j),1587500000
(0.5420822136224395+0.853744811159106j),(1.0733402339476736e-05+7.085204593007428e-05j),1590000000
(0.5402507167040063+0.8563050838731399j),(-3.836753512202117e-05+8.192592269577426e-06j),1592500000
(0.5362015218366454+0.8558936871960109j),(-6.793036820105158e-05-1.520346274673643e-05j),1595000000
(0.5380065914213727+0.8584333634463388j),(-0.00010514046455458627+6.132786532632418e-05j),1597500000
(0.5354501124890094+0.8567877879473829j),(-0.00012998855150154543+2.170134092512927e-05j),1600000000
(0.5359183719228536+0.8599465386508666j),(-7.315522007686827e-05+7.268391956028439e-06j),1602500000
(0.5342062191086084+0.8606265230899859j),(-9.275446853475228e-05+1.4032227272968983e-06j),1605000000
(0.5319515032296415+0.8627679253309516j),(-2.5110428595356988e-05+1.1495690280244476e-05j),1607500000
(0.533858429312501+0.8616345718776747j),(-6.361784994794159e-05+7.276857941154611e-06j),1610000000
(0.5278971336753221+0.8645278500404716j),(-3.3450456438608386e-05+1.7020131247559495e-05j),1612500000
(0.5273999773984479+0.8649847441474123j),(-4.2199652735610924e-05-1.663858332045198e-05j),1615000000
(0.5242282437355298+0.866341423624939j),(3.81443223579156e-05+2.54571943354621e-05j),1617500000
(0.5265507753828804+0.8864737149204391j),(-6.9547966335332765e-06+2.6556949157703787e-06j),1620000000
(0.5227043306309097+0.8689494897618838j),(-3.2136277219967724e-05-1.767546228146217e-05j),1622500000
(0.5207778019313608+0.8692956475546607j),(7.014783662610658e-06+2.4202916591204967e-05j),1625000000
(0.520281849733346+0.8677966414960454j),(-5.49812826020671e-05-4.0315649566506265e-05j),1627500000
(0.5133103887399879+0.8724864615900326j),(-1.6594864594124855e-05+1.0380738530013046e-06j),1630000000
(0.5177460297440808+0.8704645245161099j),(-4.038719964515631e-05+3.0670178960107234e-05j),1632500000
(0.5132364480507325+0.873436464910068j),(-3.384698957117571e-05+5.1093605519963525e-06j),1635000000
(0.5110374625772972+0.8727362595212089j),(-1.4606374131223495e-05+6.127604997249847e-05j),1637500000
(0.5104590577988639+0.8733549632163634j),(2.1516390066021667e-05+4.333538627035362e-06j),1640000000
(0.5082451239818272+0.8753974322507806j),(-6.362207607584339e-06-1.577257501541562e-06j),1642500000
(0.5098306219823995+0.8745822601848254j),(-1.0546700480982272e-05+1.6246685763169378e-05j),1645000000
(0.5077115174234819+0.877450496419121j),(-1.742924716966165e-05+6.323272901571727e-05j),1647500000
(0.5067349199778484+0.8783363088039204j),(-2.4574255890997484e-05+2.8407222232984488e-05j),1650000000
(0.5034583411145171+0.8799781869286082j),(-4.406483832262595e-05+1.774590111329544e-05j),1652500000
(0.5026031088556341+0.8784993676308432j),(-6.767363141709464e-05-1.670499896923588e-05j),1655000000
(0.5014665357777113+0.878943950694061j),(1.946734403834153e-05+5.111981768460701e-05j),1657500000
(0.5003067331666063+0.8783531452266446j),(2.9315317604156584e-06+5.0904719848395463e-05j),1660000000
(0.5002137804639699+0.8810862387289936j),(-1.2360564932582323e-06+5.497577772538109e-05j),1662500000
(0.49730579526076024+0.8812933497155064j),(2.0945819483290353e-05+4.898389643886992e-06j),1665000000
(0.5013988476441833+0.8790740475091545j),(-3.6328480521052976e-06+3.8735844455717024e-05j),1667500000
(0.4957963087915048+0.8841189476961272j),(-2.5188350919625904e-05-2.035979097932205e-05j),1670000000
(0.4957269141072861+0.8847665395830817j),(1.1038630639611275e-05-3.2493605509099213e-06j),1672500000
(0.4916137967450833+0.8856012622023195j),(-3.143556548616145e-05+2.481499425338913e-06j),1675000000
(0.49046278019842604+0.8842564843417742j),(-2.2265348458094716e-05+2.257361429263192e-05j),1677500000
(0.49433999784079924+0.884236319893421j),(-3.217237928607767e-05+2.559313502714005e-05j),1680000000
(0.48981443478865144+0.8849132152645094j),(-2.2775744628458036e-05+6.0919201074902846e-05j),1682500000
(0.4882517737510871+0.8864046695724793j),(-5.975544545328978e-07+4.373617737071966e-05j),1685000000
(0.48515151536648893+0.8859747263906879j),(-5.045279923929312e-05+5.924525588060562e-05j),1687500000
(0.48607459622114824+0.8863126729940713j),(1.1710091111125127e-06+5.011553517456494e-05j),1690000000
(0.48256226852425327+0.8863566613109819j),(-3.419693022794724e-05+0.00010919965776056252j),1692500000
(0.47925583610442685+0.8871494524407192j),(1.1620407493693821e-05+5.556456978450499e-05j),1695000000
(0.4818622306630929+0.8883047440148939j),(-2.5601401056472572e-05+1.736416028169949e-05j),1697500000
(0.4772231511950251+0.8903528931528468j),(-5.552573335915409e-06+2.7898536598049214e-05j),1700000000
(0.4782540593595238+0.8900021253228886j),(2.554773768377253e-05+4.7492281797352324e-05j),1702500000
(0.4754849695287654+0.8899142006597437j),(-2.5527185162859127e-05+6.152735905830905e-06j),1705000000
(0.4743121252895099+0.8905481671943072j),(2.1437722366203897e-05-8.450166032370614e-06j),1707500000
(0.47190679151025955+0.8906325054994698j),(-3.572516459117452e-05+3.056902647181099e-05j),1710000000
(0.4717097804379386+0.8918849833454003j),(-2.247558189948761e-05+7.31847201307143e-05j),1712500000
(0.47114726449733335+0.8910070892635319j),(-2.811307799515828e-05+4.77030987805916e-05j),1715000000
(0.46900934024889307+0.893511750370385j),(-6.781420249011904e-05+6.746413932163007e-05j),1717500000
(0.46791605339482967+0.8951645622983228j),(-7.24039142083033e-05+2.066773608357727e-05j),1720000000
(0.46743117914873283+0.8961305155821189j),(-4.811964484285539e-06-3.0936527903654794e-05j),1722500000
(0.467220853376584+0.8958167621735611j),(-8.280792046220975e-07-4.280093481507801e-06j),1725000000
(0.46395078624493996+0.896669024109177j),(6.496892593697002e-06+1.662010587574871e-05j),1727500000
(0.46237206483100995+0.8971513322159411j),(-5.570338899449891e-05+5.591867958676761e-06j),1730000000
(0.461659160776725+0.8959354636696533j),(-0.00010597724907860868-1.544972043697917e-05j),1732500000
(0.46066889977288766+0.8971033101667718j),(-3.274142928743508e-08+2.0007852921730368e-05j),1735000000
(0.4584087937618775+0.8982040564039652j),(-7.725091021615864e-05+0.00010273761932134859j),1737500000
(0.4559632647199777+0.9091289636046764j),(-1.3994837977757746e-05+3.589780645477068e-05j),1740000000
(0.45512496192065666+0.9006825340803083j),(7.81114643108481e-06-7.003199558302413e-06j),1742500000
(0.4541168458406696+0.9015104354770351j),(5.950259108037199e-06-1.4961052509154934e-05j),1745000000
(0.4520379409255406+0.9022015944408313j),(4.307113703176055e-06+5.512438481585904e-05j),1747500000
(0.45508149340752285+0.9024537599990021j),(-3.552030972723081e-05+3.825028238629157e-05j),1750000000
(0.4537709671850321+0.9017396758568483j),(4.8469249306435806e-05-9.663103075693433e-06j),1750000000
(0.45049038605241276+0.903656725166562j),(5.832258749513137e-05+3.571125430729647e-05j),1752500000
(0.45358484605040433+0.9007937450400548j),(4.7700932934929085e-05+1.8460626085999365e-05j),1755000000
(0.44894681316511886+0.9050159741688832j),(-1.1706587831025742e-05-2.4465993310223466e-05j),1757500000
(0.44809991973904084+0.9028870938827699j),(-6.237744647032786e-05+3.6997917725947744e-05j),1760000000
(0.4467085674852998+0.9056029521695826j),(-3.636115648708645e-05+6.0428432509288155e-05j),1762500000
(0.4439819245913175+0.9056109887823679j),(2.278179359768106e-05+2.315540185982359e-05j),1765000000
(0.4439994543683734+0.9064750120049287j),(3.025840465844431e-05+5.669517264485557e-06j),1767500000
(0.44199068359793797+0.9072469141374405j),(-1.3405606238341973e-05+3.318592180058546e-05j),1770000000
(0.4429360505425873+0.9075169949703898j),(-3.1413086619214973e-05+2.1347785832151483e-06j),1772500000
(0.4409471163307113+0.9081788695774793j),(-6.004052971905695e-05+5.730864402339574e-05j),1775000000
(0.4403207247210516+0.907345529035929j),(6.884356255915323e-06+2.450706612496942e-05j),1777500000
(0.4383409552077649+0.9096715199757186j),(-4.139768897135649e-05+4.258855597522368e-05j),1780000000
(0.437827555973673+0.9092131681643655j),(-2.1231902288255378e-06-1.74552121976124e-05j),1782500000
(0.43563592538734225+0.9120549696399861j),(1.1120776244172141e-05+2.5663864814223396e-06j),1785000000
(0.43184921238781804+0.9107091773922386j),(7.364831219014691e-06-2.702555813767921e-05j),1787500000
(0.43256523230826505+0.9128573832016498j),(5.016148197531398e-05+3.873358437803099e-05j),1790000000
(0.4297938163896632+0.9127981234783741j),(2.695423527127839e-05+1.7247283085157003e-05j),1792500000
(0.43269934366264706+0.9133951940291866j),(-3.0211234668927993e-05+4.417979397897501e-06j),1795000000
(0.4298654481934108+0.9133249066064678j),(-1.0410857452193778e-05+2.1740548108016478e-05j),1797500000
(0.4349388626935758+0.9124631047473561j),(2.8462712525429173e-06+1.6032255200091756e-05j),1800000000
(0.4265281168781599+0.9136695852022932j),(-4.0899238327483314e-05+1.5019514632808803e-06j),1802500000
(0.42527283298470014+0.9134357345648053j),(7.389189146949184e-05-8.45442324221803e-06j),1805000000
(0.42398792132145996+0.9147063095041102j),(1.0596891728653273e-05+3.6423704484596324e-05j),1807500000
(0.42227107145289605+0.9157319624951338j),(-1.203090100796136e-05+1.7602252216268238e-05j),1810000000
(0.4229169308794384+0.9158445810060724j),(5.950870858653565e-06+3.594331494022043e-05j),1812500000
(0.41755112605697364+0.9176907046371331j),(3.964718566291341e-05+3.241370412125623e-05j),1815000000
(0.4169663216864686+0.9211632119907662j),(6.280438706352783e-05+4.639588882673376e-05j),1817500000
(0.4190296150050162+0.918102317122247j),(1.900994011334408e-05+2.3235556363286283e-05j),1820000000
(0.415922916455538+0.9218089993042012j),(3.524032362459553e-05+6.056837235161224e-06j),1822500000
(0.4172142113666962+0.9197739827836604j),(1.3582533414564498e-06+2.436808775193136e-05j),1825000000
(0.41492623576349486+0.9220192049143964j),(-1.1093339561427896e-05+5.669226312203799e-06j),1827500000
(0.4142957465019146+0.922726662483087j),(1.070207589174853e-05+5.440239918847698e-05j),1830000000
(0.4108701876600405+0.9241594821555573j),(-2.397102099151025e-05+1.945539058244483e-05j),1832500000
(0.4134086359301842+0.9233698775779663j),(3.509193943563596e-05+3.3780551002079373e-06j),1835000000
(0.4080773112836947+0.925311990317424j),(-7.160178751514454e-06-2.4119127581963786e-05j),1837500000
(0.4094163157119538+0.926573645490041j),(4.440503605525585e-05+1.3567366782768946e-05j),1840000000
(0.40763881462712936+0.9260286005071823j),(-1.8911811026730097e-05-3.747315137517076e-07j),1842500000
(0.4036995729431646+0.9310630892631355j),(3.6321290412223004e-05+1.674224399838338e-05j),1845000000
(0.4079127048199457+0.9286849097734385j),(-9.693450723304015e-06+9.365897816422782e-06j),1847500000
(0.4023762372237874+0.9321077358782662j),(-1.7529827543153508e-05-1.4122172565992393e-05j),1850000000
(0.40395288035560967+0.9300101965941195j),(-1.8777605120258588e-06+4.753066229504578e-05j),1852500000
(0.3975013319506741+0.9338511306258772j),(1.9398174647717213e-05+4.6662223005077236e-05j),1855000000
(0.4001871529774042+0.9314266809746793j),(1.3878051869658288e-05+1.8706192384309374e-05j),1857500000
(0.39805563022880963+0.9320152524129406j),(1.2217835331894472e-05+4.148685643783447e-05j),1860000000
(0.393494063181177+0.9353369951710595j),(-2.97992709676043e-05-3.618504786029067e-05j),1862500000
(0.3962823634305324+0.9333403236520693j),(-2.583807216381001e-05-2.131002927763714e-05j),1865000000
(0.3938029365068949+0.9348505824680563j),(-7.885878306225692e-06-4.609739937710344e-05j),1867500000
(0.39152849262106854+0.9322178160215446j),(-1.4646359759651614e-05+4.231068118049737e-05j),1870000000
(0.38940706891847743+0.9362971800965817j),(7.20551258796492e-05-1.4224865036448062e-05j),1872500000
(0.38652147777586815+0.9363070174341274j),(0.00010347266879524846+1.8368874408882924e-05j),1875000000
(0.38905450003079556+0.9391509572205836j),(7.647663246786053e-05+1.4633957832875828e-05j),1877500000
(0.384361637574803+0.9392669221590602j),(7.977190907428927e-05+5.348610695034434e-05j),1880000000
(0.38358314502354107+0.9410344405351216j),(6.876277757105846e-05+6.685235935994461e-05j),1882500000
(0.38199187238508675+0.9411819733950662j),(0.00011610350348086565+3.197475644270029e-05j),1885000000
(0.3793098212762341+0.9409334183702159j),(6.789511725144687e-05+2.389762807564078e-05j),1887500000
(0.37790246325197996+0.941724636727775j),(8.331508333084068e-05+7.236999452504563e-05j),1890000000
(0.37472984819522803+0.9420600230608842j),(9.936707750181185e-05-2.4824869752224657e-05j),1892500000
(0.3769501373902014+0.9436150681719496j),(7.611527518893437e-05+1.4161276077842156e-05j),1895000000
(0.37016323116771005+0.9424661749864524j),(8.685080860545828e-05+4.894813089871976e-05j),1897500000
(0.374343414167015+0.9447752859479299j),(8.752389798339411e-05-1.1464303680557808e-05j),1900000000
(0.3676194831675199+0.9434033913305776j),(2.481147983153476e-05-4.448411830186878e-06j),1902500000
(0.36514832758623555+0.9467947578041999j),(8.048735043084979e-05-1.454532005010723e-05j),1905000000
(0.36566825249724544+0.9474918037395061j),(3.959590020263992e-05-1.0047108449306654e-05j),1907500000
(0.36404740503037875+0.9469505436214269j),(4.6938702973677665e-05+2.274568833156375e-06j),1910000000
(0.36503124476220244+0.9462477829174183j),(6.553307304501879e-06-1.9021436329020572e-05j),1912500000
(0.36398559841782885+0.9463891642848504j),(1.4290423253212237e-05+2.0416027811527762e-05j),1915000000
(0.36165408197813875+0.9456698662216357j),(2.8312854119921748e-05-1.1411681647204633e-05j),1917500000
(0.3487460739316471+0.9422171008144777j),(2.7989986177291656e-05-4.386811762122753e-05j),1920000000
(0.35856258437153843+0.9496893921835526j),(3.21343889931216e-05-1.975102152797867e-05j),1922500000
(0.3527990962209644+0.947187019742004j),(2.6104716809490605e-05-7.316801161021893e-05j),1925000000
(0.3533657397828948+0.9515371498440827j),(-1.1446411531717538e-05+2.3516201609406602e-05j),1927500000
(0.35020498694156643+0.9494205916202667j),(8.992846473600732e-05-3.571308179840772e-05j),1930000000
(0.3500200481525092+0.9504883026728906j),(4.916540528002654e-05-9.02938152996268e-05j),1932500000
(0.35040739976923185+0.9490499314566804j),(3.4599584455475185e-05-2.111648094185754e-05j),1935000000
(0.3439400758841781+0.9517109409669234j),(9.550455851569737e-08-5.010307957554274e-05j),1937500000
(0.34463732369172895+0.9510213519316995j),(1.3295012728597567e-05-1.0007140021056642e-05j),1940000000
(0.3413044530075597+0.9532150949752798j),(-6.990039130497399e-06+9.43539898269199e-06j),1942500000
(0.3385315410302893+0.9545655938443312j),(1.2383360964162079e-05-2.5181686479256068e-05j),1945000000
(0.34148390148882435+0.9527545233164318j),(3.415469230761832e-05-8.024238861501695e-05j),1947500000
(0.33851812478156357+0.9541680000277719j),(4.69472119183036e-05-5.8190442673449055e-05j),1950000000
(0.3384257684932223+0.9499382063962281j),(3.8389256976368815e-05-1.1066625605135745e-05j),1952500000
(0.3341784404768204+0.9539600316559627j),(-2.5175109412484713e-05+2.4302149773543105e-06j),1955000000
(0.3344340583342025+0.9549758548065846j),(-8.57005887117995e-06+5.560106173986599e-07j),1957500000
(0.3346178546067611+0.9560618390275563j),(-2.397012928873717e-05-6.5638707609381235e-06j),1960000000
(0.33415011721676735+0.9550842836472998j),(-2.985789717234476e-05-2.9390722679566995e-05j),1962500000
(0.3312429557877122+0.9577170490595479j),(-1.183758228078876e-05-1.2690403827973755e-05j),1965000000
(0.3332714251282441+0.953656024352172j),(-7.502657706940825e-05-1.0978582409699121e-05j),1967500000
(0.32933467514976567+0.9552190219754642j),(1.5575826485971844e-05-7.849498540875068e-06j),1970000000
(0.32734376160130996+0.956203120887024j),(-1.4882542311324763e-05-3.7307054530211964e-05j),1972500000
(0.32683316588524564+0.9549007994148596j),(1.9369338916819323e-05-1.764492724835016e-05j),1975000000
(0.32306728331166623+0.9587721766464026j),(2.6914682977221e-05-4.7733936584017425e-05j),1977500000
(0.3239305469488766+0.9572593666525993j),(4.5911119155760564e-05-6.535933800409364e-05j),1980000000
(0.32410316956617574+0.958641345714005j),(3.89128999705197e-06-5.786135022886023e-05j),1982500000
(0.31701090572412194+0.9585379278388769j),(-5.495535452012425e-07-4.090183268280308e-05j),1985000000
(0.32016296006306016+0.9572530866897431j),(-2.2174931056021695e-06-4.6448155138654534e-05j),1987500000
(0.3187405345756553+0.9551508078063241j),(1.164550488469157e-05-4.419643348986461e-05j),1990000000
(0.3173149254577824+0.9577535735015954j),(-1.308827973855182e-07-5.91130947156276e-05j),1992500000
(0.3171703872830098+0.9600836563302549j),(2.5056554351772398e-06-5.289175489669971e-05j),1995000000
(0.31709036305140487+0.9606300033392787j),(1.2854744929195761e-05+1.4900978795990105e-05j),1997500000
(0.3170362106991598+0.9639406416555275j),(6.411326155123048e-06+2.6624209964460584e-05j),2000000000
(0.3152928146147403+0.9645480217675424j),(1.747189971407565e-05+2.7968707430056653e-05j),2000000000
(0.31572132965288824+0.9649547375675432j),(1.2000088334148529e-05-4.325569073547684e-05j),2002500000
(0.31164049793975895+0.9652969233484366j),(4.7873557693711186e-05-4.7214359799254246e-05j),2005000000
(0.30981950074444525+0.9595928015885073j),(2.2684512690846552e-05-4.269052959743717e-05j),2007500000
(0.30727645430494727+0.960817607072006j),(2.673448469260099e-05-6.883056966683782e-05j),2010000000
(0.30393527562173717+0.959035689015792j),(-3.6478462644080905e-06-3.9290025831379236e-05j),2012500000
(0.30512611790000516+0.9609501816520967j),(2.7775788912663052e-05-1.072128953365683e-05j),2015000000
(0.30221852316373377+0.9623207637441138j),(-7.419767814733663e-06-4.64350061890664e-05j),2017500000
(0.302805636048213+0.9624856021569848j),(4.876573356832561e-05-2.226058819757899e-05j),2020000000
(0.3010343272219798+0.963564579317852j),(-2.9496095995901854e-05-4.504587368980481e-05j),2022500000
(0.29809268905927655+0.9626963107745258j),(-1.5771780736027466e-05-3.483701946022537e-05j),2025000000
(0.2969732268484954+0.9642981340565765j),(-3.414559821283332e-05-3.7248261995230754e-05j),2027500000
(0.2922639580095478+0.9635654240577978j),(-9.676974634843992e-06-3.19097927410332e-05j),2030000000
(0.29394231803218895+0.9647061304236157j),(-3.4704605824639795e-05-1.3660067983920502e-05j),2032500000
(0.29157143390911794+0.9647109810046426j),(-2.812936479622544e-05+3.7994972863764655e-05j),2035000000
(0.2932990593438265+0.9670072215046489j),(-4.6456408605255646e-05-5.796379948594027e-05j),2037500000
(0.2961652965588132+0.9634246004151085j),(2.6739031157480976e-05-1.5735472506633278e-05j),2040000000
(0.291345643923591+0.9668793753355573j),(-2.3673786517241725e-05-2.5002990986510187e-05j),2042500000
(0.29103011714833016+0.9662735408837202j),(-4.777535131687495e-05+1.3837118655280271e-05j),2045000000
(0.28801009035744557+0.9683367341291012j),(-2.0098515671114295e-06-3.715485036178579e-05j),2047500000
(0.28893864664997193+0.9707205698601928j),(-3.11974390487817e-05+2.1143337707960128e-05j),2050000000
(0.28616038563733454+0.9670350176970258j),(-1.8377271577254697e-05+1.4584236328818368e-05j),2052500000
(0.2818706048619592+0.9704894435348891j),(1.4851973319155136e-05-3.3289497908929716e-05j),2055000000
(0.2809954262896896+0.97027992090808j),(3.2073257239112874e-05+2.9469266199943673e-06j),2057500000
(0.2828913678206771+0.9689360456397405j),(2.8309499840103043e-05-3.2038767038051355e-06j),2060000000
(0.28274869469591274+0.9693502270635003j),(1.9854570900633334e-06+6.416183298870171e-06j),2062500000
(0.28055851318254155+0.9689153157967672j),(-3.726008622454691e-05-1.41199833578838e-05j),2065000000
(0.27556583842809135+0.9709082655466527j),(-1.1736241605563385e-05-2.4544192230578973e-05j),2067500000
(0.27727028487340116+0.9712624660235569j),(-3.74481955534737e-05+2.042551594154027e-05j),2070000000
(0.27232362994367953+0.9730203198059025j),(-2.779256434213558e-06-4.289420269674924e-06j),2072500000
(0.27232451302090643+0.9746014570167103j),(9.723203844175272e-06-4.906664977363279e-05j),2075000000
(0.2699050023255945+0.9752664029835532j),(-1.1447079052721111e-05-8.550380773532814e-05j),2077500000
(0.266639832599317+0.9741491557204676j),(7.96891902792909e-06-2.522684676315618e-05j),2080000000
(0.2696122413420602+0.9774177394722438j),(5.683240975235367e-06-3.84021875132754e-05j),2082500000
(0.2647583952519176+0.9786429573610298j),(4.173352363849276e-05+6.932403647300977e-06j),2085000000
(0.264712947794294+0.9792574752574296j),(2.647880551286538e-05-2.0543228741674272e-06j),2087500000
(0.26427917527137246+0.9771246843707068j),(3.5575643694896475e-05+4.779406711872139e-07j),2090000000
(0.2672784368977002+0.977344568620471j),(-6.251445258847362e-05-9.03955936532859e-06j),2092500000
(0.26202389194140674+0.9814876657638292j),(1.8694046143476058e-05-2.1690423491091598e-05j),2095000000
(0.2591686415819946+0.980992531332181j),(-1.968229991644006e-05-4.5113950974384593e-05j),2097500000
(0.25590165077933036+0.9759243029970585j),(6.534879834585683e-05-3.7652703767399397e-05j),2100000000
(0.25713773441945437+0.9818464785327665j),(2.4421175807545092e-05-3.035772220695856e-05j),2102500000
(0.25779387538623105+0.9803510814808223j),(1.5415313522211133e-05+2.6161186782780556e-05j),2105000000
(0.25330703623866274+0.9817278087005704j),(3.031826072580795e-05+3.159443500137483e-05j),2107500000
(0.2557671083441983+0.987739010179377j),(1.4834849958254261e-05+1.992740211807449e-05j),2110000000
(0.2524574940403267+0.983567225860601j),(3.109951635926338e-05-5.551139175329483e-05j),2112500000
(0.24973637464647935+0.9839710519609572j),(-3.3032737152648594e-06-2.8851696547435807e-05j),2115000000
(0.2515969214166933+0.981940594360874j),(7.364766409926325e-05-6.127314951707498e-05j),2117500000
(0.2464515531267828+0.9859761709860326j),(2.5636371582199868e-05-5.5143674638263626e-05j),2120000000
(0.24642265484774353+0.9842030138077698j),(5.374340164457431e-06-1.7501778943078313e-06j),2122500000
(0.24392412347884623+0.9864944020390318j),(3.8122736707190313e-05-4.450609162336866e-05j),2125000000
(0.24142213157727077+0.9863046347648624j),(8.461015035221182e-06+2.9475035197175058e-05j),2127500000
(0.24137057486951016+0.9862176468833665j),(-6.343275432530089e-06-4.704582991227903e-05j),2130000000
(0.24019987631855924+0.9867570038404571j),(2.8821119160999848e-05+1.6748490772986716e-05j),2132500000
(0.24024294195379992+0.986328795822273j),(-3.650557734093972e-05+4.686828060213566e-05j),2135000000
(0.2369882482527914+0.9887914223007472j),(7.289331691884068e-05+3.91718632207066e-06j),2137500000
(0.23552231611857413+0.9879626076552939j),(4.967098944086764e-05-1.7989804825777146e-05j),2140000000
(0.23108519279022563+0.988045317779152j),(2.379691995614986e-05-4.0497262009548005e-05j),2142500000
(0.22880363384045874+0.9857734411087572j),(1.3418565043296692e-05-1.3757413757544965e-05j),2145000000
(0.22591053835545388+0.9893402436167498j),(-1.7952603998836238e-07+3.739672360896229e-05j),2147500000
(0.2253568754988563+0.9895264608309753j),(2.1493248207519847e-05+2.2069699981350282e-05j),2150000000
(0.22779969156373325+0.9891951955169918j),(1.928666275743431e-06+1.1164391251531599e-05j),2152500000
(0.22445087213474685+0.9886420949398729j),(-2.487983969030633e-05+0.00014414781915865412j),2155000000
(0.22440800516621587+0.9888466327790071j),(-4.393361594842176e-05+3.2768433098221805e-05j),2157500000
(0.2200124928466817+0.9908414287285898j),(1.4945402579522017e-05+6.456328639401639e-06j),2160000000
(0.22091095565004587+0.9897870905924969j),(4.0235346130021114e-06-3.373322600248683e-05j),2162500000
(0.2177975698316986+0.9887142354343317j),(2.67952746053958e-05+1.9781136194089802e-06j),2165000000
(0.21608844335917118+0.9859797562960818j),(2.5753963380895148e-05+1.3479649263761536e-05j),2167500000
(0.21524646504079928+0.9888579590399076j),(1.326848384259458e-05-1.3695583286385568e-05j),2170000000
(0.2105600691896295+0.9897370928997096j),(-3.616966402521393e-05+5.536131218104101e-05j),2172500000
(0.2118752093878523+0.9908146210533743j),(5.24142433228429e-06-1.9887991129761336e-05j),2175000000
(0.20771659245062304+0.990071588720329j),(4.313789828224288e-05+5.318693952392669e-05j),2177500000
(0.20664708979850274+0.9911005361376424j),(2.908498741883566e-05-2.9914065764549448e-05j),2180000000
(0.20690920408540975+0.991507338108069j),(4.9356530961696864e-05-2.4848939491488434e-05j),2182500000
(0.20767346939402698+0.9903192340844661j),(5.951087941933276e-05-3.6234222108205924e-05j),2185000000
(0.20307104358677602+0.9893950475778989j),(2.1999558287119148e-05-5.411821655165924e-05j),2187500000
(0.2046056259370618+0.9881255943062539j),(-3.9860496177922237e-05-4.505101847103585e-05j),2190000000
(0.2025396669449575+0.9907491513832131j),(-5.986192323414e-06-4.610953639506265e-05j),2192500000
(0.19980684182256808+0.9908668434215766j),(1.606923343561376e-05+1.3433320530112851e-05j),2195000000
(0.19997410707645852+0.9936016197502183j),(3.179086054773934e-05+1.874002404770599e-05j),2197500000
(0.19865920683712607+0.991905697973324j),(0.00010495770753757065+6.186003780014338e-05j),2200000000
(0.19636678811711583+0.9931587556896436j),(-4.8984867269164e-05+8.407511280097553e-05j),2202500000
(0.19447274109377766+0.9919737992288197j),(-2.708162421218993e-05+1.5682297156351673e-05j),2205000000
(0.19395929254526506+0.9920115386618558j),(2.514271732698111e-05-2.3756927862335516e-05j),2207500000
(0.1934478132943532+0.9908196972007463j),(-2.5794460389170337e-05-9.305371146721441e-06j),2210000000
(0.19184950536005746+0.9906591675970248j),(-1.4847505659170228e-05+4.63260692954939e-06j),2212500000
(0.18917649380530657+0.9930120112538396j),(2.1598804449979726e-05-6.480299735670139e-06j),2215000000
(0.18350494078703655+0.9912651152525421j),(2.2757583603443857e-05+4.101867886213884e-05j),2217500000
(0.18730683937914439+0.9882729829245794j),(-1.3782420996805667e-05+2.7064108194677166e-05j),2220000000
(0.18278220995264732+0.9897477953020432j),(-5.5079306585305224e-05+1.820904994751841e-05j),2222500000
(0.1827662129229274+0.9907073435620058j),(-3.614880189147225e-05+3.2921162123846857e-06j),2225000000
(0.18090040406046193+0.9905745798154351j),(6.829784942571411e-06+1.854385706920598e-05j),2227500000
(0.17773758233896794+0.9936666360966494j),(1.5613598562979562e-06+8.747801619113343e-06j),2230000000
(0.17859359369205235+0.9890164574879835j),(-2.121740864894163e-05-2.2256366123213386e-06j),2232500000
(0.1754407309144428+0.9907575195230559j),(-2.5840286265345734e-05-9.073197553745552e-07j),2235000000
(0.17580736778788789+0.9920638440506061j),(-4.414487830363494e-05+1.4617465754351096e-05j),2237500000
(0.17679946207768693+0.9915985873201948j),(7.728793966110635e-05-2.193549634413361e-05j),2240000000
(0.17115979580397747+0.9929230239509272j),(2.375079360571128e-05-1.3449054932291022e-05j),2242500000
(0.17064280250416297+0.992679406956044j),(3.619979089995416e-05-1.6304702948099786e-05j),2245000000
(0.1715835268703694+0.99274810518972j),(1.4096011757635328e-06+3.10265895294228e-05j),2247500000
(0.17446232849624654+0.9925773353346721j),(-4.630151248921722e-05+1.9753929027351307e-05j),2250000000
(0.17227065167192437+0.9930998813727907j),(6.32623869604023e-07-2.7088835331436826e-05j),2250000000
(0.16806562335342162+0.9945482959085247j),(-1.236889587690391e-05-1.0905778491759375e-05j),2252500000
(0.1667396133233551+0.9935184802071545j),(1.5259784800443284e-05-2.377897236588723e-05j),2255000000
(0.1657524164508636+0.9959524990063012j),(-3.1909315230382625e-05-3.585228546487257e-05j),2257500000
(0.16686324477796535+0.9941928605738835j),(-4.7203620030599104e-05-5.7896517147875244e-06j),2260000000
(0.16362997033849022+0.9961781811169078j),(-3.429445367661522e-05-4.943764117692705e-06j),2262500000
(0.1613411920038916+0.9966887904861598j),(1.1656052161610407e-05-3.938368362377269e-06j),2265000000
(0.1603922600507172+0.9977531198399047j),(-6.367902146258251e-05-4.7706018261681305e-05j),2267500000
(0.16112965076710728+0.9970765201728324j),(-8.639143908156194e-07-3.501459560188005e-05j),2270000000
(0.1641110895071533+0.9968414129522566j),(3.050474861160755e-05-2.0415846962726773e-05j),2272500000
(0.1609793449334887+0.9983712456668036j),(7.807957202962022e-07-3.749967887238581e-06j),2275000000
(0.1590605267158936+0.9968669181167962j),(-4.915979680104237e-05-6.847033144386176e-06j),2277500000
(0.15279663914619157+0.9975511459237889j),(-2.2117472789218056e-05+4.151957370865198e-07j),2280000000
(0.15578330073140198+0.9975282774527763j),(6.312900671765666e-05+6.32832308290591e-06j),2282500000
(0.1555253937585044+0.999849718937868j),(3.288815996358429e-05+2.1029819691479645e-06j),2285000000
(0.15164900266721226+1.000244452347674j),(2.544651992062842e-05-2.4626037607353918e-05j),2287500000
(0.15086108722240782+1.0018918630813773j),(2.0175695569835293e-05+1.2609188288207495e-06j),2290000000
(0.15008994462244138+0.9994759205251981j),(-7.548944908676748e-06-1.606884237502875e-05j),2292500000
(0.15175053031103344+0.9989573476450161j),(-1.2996485049048409e-05+1.7183954647708542e-05j),2295000000
(0.14682148672668235+1.0011097862239906j),(-1.8337895096103134e-05+4.7515561798983775e-06j),2297500000
(0.14533893445260013+1.0010890003833077j),(-1.9903479677896733e-05+1.9702545465925868e-05j),2300000000
(0.14166692069079145+1.00152691100512j),(1.0645363716497056e-05-3.832904679816091e-05j),2302500000
(0.14460126997131365+0.9984073562056381j),(-9.580740291028765e-06-2.214203194547041e-05j),2305000000
(0.1411248144935954+1.0011412145603793j),(1.195331685613773e-05-4.351718694121457e-05j),2307500000
(0.13392781405644807+1.002173458380059j),(7.657643362793532e-07-4.8857648565806105e-05j),2310000000
(0.13796568484400182+1.0018500056754034j),(-1.6522769906100152e-05-2.9401028201378568e-05j),2312500000
(0.1358280811916389+1.0002135354096608j),(1.4262215663275253e-06-1.25785255916049e-05j),2315000000
(0.13334226850822686+1.0012312812592092j),(-2.6833588414655923e-05-7.230386201747929e-05j),2317500000
(0.13305076103628777+1.0021331817636963j),(-3.373473083655895e-05-3.316426251205053e-05j),2320000000
(0.12896698660534914+1.0024490851330048j),(-6.252444063215127e-06-3.0224823219025615e-05j),2322500000
(0.13018323381145072+1.0005123112128165j),(-2.174265018320118e-05+1.4031104000186e-05j),2325000000
(0.12524793492054745+0.9997485614874149j),(-5.754833014861437e-05+5.5793709463842796e-05j),2327500000
(0.12514786462154942+1.0002435050640768j),(-3.602009716354192e-05-1.88444452221307e-05j),2330000000
(0.12028335941204112+1.0000801688704337j),(-5.049677957960613e-05+3.512201013252278e-05j),2332500000
(0.12262012260022244+1.0015600243012028j),(-2.9472286847153847e-05-5.976468910215031e-06j),2335000000
(0.11805639586328988+1.0018245057057782j),(-3.833040073700547e-05-4.603930148952401e-05j),2337500000
(0.12087416295658736+1.004639442401465j),(-2.0478849371374262e-05-5.1237364858013117e-05j),2340000000
(0.11727705171962872+1.005169861861945j),(-3.921990605958668e-05-2.619566876958576e-05j),2342500000
(0.1116806406570273+1.005700346159151j),(-2.930092008784413e-05-2.8238834187977597e-06j),2345000000
(0.11513930403977642+1.003742450969972j),(9.509450339219637e-06-2.0859926368625602e-05j),2347500000
(0.11263234751822612+1.0069872630660008j),(-1.3788968926213345e-05+1.6963220620077003e-06j),2350000000
(0.10916041038056558+1.005976015512961j),(1.0902208329544784e-05-2.760421471647771e-05j),2352500000
(0.10487753646247261+1.0073735926147402j),(-3.27309872621042e-05+1.3047233853160537e-05j),2355000000
(0.10524542308064112+1.0068867088606954j),(2.4662149897796367e-05-3.0267294355968335e-05j),2357500000
(0.10801521158050316+1.0047174685031894j),(-3.7322558644651954e-05+3.060794539998603e-05j),2360000000
(0.10595015846189154+1.0078423558101177j),(-1.84265345099406e-05-1.0060792410723312e-05j),2362500000
(0.09911412883688088+1.0077146210968277j),(1.0922594695719335e-05-7.867685779493176e-05j),2365000000
(0.1053523350892798+1.0064908626754514j),(-1.1191550181059138e-05-5.446596502188294e-05j),2367500000
(0.09473231731697625+1.0068564811019123j),(4.3874962725784686e-05-1.3850465729510722e-05j),2370000000
(0.09650302109447897+1.007706000554944j),(5.416665894649282e-05+2.9162635225237916e-06j),2372500000
(0.09362798986703956+1.007169186722602j),(-5.033014864932337e-05+4.970520881823706e-05j),2375000000
(0.09368815019206093+1.0064945131974097j),(-5.8373752942922486e-05+4.8690319341560805e-06j),2377500000
(0.09426995342259657+1.0065539549119804j),(1.4948208010605675e-05-1.2787820205630185e-06j),2380000000
(0.09139939240449435+1.0075672572444712j),(-5.6247362680317994e-05-8.055599090189719e-06j),2382500000
(0.09331044703561449+1.0098879626063924j),(2.111325659666394e-06-7.197713460093394e-06j),2385000000
(0.08924057349364485+1.0088283072236615j),(2.74849391496846e-05-1.399094013049567e-05j),2387500000
(0.08725670958539719+1.01060174903667j),(1.7785586140119734e-05-5.640185230853319e-05j),2390000000
(0.08479617453433956+1.0084988582342225j),(-3.4770172721513274e-05+3.1841591897362634e-05j),2392500000
(0.07936345050874316+1.0090272565928975j),(2.4617491255868523e-05-2.4044373303990386e-05j),2395000000
(0.08318274509832042+1.0085251966836157j),(-2.334902490781167e-05+1.5694412534878002e-05j),2397500000
(0.08244013022537615+1.0033835251441554j),(-9.089474204966984e-05+2.077806654389493e-05j),2400000000
(0.07920804039826337+1.008182419445016j),(-9.019655573027444e-05-4.0139513536678584e-05j),2402500000
(0.07765592291949037+1.007044105417288j),(-3.289980194050341e-05-1.9561789929155705e-05j),2405000000
(0.07840976605489976+1.009440757993777j),(-3.695811522002473e-05-6.087873451726418e-05j),2407500000
(0.07494770306830774+1.0093784645511006j),(-6.397403260815558e-05-2.3857719778389108e-05j),2410000000
(0.0720860248376219+1.0075114129609193j),(-8.513402907644113e-05-1.6295034526404026e-05j),2412500000
(0.07303046753421907+1.0050061940452326j),(-4.9375455747643963e-05-5.176126952146944e-05j),2415000000
(0.06819399608773183+1.0077459769401087j),(-7.62977059642468e-06-3.996461424149022e-05j),2417500000
(0.06752837826338053+1.0080220148004329j),(-7.190450712733772e-05-6.059211905534437e-05j),2420000000
(0.07012970028243096+1.0081251712631292j),(-2.216141304884104e-05-5.476821342354385e-05j),2422500000
(0.06256550379169462+1.0080886364535642j),(-2.6343787409757536e-05-1.4287162785645583e-05j),2425000000
(0.06503144003935672+1.0078124139794384j),(-4.7022093492593866e-05-3.223589655077649e-05j),2427500000
(0.06171681906641943+1.0089425577416202j),(-6.254258863479138e-05-3.524896091985253e-05j),2430000000
(0.061354711205175896+1.0068914248724383j),(-4.406160124499402e-05-5.961919591317241e-05j),2432500000
(0.05947283586959792+1.0069479831973656j),(-7.58301261581381e-05-7.354250909393593e-05j),2435000000
(0.06156391954210173+1.0041152861550373j),(-4.053695865766164e-05-4.5527772843745665e-05j),2437500000
(0.05923583607840824+1.0073019562438823j),(-5.1438248737453036e-05-6.489065117014216e-05j),2440000000
(0.055325192523816555+1.0066252789537473j),(-8.053008392284326e-05-6.157069964786961e-05j),2442500000
(0.0575950762456684+1.0068726391200242j),(-5.644467916080682e-05-2.1645854842432745e-05j),2445000000
(0.05812409809950835+1.0047204700260448j),(-7.427250322361321e-05-1.8680581836030574e-06j),2447500000
(0.052674740995625254+1.006844931971621j),(1.149092639387171e-05+5.134348670041623e-05j),2450000000
(0.05279159537563468+1.0072250156395366j),(-9.319349499779076e-06-4.045584314323276e-07j),2452500000
(0.04722674453015077+1.0079546829188426j),(2.7071672411401416e-05-6.756217610418864e-06j),2455000000
(0.04968716854852632+1.006489239058831j),(1.9111503759234028e-05-1.025026504478612e-05j),2457500000
(0.047666514300549176+1.0070542486447438j),(-3.7755723116760766e-05-3.0205277290537458e-06j),2460000000
(0.049527170792158896+1.007990332298405j),(-1.7738353236192875e-05-4.31850687039669e-05j),2462500000
(0.050532968487264074+1.0071288453342047j),(-1.898840018957781e-05-1.7578844525203066e-06j),2465000000
(0.04599971305446804+1.0079773558950373j),(-2.2829511019736026e-05+4.928822121517851e-06j),2467500000
(0.045962610202357215+1.0064620689662687j),(-3.319881423341624e-05+5.716325391208688e-05j),2470000000
(0.04258656878612469+1.009050326939846j),(-3.222317158492495e-05+2.1425257066275588e-06j),2472500000
(0.038475203416879586+1.0082745075683421j),(-3.878477104830697e-05-2.1121979504673246e-05j),2475000000
(0.03727205965618642+1.0074230112476368j),(-1.769311745830031e-05-1.0556752452828071e-05j),2477500000
(0.03522320466907752+1.0042612843079306j),(2.570411527228936e-06+9.907639910107384e-06j),2480000000
(0.03764819070808921+1.005244273351587j),(-1.445639517715782e-05-7.3245882956381645e-06j),2482500000
(0.03059917627415307+1.0065582197810177j),(4.179939972563902e-06+2.2212865755356728e-05j),2485000000
(0.030048028871807943+1.0076421548124408j),(-1.515676221605314e-05+5.283576695157098e-05j),2487500000
(0.032636358098267225+1.0086052008562667j),(-2.172634060759295e-05+1.2902067775264628e-05j),2490000000
(0.025679112618157772+1.0072319323011392j),(-3.194091170208024e-05+2.5910694447793172e-05j),2492500000
(0.032695744755843456+1.0095688031783943j),(-4.414870351145418e-05-4.197612780129429e-05j),2495000000
(0.026312173235158262+1.0107416012683317j),(-4.786492412150415e-05+9.94442922985752e-06j),2497500000
(0.027631180544817432+1.0089116916453844j),(-2.8177660623046096e-05-1.2669983943334512e-05j),2500000000
(0.028018210004545945+1.0101004593830905j),(-5.1528447520215464e-05-6.036061255113477e-05j),2500000000
(0.026518732339266743+1.005165455179756j),(-4.934107503419309e-05-2.71279320027147e-05j),2502500000
(0.02361403538874631+1.0064857566465377j),(7.651343012982647e-06+3.2835456660679086e-05j),2505000000
(0.024301948886891838+1.0079108706040818j),(-2.8115865603340837e-05+1.07677819178241e-05j),2507500000
(0.017418335021649585+1.008535254371641j),(-4.3973063918732924e-05+5.1746135579170675e-05j),2510000000
(0.01702794793329215+1.0078221556982851j),(8.581106175690017e-06+2.2785505810418946e-05j),2512500000
(0.015181056725423114+1.0069360248775152j),(-8.852689999286386e-05+2.1982032410464284e-05j),2515000000
(0.014335276600025945+1.0054991925632621j),(5.177130122541066e-06+3.146072109550342e-05j),2517500000
(0.018294849108847565+1.007412122128223j),(-3.058436391852606e-05+4.316017022006596e-05j),2520000000
(0.013325863242383915+1.0053257399532436j),(1.604139071531867e-05-1.6458475527043005e-05j),2522500000
(0.008765453464935251+1.0047432585095843j),(-3.608679292521398e-05-1.0540331074555302e-05j),2525000000
(0.0057742463648040475+1.007249481735951j),(-9.813714574537107e-06+8.032648275470193e-06j),2527500000
(0.011403183718530307+1.0046300085172j),(-4.413964400027123e-05-7.028201861157128e-05j),2530000000
(0.005207345472627725+1.0084609619460732j),(-3.630677856167009e-05-2.4599766687021225e-05j),2532500000
(0.007048779395873784+1.0087165732740768j),(-5.093991784367359e-05-7.3247240086180065e-06j),2535000000
(0.0015705828298074862+1.007752831634566j),(-4.794669443163479e-05-2.182636054362771e-05j),2537500000
(5.581152623467647e-05+1.0068884380909546j),(3.213211061530014e-05-4.141386783311232e-05j),2540000000
(-0.0016640834618532017+1.0074520216084057j),(-4.866497799516889e-05+2.7690247135713015e-05j),2542500000
(-0.0022090423692054015+1.0070220337224083j),(-2.1243247884907824e-05+2.9076551330190615e-06j),2545000000
(0.0014272915296033987+1.0081937208152285j),(3.7739599240752636e-06+1.4403487762720956e-05j),2547500000
(-0.0024842526883665336+1.0088869422263926j),(-1.3846510609748764e-05-2.058140442249068e-05j),2550000000
(-0.00243676662072983+1.0028977698590273j),(-8.206682258506683e-06+1.2741884208807356e-05j),2552500000
(-0.0034516533136372944+1.0090052529249505j),(6.054445545758558e-05-5.045788618062719e-06j),2555000000
(-0.005988216199362784+1.0124545570440524j),(2.5545101711943152e-05-1.3514992402658433e-05j),2557500000
(-0.008750269735177011+1.0107726071290113j),(3.0498723966842335e-05+3.216014013394538e-05j),2560000000
(-0.008232384619283108+1.0115685510305445j),(1.9120085807426905e-05+2.8816789883540906e-06j),2562500000
(-0.008048791792615386+1.0108767279779172j),(-4.596669580222577e-06+4.301852918798152e-05j),2565000000
(-0.010105544353332198+1.0105648662713358j),(3.046501252825478e-07+1.8698443662600723e-05j),2567500000
(-0.0141585020950593+1.0105343558814774j),(-3.0571977296958464e-05+1.038614789234482e-05j),2570000000
(-0.016235669585471964+1.011051541752719j),(-6.824377787753344e-05-1.669808553740476e-05j),2572500000
(-0.016737946405169152+1.0085918275607706j),(-3.145700815909029e-05-5.263237042356308e-05j),2575000000
(-0.01827644163783029+1.0114143574315744j),(-1.8296522429101192e-05+7.8325514517148e-06j),2577500000
(-0.020334877039722726+1.011939041235411j),(-2.9510664175158102e-05+4.2304725107424855e-05j),2580000000
(-0.015143476811880736+1.0123835042430829j),(-8.189305512975352e-06+2.0899618590396447e-05j),2582500000
(-0.021225876546314026+1.0140744155949268j),(-4.590151536282013e-05+5.6518711654057945e-05j),2585000000
(-0.020541939780792752+1.0143317045574558j),(-6.597112049643619e-05+4.139409655608293e-05j),2587500000
(-0.024333918026499295+1.0121356288308485j),(-3.274674285465286e-05+1.6324248776607423e-05j),2590000000
(-0.028500995782488565+1.0106024604149146j),(-3.285828009151547e-05+2.3902189120294677e-05j),2592500000
(-0.027087783555252345+1.011101846098852j),(-4.225807872185343e-05+5.665238980271629e-06j),2595000000
(-0.02814483203139196+1.010665558644384j),(-3.685253337240405e-05+2.475347361720554e-05j),2597500000
(-0.030304441632679306+1.0117381787047501j),(-4.837338231269341e-05+3.309750071431078e-06j),2600000000
(-0.033367553935586505+1.0111337798594562j),(-5.349119286281417e-07-2.935836917549688e-05j),2602500000
(-0.032451528320311375+1.0123044948403601j),(2.7945626059683212e-05-1.2427018447013878e-05j),2605000000
(-0.031711354802207666+1.0114921613010066j),(-5.12767385285738e-05+2.617405036815091e-05j),2607500000
(-0.03580981369137926+1.0129114366559542j),(2.5379246363395066e-05-4.561287011108454e-05j),2610000000
(-0.03446223152808809+1.011191724362268j),(-8.778752501465475e-06-3.7558979158491574e-05j),2612500000
(-0.0389834286674604+1.01092307138147j),(-5.131039941154386e-05-7.512829522831874e-06j),2615000000
(-0.0404017621513588+1.007973889898232j),(-2.5835030522980264e-05+3.018099258254155e-05j),2617500000
(-0.04098077155954322+1.0085382348308343j),(-0.00010699027931774334+1.4797740222463187e-05j),2620000000
(-0.04831790584901597+1.00701796515987j),(3.680692556320398e-05-5.6449568158086856e-05j),2622500000
(-0.04730643240648677+1.0074605525150755j),(3.526912937783539e-05-2.3326815862646644e-05j),2625000000
(-0.051647950040366826+1.0064833225874192j),(-8.593034869259204e-05+3.988771271149535e-05j),2627500000
(-0.04857526115007709+1.0067563331722307j),(-2.0794863001972525e-05+3.279418043223412e-05j),2630000000
(-0.05395085471622955+1.005075496073863j),(9.221932424337282e-06+4.616160688653888e-05j),2632500000
(-0.0510840285656228+1.0037246432236144j),(7.802266557183592e-05+3.5795310653848015e-05j),2635000000
(-0.05481983296756734+1.0032259342746115j),(-3.097430953823091e-05+1.0968856402677162e-06j),2637500000
(-0.05854371164940069+0.9988699142324782j),(-4.8952610365027815e-05-1.3574851823215484e-05j),2640000000
(-0.05876493559826194+1.0028770639505824j),(-6.779498587296156e-05-0.00012484765094684163j),2642500000
(-0.059946879100610195+1.004585908237461j),(-7.072855463216435e-05-6.316020687381815e-05j),2645000000
(-0.05987421482859082+1.0058110058952594j),(2.841391418460454e-05-5.250059122508657e-05j),2647500000
(-0.06392952929803823+1.004010557357646j),(-3.887858702139725e-06-2.5413976207237536e-05j),2650000000
(-0.06452366558839134+1.0014808147803218j),(4.094740104867179e-05+3.227554777161731e-05j),2652500000
(-0.06615737064308465+1.0074616069701048j),(-3.330876488754565e-05+8.674035861765039e-07j),2655000000
(-0.06941963077037495+1.0017217034832582j),(-7.408396290626585e-06-0.00011766772936642678j),2657500000
(-0.06765443115814535+1.006756098821199j),(5.224087956235124e-05+1.604899909685973e-06j),2660000000
(-0.07830911373798281+1.0027782600814492j),(1.4755410471159233e-05-3.4960075831054595e-05j),2662500000
(-0.06563935030418376+1.005650475778379j),(-6.884104639855859e-05+2.5659354866443816e-06j),2665000000
(-0.07316549112888998+1.0030789683872365j),(-3.7095715627553706e-05+8.148239878217047e-05j),2667500000
(-0.07687360997427957+1.0052052490735293j),(-4.090713297317544e-05+7.065413392522655e-05j),2670000000
(-0.06842274579889768+1.0006137576164007j),(-4.846048976459317e-05-9.55934869171114e-07j),2672500000
(-0.07433486657533188+1.0036061050956564j),(-1.1702981216781864e-06+8.7718859385882e-08j),2675000000
(-0.08946153405238405+0.9986014237157781j),(-2.990510801876223e-05-1.17224669425569e-05j),2677500000
(-0.08875170339584353+1.007053105504382j),(-1.3017449567698899e-05+6.728454901997068e-05j),2680000000
(-0.088105220642568+1.0028024489032796j),(2.001395431592769e-05+3.743617946574015e-05j),2682500000
(-0.08338249003861248+1.0038214839744963j),(4.4955217639235985e-05-3.370097990241728e-05j),2685000000
(-0.07907215537052711+1.0011459220845025j),(3.926143849749151e-05-3.613695696021789e-05j),2687500000
(-0.08850567961818841+0.9999649996618365j),(3.1550940477988227e-05+9.650573562084608e-06j),2690000000
(-0.09018781099546458+1.0009607121081752j),(2.4149255289094177e-05+3.3960411438861985e-06j),2692500000
(-0.0907537794861324+0.9963448540624179j),(4.2579408625840074e-05+7.828963090705108e-05j),2695000000
(-0.09312726126879337+1.007150276596128j),(1.93858955912769e-05+5.9407684482309905e-05j),2697500000
(-0.08907317734320051+0.9985984266601539j),(-3.8809655463929384e-05+4.244068496353564e-05j),2700000000
(-0.09518517640328569+1.0041996911363942j),(2.9404314785986175e-05-1.4674209827782445e-05j),2702500000
(-0.09449892861871143+0.9981193458226331j),(1.6096754460850236e-06-3.717881834678238e-06j),2705000000
(-0.09686076186564017+0.999657232373269j),(-2.3292793610097954e-06+2.767398472862576e-05j),2707500000
(-0.08866093091899692+1.0041350427971893j),(4.832550004708549e-05-3.765586376898916e-05j),2710000000
(-0.09935319202636192+1.0005477923419444j),(4.7173916288695794e-05+2.9771345055437565e-05j),2712500000
(-0.09545869091873993+1.001147073372247j),(0.00010870574749318288-3.996342128696044e-06j),2715000000
(-0.10297276157116891+0.9963584529675076j),(5.7875807324808795e-05-4.0618097103358465e-06j),2717500000
(-0.09903715134703198+1.003896763409165j),(3.9749047309686694e-05-3.753159425769832e-05j),2720000000
(-0.10449581366521811+1.0041974130451745j),(-3.3235122571456134e-05+3.607364757102224e-05j),2722500000
(-0.10243907332535675+1.014517391329424j),(-3.473932731707462e-05-4.07274368236143e-05j),2725000000
(-0.10147674379005346+0.9986130675078991j),(5.026590413420605e-05-3.638209521673729e-05j),2727500000
(-0.10710922912016595+1.0007122423024009j),(1.1497007398403286e-05-7.607134969150328e-05j),2730000000
(-0.1113713462837148+1.006209729090596j),(-3.295009022465393e-05-0.00010058409853573088j),2732500000
(-0.10862318017595708+1.0009472251965679j),(4.674473379403041e-05-8.728283794803513e-05j),2735000000
(-0.11102429742384494+1.0064406811614843j),(4.342089099495798e-05-5.777641242651106e-05j),2737500000
(-0.11637547288392806+1.004365646497108j),(-2.0770716733944004e-05-4.7404428613670416e-05j),2740000000
(-0.11311376625281255+1.0009256845945915j),(3.11691686039316e-06-6.903693619437809e-05j),2742500000
(-0.11323894667917088+1.0024804443861992j),(1.2572042438480933e-05-2.533999695050854e-05j),2745000000
(-0.12128537722091307+1.0009980014163242j),(9.137795002703277e-06-4.754079403350461e-05j),2747500000
(-0.12152855343398257+0.9936295697077137j),(3.362847671405115e-06-6.033744010115498e-06j),2750000000
(-0.12179960879283803+0.9937142365778266j),(4.275953670695723e-05-4.726625775289113e-05j),2750000000
(-0.11998605624946869+0.9977152127218312j),(-4.864941166869911e-05-1.8454935258072207e-05j),2752500000
(-0.12373089615008089+1.001739018484374j),(8.157019608859334e-06-2.2485313748467025e-05j),2755000000
(-0.12296956552494583+0.999208494879655j),(-4.277474209331609e-05+7.519681013981759e-06j),2757500000
(-0.1262703491820047+1.0009027641192014j),(4.706941185420279e-06+1.823560548574493e-05j),2760000000
(-0.12758956947394814+0.9990386558416243j),(-2.336479280391589e-05-0.00010303102384895268j),2762500000
(-0.12568748859872922+1.0019753328523557j),(1.095630733436456e-05-5.5459097208918655e-05j),2765000000
(-0.12708712088238217+1.0005993151421848j),(1.5877405503807796e-05-5.765479985950081e-05j),2767500000
(-0.1266037205449866+1.0062711921332899j),(5.281831067861452e-05+4.118843359671309e-05j),2770000000
(-0.13320148233221615+1.002189955249297j),(1.45467212261324e-05-2.605479786396121e-05j),2772500000
(-0.1238794532344695+1.0003115082370597j),(-6.958878518069925e-06+1.171572192481817e-05j),2775000000
(-0.13237671333727893+0.990620001861386j),(-1.3136744496907663e-05-2.2240533388826333e-05j),2777500000
(-0.13071535597646242+0.9930427286551169j),(-5.416579801911511e-06-1.6488781271975725e-05j),2780000000
(-0.13472633823182098+0.9962398828141062j),(5.074854773710302e-06-2.0291481309003385e-06j),2782500000
(-0.1353523415706844+0.9970719155886896j),(3.525150861336013e-05-6.536539783050973e-05j),2785000000
(-0.13574338464464894+0.995600602340416j),(2.9402342094558943e-05-2.1532265860920376e-05j),2787500000
(-0.1359709461700998+0.9945409210207296j),(7.424136640251149e-05-6.32975918406493e-05j),2790000000
(-0.13930841498952068+0.9970527387979845j),(4.036800960885903e-05-3.081328582183548e-05j),2792500000
(-0.14095262370861397+0.9986275724882654j),(6.080488440881268e-06-9.576960335161445e-05j),2795000000
(-0.1418142306412619+0.9984305451765606j),(-3.74995467290341e-06-7.0850679505022e-05j),2797500000
(-0.1407791043813852+0.9971015465341654j),(1.3517187822690736e-05-4.4391168712702855e-05j),2800000000
(-0.1479648269025622+0.9977798535525193j),(-3.362450812280303e-05-2.2050726890565453e-05j),2802500000
(-0.1483300639004314+0.9975932186546207j),(-3.579979841502574e-05-4.723319851942778e-05j),2805000000
(-0.15473498058505353+0.9970605496360031j),(-1.1101008363962884e-05-5.725597292127479e-06j),2807500000
(-0.1549717334439703+0.9939843849447612j),(-7.911036568253702e-06-1.8233990058575833e-05j),2810000000
(-0.16108916708826967+0.9907143050435459j),(4.481038061681785e-06+2.295389268755124e-05j),2812500000
(-0.1628947938715347+0.9939712605718238j),(-2.9978154059087417e-05-6.435014712442598e-06j),2815000000
(-0.16321895263510774+0.9922530356936877j),(-1.3245195278661913e-05-1.4654202293849836e-05j),2817500000
(-0.1627285290649828+0.9887054348877974j),(-2.532242631332776e-05-1.5268967580062865e-05j),2820000000
(-0.16115593626853353+0.9885201961283865j),(2.729918224819536e-05+1.4053795906503158e-05j),2822500000
(-0.16529977070042745+0.993530685042832j),(6.077866426175534e-06-4.0866290409527946e-05j),2825000000
(-0.17472468021178375+0.993387343086424j),(3.957914995053345e-05+4.0387161988395054e-05j),2827500000
(-0.17494157086413878+0.9920283961097784j),(-6.945873288810394e-06+5.539449233094269e-06j),2830000000
(-0.16840212131214918+0.9906726901128874j),(-1.2586638685780227e-05-1.3338120255192894e-05j),2832500000
(-0.17078781517049757+0.9916328066910178j),(-1.400263459498166e-06-1.373998148630831e-05j),2835000000
(-0.17427278619977823+0.9914815062866144j),(1.4095054309816733e-06-7.453879292470666e-07j),2837500000
(-0.17542541058497477+0.9923464693405902j),(3.478764737514926e-05-4.2758975704549896e-05j),2840000000
(-0.17723486955838472+0.993055441119331j),(7.699356681430257e-06+1.5520101274223203e-05j),2842500000
(-0.1740174853240945+0.9916685886551312j),(-2.2884481341431214e-05-2.5816934659679437e-05j),2845000000
(-0.17808100286655526+0.9931585730410432j),(1.4113193996235446e-05-6.136146511022851e-05j),2847500000
(-0.1778134650074087+0.9947319863605938j),(4.856027043970214e-05+3.442636750823214e-05j),2850000000
(-0.18044249222544226+0.9978573678090547j),(2.939761418286886e-05+4.706570566050111e-06j),2852500000
(-0.17993171832306581+0.9975248570585364j),(1.1580932917952814e-05+1.2615074013288644e-05j),2855000000
(-0.17899073319890801+0.9985947680561029j),(-3.2164911434839635e-05-1.5397843908355145e-05j),2857500000
(-0.18332793803666372+0.9900383723205569j),(-4.443193868965241e-06-3.954823323379725e-05j),2860000000
(-0.18452830169000195+0.9902734376863983j),(-1.8945781983448173e-06-3.1132883358885564e-05j),2862500000
(-0.18938277305951634+0.98773184518071j),(-2.594069268211187e-05+1.9483872824938223e-05j),2865000000
(-0.18719468495694916+0.98791486583945j),(-4.567527069355638e-05+3.227104618217343e-05j),2867500000
(-0.18948031352213404+0.9858900654206216j),(-2.2906470859512283e-05+7.010666581157285e-05j),2870000000
(-0.19267689909563057+0.9835676685682418j),(-1.680712736665361e-05+3.570534924346497e-05j),2872500000
(-0.18786044269002733+0.985193189972178j),(-3.830689655458285e-06-1.7279419682701462e-05j),2875000000
(-0.18646051800208654+0.987740449325874j),(4.6271347569777793e-05-4.468970635801329e-05j),2877500000
(-0.19116012985550512+0.9921619102215546j),(-2.0701196416503793e-05-3.540197395411438e-05j),2880000000
(-0.1915838744116973+0.9933402911106086j),(3.671846665671914e-05-3.9462917180854935e-05j),2882500000
(-0.19205095152741078+0.9923863153222429j),(-1.8363436633058162e-06-8.513212296360209e-06j),2885000000
(-0.1913829211517123+0.9898531991791809j),(-4.6298220279841774e-05-2.4661905654616652e-05j),2887500000
(-0.19872220520079448+0.9894526222204515j),(-1.5257988209774173e-05-5.4719070181737973e-05j),2890000000
(-0.1988517190093708+0.9895337439833083j),(3.547637753214432e-06-3.3738262310942554e-05j),2892500000
(-0.19903076092534266+0.9891643319164531j),(5.9721818394509875e-05+2.241996460198551e-05j),2895000000
(-0.19998250882388727+0.9892808290814951j),(6.074296839207773e-05-4.9102075851355235e-06j),2897500000
(-0.20080065722693238+0.9860894407334692j),(7.405758209626488e-05-3.6956319960277724e-05j),2900000000
(-0.20472490590205245+0.985991114740938j),(4.453730134458332e-05+7.82041374308617e-06j),2902500000
(-0.200392025149782+0.9859461342584666j),(1.8151643190522302e-06+1.4495437239680597e-06j),2905000000
(-0.20519178636060856+0.9855119308468848j),(2.7177604809322857e-05-1.3476535597795736e-06j),2907500000
(-0.20576557505709378+0.9836175156495429j),(2.3271741055934778e-05-8.838791528994316e-06j),2910000000
(-0.20755027771704368+0.9829966548170365j),(3.1445841125549685e-05-5.704936792693433e-05j),2912500000
(-0.20539316581797243+0.9823682311271645j),(-5.064397465728876e-06-2.1543394064377897e-05j),2915000000
(-0.20827269589519107+0.9809276322837002j),(5.574333814246396e-05-8.578753921890576e-05j),2917500000
(-0.21347602034425328+0.9805581066815612j),(9.907812547446005e-05-5.209989600911821e-05j),2920000000
(-0.21362727325756753+0.9795149003552311j),(2.1059542825875178e-05+2.9131272736162603e-05j),2922500000
(-0.21413800954585346+0.9778906730334737j),(0.0001316436592748295+9.265147164047994e-06j),2925000000
(-0.21416775733896093+0.9771639174291121j),(9.491063635744434e-05+2.6148995177073247e-05j),2927500000
(-0.22143227574130592+0.9790627122934968j),(3.5415961163160244e-05+1.379945502442723e-05j),2930000000
(-0.2323233737113372+0.9790506051617647j),(-3.9479183273082426e-05-4.208210990635043e-05j),2932500000
(-0.224319892265863+0.9777248744632671j),(-4.861331698077658e-05-5.666924658288828e-05j),2935000000
(-0.22592541407907785+0.975497001741037j),(-6.17946787310568e-06-2.7571992142699706e-05j),2937500000
(-0.2252668208295682+0.9736635155592043j),(1.7486530934809272e-05+3.863019966405181e-05j),2940000000
(-0.2259994022768471+0.9723764523820861j),(6.697730239652663e-05+1.2090352057936287e-06j),2942500000
(-0.2265051551635547+0.9723827556087735j),(7.2614797031077e-05-3.1576549409247024e-05j),2945000000
(-0.2274456246829651+0.9718174397651088j),(-4.3077281827717475e-05+1.9383231834906785e-05j),2947500000
(-0.2303233417692589+0.9715618282639804j),(-3.9472528763673164e-05-4.5531828145888704e-06j),2950000000
(-0.22737933761343343+0.9724809596647878j),(-1.1712923870367755e-05-2.852479532806739e-05j),2952500000
(-0.23354304544958254+0.9730305386239498j),(1.6464349293870365e-05+8.80633492556287e-06j),2955000000
(-0.22941818432806343+0.9683577567943694j),(1.9752006774320572e-05-4.596157706589657e-05j),2957500000
(-0.23024079593938673+0.9696551037648149j),(-1.6716693250484639e-06-3.604886385764824e-05j),2960000000
(-0.23637185221890425+0.9689282304549212j),(2.2757136043848717e-06-4.365608269090135e-06j),2962500000
(-0.24217931016560013+0.96872361727233j),(-1.8310286060413288e-06-3.2001349307189607e-06j),2965000000
(-0.24436920919063948+0.9692353984533592j),(2.7957523531444237e-05+2.683836776685927e-05j),2967500000
(-0.2404938523835659+0.9680713623744674j),(-7.10565714160872e-05+2.1047697210012377e-05j),2970000000
(-0.24531829321765297+0.9715090479745595j),(-3.666852584664242e-05+1.437587365710215e-06j),2972500000
(-0.244788684586687+0.9698074866566934j),(4.335678281571704e-05+1.2222340113310712e-06j),2975000000
(-0.24778568504542647+0.9741333030761858j),(9.542172385043591e-05-4.740868935266085e-06j),2977500000
(-0.25152435983222143+0.9705068741738557j),(9.757139061797605e-05-8.123445093057736e-05j),2980000000
(-0.25118363097063007+0.9715550746837734j),(7.983594724375449e-05-6.189171328750432e-05j),2982500000
(-0.2511921715609838+0.9735680086862697j),(-2.118115061177138e-05-1.642979583817581e-05j),2985000000
(-0.2477513508332094+0.9713985638128512j),(4.7991482619175535e-05-9.226889226356067e-06j),2987500000
(-0.2505403028994513+0.974580740497623j),(3.7941584405394453e-05-2.024279024087014e-05j),2990000000
(-0.25416338533382227+0.9750318778619097j),(1.5835952196538018e-05-1.1290573271981181e-05j),2992500000
(-0.25055101780715483+0.9775358440580051j),(7.850682173134528e-05+5.5577816711779437e-05j),2995000000
(-0.2615745264982394+0.9730293627321726j),(6.398142757471188e-05+7.110557486836509e-05j),2997500000
(-0.259491328131522+0.9795882713532836j),(7.099111120839614e-05+2.217331055781262e-05j),3000000000
(-0.26153017642056986+0.9797766635948887j),(1.3454648077875114e-05+3.207407266060787e-05j),3000000000
(-0.2631665404597563+0.9710970407215059j),(3.804605161469683e-05+1.0065473713936268e-05j),3002500000
(-0.260352230520255+0.9737203746379907j),(1.1815275051891407e-05+3.5695071769381816e-05j),3005000000
(-0.2574392856471714+0.9713545267626632j),(1.0248395706292543e-05+8.154288526680965e-05j),3007500000
(-0.25807769322031215+0.965907899907281j),(-4.93325298092054e-06+6.257825034223375e-06j),3010000000
(-0.26126301456976825+0.9721185001621838j),(3.072759002045973e-05+6.545909553712929e-05j),3012500000
(-0.2623311583229074+0.9696512041518188j),(2.992025427556637e-05+9.741403812454092e-05j),3015000000
(-0.2621306389473309+0.9778053575092157j),(3.4698861097724677e-06+3.4930535821417115e-05j),3017500000
(-0.2730146320529479+0.9728915580205559j),(3.141071557859384e-06-3.3298285518107386e-05j),3020000000
(-0.2690692730049473+0.9749137537542265j),(2.878651002114132e-05+7.095008016719617e-06j),3022500000
(-0.2667706791414246+0.9697194719522728j),(4.43128593659402e-05+2.1789021144130464e-05j),3025000000
(-0.2706233423130031+0.9696301377423653j),(1.1152117860083356e-05+5.040853526759343e-06j),3027500000
(-0.2713349631013348+0.971190637355252j),(-5.997908031192549e-06+2.4905376415013616e-05j),3030000000
(-0.27193948254059536+0.9704004526582837j),(3.738371266798242e-05+7.860824609677251e-05j),3032500000
(-0.27649021242891414+0.9683537503185141j),(2.8286594871675702e-05+3.7714464203687606e-05j),3035000000
(-0.27572351523731714+0.9657816392082611j),(8.720266078699618e-05+2.6917807767913816e-05j),3037500000
(-0.27677840720713126+0.9673422017864333j),(3.5941749659805844e-05+4.236494820965518e-05j),3040000000
(-0.27944494509586426+0.9688046686346617j),(2.8193827407505587e-05+9.25861976914095e-05j),3042500000
(-0.2841951660055026+0.9717208414626112j),(2.437436549076653e-07+9.294835014429564e-05j),3045000000
(-0.2861329717742266+0.968829387819591j),(5.888645785770521e-05+5.520273332654756e-05j),3047500000
(-0.2855063475195042+0.9704281869072845j),(2.6227100556559842e-05+3.300887067359821e-05j),3050000000
(-0.294241826812346+0.9711549980645148j),(1.5027302390972665e-05+3.4203954126478974e-05j),3052500000
(-0.2884736303475567+0.9683778278409593j),(-1.2099791127699723e-06+1.8747621472170084e-05j),3055000000
(-0.29134353693606596+0.9660279345579866j),(-4.3876330263757976e-05+3.720254365566724e-05j),3057500000
(-0.2932535615140602+0.9631778747795797j),(2.584019620959858e-05+4.928500999265425e-05j),3060000000
(-0.29079276877959687+0.9687240743098765j),(5.178870026406904e-05+8.810750859079223e-06j),3062500000
(-0.29797158345768415+0.9652152842239115j),(9.69421657469599e-05+8.61840691414924e-05j),3065000000
(-0.29555288978871497+0.9644851284177246j),(4.043068638329175e-05+2.6784104021529474e-05j),3067500000
(-0.30149727340493127+0.9630479612910571j),(-4.464133810673442e-06+5.8189571439370454e-05j),3070000000
(-0.3013594987332505+0.9617365620848769j),(-1.024718464902178e-07+6.293880841516706e-05j),3072500000
(-0.2937100511371108+0.9662604972723037j),(4.2776885706096395e-05+0.00010026256478585655j),3075000000
(-0.3052897500391145+0.9631549272297144j),(4.3473181185250175e-05+6.742077819949012e-05j),3077500000
(-0.3038777801002767+0.9620405042640188j),(5.204663964641973e-05+6.098119453987943e-05j),3080000000
(-0.3077251523524926+0.9605498438838803j),(-1.0406218187281205e-05+6.49240784714556e-05j),3082500000
(-0.3079637005688298+0.9596324363052648j),(1.8366014697824382e-05+4.3721173673659605e-05j),3085000000
(-0.3079968174655168+0.9592468417028523j),(-2.827997193051065e-05+3.223526639926609e-05j),3087500000
(-0.3121466075048008+0.9554581658010283j),(5.081120083742652e-05+3.893807345981777e-05j),3090000000
(-0.31144495526218074+0.9550897945042023j),(-2.5620557449998148e-05+2.415689461610698e-05j),3092500000
(-0.31667280428349726+0.9556357944852283j),(2.3765083374147125e-05+3.1174862720770253e-05j),3095000000
(-0.32107127987220546+0.9538687615645189j),(-3.588103940344834e-05+5.341690277576933e-05j),3097500000
(-0.31776333579202926+0.9556357551996068j),(-1.1374987099778604e-05+8.852900895752448e-05j),3100000000
(-0.31826030094001007+0.9530982437985772j),(-8.361844391990155e-06+0.00010474145049356853j),3102500000
(-0.319302827111892+0.9527072544140784j),(1.7614441514604226e-05+5.974787955752977e-05j),3105000000
(-0.3210563243224553+0.9520419728377809j),(-5.349247529607887e-05+6.691980332858864e-06j),3107500000
(-0.32517472250913015+0.9490352978414754j),(4.7766754066533575e-06-2.9840178472214233e-05j),3110000000
(-0.3266928669527343+0.9465055195949871j),(-3.454641020336336e-06-3.5742541151206314e-06j),3112500000
(-0.3264881247634652+0.9449626992764838j),(-3.8006332211762306e-05+5.318449750284285e-05j),3115000000
(-0.33219366799894173+0.9436807754816814j),(1.1485655341860201e-05+6.618198605433441e-05j),3117500000
(-0.3306623738254321+0.9445760598576277j),(7.679892700518821e-06+0.00011259690100322573j),3120000000
(-0.3352278595638586+0.9449057726547104j),(5.770686257062811e-05+9.181833012623292e-05j),3122500000
(-0.33602938871875826+0.9433639550127592j),(4.1915601693263906e-05-4.4712949750704475e-05j),3125000000
(-0.3344096855546436+0.9458466630436566j),(3.3832631461773886e-05+3.6954283196436956e-05j),3127500000
(-0.3366244966631192+0.9435161802117754j),(8.41498692537599e-05+5.31110060295336e-05j),3130000000
(-0.3375850356213272+0.9428494402361278j),(0.00010782337278461446+1.4989677071985187e-05j),3132500000
(-0.3387717477681289+0.9399258208998542j),(5.462883277383616e-05+0.000110030988021047j),3135000000
(-0.3414319074082564+0.9389660682600187j),(8.022128287650694e-06+1.0104649836949244e-05j),3137500000
(-0.34051218803738015+0.9408594198729169j),(-2.1443727317959112e-05+6.096537341651521e-05j),3140000000
(-0.34638809120090164+0.9386651107822568j),(4.8033517821287645e-05+5.2103910931396014e-05j),3142500000
(-0.3430368451571978+0.9404851693432789j),(4.913686906735082e-05+8.57872277770478e-05j),3145000000
(-0.3425292714162641+0.9395418691068539j),(4.35667333684525e-05+7.60575398097345e-05j),3147500000
(-0.34596684429031027+0.9399680261597279j),(-4.1952577022979596e-05+1.1371275805586513e-05j),3150000000
(-0.3461306054270701+0.9399129828460582j),(-7.490218807490593e-06+4.357806211980797e-06j),3152500000
(-0.34645774914392685+0.939723587949057j),(4.516488089714839e-05+5.387282983402601e-05j),3155000000
(-0.34952977578940925+0.9355981984266265j),(-3.2618540059050166e-05+8.621897835398221e-05j),3157500000
(-0.3492126896725699+0.9368600887723498j),(-5.619526474928179e-06+8.266047355309333e-05j),3160000000
(-0.35155302526826576+0.9357563104510501j),(1.6698243529481122e-05+7.407736099223979e-05j),3162500000
(-0.35047994848507846+0.9372699164261108j),(-1.3944954759164054e-05+5.0708583034868285e-05j),3165000000
(-0.3553628414313592+0.9378863357993961j),(-4.1627843021157574e-05+0.00017648106755949362j),3167500000
(-0.35385679376320495+0.9379520442094839j),(-3.392850870859269e-05+0.0001121523076006747j),3170000000
(-0.35400213140527687+0.9384723085120682j),(1.339816803870308e-05+7.63129291377732e-05j),3172500000
(-0.35559408486623434+0.9360719216672981j),(1.3341983658225021e-05+5.0297368412621885e-05j),3175000000
(-0.352150040344513+0.9378222238313586j),(3.7926634775713285e-05+6.633076515893814e-06j),3177500000
(-0.36251715146627445+0.9353736856296223j),(6.211900127042108e-05+8.951667641735467e-05j),3180000000
(-0.36176461402309446+0.9360018103856167j),(-8.210284094133426e-06+0.00012987684447015858j),3182500000
(-0.35752412957481755+0.9345816666906005j),(2.8074122044460864e-05+6.896047844526475e-05j),3185000000
(-0.35828777170223863+0.9349084600639269j),(-5.879040880033811e-06+4.333305403509206e-05j),3187500000
(-0.3599106501735187+0.9365657650787041j),(-0.00010669381225320552+7.850398358800414e-05j),3190000000
(-0.36292598046966595+0.9367776602957081j),(1.8637122701820158e-06+5.0116876737697774e-05j),3192500000
(-0.3621232455169352+0.9365315868220271j),(-8.59105938912729e-06-7.243408282981633e-06j),3195000000
(-0.36173724417414405+0.9354637720915874j),(-4.7462269011480484e-05+1.8039233540719733e-05j),3197500000
(-0.3657163675840552+0.9349659007153863j),(-3.141649770965578e-05+0.00012377912046345507j),3200000000
(-0.3632706892899485+0.9326697788271432j),(-6.312964611646172e-05+1.4668034184645768e-05j),3202500000
(-0.3644898288877742+0.9336784529653859j),(-6.461187709201475e-06+9.17669510589289e-05j),3205000000
(-0.36578172655310315+0.9306606074043569j),(3.866253555608194e-05+1.5987862182715855e-05j),3207500000
(-0.3673124892458231+0.9318899197773426j),(-4.738832130916486e-05+5.7140156856012064e-05j),3210000000
(-0.36614715008773197+0.931304651359939j),(2.097481837446749e-05+7.169976333788172e-05j),3212500000
(-0.3652371645997456+0.930177862499593j),(2.9555980476086786e-05+3.6426645556340216e-05j),3215000000
(-0.3674600636601402+0.9267640662064071j),(1.7412085182081307e-05+5.115542473775186e-05j),3217500000
(-0.3726734357279668+0.9227219388178527j),(5.7341793313793745e-05+4.2747981261433825e-05j),3220000000
(-0.3613867303417381+0.9237758802460946j),(0.00011359475777431202-7.313636720698409e-06j),3222500000
(-0.3691734631274013+0.9207168620677187j),(-4.117005081926386e-05-1.999658973944736e-05j),3225000000
(-0.37075047915764225+0.9233131886905653j),(1.9408127309944916e-05-6.625254733989889e-06j),3227500000
(-0.37064155348930455+0.9248798520703863j),(9.372615139596562e-05+3.781900987653954e-05j),3230000000
(-0.37614907360675326+0.9219602744475706j),(4.731456590820766e-05+4.436476266640895e-05j),3232500000
(-0.37628949014426044+0.9191703077637058j),(4.045849684481959e-05+2.6039827493875548e-05j),3235000000
(-0.37907821842740175+0.9185125922174062j),(7.136258239053045e-05+3.1867535361774116e-05j),3237500000
(-0.37787733611210006+0.9165801293777979j),(4.4904994541329996e-05-5.601497648936163e-05j),3240000000
(-0.378732091357734+0.9178872845352269j),(-1.958409187709703e-05+5.1512770176326886e-05j),3242500000
(-0.3861628938556332+0.9148391529547195j),(3.861006250969061e-05+0.00011878957660365429j),3245000000
(-0.38341333440150643+0.9141754967986317j),(-2.104733541347897e-05+6.847553044641482e-05j),3247500000
(-0.3865205463069601+0.9141910455981708j),(-2.3765525272277075e-06+0.00010088889481063446j),3250000000
(-0.37766994717972524+0.9161410568064083j),(5.2476256362652505e-05+5.3272398150207744e-05j),3250000000
(-0.3872215010673577+0.9128134083414227j),(5.873558341613717e-05+6.967608951369301e-05j),3252500000
(-0.38716284194218836+0.9152298652055488j),(1.5245273833707626e-05-3.407910615926762e-05j),3255000000
(-0.38664389474551897+0.9151754449699485j),(9.644877993299588e-05+3.172675534676139e-05j),3257500000
(-0.39153010127099963+0.9152517691247578j),(1.1352981665810242e-05+3.194223454748965e-05j),3260000000
(-0.38789844006167423+0.9157986113713832j),(4.0206156663668804e-06+9.591351455479577e-05j),3262500000
(-0.3890196497893219+0.9171003419644737j),(-7.510585561541569e-06+9.219351669646941e-05j),3265000000
(-0.3904383632666847+0.9166900473020464j),(-7.806251541921496e-05+4.5787756248017395e-05j),3267500000
(-0.3962050950193134+0.9152335723472467j),(2.0679072665040292e-05-1.8954804909105842e-06j),3270000000
(-0.40288114507353995+0.9104819379573276j),(-1.9059873592664206e-05+9.925512545998025e-06j),3272500000
(-0.39524208954303924+0.9149716715629622j),(-4.704107823782967e-05+2.071050133023011e-05j),3275000000
(-0.4018028982870926+0.9154623555784357j),(-3.8532304109803633e-05+5.229294963288161e-06j),3277500000
(-0.4012144804743756+0.9183848989056178j),(2.6881104772591813e-05-2.4459175858438157e-05j),3280000000
(-0.4069880386481678+0.9183713258849978j),(-3.067294039143294e-05+3.269658087507879e-05j),3282500000
(-0.4063845276591341+0.9187396079071695j),(-5.765817390710406e-05+1.806994697092411e-05j),3285000000
(-0.4060779692104023+0.9198418171142493j),(-3.376807715060828e-05-1.5090679176321917e-05j),3287500000
(-0.40847407726547125+0.9176588732676627j),(-4.754307281716608e-05-5.624331593702616e-05j),3290000000
(-0.40736553920171314+0.9194510434026956j),(1.5119233990672121e-05-4.580489537221966e-05j),3292500000
(-0.4088979799237883+0.9179564702092537j),(-7.314985472677055e-05-2.0569026156566212e-06j),3295000000
(-0.4069634476667108+0.9193704399354193j),(-0.00011409593716288265-3.360666013514175e-05j),3297500000
(-0.4051658295629789+0.9254675982205195j),(-8.326310433297201e-05+9.201948022413543e-05j),3300000000
(-0.4130021104208215+0.9192558915181686j),(-6.615097067496622e-05+4.410118382212909e-05j),3302500000
(-0.4133291379582367+0.9232257929884842j),(-6.935944633032276e-05+1.6834998171934383e-06j),3305000000
(-0.41734681476426055+0.919759385167109j),(-7.266169272483678e-05-1.4677931737941443e-05j),3307500000
(-0.4169495634671309+0.9209206358418975j),(-6.0586508141417845e-05+3.512660259282655e-06j),3310000000
(-0.41820406620477585+0.9184050842312885j),(1.521368612103519e-05-4.337589331444554e-05j),3312500000
(-0.41726503365907996+0.9190051051669215j),(-3.938624054758707e-05+2.7705479911503325e-05j),3315000000
(-0.41568686964782303+0.9200328782471481j),(-3.9529199825184395e-05+9.250326097318164e-05j),3317500000
(-0.42179115442087484+0.917652187896933j),(-8.636571226495966e-05+3.4639987180258706e-05j),3320000000
(-0.419931428997123+0.9191775692194691j),(-4.752147285603041e-05+9.34967794304551e-06j),3322500000
(-0.4251073402800663+0.9180286823554272j),(1.0750861349607546e-05-4.1581700677122714e-05j),3325000000
(-0.42752977295294237+0.9180018785754294j),(-5.896136519738825e-05+1.7839211998460128e-05j),3327500000
(-0.4309123144625426+0.9184969304385276j),(-9.75672414298192e-05+9.807389727486424e-06j),3330000000
(-0.42982997616113844+0.9195683898458176j),(-0.00013387001227611797+2.6983030556275726e-05j),3332500000
(-0.4345148907737923+0.9205023161770574j),(-9.732194944519412e-05+5.1786316199905474e-05j),3335000000
(-0.4365123236266366+0.9237449985495779j),(-3.0432666910161528e-05+5.34468296907583e-05j),3337500000
(-0.43758637422435426+0.9250934993871847j),(7.0033761902734e-06-2.553558198559913e-05j),3340000000
(-0.44349761107040325+0.925551362602456j),(1.393063712123423e-05-3.891278160989855e-05j),3342500000
(-0.4490309866976433+0.9193876950669845j),(1.50319467499246e-05+1.9470895227862684e-05j),3345000000
(-0.4457667478293774+0.9210103345685986j),(-2.059329126178766e-06-8.267612116198083e-06j),3347500000
(-0.4469333345538497+0.918816736941734j),(-1.3797364786968617e-05+2.315077070374133e-05j),3350000000
(-0.44811890974598234+0.918271728814794j),(-3.951095848809636e-05-5.727077193834427e-05j),3352500000
(-0.4520560288336711+0.9174197110077597j),(-0.00010794867320678413-2.8418342859234803e-05j),3355000000
(-0.4526634011991043+0.9171085834824265j),(-0.0001128667117501193-3.8857323206229464e-05j),3357500000
(-0.45516088184511644+0.9177938554708333j),(-0.0001013365503160099-7.26226552414729e-06j),3360000000
(-0.4560541741004094+0.9172577030108977j),(-7.564187584116975e-05-3.860146204446624e-05j),3362500000
(-0.4580181578397742+0.9135249928518964j),(-7.327763014569235e-05-4.581544641908234e-05j),3365000000
(-0.4575674555458518+0.9124125318474173j),(-1.8293795271536852e-05-7.812047106357219e-06j),3367500000
(-0.46204399698631277+0.9115238336562314j),(-0.00013194295235551985-4.854711613029982e-05j),3370000000
(-0.4640849001333098+0.9105371304243299j),(-0.00011376352007177551-1.1529547548447119e-05j),3372500000
(-0.4661096646008176+0.9093110381818457j),(-6.579227693929249e-05+3.4520391117157204e-05j),3375000000
(-0.46249224944475475+0.9089471029612481j),(-7.192040083953739e-05-1.2176183488722351e-05j),3377500000
(-0.45137380126255416+0.9130772431181782j),(-6.857387668756867e-05+1.7424390387791736e-05j),3380000000
(-0.43715450384593696+0.9165055370707283j),(-0.00011240127910785964+0.00013204564605547056j),3382500000
(-0.43861076161300255+0.9155724573015388j),(6.565093731887981e-07+0.00019192393129064138j),3385000000
(-0.45972260637358753+0.9091153299836612j),(-8.834421318043265e-05+6.710590795279041e-05j),3387500000
(-0.4762035217864775+0.8988193209581565j),(-7.720753067472824e-05+2.8135793997848136e-05j),3390000000
(-0.47892821490670195+0.8899790703671322j),(-0.00011614329562519143+7.703484929301566e-05j),3392500000
(-0.47376169364091353+0.8898378944859979j),(-0.00013455026547422235+3.69885690296035e-05j),3395000000
(-0.47783998263869143+0.8917383141505195j),(-0.00012365816350477026+1.9961292681377167e-06j),3397500000
(-0.4843791994911832+0.8874862879518757j),(1.393591570605249e-07-3.850576427801518e-05j),3400000000
(-0.48475546345003917+0.8867232032110385j),(-2.7467387286750938e-05-2.8056073681837508e-05j),3402500000
(-0.4845521357008274+0.8820507378232363j),(-0.00012148101044799552+3.989627327440335e-06j),3405000000
(-0.484656818726866+0.8823808990944352j),(-5.2472800134278436e-05-5.5481131946665284e-05j),3407500000
(-0.4885063697956809+0.8811264040325497j),(-1.646920201031543e-05-2.409287671499951e-05j),3410000000
(-0.49165065636779903+0.8792700017521555j),(-6.181548983502889e-05-2.257865545777225e-05j),3412500000
(-0.49133663538905575+0.8776362625618563j),(-6.165665649580645e-05-2.4275026348662497e-05j),3415000000
(-0.49118814580992587+0.8742689936694457j),(-0.00012831656986936904-1.666338040901508e-05j),3417500000
(-0.48511303438483144+0.8780768314573961j),(-5.108206210641404e-05+9.474734937492806e-06j),3420000000
(-0.48108548312493166+0.8779386233474401j),(-0.00011218525398656354+2.1679597691883254e-05j),3422500000
(-0.48508092857418317+0.8784487368572726j),(-4.9492198394717836e-05+4.424286290331532e-05j),3425000000
(-0.48842218428642203+0.876136011493371j),(-4.227160906168065e-05-7.034866780206491e-06j),3427500000
(-0.4925654910303264+0.8758472903948626j),(-1.9083617554347073e-05+3.07234624354817e-05j),3430000000
(-0.4917720711390628+0.8763100383740012j),(-8.088249640481336e-05-1.5737573163130637e-05j),3432500000
(-0.49588234820517346+0.8747499181149837j),(-6.943184141028118e-05+3.028281739769175e-05j),3435000000
(-0.4987095266749737+0.8735306805208547j),(-3.27831253689348e-05-3.3759368357182274e-05j),3437500000
(-0.49820180809991393+0.872939770118564j),(-7.11932775774337e-05-2.2160025297179293e-05j),3440000000
(-0.4985717914738262+0.8742523979007085j),(-4.664200143364922e-05-2.016433743454972e-05j),3442500000
(-0.5004066413475676+0.8730520261643345j),(-7.398866583834336e-05+4.566441205861618e-06j),3445000000
(-0.5034187494656497+0.8705724564161027j),(-0.00012461669298996584+1.70331417035659e-05j),3447500000
(-0.5017846353240885+0.8688668534180214j),(-9.412020847502685e-05+2.3510147302807007e-05j),3450000000
(-0.5046216829475502+0.8684978943210884j),(-7.261750161321047e-05-6.023302069149797e-05j),3452500000
(-0.5077314254180552+0.865504370917727j),(-0.00017444937693747155-9.059214689859033e-05j),3455000000
(-0.5064987475131081+0.8676414601817702j),(-5.624542361668599e-05-1.2080855097630039e-05j),3457500000
(-0.5101085025820338+0.8667154939305344j),(-8.8075424320803e-05+1.2136559371496112e-05j),3460000000
(-0.5108164185142477+0.8677157984968751j),(-8.744805412099823e-05+9.055524377285576e-05j),3462500000
(-0.510028315853595+0.86731326974821j),(-9.092465076935526e-05-6.422757260294866e-06j),3465000000
(-0.5095558066996249+0.8667380381245371j),(-0.00010162835158262823-7.468255328781656e-05j),3467500000
(-0.5089647532599952+0.8655431802897026j),(-3.3861107945556986e-05-7.165206677112409e-06j),3470000000
(-0.5131906330969197+0.8633749754563913j),(-5.920780930428542e-05+2.3784666249247827e-05j),3472500000
(-0.5111216920385429+0.8653516280967304j),(-1.524612673704074e-06+2.330046082294856e-05j),3475000000
(-0.5146007282334455+0.8633912781125743j),(3.8986608174256435e-06-4.815563349708103e-05j),3477500000
(-0.51499381556331+0.8615137071738782j),(2.753219915485064e-06+2.1697783012177784e-05j),3480000000
(-0.5135626688111873+0.8602510810898524j),(-2.061245444171335e-05+0.00011512319239214557j),3482500000
(-0.5168074515701843+0.8607318582645581j),(-0.00010047370035090929+8.052380880038053e-05j),3485000000
(-0.5117232683122745+0.8612749567180508j),(-6.301313903200442e-05+3.2512682574072225e-05j),3487500000
(-0.513798351061829+0.8621103822711018j),(-0.0001096718277026546+3.58440000884726e-05j),3490000000
(-0.5167437558855037+0.8613801668104742j),(-2.299496833859159e-05+2.2013914012723578e-05j),3492500000
(-0.5167487265501636+0.8588944104043732j),(-3.327898090929156e-05-8.723185288425765e-05j),3495000000
(-0.5193253456308708+0.8553099220392764j),(-9.015981220519338e-05+1.2595314587024979e-05j),3497500000
(-0.5119117521278096+0.8570670196711752j),(-9.927788559441892e-05-8.259162166691014e-06j),3500000000
(-0.5102490277674282+0.8571101783186175j),(-2.808839347062518e-05+3.3670173611866536e-05j),3500000000
(-0.5156346027228961+0.8581335313259396j),(-6.785146602456114e-05-6.185512799740304e-05j),3502500000
(-0.5184155445115554+0.8577318965362998j),(-1.2347931474292454e-05-2.5367941828779936e-05j),3505000000
(-0.5152129017302629+0.8602683175955724j),(-0.00011440009241465228-5.359577822546663e-05j),3507500000
(-0.5180862910427623+0.8585677103860531j),(-4.471895425136173e-05+4.85347133865489e-07j),3510000000
(-0.5169884137688763+0.8580808179799784j),(-3.9001108005185756e-05-1.2093461102844674e-05j),3512500000
(-0.514916624911483+0.8571640672287187j),(-7.001409020904359e-05-6.185176605622478e-05j),3515000000
(-0.5210994345785128+0.8518950395558971j),(-1.3726545340874679e-05+1.636493851941526e-05j),3517500000
(-0.5126682106972177+0.8546255517953252j),(-8.592300064809456e-05+0.00011033583010561922j),3520000000
(-0.5172101046884674+0.8513004270284822j),(0.00010149256402801988+4.910338046400262e-05j),3522500000
(-0.5160572907419954+0.8515619076969176j),(5.2373996558573207e-05-4.2147689540817275e-05j),3525000000
(-0.5165785705086625+0.8496320281584511j),(-1.9553737688530674e-05-0.00011661333256019159j),3527500000
(-0.5157766038923838+0.8473660264598359j),(-1.2237492810775174e-05-2.9219412691669594e-05j),3530000000
(-0.5152546665294858+0.8440158058432881j),(-6.621520540542379e-05+3.8365401141287006e-05j),3532500000
(-0.5178995790632195+0.8451190565058667j),(-3.9209577335437104e-05-7.960316069084244e-05j),3535000000
(-0.5179041744513977+0.8457965083334619j),(-9.708363947009946e-06-0.00013447278162254372j),3537500000
(-0.5189887349068575+0.8425204908240347j),(-5.871544699858717e-05+1.744745197669367e-05j),3540000000
(-0.522777398524206+0.8389175155331812j),(-1.4849124126950444e-06-0.00013465630347878594j),3542500000
(-0.5204535410785819+0.840046925420625j),(-3.8374673787938816e-05-3.324716964385718e-05j),3545000000
(-0.528348914180588+0.8399945250129208j),(-6.209052188367153e-05+8.715738410810386e-05j),3547500000
(-0.5309441767878826+0.8409443691300565j),(2.4275818545452875e-05+0.00010341316544763132j),3550000000
(-0.5305247419707367+0.8415125976896183j),(-0.00010418412218359513-8.407620394134947e-05j),3552500000
(-0.5316245399481009+0.8390053768634766j),(-0.00014357544874180886-0.00019034338384176983j),3555000000
(-0.5337362753332451+0.837361219959929j),(-8.896203477683132e-05-0.00011172561218725821j),3557500000
(-0.5359030037810064+0.8368974677005199j),(-7.150019072014456e-05-0.0001333178963901433j),3560000000
(-0.5336046388338291+0.8410081924871543j),(3.773313358965497e-05-0.0001523182539040952j),3562500000
(-0.5382760259387176+0.8386816743683266j),(6.212920846089334e-05-0.0001785561266909925j),3565000000
(-0.5414153771402794+0.8396200721367725j),(-4.206004650856657e-05-0.0001431606991400516j),3567500000
(-0.5426357605480059+0.8411462154193293j),(-9.027857542828436e-05-0.00011002899832183257j),3570000000
(-0.5476005779752664+0.8395637978548173j),(-7.068048892871839e-05-0.00013912259861307815j),3572500000
(-0.5456879297483638+0.8409387669283446j),(-3.2565734737625695e-06-0.0001264333413103734j),3575000000
(-0.5534644488379534+0.837335138619816j),(-2.893620883927718e-05-0.0001081780588803932j),3577500000
(-0.5534375081279+0.8411776472158338j),(-3.1955668081163716e-05+1.2587271893428128e-05j),3580000000
(-0.5600057521382173+0.8374194028413465j),(-7.407200654542591e-05+9.94830557502628e-05j),3582500000
(-0.5605620857771707+0.8408245954348397j),(-7.810954538364049e-05+2.8998550975808295e-05j),3585000000
(-0.5619167125023761+0.8390248246855408j),(0.00011191904036771125-1.4473724457684689e-05j),3587500000
(-0.5660099986294275+0.8396864931268259j),(7.842185122274529e-06-9.745047240823983e-05j),3590000000
(-0.560618117644561+0.8442781072776152j),(-1.383987143211102e-06-0.0002075494582201328j),3592500000
(-0.5669247953781258+0.8429168602976729j),(4.255917010789363e-05-0.00021466888441833373j),3595000000
(-0.5660215028624901+0.8423396622496273j),(2.3132708601973143e-07-2.2637909465122302e-05j),3597500000
(-0.5638868135027425+0.8449505956625533j),(-0.00017230779735615635-0.00020582086998489985j),3600000000
(-0.569640710837025+0.8470252932716148j),(-5.644764515450073e-05-6.350479234585282e-05j),3602500000
(-0.5736422537963635+0.8407447134502232j),(-0.00010828414064616471-3.2208458395032924e-05j),3605000000
(-0.5755206054254267+0.8372912655771959j),(-5.252544403735927e-05+5.689339285975718e-05j),3607500000
(-0.5753562623976768+0.8326766205776092j),(-0.00016219869324890786+6.059195364388692e-05j),3610000000
(-0.5764997029518973+0.8334448060057282j),(2.0939630722546704e-05+7.043719301970649e-05j),3612500000
(-0.5738783755199858+0.8340782073762757j),(-9.919982700714467e-05-2.739168432159141e-05j),3615000000
(-0.5803857310911557+0.8310441517539471j),(-7.743242226395128e-05+1.3703711320214889e-05j),3617500000
(-0.5880566904278869+0.824507084568233j),(-0.00010296580648213887+4.391864142931661e-05j),3620000000
(-0.5768295652266398+0.835146628286789j),(-8.657784776638316e-06-4.009288588249812e-05j),3622500000
(-0.5877545830001429+0.825323814349834j),(-0.00011166027721029553-0.00010882545830443245j),3625000000
(-0.5869678076144472+0.8266280153550619j),(-1.2015367431954222e-06-0.00016286439282496378j),3627500000
(-0.5863285863844839+0.822022928519854j),(6.879404366032671e-06-0.0001723531438170075j),3630000000
(-0.586192603922321+0.8214765838177874j),(-1.6943676384510247e-05-5.5365836370961104e-05j),3632500000
(-0.5910831598718465+0.8225372474743305j),(-0.00010600225033746261-7.000774189343629e-05j),3635000000
(-0.5948376073623179+0.817565581572586j),(3.605886854537523e-05-8.865092400207513e-05j),3637500000
(-0.5908233123030048+0.8203952668234608j),(-4.944285481747693e-05-0.00018034445235495377j),3640000000
(-0.5871349844227032+0.8215390447838623j),(-0.00024367866451237478-3.677962874649977e-05j),3642500000
(-0.5949920871131793+0.8171272754092178j),(-0.0001298128303476032-0.0001171779932527864j),3645000000
(-0.5991914745446326+0.8142098855113196j),(-9.912985813653251e-06-1.8044606317951204e-05j),3647500000
(-0.5989892437466535+0.813661338064331j),(-0.00011260170939644949-7.673491096387276e-06j),3650000000
(-0.5967658257356597+0.8112782846718457j),(-5.626617608561239e-05-0.00016059027591531244j),3652500000
(-0.5962022168090584+0.8108962727254324j),(-9.438330402583548e-05-7.166145082661426e-05j),3655000000
(-0.5974914210915238+0.8138774277058785j),(-0.00014429292136525364-4.101726727021827e-05j),3657500000
(-0.6057905232129935+0.8046314589656425j),(-0.0002148043116001676-0.00017981504226980351j),3660000000
(-0.6018612855048419+0.8094795873225162j),(-0.0001488551455687571-0.00012018001399416834j),3662500000
(-0.6062255482972752+0.800417332463173j),(-0.00011035140294995499-0.00016221731769219377j),3665000000
(-0.604812552472529+0.8057609205667947j),(-0.0001441605889633643-0.00016454823919172305j),3667500000
(-0.603431065341743+0.8025039239602519j),(-0.0001350726802620821-0.0001900580470497642j),3670000000
(-0.6049172785112612+0.8022695805783264j),(-0.00013814226934438637-0.00011581380337006478j),3672500000
(-0.6056644097171991+0.8000578166360439j),(-4.916020137902749e-05-3.8406593800962385e-05j),3675000000
(-0.6032207026213539+0.7986118457185164j),(-9.842206304798999e-05+3.3824412932483956e-05j),3677500000
(-0.6033665636501025+0.796079303030893j),(2.7903202471507988e-05-4.275781406420845e-05j),3680000000
(-0.6008510653881624+0.7968042962745177j),(1.0854021977643355e-06+3.261639920392386e-05j),3682500000
(-0.6062657259426065+0.7965717295547312j),(-0.00013283857626603536-3.748320751549891e-05j),3685000000
(-0.6078640181246997+0.7954647431228973j),(-0.0001015730488168849-4.34158425234531e-05j),3687500000
(-0.6087395742533057+0.795636533556847j),(-0.00011631376170653833-4.240472101171287e-05j),3690000000
(-0.6074385456658585+0.7968036598127245j),(-0.00018572518300923727-5.216444918188594e-05j),3692500000
(-0.6106112119506051+0.7920902249857926j),(-0.00014632724660565508-3.6706983979520575e-05j),3695000000
(-0.6086330818918712+0.7894620342926513j),(2.2685285666034868e-05-2.063365646501345e-05j),3697500000
(-0.6120483724206307+0.78730460726105j),(-7.35809285571669e-05-5.6551069708943676e-05j),3700000000
(-0.611740378090881+0.7872115340694139j),(-0.00012983046859516275-9.147211551117358e-06j),3702500000
(-0.6125665533897857+0.7841085706374111j),(-8.963420848744144e-05-8.671544080784083e-05j),3705000000
(-0.6106491970912873+0.7829253704827777j),(-6.323062216350476e-05-4.0247756863114326e-05j),3707500000
(-0.6116359754105032+0.7820303577443943j),(-0.00014117462026085753-7.425409971794602e-05j),3710000000
(-0.6149352528980082+0.779216157305178j),(-0.0001651312867402913-3.73395687968666e-05j),3712500000
(-0.6137197108580112+0.7787711712265687j),(-0.00010473204776822756+1.4316931472161313e-05j),3715000000
(-0.6173306952256894+0.774940495053942j),(-0.00022318883746054636-0.00013852606990741006j),3717500000
(-0.6169861124149602+0.7726759690271373j),(-8.062535937067816e-05-9.752740847280765e-05j),3720000000
(-0.6176376488565316+0.7752779090780961j),(-0.00011895707324152278-0.000139924022287178j),3722500000
(-0.6138902496571346+0.7779887516150477j),(-5.871143545836897e-05+0.00016284961075701575j),3725000000
(-0.618813420837865+0.7765761155473062j),(-0.00015808717826675594-2.3159413511878737e-05j),3727500000
(-0.6253758732078479+0.7693459730246494j),(-0.00020480475467631913-2.0070011980798463e-05j),3730000000
(-0.6248653764876912+0.7689127504536255j),(-0.00011278816035290824+6.474498777332365e-05j),3732500000
(-0.6237333823104961+0.7689576904508895j),(-3.0288508148685668e-05-1.893976397769666e-05j),3735000000
(-0.6244619767985279+0.7710540241750135j),(-0.00016210556779139873-3.576050093699811e-05j),3737500000
(-0.6271412433666231+0.7712484383765225j),(-6.577697391898447e-05-1.649163163141837e-05j),3740000000
(-0.6324159843899153+0.7697990888834843j),(-7.753504543000424e-05+2.3809811397767662e-05j),3742500000
(-0.6321300014656881+0.7715263484566499j),(-5.225572055131065e-05+1.0307420241469825e-05j),3745000000
(-0.6351539212184829+0.7689688044794482j),(-8.495718204739385e-05-6.379562269802924e-05j),3747500000
(-0.6339321340311393+0.7683822488576295j),(-0.00010784375988173753-0.00015531310084888528j),3750000000
(-0.6351433784167371+0.7665723791794871j),(-3.914044418962767e-05-1.984951217384261e-05j),3750000000
(-0.6357158686913469+0.7606577901500724j),(-0.00014738847534103209-9.764548312935409e-05j),3752500000
(-0.6327419641017918+0.7686464034168623j),(-0.00010569972071026337+9.220547726658601e-05j),3755000000
(-0.6358785415820065+0.771237574236929j),(-0.00014102672381429+5.5163535391729316e-05j),3757500000
(-0.6372633189968321+0.7693662603274455j),(-0.00010194825070202162-4.459516171008176e-05j),3760000000
(-0.6352530247951965+0.7672024656396206j),(-4.639356731430099e-05-0.00017030983643570021j),3762500000
(-0.6374120108644704+0.7645145438682119j),(-1.7553160897838367e-05-5.556894376576514e-05j),3765000000
(-0.6368166710940745+0.7642119114371303j),(-6.513293413127553e-05+8.580615104552901e-05j),3767500000
(-0.6394261570060014+0.7642368381643447j),(7.961906415095776e-05+9.481854443659239e-05j),3770000000
(-0.6385881046905465+0.7688344233397394j),(4.850491524430639e-05+2.263940337786446e-05j),3772500000
(-0.6405618073017157+0.775025234185374j),(0.00025338919522530404+2.282697560387043e-06j),3775000000
(-0.6432228341611297+0.771388732206145j),(-8.933248383212346e-05+9.909704957889378e-05j),3777500000
(-0.6456353272676166+0.763353587662925j),(-0.00024231257251077878-0.00012110507247786666j),3780000000
(-0.6481277879610389+0.7652855086585175j),(-0.0003333102167793832+7.896547162899184e-05j),3782500000
(-0.6500904521969111+0.7685708168243661j),(-0.00011805843193504567-0.000148966255181386j),3785000000
(-0.6467995147114364+0.7662998663442406j),(-1.5981063044648307e-06+1.4220420697918586e-06j),3787500000
(-0.6488209058634441+0.7636208912668963j),(7.605613913497416e-05-0.0001001636501200782j),3790000000
(-0.6525388984317324+0.763659754259946j),(0.00010504658574478683+0.00011988345223393033j),3792500000
(-0.6531670882348317+0.7645234946602243j),(-7.719236069103352e-05+4.399776489152468e-06j),3795000000
(-0.6549790374893759+0.7655243509442095j),(-0.0003072238678953704+0.0001741102267127515j),3797500000
(-0.6551984615359885+0.7623752607286717j),(-0.00026765129707253605+5.866610297048267e-05j),3800000000
(-0.6559009761561939+0.7622213323504253j),(0.00013617695407786785-5.78911079478707e-05j),3802500000
(-0.6551651055144974+0.7669924146453879j),(-7.53153144869353e-05+0.00019594778388793175j),3805000000
(-0.6570640330936433+0.7630256208970305j),(5.861023865837542e-05-0.00016849255555187754j),3807500000
(-0.6551944391316955+0.7682475620961594j),(0.00011280006727769251-3.0743668020165125e-05j),3810000000
(-0.6569012816525156+0.7657708888689387j),(-0.0002792301570304057+2.744699105435779e-05j),3812500000
(-0.6564757507918999+0.7677891975517211j),(-0.0003085848330831457+7.907655105009017e-05j),3815000000
(-0.6620297432257879+0.7633793784857645j),(-0.0002938940707792782-0.00019587159838810433j),3817500000
(-0.6596428541439308+0.7660090480735448j),(-0.0002079550743012181-8.710481787194932e-05j),3820000000
(-0.6584742789647621+0.7694030185956233j),(1.983228813828626e-05-0.00010921944792545236j),3822500000
(-0.6585371341535967+0.7656373719291255j),(-0.00016216927725484583-0.00015941104193878622j),3825000000
(-0.6614158219197126+0.7661813069681704j),(-5.94118357804479e-05+7.994667836252858e-05j),3827500000
(-0.6581059414169101+0.7669870702048219j),(9.263655218316341e-05-3.8627937282190617e-05j),3830000000
(-0.6620133319368422+0.7632245727781183j),(8.5992744194164e-05+6.746686249302781e-05j),3832500000
(-0.6590533064453954+0.7601940166321589j),(0.00012205577192594288+8.122047247609052e-05j),3835000000
(-0.6628042912350084+0.75779054417077j),(1.843686743632055e-05+0.0001291617999233234j),3837500000
(-0.6626862348625553+0.7563731572730302j),(-5.767157653914799e-05+0.00022408552591507864j),3840000000
(-0.6674154781233625+0.7505034098636049j),(-3.141426864929876e-05-9.757013095096953e-05j),3842500000
(-0.6669364035096012+0.7508256460017327j),(-0.00029796017646120757+0.00012248781681855006j),3845000000
(-0.6737830948122286+0.7461726192112799j),(0.00024826608348083056+0.00013152824631988078j),3847500000
(-0.6730167264391271+0.7408296626297302j),(-4.8294131523625455e-05-0.0001873214439434305j),3850000000
(-0.6656789103861079+0.7456364370014671j),(3.846108121046583e-05-8.116413972448813e-05j),3852500000
(-0.6713305318648487+0.7415570898905065j),(-0.00011549112041204891+3.083711424111216e-05j),3855000000
(-0.6706618203401958+0.7405449015788342j),(-5.9686486087542475e-05+0.00016815970672581166j),3857500000
(-0.6797993294645867+0.7358439750002844j),(-0.000227611755544454-1.030345824488733e-05j),3860000000
(-0.6813902521397966+0.7350061625663084j),(-0.0001499630459126076+0.00010913624056525474j),3862500000
(-0.6843798505155252+0.7364487671025861j),(-0.00013760336377326393+7.954102741694439e-06j),3865000000
(-0.6885105345676903+0.7301508767988519j),(-0.00023009165826471309-0.00022700890111710802j),3867500000
(-0.6883531684660066+0.7323173931224113j),(3.731561062673651e-05+5.835353148624334e-05j),3870000000
(-0.692776950367773+0.7254846057009627j),(0.00011211320414011395-3.204905257021014e-05j),3872500000
(-0.696301836138975+0.7230117755231696j),(0.00010008145606568422-0.0002903457697316309j),3875000000
(-0.7011645939607469+0.7268263985551808j),(-1.693499960473953e-05+2.5329885315820793e-05j),3877500000
(-0.7048664674450824+0.7228891159817562j),(0.00015137659334250457-0.0002237417569238552j),3880000000
(-0.705337358612105+0.7230840480552159j),(4.0595529729843846e-05+6.0746874474607714e-05j),3882500000
(-0.7026467571059561+0.7186176729280792j),(-0.00019330215081357423+0.0002613401658165378j),3885000000
(-0.7063834384768577+0.7184645238611194j),(1.0463558852067297e-05-5.527236405664223e-05j),3887500000
(-0.7042260013052142+0.7207040445557098j),(-6.332139025424652e-05-0.00014279154754732654j),3890000000
(-0.7096602695706787+0.7159550620031653j),(-0.0001323397696451607+0.0001381981793908169j),3892500000
(-0.7040098560197118+0.7198590305497825j),(-0.00012934529352378178-0.0002613876186194771j),3895000000
(-0.7114947907202885+0.7162202632922575j),(-0.00012021368060055188-2.968372168650833e-05j),3897500000
(-0.7104553106189508+0.7186828121659533j),(-0.0001510037974750499+1.5246815442154311e-05j),3900000000
(-0.712303034159047+0.7172680819715841j),(0.0001265665115869732-0.00016492838372924578j),3902500000
(-0.7163328790180198+0.7144456188858939j),(8.488110253360132e-05+1.0363878593530247e-05j),3905000000
(-0.7083800456310992+0.7140302560864205j),(0.00015474051935982338-0.0001759446635483941j),3907500000
(-0.710452580723862+0.7106313474297755j),(1.8898867292212047e-06-3.846083894761722e-06j),3910000000
(-0.711617579566367+0.7053526899021424j),(0.00017883125604286918-0.00017292207060443768j),3912500000
(-0.7063437573685626+0.7146076763538048j),(1.8269130056526032e-05-9.385684621204272e-05j),3915000000
(-0.7097561532137668+0.7112324323491863j),(6.485457553528039e-05-4.8841244805919035e-05j),3917500000
(-0.7142881728070437+0.7062672912759891j),(-8.30328923226963e-05-2.999418888285971e-05j),3920000000
(-0.7142088293998753+0.7042337671863558j),(3.937972786048507e-05-0.00020142004838909227j),3922500000
(-0.7105626914871167+0.7036814048459271j),(-3.2892485218923424e-06-5.8011121804372216e-05j),3925000000
(-0.7089493593905091+0.7052328465829234j),(8.692372605831642e-05-0.0001752257756330155j),3927500000
(-0.7094715573007827+0.7034350836840594j),(0.0001479428764631232+5.026922771168031e-05j),3930000000
(-0.7122316762745875+0.70319023293425j),(0.0002022471818275093+0.00010811819691750822j),3932500000
(-0.7159683888082765+0.6971575377698518j),(0.00018326277861866055+0.00021041279823360236j),3935000000
(-0.7152521425329308+0.6997553476562508j),(-7.927656364652163e-05-0.00010022479436265346j),3937500000
(-0.711211243555298+0.7004229326621227j),(-0.0001230424708515448-3.756951393963518e-06j),3940000000
(-0.7180834106326872+0.6951145232970104j),(3.906126882168162e-05+9.650236903986383e-05j),3942500000
(-0.7171153300521683+0.6955980535988527j),(-0.00010974395029552853-8.64513726456709e-05j),3945000000
(-0.7147971743839152+0.6954964428926483j),(-6.534401465475579e-05-8.533195213501177e-05j),3947500000
(-0.712339398104738+0.6973346608357703j),(-3.8985987238285113e-05-0.00015543138125151954j),3950000000
(-0.7156229020146592+0.692485213177125j),(-0.00017915963279002144-2.009652045387156e-05j),3952500000
(-0.7193043907137058+0.6917947540442486j),(-6.807140201770896e-05+6.726731343891206e-05j),3955000000
(-0.7152768153086083+0.695749228692781j),(-4.660603748426161e-06+0.00020417873536832852j),3957500000
(-0.7237138190217759+0.6869905761288415j),(-6.913248658280127e-05+0.00011319928385360963j),3960000000
(-0.7201898843759619+0.6885889645785161j),(8.36568265900937e-06+0.00011482561883591108j),3962500000
(-0.7222852345748483+0.6879354355553693j),(3.0014025316963086e-05+0.00010089357125747256j),3965000000
(-0.7219233960319913+0.6873283993853628j),(-1.0131023167766572e-05+0.00012738172526431655j),3967500000
(-0.722028079461395+0.6894805919397798j),(-7.337778727159314e-05+0.00018488230246391544j),3970000000
(-0.7249150802289965+0.6864411039329236j),(-9.14597291055753e-05+0.00023697581707514807j),3972500000
(-0.7249478658085482+0.6878824329728717j),(-0.00013402778999522443+6.7623625658083865e-06j),3975000000
(-0.723179890052353+0.6868941599244862j),(-1.5714316299364984e-05+2.2817351194960678e-05j),3977500000
(-0.7233755540287331+0.686366312661292j),(0.00011177000060144997+4.4741347887822097e-05j),3980000000
(-0.7240736145531375+0.6856581268515408j),(1.821489093665405e-05-6.43073324646763e-05j),3982500000
(-0.7260500662848235+0.6830678021280046j),(-3.631374600473832e-05+0.00021272749827005001j),3985000000
(-0.7237512565898739+0.6877005492876695j),(2.1247811458323063e-05+0.00011133369382568145j),3987500000
(-0.7271829177402037+0.6816390672172564j),(-7.990598874500739e-05+0.00011873381655646484j),3990000000
(-0.7252337251606487+0.6823254981977301j),(-6.910553856703449e-05+0.0001721939350838218j),3992500000
(-0.7233635944889008+0.6811051839734885j),(0.00011934912659900977-2.5526799096769352e-05j),3995000000
(-0.7267105424472281+0.6832059628181758j),(-6.249194942308762e-05+4.945287429753818e-05j),3997500000
(-0.7284607718973172+0.6819103387197147j),(-6.129515731935209e-05+0.0001223467054075486j),4000000000
(-0.7278555901372148+0.6817701989373975j),(-0.00013214622154960945+0.00013324284227259016j),4000000000
(-0.7268672560209174+0.6818479458647048j),(-5.914188689092996e-05+5.861042557202341e-05j),4002500000
(-0.7310898585253027+0.6739825565289487j),(-9.444626907613832e-05-0.0001344724604705341j),4005000000
(-0.7265284010944897+0.6800476506009787j),(-7.37406797172968e-05+2.2002930156983863e-05j),4007500000
(-0.7304501704422597+0.677612968058335j),(9.174931182226603e-05+4.454445198346184e-05j),4010000000
(-0.7314350226026218+0.6765070175739992j),(6.87148416264948e-05+0.00017169930764032062j),4012500000
(-0.7315750230272344+0.6739728088521325j),(4.349912770591828e-05-7.679206949154088e-05j),4015000000
(-0.731103092583359+0.6694032171466712j),(2.120033390465004e-05-7.518958981638986e-05j),4017500000
(-0.7290086094522343+0.6727103412878224j),(-4.27117003021727e-05+5.1596715398597665e-06j),4020000000
(-0.7367763819732055+0.666357449178936j),(-8.133407233454462e-05-6.27877524442764e-05j),4022500000
(-0.7370271367387533+0.6669731776570377j),(3.678551301724266e-05-9.556972876700316e-05j),4025000000
(-0.7361191285484403+0.6647587690115482j),(7.045942548286991e-05-7.672597046466334e-05j),4027500000
(-0.7385675559015417+0.6655184219419401j),(8.929347892294358e-05-0.00013104522496935574j),4030000000
(-0.7427563243197148+0.6612525909185258j),(-3.8126496263179436e-05-0.00016660677303467265j),4032500000
(-0.7420681186605509+0.6636322432498626j),(-4.723498805345309e-05-8.061366710076206e-05j),4035000000
(-0.7470120718900503+0.6601149332562557j),(-3.4989167644925724e-06+6.344837209727227e-05j),4037500000
(-0.7469896750754346+0.6598807723137086j),(-7.731613384166302e-05+9.989710971188061e-05j),4040000000
(-0.751171154714176+0.6606498955465697j),(3.1288528395988527e-05+0.00011882572624849374j),4042500000
(-0.7515658034772316+0.6608350675283041j),(-1.1166576023707683e-05-4.7317163771176905e-05j),4045000000
(-0.7530872436473827+0.6609481146211372j),(-5.8457786218745076e-05+0.0001405474998856558j),4047500000
(-0.7547113019766366+0.6590014842227107j),(-1.4976685918315992e-05+2.7626485554216062e-05j),4050000000
(-0.7565303243349082+0.6584683985154041j),(-3.604780315292987e-05-5.7926817262990844e-05j),4052500000
(-0.7558449365813741+0.6545616487964316j),(-9.508797830025444e-05+3.073608025189575e-05j),4055000000
(-0.7579362021375476+0.6574767929766194j),(-3.6389333077686356e-05-0.00021440003672814473j),4057500000
(-0.7621115517705864+0.6535191058469754j),(-0.0001261098034818156-5.2495586839697514e-05j),4060000000
(-0.7635120127312669+0.655422340174086j),(2.4545632455152746e-05+3.0249056854281907e-05j),4062500000
(-0.7672812705990698+0.6500803937199399j),(-9.589911140512683e-05+7.206715608868355e-05j),4065000000
(-0.7661546961846862+0.649657699142398j),(-4.695708001436447e-06+5.48699902105948e-05j),4067500000
(-0.7690448048549701+0.6512037756890183j),(1.7005490059487565e-05-1.1604289514228774e-06j),4070000000
(-0.775166221522201+0.6442192111332633j),(2.7616744393178284e-05-7.878848063763105e-05j),4072500000
(-0.7724260272290038+0.6484836628120383j),(-4.617174615028764e-05-5.8523904400624595e-06j),4075000000
(-0.7734002499147286+0.6488622042484655j),(-5.0246816105372666e-05-5.2665745120411964e-05j),4077500000
(-0.7766768537672639+0.6473724716677917j),(-0.00017784660718187222-4.50399998933751e-05j),4080000000
(-0.7746667654494677+0.6484856435849105j),(-5.596977293275663e-05+6.104124791909107e-05j),4082500000
(-0.7728687942804178+0.6501562572458293j),(-8.282769416498634e-06-2.493919582847243e-05j),4085000000
(-0.779792553057118+0.6412130314402332j),(1.1556447326205981e-05-1.1802755217679605e-05j),4087500000
(-0.7790517329902615+0.6461465312703949j),(-5.5533590331592385e-05-9.777609698067435e-05j),4090000000
(-0.7839004664580607+0.6434550849806692j),(-0.00016508411502049272-5.448052945989546e-05j),4092500000
(-0.7846311233565979+0.6417737568964258j),(-2.107267131850919e-05-0.00011006833920567218j),4095000000
(-0.7860802403106418+0.6426704001913458j),(-2.635212523797652e-05+1.9371742580863345e-05j),4097500000
(-0.7897565564155654+0.6375528632744888j),(-4.24286473870594e-05+3.91920176920255e-05j),4100000000
(-0.78557021600451+0.6405607908491856j),(-0.0001155370809496386-8.795666857123269e-05j),4102500000
(-0.7833110739709693+0.6394518222896294j),(7.917623265919065e-05+4.475485632242965e-05j),4105000000
(-0.791828589543664+0.6355830160530508j),(4.836570854049234e-05+1.6808694605369417e-05j),4107500000
(-0.7926350865637858+0.6321531673292511j),(3.1035172088256544e-05+3.702022271119176e-05j),4110000000
(-0.7930704072838302+0.6300450460519086j),(-1.4563466314656395e-05-9.676680350728824e-05j),4112500000
(-0.7881301795323729+0.6328666109401894j),(2.1543645326631742e-05+4.386527716719016e-05j),4115000000
(-0.789123930749927+0.6341578481891278j),(-2.328855719627669e-05+5.182562989122627e-05j),4117500000
(-0.7961382398134105+0.6299821053870348j),(-5.098099386097688e-05+2.2907409397634055e-05j),4120000000
(-0.796528234692018+0.6290278611073965j),(-0.00011548522836440742+3.7879618026150216e-05j),4122500000
(-0.7961849218189356+0.630802382377577j),(-0.0001215242088411839-0.0001154274379893035j),4125000000
(-0.7945332823207525+0.628658748547512j),(9.274974210044946e-06-6.143209554066982e-05j),4127500000
(-0.7970839431294268+0.6269722755249555j),(-5.0201866060959496e-05-6.576113529428199e-05j),4130000000
(-0.7903119290583054+0.632128775347269j),(-7.199795361734043e-05+7.992633585954908e-05j),4132500000
(-0.7947567578075977+0.6243372010771838j),(3.744015807302735e-05-5.12208850831661e-06j),4135000000
(-0.7895476663878715+0.6261213306592855j),(5.033890117072337e-05-7.590120591863856e-05j),4137500000
(-0.793038317340277+0.6214783993127577j),(-5.057371268412417e-06-2.4354358535925983e-05j),4140000000
(-0.7899388379133884+0.623698953828313j),(8.784386036080947e-05+1.5114791749057602e-05j),4142500000
(-0.7895767573983402+0.6201992612435602j),(2.1773731247702408e-05+5.912799557223924e-05j),4145000000
(-0.7900236784399024+0.613164277498023j),(-3.8362333798989144e-05-6.0522571617098017e-05j),4147500000
(-0.785022790972448+0.6164962030445376j),(-0.00016258836021341053-0.00023379608214298234j),4150000000
(-0.7906619867513515+0.6076666337293173j),(-4.648458727926733e-05-7.740756160231906e-05j),4152500000
(-0.7875833509043815+0.6075137842747966j),(7.816324941442805e-06+3.2830052652184097e-06j),4155000000
(-0.790136290488452+0.6032726413838309j),(-0.0001601540185830687+1.690832756282864e-05j),4157500000
(-0.7929984214684448+0.5957603518455626j),(-0.00011166084679198329-2.5476311660950077e-05j),4160000000
(-0.7925828462564577+0.5959809661276574j),(-2.980792988989398e-05-2.9148131834609313e-05j),4162500000
(-0.7969411550968613+0.5917402654680839j),(-3.719879358156562e-05-2.390751170209949e-05j),4165000000
(-0.7991044413217794+0.589255452264711j),(-3.996091781861439e-05-6.947098883988015e-05j),4167500000
(-0.8017832826481818+0.5870633553193734j),(-6.129444912315911e-07+1.533206587747896e-05j),4170000000
(-0.807925112595762+0.5793978309789204j),(-4.1630554395038455e-05+0.0001641653156737788j),4172500000
(-0.8034120525712231+0.5855490018427331j),(1.9462859390668073e-05-8.624704200173e-06j),4175000000
(-0.8089174390766367+0.5793925856210433j),(-9.883979904126606e-05+4.1948653065699086e-05j),4177500000
(-0.8065065789543366+0.5808995408690213j),(-5.313144040196243e-05-2.6651130859812318e-05j),4180000000
(-0.8047953083327969+0.5852079043310839j),(1.8230717666237408e-05-0.00010049345500621316j),4182500000
(-0.8107183651190938+0.5790517817285614j),(4.24664034748549e-05-6.641597238352695e-05j),4185000000
(-0.8084892289332661+0.5791506784764273j),(-8.617075801235844e-05-3.924016236807786e-05j),4187500000
(-0.8077845400261202+0.5838532182805215j),(-3.349894206951471e-05+6.397925122078307e-05j),4190000000
(-0.8106068614609426+0.5803764451386902j),(-0.00011365101322880965+8.619700887710305e-05j),4192500000
(-0.8130811824606512+0.5816567400795878j),(-0.00011305889792827338-4.178157296176691e-05j),4195000000
(-0.814436744032563+0.5809540194124999j),(-4.794048281397028e-05+2.175083331939165e-06j),4197500000
(-0.814332723815736+0.57914108709011j),(-9.869379541799521e-05+1.9329326457337235e-05j),4200000000
(-0.8116358011406054+0.5820558889054065j),(-0.00018411284731066488+3.591124269959361e-05j),4202500000
(-0.8133916521217792+0.5785419860591544j),(-0.00013021888202515553+4.608747299698926e-05j),4205000000
(-0.8130943732176553+0.5790063718562216j),(-8.850529923968774e-05+3.9576579113381925e-05j),4207500000
(-0.8164249144931435+0.5728033607701887j),(-7.274984941585145e-05+0.00011653624202857849j),4210000000
(-0.8165707701501898+0.5735376296655498j),(-8.965733559003399e-05-3.8002027828688314e-05j),4212500000
(-0.8123932990742495+0.5776499222629614j),(-0.0001494210799371531-3.9387871926516666e-05j),4215000000
(-0.8123759961458624+0.578168730581678j),(-8.799216270092539e-05+7.7191702503731e-06j),4217500000
(-0.8108136684002285+0.5770910790617871j),(-5.114254322197116e-05+5.8611318192921384e-05j),4220000000
(-0.8143185406627677+0.5756415437631573j),(-2.086745629959201e-05+2.5910005477216683e-05j),4222500000
(-0.8155248841449363+0.5747991189847638j),(-1.3117296553407478e-05-4.915446647831898e-05j),4225000000
(-0.8161633976083766+0.5751487773869636j),(-3.998112507244821e-05-0.00011010442349090084j),4227500000
(-0.8177123028430594+0.5737323333143731j),(-8.20719825353921e-05-0.0001416483415177285j),4230000000
(-0.8169869970943864+0.5713991240622992j),(-8.054507790907e-05-0.00010240162874363539j),4232500000
(-0.8175514468066388+0.5726560757076101j),(-0.00012667982711893195+1.6606116855906087e-06j),4235000000
(-0.8136135487330943+0.57415608410491j),(1.0889928323182965e-05-5.4887046005166946e-05j),4237500000
(-0.8153148802629803+0.5771262615307233j),(7.383728741553356e-05-8.90441705342488e-06j),4240000000
(-0.820077687775295+0.5715330393607512j),(-1.9590034771460305e-05+3.0087717098839255e-05j),4242500000
(-0.8219896445691972+0.5710044020542315j),(1.4977514144180436e-05-7.237373714156416e-06j),4245000000
(-0.8259318977351242+0.564461345585526j),(-6.490180672601022e-05+0.00014640624414560664j),4247500000
(-0.823926097744856+0.5647807481137745j),(7.534154749764024e-06+2.629306259290421e-05j),4250000000
(-0.8227611563807216+0.5675798411955164j),(-4.9570047974568885e-05+2.178741120423394e-05j),4250000000
(-0.8182329128954754+0.5713096836722037j),(-4.959828781596211e-05-5.835285247373239e-05j),4252500000
(-0.8177795048006876+0.5718190083854194j),(1.076831599494358e-05-6.432889488573982e-05j),4255000000
(-0.8216689208847533+0.5672689071773827j),(-6.625071732223197e-05-4.807573696152124e-05j),4257500000
(-0.8222338245924183+0.5664536764913344j),(-3.048796804625891e-05-7.785374675052035e-05j),4260000000
(-0.8249419637240146+0.5657197910957348j),(3.721352985366656e-05-1.049724472377417e-05j),4262500000
(-0.8246643346017494+0.5626738431617776j),(5.342821459855094e-05-6.75007593655557e-05j),4265000000
(-0.8231036839583679+0.5672416172095669j),(5.2455254861463495e-05+7.810546974430511e-05j),4267500000
(-0.8314657251167491+0.5575622946748252j),(-1.169467933416645e-05+8.310503817131525e-06j),4270000000
(-0.82775241514436+0.5629711983979109j),(-0.00013453849659845205-2.8878596356456883e-05j),4272500000
(-0.8297843242020931+0.5596611825877463j),(-0.00017590166296065844+1.7561680876097463e-05j),4275000000
(-0.8332237052403514+0.5565838740820968j),(-0.00011176432119775197-5.5573497124766955e-05j),4277500000
(-0.830617750534091+0.5601250583756798j),(-7.96738221253e-05-4.910146327378507e-05j),4280000000
(-0.8306081094240304+0.5615452366988151j),(-8.08958472781711e-05-6.29096827195452e-05j),4282500000
(-0.8328671528400716+0.5596998353467928j),(-0.00012372586373558185-1.7781325088518765e-05j),4285000000
(-0.8332401552015821+0.5583744298900429j),(-0.00010591394888149019-8.514107734563935e-05j),4287500000
(-0.8344289184106493+0.5561494529760747j),(-0.00010013122559026352-1.996161221366839e-05j),4290000000
(-0.8330521707335097+0.5551808959328327j),(-8.565840029739862e-05-3.7177369362284634e-05j),4292500000
(-0.8373927036779873+0.5538313108717011j),(-8.590247956806753e-05+8.866832930290385e-05j),4295000000
(-0.8355872525262786+0.5535074583555015j),(-3.3812056467996736e-05+3.911464548641906e-05j),4297500000
(-0.8388547681813071+0.5540083743936215j),(-2.421578840004251e-05-1.1222929674259434e-05j),4300000000
(-0.8420120905890212+0.5486301098040486j),(-7.481601838077982e-05-3.28756790997068e-05j),4302500000
(-0.8393026743747345+0.5517735766521985j),(-3.2522350144295826e-05+2.7029721943266685e-05j),4305000000
(-0.8330068080498153+0.5578158891410898j),(-3.513013482808517e-05-0.00012787027858844973j),4307500000
(-0.840998117478308+0.5477194155824633j),(-8.157667456832064e-05-5.384896577780754e-05j),4310000000
(-0.8402984087797502+0.5511007386724169j),(-0.00010270440828893817-8.809646306639993e-06j),4312500000
(-0.8456424254660806+0.5413379960723077j),(-5.5707991157037704e-05-2.022106022825942e-05j),4315000000
(-0.8430803158198005+0.5421427205847698j),(-0.0002153713381709988-9.558547476983559e-05j),4317500000
(-0.8414568868050383+0.5363683607970728j),(-8.879503538369195e-05-5.114266152012218e-05j),4320000000
(-0.8427049394249494+0.5368616471079388j),(-4.101418440873392e-05-7.259868159473639e-05j),4322500000
(-0.8429240059520304+0.5354345725482402j),(-6.222799836994803e-05-3.1076287604834166e-05j),4325000000
(-0.8477793496020266+0.5308605865983865j),(1.4417508635906813e-05-9.835229445269315e-05j),4327500000
(-0.8474886881529166+0.5297932799191276j),(-1.635508485413279e-05-7.816532112600362e-05j),4330000000
(-0.849665155794424+0.5290862894492356j),(-8.172683279179905e-05-0.00012799647704524395j),4332500000
(-0.8551126390785158+0.5213084889365586j),(-4.416958897585255e-05-0.00011884463086897706j),4335000000
(-0.8539727033297866+0.5262147793907009j),(-0.00012061080102446536-4.1747618439018304e-05j),4337500000
(-0.8572183404377889+0.5204721759954202j),(-5.434372188729376e-05-8.125688247632477e-05j),4340000000
(-0.8569773559031725+0.5184808193627796j),(-1.6297861720815306e-05-8.869637921146908e-05j),4342500000
(-0.8582840003776944+0.5197867921704331j),(-4.827761806154877e-05+1.4252283034036677e-05j),4345000000
(-0.8607850075426038+0.5129428876710206j),(9.144352423826974e-06-0.00012321582775209663j),4347500000
(-0.861181126788258+0.5128620155332115j),(-1.5220696856230997e-06-7.356856176249374e-05j),4350000000
(-0.8589599910754252+0.515527741208456j),(-0.00010368791776957892-0.00013238315921623522j),4352500000
(-0.8638008142214858+0.5100998466001275j),(-3.3333653380070806e-05-8.847535535545922e-05j),4355000000
(-0.8629786342609593+0.5123470209352885j),(-0.00020894818408592736+3.0876204383893646e-06j),4357500000
(-0.8668682373964657+0.5100811687240588j),(-0.00014558199822364287+2.6917890943389275e-05j),4360000000
(-0.8672988590102314+0.5073288538179102j),(-6.126799608529667e-06-1.0158719961224552e-05j),4362500000
(-0.8672285771746755+0.508116969065516j),(1.2382978446708337e-05-5.1025416899751293e-05j),4365000000
(-0.8705382995097393+0.5041618933464059j),(-6.061786320025972e-05+2.399243259530952e-05j),4367500000
(-0.870412730185499+0.5039911080374616j),(-9.860325124009518e-05-0.00016577830011126404j),4370000000
(-0.873321039327972+0.5025834533353131j),(-0.00010534709356332685-6.405052381656159e-05j),4372500000
(-0.8726094977918657+0.5035263619002546j),(-0.00011046310850290953-6.101272061623081e-05j),4375000000
(-0.8767808238812542+0.4952931937168998j),(-9.791791456174774e-05-8.450004883732445e-05j),4377500000
(-0.871604492433488+0.49919160954113495j),(1.2336386129029267e-05+3.0801618558738266e-05j),4380000000
(-0.8748135195913149+0.4976999019091926j),(-3.84951436344297e-05+7.030488728071882e-05j),4382500000
(-0.8751706425011417+0.49677486835595275j),(-1.3752342211482924e-05-7.904648585213793e-05j),4385000000
(-0.877564455178613+0.49357675128566497j),(5.92132399476543e-05-2.694137599689652e-05j),4387500000
(-0.8778662098455408+0.49539657285069266j),(-3.715009988915919e-05-4.519922614381988e-06j),4390000000
(-0.8791073099538488+0.4935911994235872j),(-8.764925711584478e-05+0.00010965807765602233j),4392500000
(-0.881185765579331+0.49071781080120536j),(-3.62377315614243e-05-4.349547773052475e-05j),4395000000
(-0.8804536008801823+0.4919675610787561j),(-1.0940316080185856e-05-7.124109914755757e-05j),4397500000
(-0.8823051282365919+0.48722204211268644j),(-2.8580760940981884e-05+1.201313755613544e-05j),4400000000
(-0.8800540904365203+0.4877724209806104j),(-1.417806565385929e-05-1.2918142851068682e-05j),4402500000
(-0.8818507086110056+0.48816712736606377j),(1.8594752710885007e-05+2.33308852606951e-05j),4405000000
(-0.8808719512310795+0.48803718056175643j),(-7.271809457094433e-05-2.5095904556569546e-05j),4407500000
(-0.8836905338322166+0.4883257865777062j),(-8.988721218259673e-05+3.409875839194665e-05j),4410000000
(-0.8846586246209389+0.48332758789867053j),(-2.4566320830187885e-05+0.00021336058534832762j),4412500000
(-0.8826822390961121+0.4898102717513634j),(0.00011731839072891343+0.00010927435922985891j),4415000000
(-0.8837143038935487+0.4800545381036009j),(9.465260589429745e-05-6.273377337663155e-05j),4417500000
(-0.884854520924339+0.4790984041318719j),(4.6552623360445264e-05-2.73728640056318e-05j),4420000000
(-0.8827219256148281+0.4873828198387784j),(2.01688581705624e-05+2.3785539361401462e-05j),4422500000
(-0.8843671042838117+0.48004562146203816j),(1.7758920878338175e-06-6.457632326346775e-05j),4425000000
(-0.8829785787266425+0.4841118596082497j),(2.7007442509830598e-05+3.3073270959756036e-05j),4427500000
(-0.885052118659424+0.4785109041752141j),(-2.5508621668160337e-05+1.0167985899233926e-05j),4430000000
(-0.8857878658449542+0.47932630711597063j),(-4.4670057239698744e-05-8.273068385540792e-05j),4432500000
(-0.8862967053071751+0.47590415561130794j),(4.555020004581739e-05+0.0001104689328235891j),4435000000
(-0.886890376440485+0.47465329145408436j),(0.00013115115943965539+4.985674653492242e-05j),4437500000
(-0.8823283639895283+0.4774164007618474j),(3.4413287460594036e-05+0.00015901701574617732j),4440000000
(-0.8844400454105954+0.47338831987335317j),(4.1244257343495025e-05+7.063788568093016e-05j),4442500000
(-0.8825877137046226+0.476618398871197j),(-3.253083402513366e-05-5.972891680309679e-05j),4445000000
(-0.8826740668012789+0.47269224698387746j),(1.9025847955011408e-05+5.0266012458987275e-05j),4447500000
(-0.8808101808280444+0.4682097340510537j),(-9.655917018674884e-06-4.9548703468540114e-05j),4450000000
(-0.8767499739638397+0.46866011046439005j),(3.898090102537019e-05-6.836483538159178e-05j),4452500000
(-0.871579675181765+0.47297680678837206j),(3.1031245519666914e-06+3.0578771105002555e-05j),4455000000
(-0.8711057308995489+0.4630935470944616j),(-4.984757026573366e-05+4.5286633897842406e-05j),4457500000
(-0.8731032167905585+0.45981032764171414j),(1.258906238307176e-05+0.00011618599002625468j),4460000000
(-0.8735028163214703+0.45220372754049926j),(0.00016663983036457628-1.0317945159375425e-05j),4462500000
(-0.8743205202175977+0.45307481528414645j),(-5.9241405562473386e-05+2.136808863242204e-05j),4465000000
(-0.8790385418476903+0.4461435527967725j),(-5.379296133262044e-05-7.687548772571333e-06j),4467500000
(-0.8801102407775687+0.446337066056796j),(3.1676074758050505e-05+2.6674333825935007e-05j),4470000000
(-0.8826243708008489+0.44373274528868656j),(-6.678347046858518e-05+2.6491391481038715e-05j),4472500000
(-0.8879571066722446+0.4351234613854556j),(-1.1829332796008084e-05+0.0001509234905711217j),4475000000
(-0.8875888208926672+0.44019025534910056j),(5.3526991710495986e-05+0.00011054428727443139j),4477500000
(-0.8922491269461968+0.4327444034551384j),(7.47053635949422e-05+3.3799724061108074e-05j),4480000000
(-0.8937585569967289+0.4342198700790693j),(-7.511897422140696e-05+6.068383978946512e-05j),4482500000
(-0.8910618280318547+0.4379996565628595j),(-0.00012014483372917193+5.806813101414428e-06j),4485000000
(-0.8960237128297989+0.4345765537442725j),(6.150854045540643e-05+0.00012592835464206783j),4487500000
(-0.894025390812696+0.4375990956878487j),(0.00010400399958148102+2.256608440183778e-05j),4490000000
(-0.8977013688253992+0.43601004641824387j),(0.00010409435309252047-6.186098022361088e-05j),4492500000
(-0.8966412586215154+0.43908914222472656j),(7.591040506063335e-05-0.00022463594154848444j),4495000000
(-0.8995560746498381+0.438665388447394j),(9.218324678728697e-06-7.413303055295203e-05j),4497500000
(-0.9027622485732683+0.434821576885679j),(7.467315600353098e-05+2.813766621811468e-05j),4500000000
(-0.9074008781240127+0.42707310359795453j),(-7.19699480247696e-06-1.5404069820292756e-05j),4500000000
(-0.9013296540032093+0.43617759307303094j),(-2.5221204074663797e-06-2.7189390595158e-05j),4502500000
(-0.9026147790180509+0.43266384584723305j),(2.2721377585370795e-05+5.719688050586742e-05j),4505000000
(-0.8989697618235402+0.4369506136801423j),(1.3018162063938627e-05-1.580750947052569e-05j),4507500000
(-0.9004661953611903+0.4329932953631367j),(-1.3543452486940527e-05+6.499214138688701e-05j),4510000000
(-0.8984585360468823+0.43312373222813433j),(4.2028316078372234e-05+1.3461854791049258e-05j),4512500000
(-0.9036358613639602+0.42904361962472515j),(-7.557587264638974e-05+4.5905174520568436e-05j),4515000000
(-0.9006582079945508+0.43292816432886233j),(-2.3440355975670957e-05+5.0540693902546704e-05j),4517500000
(-0.903219733902327+0.4315618076408438j),(8.491329808712648e-05-1.8598499933047666e-06j),4520000000
(-0.9046818795350359+0.4266898641418816j),(0.00017226120311058523+9.379018265066607e-05j),4522500000
(-0.9071755675523409+0.42461858705939437j),(7.054794471269577e-05+5.2009909584958415e-06j),4525000000
(-0.9056709511505874+0.42895453849130394j),(-5.541953616842023e-05-4.260458578781653e-05j),4527500000
(-0.9081421557589964+0.4240478056657553j),(-5.38151631484401e-05+2.833983109179448e-05j),4530000000
(-0.9049126981562066+0.42871307440317297j),(-0.00011018947769723877-1.2936843432162155e-05j),4532500000
(-0.9046852418772872+0.4257119144155386j),(-3.452397087884552e-05-1.4482800615179677e-05j),4535000000
(-0.9052028825528775+0.42848316499457856j),(-2.648811524486698e-05+6.8549478250511984e-06j),4537500000
(-0.9099193177804958+0.4203073678886061j),(-2.2922326407819923e-05+5.472144886968788e-05j),4540000000
(-0.9099195255262247+0.42171006822231477j),(-4.3726814690716474e-05-1.493493247252173e-05j),4542500000
(-0.9070740619866866+0.42368004490177996j),(1.674115761218312e-05+7.493435370139688e-05j),4545000000
(-0.9102566257844034+0.4188010697709858j),(4.9644416434279185e-05-1.5239875170948836e-05j),4547500000
(-0.9086411699896633+0.4194492704990785j),(-1.8582211015663696e-05-9.72381328641051e-05j),4550000000
(-0.9099738901356653+0.41856157553779666j),(-1.000650349788836e-05-0.00010236975129937934j),4552500000
(-0.9136931062684027+0.4127806283382918j),(-0.00010020384077474884-7.174048354244356e-06j),4555000000
(-0.9098972604690234+0.4196286873863533j),(5.3147615702119725e-05-3.299747553867149e-06j),4557500000
(-0.9138050521047515+0.4140591127567026j),(7.695078121328568e-05+5.059217440646479e-05j),4560000000
(-0.9117651361244471+0.4154238449268195j),(-1.0627963347762158e-06+9.445594584644734e-05j),4562500000
(-0.9159814545402859+0.4127229319545229j),(4.4876550644946193e-05+6.469575857089863e-05j),4565000000
(-0.9156521254533083+0.4099628002671787j),(4.207462947339442e-05+0.00010516498864044532j),4567500000
(-0.9167571087592821+0.40895549022101363j),(9.274516301228266e-05-1.4954562185228867e-05j),4570000000
(-0.9177720431133014+0.4089271069743074j),(6.293677652023607e-05-7.758167127026269e-07j),4572500000
(-0.9183426887355023+0.4090118479853304j),(8.723240820600117e-05-3.0299314644276822e-05j),4575000000
(-0.9144359330748647+0.4114517876971168j),(7.660907235244394e-05+8.247409533285426e-05j),4577500000
(-0.9193385691502981+0.4048081749560312j),(1.213646065595403e-06-6.540525829394942e-06j),4580000000
(-0.9188270289794118+0.4066254704199403j),(-9.246946328390654e-06-1.8779133313210153e-05j),4582500000
(-0.9204104982860453+0.40410745098677414j),(0.000104666426171938-4.010118878105294e-05j),4585000000
(-0.9196768012381292+0.40167891076982887j),(1.710896114932753e-05-3.790984118156717e-05j),4587500000
(-0.9192332159360594+0.4009384916931414j),(0.00017371147965384453-4.7589444465455896e-05j),4590000000
(-0.922701438250871+0.39916044335191275j),(8.965510808107147e-05-1.52430813451189e-05j),4592500000
(-0.9226217940850354+0.40415069980409113j),(2.0597349738047228e-05-2.0584731475927736e-05j),4595000000
(-0.9218098357101667+0.40324134080376833j),(-2.43598076744533e-05+7.777338607292159e-05j),4597500000
(-0.9204428336077201+0.4006571076125675j),(-3.2002469251847685e-06-5.0170076361656475e-05j),4600000000
(-0.9207508982540075+0.3992554304309506j),(6.1555261062763464e-06-0.00014786446824363003j),4602500000
(-0.9244261780281834+0.388953972741541j),(-9.32187769805872e-07-2.237681073322569e-05j),4605000000
(-0.9253968319488107+0.39027590623422503j),(-6.037911737258853e-06-9.742467051600849e-05j),4607500000
(-0.9300731627253936+0.384117984122951j),(-3.361683957500966e-05+7.296811593153425e-05j),4610000000
(-0.9290711686639347+0.38512003581600973j),(-0.00010758571445266805+8.510756084829673e-05j),4612500000
(-0.9268543101356383+0.3856484061044711j),(5.309308997999414e-05-7.248478709002992e-06j),4615000000
(-0.9229162647143112+0.3857500428787153j),(0.00011770211184465953-4.837781017120205e-05j),4617500000
(-0.9270095101930758+0.38172415796965775j),(2.149756842617294e-05-3.217199492087468e-05j),4620000000
(-0.9286909141599112+0.369512916416671j),(8.798895455830665e-05-0.00010188178692026372j),4622500000
(-0.9276050813219983+0.38079439650133884j),(-4.294573284573693e-05-0.00010508610624271863j),4625000000
(-0.9286128314890606+0.3713667974825539j),(2.7366349737236586e-05-3.519672294492184e-05j),4627500000
(-0.9292770566712655+0.3737433134357282j),(2.17000384816201e-05-7.378381490950414e-05j),4630000000
(-0.931844995487759+0.36606117372747266j),(0.00011214162546791217-0.00013193407400939074j),4632500000
(-0.9302541586130878+0.36879846363547086j),(0.00019165205469998123-0.0001938108781291533j),4635000000
(-0.9317517111018817+0.36731417967757557j),(0.00011578786659220835-9.791464557103662e-05j),4637500000
(-0.9313291916071392+0.3622696101482474j),(0.00018311253295904534-5.187531563343956e-05j),4640000000
(-0.9333737869754015+0.3620269831685303j),(-1.7487221903202767e-05-9.03975497409634e-05j),4642500000
(-0.9326665514561626+0.36084155482858166j),(2.013142919764621e-05-0.00013020244249127281j),4645000000
(-0.9339709529090431+0.3588944095987727j),(1.1945706297310212e-05-1.6849374307707365e-05j),4647500000
(-0.9328246549834265+0.35615750168308513j),(3.117558291865183e-05+1.974548523899422e-05j),4650000000
(-0.9354308548394595+0.35375234507277964j),(-8.408780293476206e-06+7.106530509479396e-05j),4652500000
(-0.9359506209841978+0.35195276746148657j),(-8.697198500919889e-05-3.949142812941226e-05j),4655000000
(-0.9388830536386268+0.3483245520981587j),(9.317458958800586e-05+3.6657538704485234e-05j),4657500000
(-0.9384217257668863+0.34880198639682536j),(1.9527110886550496e-05-4.281421756038846e-05j),4660000000
(-0.9373702529230669+0.3517082639811408j),(0.0001038222407787738-7.878095834589761e-05j),4662500000
(-0.9381556256576835+0.34846919499175094j),(0.00010092981656948066-5.118886724020818e-05j),4665000000
(-0.9385393230479036+0.3470780950154082j),(0.00018775009459226957+2.8153857339613676e-05j),4667500000
(-0.9390699992712856+0.35092105544262076j),(-3.577141030858249e-05-1.2956881744612411e-05j),4670000000
(-0.9404135834840472+0.3467449970625519j),(7.228064629755082e-06+5.576444718517945e-05j),4672500000
(-0.9420802944117372+0.3444746428754664j),(2.7654343260846434e-05-1.381429571230663e-06j),4675000000
(-0.9396170734655407+0.34489441004431765j),(4.994886403261681e-05-1.3890476288680448e-05j),4677500000
(-0.9438122880535903+0.33728554630035457j),(2.7746756962989443e-05-5.721096717326109e-05j),4680000000
(-0.9424162094434421+0.3399254024704067j),(4.903339722763044e-05-9.060325072787263e-05j),4682500000
(-0.9442901924477836+0.3373796009440702j),(7.528533496067632e-05-2.556037063039966e-05j),4685000000
(-0.9422972461052326+0.3368669347423972j),(-9.878375444321971e-05+1.1147870970764915e-05j),4687500000
(-0.9440662763019628+0.33679620419922823j),(-6.288624914228011e-05-7.97204637470166e-05j),4690000000
(-0.9468940141904761+0.33455078072206335j),(-6.950879164500412e-05-7.187688591783914e-05j),4692500000
(-0.9470332667006334+0.3314013967415861j),(-1.211358539115969e-05-0.00018977654409611225j),4695000000
(-0.9457643443864188+0.3320033378927543j),(3.746363817206703e-05-0.0001397024945780466j),4697500000
(-0.9423179855895571+0.33172224124982763j),(9.956285666380977e-05+5.082760308289778e-05j),4700000000
(-0.9470864203231747+0.32680971853488755j),(1.0083994327628386e-05-3.494464519209695e-05j),4702500000
(-0.9478679156875299+0.32381114602706j),(0.00012848006603685596-2.7167988424007216e-05j),4705000000
(-0.9494249203017726+0.3299291370014593j),(-8.446566148019917e-06-1.2391335524780228e-05j),4707500000
(-0.9470721544476539+0.3323048135116983j),(3.224123814213648e-05+6.66893238678352e-05j),4710000000
(-0.9475962401103702+0.3340278018882988j),(-9.491968921486021e-07-0.00011786157148883449j),4712500000
(-0.9504370505389619+0.3271249624049816j),(-3.681766441228389e-05-8.414488696312695e-05j),4715000000
(-0.9531622745063338+0.32188205082751076j),(-3.072182200766088e-05-0.0002214373642161878j),4717500000
(-0.9509029870969666+0.32547541547556513j),(-4.7366732673631956e-05-0.00012847908112885534j),4720000000
(-0.9506764354428625+0.320514695965016j),(9.445895996698127e-05-8.82637896016522e-05j),4722500000
(-0.9507050990596224+0.3226589363270487j),(-6.068187595517343e-05-1.7298109409859075e-05j),4725000000
(-0.9512890275520866+0.3191742564069442j),(0.00013238213341121402+5.160819225141304e-06j),4727500000
(-0.9519727199077148+0.3183898916655013j),(6.180126945350347e-05-0.0001503841281002345j),4730000000
(-0.9528695421043878+0.3161311759334781j),(-1.799067389939525e-05-6.702759614709854e-05j),4732500000
(-0.9549253624310563+0.3100087281390044j),(-0.00012284824999160164+3.95082451856022e-05j),4735000000
(-0.948342414894226+0.32580817191714034j),(-0.00020425172423792323+1.1244147325835772e-07j),4737500000
(-0.9509775856125982+0.32146993646587463j),(-9.276708680397212e-05-4.574438565188478e-05j),4740000000
(-0.9530284092047806+0.31493109678801734j),(-2.436851375733564e-05-7.299959277947055e-05j),4742500000
(-0.9514128134690996+0.3189231132039793j),(4.295491491574635e-06-5.983815172235155e-05j),4745000000
(-0.9507061691262035+0.31265368221620277j),(3.7467429101039896e-05+3.5062429723434866e-05j),4747500000
(-0.9502913014357425+0.3107615619199794j),(6.545523046752822e-05-9.57825441749286e-05j),4750000000
(-0.9483604299628664+0.3163376810087814j),(-1.5128995880363851e-05+5.190288173922448e-06j),4750000000
(-0.9470189580573823+0.313237378134766j),(-0.00016129708606038625-7.27428191518425e-05j),4752500000
(-0.942050549714132+0.30802135033493794j),(-0.00011593554107984135+5.871954651512969e-05j),4755000000
(-0.9426941994099213+0.30824453673294916j),(-9.685011237627441e-06-7.917768940242804e-05j),4757500000
(-0.9342532517033763+0.3161242415212731j),(-5.471767481194716e-05-9.60049641500917e-05j),4760000000
(-0.9429845885931825+0.29846020209767227j),(-0.00013553872940081152+1.4646746371580603e-05j),4762500000
(-0.9430839075232272+0.2998163576417906j),(-7.775721263925162e-05-2.626404754394165e-05j),4765000000
(-0.9466364716606038+0.2959365084310227j),(-7.17898645842909e-05-9.969423467066666e-05j),4767500000
(-0.9483082228500526+0.29422956427889396j),(-0.00010898643571988529-1.5328969565385846e-05j),4770000000
(-0.9502359847313353+0.28587040161988025j),(-6.980138983865507e-05-3.833222154724576e-05j),4772500000
(-0.9482913277152026+0.28885503443703264j),(-2.5022006130414724e-05-9.25223513961261e-05j),4775000000
(-0.9526280138067373+0.28255085147669795j),(-1.4541502303985771e-05+5.6717436930607505e-05j),4777500000
(-0.9563877222295627+0.2809010787574129j),(1.4245081962637988e-05-0.00010797259649494976j),4780000000
(-0.9574069219914023+0.27855975036635j),(-0.00012289396685984376-0.00010024222166482367j),4782500000
(-0.9586393740261663+0.2826683112394017j),(-0.00010529252785735033-0.00011781088000727222j),4785000000
(-0.9575422856923983+0.2800330001018057j),(-5.304814117508498e-05+5.803452975966743e-05j),4787500000
(-0.9594024634520276+0.28201927555136946j),(-0.0001494224103337192-8.286809499715282e-05j),4790000000
(-0.9632392193172149+0.2765614919590409j),(-8.104620134839169e-05-0.00012292007869743217j),4792500000
(-0.9638491100225682+0.2782952704444754j),(-2.6550068293539865e-05-6.502183753014796e-05j),4795000000
(-0.9654506888179866+0.2776090708633121j),(-0.0001034181022662626-1.9057932509326854e-05j),4797500000
(-0.9654639446250212+0.2725480534600196j),(4.366798580699375e-05+3.159778904357292e-05j),4800000000
(-0.9659680704272768+0.27467056769956616j),(-5.109925596092659e-05-4.93318999410017e-05j),4802500000
(-0.9638833321045867+0.2758349849435992j),(-6.1850201913322e-05-4.876889540009412e-05j),4805000000
(-0.9627424710726304+0.279228666235311j),(2.7230879346301397e-05-0.00012843991093204583j),4807500000
(-0.9629952662984935+0.2776338999300056j),(-7.812454163849011e-05+3.6731458153553654e-05j),4810000000
(-0.9657613654001894+0.27356605124535716j),(-1.1161214202046636e-05-0.00010965125284102115j),4812500000
(-0.9626664237512308+0.27873133467039235j),(-5.775918844702853e-05-9.136612049753708e-05j),4815000000
(-0.967501778131428+0.27037218571350663j),(8.944430226956529e-05-0.0001557667313370504j),4817500000
(-0.9691084899508211+0.26853430076081103j),(6.689865625264514e-05-2.8366162554136973e-05j),4820000000
(-0.9700990024365018+0.2667384697020113j),(5.40050077817193e-05+6.367078553359934e-05j),4822500000
(-0.9675889412123346+0.2687774685162937j),(6.523119202249583e-05-3.311841063523676e-06j),4825000000
(-0.9689488698401475+0.26612034405378976j),(7.327956862217005e-05-1.6882129184878468e-06j),4827500000
(-0.9714644005091025+0.2619106637518348j),(1.633598248054802e-05+1.4588599115730579e-06j),4830000000
(-0.9731840662725264+0.2607770360063302j),(6.102218467320587e-05+2.6514975285444138e-05j),4832500000
(-0.9730002068344715+0.2597804918797078j),(-0.00013898692162429187-4.9429665680455966e-05j),4835000000
(-0.9706815047016322+0.2584720588451761j),(-7.390606811117502e-05+6.447177373381849e-06j),4837500000
(-0.973936338291035+0.2546664916554538j),(-3.410408209733155e-05-0.00010730156437318344j),4840000000
(-0.9704070138368106+0.2584176668298799j),(-7.80546946796989e-06-7.299425512210402e-06j),4842500000
(-0.9733330848160161+0.25453067850917216j),(4.559272835688147e-05-9.787136579814515e-05j),4845000000
(-0.9731651578401683+0.25420115412118705j),(5.2963752650164084e-05+9.854418462705812e-05j),4847500000
(-0.9743138669578111+0.25328709136351973j),(-3.2052383636684e-07-4.2244817527738544e-05j),4850000000
(-0.9753405006459958+0.24878534098072827j),(-1.3884631367927493e-05+0.00013542803885737854j),4852500000
(-0.9781265883645004+0.2445113853977657j),(-2.90661575770459e-05+2.9136986734445268e-05j),4855000000
(-0.9770678754011578+0.2465999236441129j),(-0.00013590348184628874-3.541903838519669e-05j),4857500000
(-0.9732526732540219+0.24915417228322856j),(-4.452765093917111e-05-8.754200608862122e-05j),4860000000
(-0.9753304165543308+0.24095879866850264j),(-0.00016753744730878018-3.9828932729335044e-05j),4862500000
(-0.9699492194279793+0.24846363900237703j),(-6.0237541184600056e-05+7.73125424821286e-06j),4865000000
(-0.9711120780392265+0.25315159616055594j),(-3.674387440578828e-05+3.318250415017423e-05j),4867500000
(-0.9754474051353602+0.2413092753056481j),(-0.00016095869292287378+3.0437274903576757e-05j),4870000000
(-0.9761407323824921+0.2433067563182594j),(-8.956788880026656e-05-4.535852868292827e-05j),4872500000
(-0.9763888689951836+0.23759518063277835j),(-2.121019567961551e-06-4.700412045307253e-05j),4875000000
(-0.9750387646964251+0.24097623135226112j),(4.876911671482075e-06-0.00016200334673060598j),4877500000
(-0.9778531709041013+0.23820595219656374j),(3.975505367100037e-06-5.007220458506399e-05j),4880000000
(-0.9783851219439671+0.23345617093999327j),(3.2862855365292774e-05-0.0001243416749729106j),4882500000
(-0.97830444934203+0.23363517135859949j),(-2.1613148772065835e-05-4.307555674684752e-05j),4885000000
(-0.9786281187581515+0.22514466472466693j),(-7.037474077765841e-05+2.9479756545085907e-06j),4887500000
(-0.9776505247438033+0.2298401615238743j),(-0.0001326798248737441-2.653287811191738e-05j),4890000000
(-0.9770323380379173+0.23050866646465468j),(-0.00011459100323101696-6.235990522939346e-07j),4892500000
(-0.9787467816741754+0.22467007139450504j),(-0.0002042361968220101-5.696590415218802e-06j),4895000000
(-0.9767416691104206+0.2275608253474588j),(-0.00011520307172415048-7.077883103114283e-06j),4897500000
(-0.9797772220290059+0.21792804653400633j),(-0.00010587218181373997-6.413250810883027e-05j),4900000000
(-0.977624760074704+0.2273751407227979j),(-1.8962593895449914e-05-9.360718171697313e-05j),4902500000
(-0.9807298463443433+0.2141167845925413j),(-0.00017556728769234353-1.408957488507356e-05j),4905000000
(-0.979442761006258+0.22012285968591555j),(-0.00023793791628491927+2.896031670909221e-05j),4907500000
(-0.9801188514634331+0.21319500990732343j),(-9.722450065968523e-05+1.8592463023618952e-05j),4910000000
(-0.9780959568152408+0.2135875731026323j),(-8.382912848887965e-05+1.549346716638135e-05j),4912500000
(-0.9758477765054733+0.21663183212596349j),(-0.00014225920252724947-1.5988154499804646e-05j),4915000000
(-0.9770705604977397+0.21312155724904808j),(-0.00012530523257083662-3.361383893855696e-05j),4917500000
(-0.9756696803165936+0.21591349296045206j),(-0.0003416872281276814+9.755110399987845e-05j),4920000000
(-0.9766988446072763+0.21158601274516717j),(-9.207236954895533e-05+7.339312562515701e-05j),4922500000
(-0.9759132852276513+0.2070827231343913j),(-0.00014092198861116671+4.116741878881941e-05j),4925000000
(-0.9791914753066059+0.20704658486273586j),(-0.00018519246956675742-3.4941630888754503e-05j),4927500000
(-0.9780598973734842+0.20264515598467556j),(-6.727126288948695e-05-1.2262019548563154e-05j),4930000000
(-0.9784756552061333+0.20839735374257143j),(-0.00018829514980210545+3.630942622299164e-05j),4932500000
(-0.9778681951510849+0.20059684159984692j),(-4.6343879970081665e-05-2.3488047010239976e-05j),4935000000
(-0.9775398790874449+0.20663172573312172j),(-0.00022662798088548164-7.530560423021968e-05j),4937500000
(-0.9797094694206177+0.20433086102946157j),(-7.373528721478201e-05-9.488703581014707e-05j),4940000000
(-0.9803257811625219+0.19783931986290798j),(-0.00010209971189476632-0.00011348773998046695j),4942500000
(-0.9807041277444866+0.1972503033656914j),(-0.00011724609199484446+4.95901022303849e-05j),4945000000
(-0.9783387873406079+0.1948849708492936j),(-0.00019700759977974678-3.383946193732267e-05j),4947500000
(-0.9826818788632201+0.19223953169456268j),(-0.00018750800030610878-0.0001313187123385571j),4950000000
(-0.9823063206095387+0.1932083891531613j),(-0.00027497353899703193+3.878529571391194e-06j),4952500000
(-0.9827509952518374+0.19112654100664705j),(-0.00021279374011566544+0.00010450506504733806j),4955000000
(-0.9820254753359682+0.19548826045649992j),(-0.00016310218044584223-0.0001696754642178614j),4957500000
(-0.9833107017146597+0.18791801665800187j),(-0.00012218552292746473-0.0001410090217979088j),4960000000
(-0.9853311375326634+0.19048341601826035j),(-0.0002296832390014521+1.0941806045779556e-05j),4962500000
(-0.9874692309029007+0.18387765371755382j),(-0.00023383113243274084+7.715596733474386e-05j),4965000000
(-0.9869760396623773+0.18442084720286592j),(-0.00019930108935628353+9.307751956354558e-05j),4967500000
(-0.9854433852567566+0.1827950918774544j),(-0.0002086733554061668+2.256271051346779e-05j),4970000000
(-0.986797018696748+0.1778485242782212j),(-0.00017514609417762313-2.6634071926484113e-05j),4972500000
(-0.9849166989517196+0.18498656509827052j),(-0.00018559907265927264+2.1825115584998626e-05j),4975000000
(-0.9870005308710128+0.17646203497166005j),(-0.0001755970398712363+3.795678147523505e-05j),4977500000
(-0.9862620639136993+0.17739442365903135j),(-0.0001699088955669659+4.098788835475697e-05j),4980000000
(-0.9886424386428901+0.17628374814368536j),(-0.00023644547706472188-4.334339937799978e-05j),4982500000
(-0.986613719731882+0.17283268520090322j),(-0.00023066424213694152+5.779360813102124e-05j),4985000000
(-0.991609280279722+0.17517479447859058j),(-0.000278123878734064+5.962715965034355e-05j),4987500000
(-0.9884884670704243+0.16862021638056696j),(-0.0002978323109999936-9.873213085438588e-06j),4990000000
(-0.9861803793416648+0.18233864694494847j),(-0.0001400275660761101+5.943280646258593e-06j),4992500000
(-0.9877831224299894+0.1760791901229395j),(-0.0003023130404681476+6.245369911707675e-05j),4995000000
(-0.9919073324609945+0.16395517301151963j),(-0.00030249615562313604-3.771028593638533e-05j),4997500000
(-0.9923478111495019+0.17407195574220183j),(-0.00022434555861149125+5.296510321663779e-05j),5000000000
(-0.9939346231001236+0.16485770994470472j),(-0.00039148222788807014-0.0001222987812723048j),5000000000
(-0.9947079652672918+0.15924451384089544j),(-0.00018165304602866194-6.405045065909068e-05j),5002500000
(-0.9916774088477032+0.17079962318574804j),(-0.00022087848854067122-6.0455232847968096e-05j),5005000000
(-0.9901396204145744+0.16671568496758485j),(-0.00041417926791473275-0.0001000875622006026j),5007500000
(-0.9910480050240772+0.1653552732949891j),(-0.00032034604031497445-0.00013093538247602543j),5010000000
(-0.9919184110141617+0.15820869595061232j),(-7.247767457445794e-05-6.877032591602679e-05j),5012500000
(-0.994393358882525+0.15412201530659184j),(-0.00023722891925309655-0.00012946865685245872j),5015000000
(-0.9958133031621863+0.1620563526718539j),(-0.00011488099008741778-0.00016410609647400404j),5017500000
(-0.9923435918303696+0.1595371185562042j),(-0.00018814732823652092-0.00018001448761008072j),5020000000
(-0.9916042763630285+0.1611718752876381j),(-0.00014245410755972147-7.048341969166376e-05j),5022500000
(-0.9916355425741349+0.1534465040849213j),(-0.000325633735562465-0.00016816704128506761j),5025000000
(-0.9921674008714875+0.15711927989694838j),(-0.00023652555382851277-0.00022777535291173802j),5027500000
(-0.9921817217682654+0.16024583709207138j),(-0.00026601742075845717-0.00013554801397815052j),5030000000
(-0.993169767420173+0.1534299126240575j),(-0.0001949112661993278-0.00010042311625364827j),5032500000
(-0.994632807626594+0.14582310668970377j),(-0.00017436532377762025-8.182529960257892e-06j),5035000000
(-0.9953936840070959+0.1485976870038333j),(-0.0003463730762238089-0.0001039597069711103j),5037500000
(-0.9972965029846304+0.14649340306351338j),(-0.00026954401873640076-0.00013514029867338803j),5040000000
(-0.996401425215546+0.14324493881098177j),(-0.00029851275349405786+4.6731077442552984e-05j),5042500000
(-0.9940416297240573+0.14461122383685845j),(-0.00019778793563934172+6.599630238101233e-05j),5045000000
(-0.9941429306352797+0.14522535112892268j),(-0.00021124717596092998+9.856438497141714e-05j),5047500000
(-0.993383686725261+0.14508672516105395j),(-0.00023890900401838495-2.401140408215546e-06j),5050000000
(-0.9927949523109852+0.15022414511358553j),(-0.00018581055717451156-9.877214976135968e-05j),5052500000
(-0.9931458403457821+0.13834123426396316j),(-0.00017869587887788937+3.593506288712127e-05j),5055000000
(-0.9913688129864262+0.13234088525989895j),(-0.0001976862678594339-9.465585500812658e-05j),5057500000
(-0.9913606470136549+0.13488710278856916j),(-0.00022251909911550965-6.950029677521432e-05j),5060000000
(-0.9877563927003254+0.1384752447634237j),(-0.0004416276180410654+3.165376837324164e-05j),5062500000
(-0.9920482830453177+0.13060936988271357j),(-0.0003251253244562891-3.1155359463129736e-05j),5065000000
(-0.9896355349928803+0.13273732062825072j),(-0.00024979260773250417-2.3383092171084614e-05j),5067500000
(-0.994347014649983+0.12147269965571009j),(-0.000204572838696761+7.750299029739174e-05j),5070000000
(-0.9925891490013258+0.11661396094681414j),(-0.0002405696762015369-4.660655514088699e-05j),5072500000
(-0.9928650840552877+0.12332491033518156j),(-0.0002700854596600938-0.00020097238051575522j),5075000000
(-0.9972876448815378+0.11171149994036121j),(-0.00021749730844852817+2.7733063616039154e-05j),5077500000
(-0.9938971299529259+0.12089406778331069j),(-0.000268873651796758-3.2087976761316624e-05j),5080000000
(-0.998863610178337+0.10830219780889262j),(-0.0001921767167086395-0.0001595368604048301j),5082500000
(-0.9925687242526734+0.11832098729856617j),(-0.00015428826299044681+3.8395612554708956e-05j),5085000000
(-0.9981539779903575+0.10801721851928114j),(-6.373707524054775e-05-4.7447132575382186e-05j),5087500000
(-0.9995161744229515+0.10763124641061361j),(-0.00016125179549642693+3.457847591437062e-05j),5090000000
(-0.9997798941103407+0.10906893072064591j),(-0.00011149176927736245+0.00015542721999437352j),5092500000
(-1.001857429757723+0.10555854360071622j),(-0.00011871257009849528-5.1755095294062566e-05j),5095000000
(-0.9993961422581461+0.10720522659486004j),(-7.714310482383218e-05+6.252039199944995e-06j),5097500000
(-1.0005765636489514+0.1042768812000898j),(-0.00032182313255040067+2.1417069478710615e-05j),5100000000
(-0.9962026850022828+0.11113513182181665j),(-0.0003160402093317028-0.00017515087957265267j),5102500000
(-0.9965731494260655+0.10761377165977355j),(-0.00014002312857689557+4.671551482559688e-05j),5105000000
(-0.9981502387420353+0.10308245464444848j),(-1.2284008918497749e-05+0.00012529975445382393j),5107500000
(-1.0022192791316573+0.09646876759623603j),(-0.00015408211857215263+0.00011175494256316485j),5110000000
(-0.9996687150589721+0.09709535230613893j),(-0.00011283241080863724+1.578353036342667e-05j),5112500000
(-1.0001683537788986+0.1016877940174903j),(-0.0001943160813745293+0.00013053800165265032j),5115000000
(-1.00265339684973+0.09218690395538393j),(-0.0001650380140661794+4.144536865124714e-05j),5117500000
(-0.999576161459422+0.1025522044320642j),(-0.00010714333818182815-3.603382130565089e-05j),5120000000
(-0.9953710195912031+0.10908610171721268j),(-0.00016824656116726314+4.55504253853455e-05j),5122500000
(-0.996341974690456+0.10338922429238527j),(-0.00018378242361582502+0.0001347133771079378j),5125000000
(-1.0019115246512138+0.09284421677503178j),(-0.00022157072488006616-8.152132396438866e-05j),5127500000
(-1.0010651481327746+0.09207356013978969j),(-0.0002720314896917009-1.0684500958024183e-05j),5130000000
(-1.0011789137013232+0.0901287500943466j),(-7.705366765463047e-05+6.662892687274312e-05j),5132500000
(-1.0005632731016256+0.08216438391544123j),(-0.00011221778115418839+0.0002471966165211483j),5135000000
(-1.0007039493843803+0.08953801190557939j),(-9.221970514467242e-05+9.34547989340568e-05j),5137500000
(-1.0018542831837685+0.08270277738193228j),(-0.0002423388652875868+0.00013354374830716354j),5140000000
(-1.0013866806513567+0.08669832176515929j),(-0.00019486551413481928+2.5758063581566613e-05j),5142500000
(-1.0025564571347414+0.07788222930077383j),(-0.00010849270960525031+0.00010231723058508629j),5145000000
(-1.002532903401711+0.08147687186840649j),(-8.072368733732323e-08+6.08327179804243e-05j),5147500000
(-1.0069257519451+0.06475070378314939j),(1.72504818910646e-05+0.0001503776069330369j),5150000000
(-1.0044123363773587+0.0688169831861681j),(-2.623540176601236e-05+4.849558102715088e-05j),5152500000
(-1.004481025280124+0.06992703736478624j),(-0.0002553443284655961+0.00012531340947778143j),5155000000
(-1.0048036695203297+0.06846373571935209j),(-0.00033275251826752754+0.00019975797663967352j),5157500000
(-1.0038538675496982+0.07206215239814358j),(-0.0002647581320244559+3.980526774777003e-06j),5160000000
(-1.0036759779962+0.07187191827822961j),(-0.00023353974885510399+7.2803608444704925e-06j),5162500000
(-1.003159369855354+0.07962096620414527j),(-0.00025377264962888485+8.841408754282242e-05j),5165000000
(-1.002083560762304+0.07104527784709279j),(-0.00017921033431847773+0.00014408655554069578j),5167500000
(-1.003851488666191+0.07085894074555975j),(-0.00013431575686241468+0.00017333178626087074j),5170000000
(-1.0051658182039809+0.0680867910963706j),(-0.00014011436148611637+6.274370502445077e-05j),5172500000
(-1.0044228307506704+0.0690379745545422j),(-0.00014169782230692625+1.8320503829736833e-05j),5175000000
(-1.0034548376450885+0.07018028246416479j),(-7.402851645085204e-05-7.079450900421054e-05j),5177500000
(-1.005364052554402+0.06182045438485346j),(-8.89326105311627e-05+1.9150524903010544e-05j),5180000000
(-1.0026312166232825+0.06243565096834469j),(-0.00021596051222728553-8.29939796399097e-05j),5182500000
(-1.003598173350927+0.06204419721744444j),(-0.00017286623117809274-2.0841645472110713e-05j),5185000000
(-1.0026571138819436+0.059386889013620055j),(-0.00011911199525524331-4.4498429774412754e-05j),5187500000
(-1.0019223071063292+0.06096262625168707j),(-0.00017032239210211934-7.700965168152184e-05j),5190000000
(-1.0056263583726537+0.05567952219915543j),(-4.059811401776687e-05+6.253796426981181e-06j),5192500000
(-1.0041547747781727+0.05434997676376825j),(-3.990237343569079e-05-1.8487484401134256e-05j),5195000000
(-1.0058371044390289+0.055929498678105004j),(-8.145114580551084e-05+0.0001272747388481311j),5197500000
(-1.0043881737387566+0.051826261727069396j),(-0.00011982682496694284+7.604062194874198e-05j),5200000000
(-1.0054454456713113+0.0511815585142448j),(-0.00018409725576482833+0.00017279164377293277j),5202500000
(-1.0045914678349623+0.04687162517556181j),(-0.0002606461098570653-5.196735287398362e-05j),5205000000
(-1.00541711431183+0.0512414011254967j),(-0.00015836133766760396-5.271229264550365e-05j),5207500000
(-1.0049205286120175+0.049647359506591174j),(-4.248238612826546e-05-4.772511213978674e-05j),5210000000
(-1.0035935897894723+0.050124702899294785j),(-9.562230035789752e-05-0.00015945319316011867j),5212500000
(-1.0057749344760287+0.05095859103675746j),(-0.0001537997654076313-0.00010888204090532111j),5215000000
(-1.0049907951277037+0.039540128332523565j),(-0.00017228141763004265+1.764858426493957e-05j),5217500000
(-1.0071626389461523+0.041413424909123794j),(-0.0002498349507529725-3.6342431905468996e-05j),5220000000
(-1.0067912330999713+0.0402396453909358j),(-0.00022185952793515287-8.035875388091961e-05j),5222500000
(-1.0067276916436618+0.040751791021130884j),(-8.221584724632313e-05-0.00019484627467577346j),5225000000
(-1.0064597439173908+0.03805272267425545j),(-8.402527904574567e-05-1.0189089397487407e-05j),5227500000
(-1.0067882696111825+0.033942940838024814j),(-0.00010301249321980263-0.0001210763673045021j),5230000000
(-1.0056499427224228+0.02783267233745124j),(-0.00017020111586140175+0.0001455339103918927j),5232500000
(-1.007297084765136+0.03290831122587046j),(-9.734956912428735e-05-5.0253029615769995e-05j),5235000000
(-1.0085959724299354+0.029326817827543806j),(-5.413765496681348e-05-8.387565227196706e-05j),5237500000
(-1.0078999211938235+0.029801609987965605j),(-3.556355901016197e-05-1.3462577693002204e-06j),5240000000
(-1.0087328393043202+0.021867436799770112j),(3.4617489775169197e-05-8.524741960130427e-05j),5242500000
(-1.0078508464394167+0.02605236014185178j),(8.814396742410023e-06-0.00018361950091607006j),5245000000
(-1.009176596388558+0.027319806760827108j),(-0.0002123195352646592-0.00011639639949190999j),5247500000
(-1.008273738778984+0.027212758404301592j),(-0.00024928540381469443-6.757949758720829e-05j),5250000000
(-1.0100546784857551+0.03510161605009216j),(-0.0002309613534354886-1.8080075497759028e-05j),5250000000
(-1.009172307867348+0.025125576378563972j),(-0.00018621895086851445-0.00024538033673210147j),5252500000
(-1.0073453021082233+0.022180459096521717j),(-0.00015567142477285496-8.758228033686505e-05j),5255000000
(-1.0100692796233783+0.025087926081396792j),(-5.055622669850157e-05-0.000127395384976855j),5257500000
(-1.007984429185968+0.017514902028499122j),(-5.220506119473322e-05+1.3082108821256725e-05j),5260000000
(-1.0088136199221407+0.01968891132287351j),(-3.680701398566613e-05+6.110887292262889e-05j),5262500000
(-1.0081109621244442+0.019027234930463773j),(-7.247781842910752e-05+8.159570345799096e-05j),5265000000
(-1.0068207643807543+0.014931825943163092j),(7.4737758272163026e-06+5.7629592415655404e-05j),5267500000
(-1.0083002660283886+0.01297098235121451j),(-0.00026149779171320353-8.802139595444675e-06j),5270000000
(-1.0071076590099879+0.006424181898153498j),(-0.00038206781228068633-5.2263709919774074e-05j),5272500000
(-1.008292810377262+0.01328211121588525j),(-8.711138038358802e-05-7.281774951590488e-05j),5275000000
(-1.0064427275424972+0.010791038561461621j),(-0.0001291700972820707+0.00012088276371105364j),5277500000
(-1.0081781181125442+0.00862198373972282j),(-0.00012146201392257407+2.748035339188225e-05j),5280000000
(-1.0072637516521186+0.00882923808901397j),(-0.00016165755898498346+5.250489503156951e-05j),5282500000
(-1.008316730901087+0.0016925417595173922j),(-1.0905837785138899e-05+9.429831554378607e-05j),5285000000
(-1.0097362468159163+0.003377250707757786j),(-2.918576206570998e-05-3.863787012103389e-05j),5287500000
(-1.0090550397025675-0.0009669541769327659j),(-8.047962165049165e-05-0.00011384660770410692j),5290000000
(-1.0093059357565601+0.00044369556477830526j),(0.00010590889397183267-3.898663410908361e-05j),5292500000
(-1.00742113659929-0.0005681599210808416j),(2.0296124549689237e-05+5.693601522358996e-05j),5295000000
(-1.0087227142200508-0.0009658887178970207j),(0.0001423038794535382+6.571902217407646e-05j),5297500000
(-1.007517175825665+0.007072623542876224j),(0.0001282573801357925+7.327602312264615e-05j),5300000000
(-1.009369267707938-0.0025652987008341764j),(-5.062676638939978e-05+0.00012172427440752001j),5302500000
(-1.007004887780739-0.00415258795823778j),(6.104337952014756e-05+0.0001675105318935835j),5305000000
(-1.0081959325695766-0.009202539999658933j),(-0.0001592202207634087+4.6442710217459184e-05j),5307500000
(-1.007576721454178-0.010546177065262246j),(-0.00017714337576064606-4.113365266836899e-05j),5310000000
(-1.0080072395108644-0.008614701733728154j),(-0.00020625353550024245+6.751741796113359e-06j),5312500000
(-1.0066956376851919-0.010956141329533835j),(-8.15771650298742e-05+0.000197717973471967j),5315000000
(-1.007818641287461-0.011425780507714915j),(1.1278783488005538e-05+0.0001892494404574899j),5317500000
(-1.0103198152933752-0.019791038196641447j),(-6.317796354342225e-05-0.0001225221626895707j),5320000000
(-1.0086414495939096-0.025562110096719614j),(-2.177190396752766e-05+0.00010599885506804957j),5322500000
(-1.0086547752328565-0.020603502902065234j),(2.6258544887447467e-05-7.257769768659465e-05j),5325000000
(-1.0064891573993715-0.0182415961584445j),(-3.2830935207678425e-05+0.00017754687634367902j),5327500000
(-1.0058452072172137-0.018021550447540568j),(-0.00012912334826865513-9.256985173162119e-06j),5330000000
(-1.0072374114766967-0.027709473760601767j),(-9.417078113161004e-05+1.1191226674451736e-05j),5332500000
(-1.0065692125564103-0.021881577784316424j),(-8.161778150880694e-05-3.47964729310092e-05j),5335000000
(-1.0059281457479627-0.022656099271594093j),(0.0001934049008648823+0.00013786059646456116j),5337500000
(-1.0069112810163414-0.023111639210276907j),(0.0002656122773208695+0.00036322028368255844j),5340000000
(-1.0108804109608982-0.029394522540256617j),(0.000249036981980076+0.0002584827988169662j),5342500000
(-1.0079332371026888-0.03854789920728645j),(0.00017437983357988337+0.00022555826306025015j),5345000000
(-1.0011742141630615-0.022842279096982127j),(-0.0002519112655399393+0.00021051543792223394j),5347500000
(-1.0023859239442412-0.0370234130944057j),(-0.00021894331179816398-3.721491103693176e-05j),5350000000
(-1.008690104965515-0.04444255462898856j),(-9.98685082334383e-05+0.0003000563932920607j),5352500000
(-1.0107454545935197-0.05004975897020259j),(5.314144342437211e-05+7.290117045574995e-05j),5355000000
(-1.0106676829106256-0.05032692161004266j),(-5.937842938566126e-05+0.00015724157348299893j),5357500000
(-1.0060559033734797-0.036295052672647196j),(-0.00017008030810926884-0.00030708829213769117j),5360000000
(-1.0088005873906591-0.04242823836319989j),(-0.00015462743837647163-0.00023332003951797174j),5362500000
(-1.0099809996414866-0.04828502411579715j),(-6.260478211521498e-05-0.00010723282712839412j),5365000000
(-1.008968375103393-0.043421494202201545j),(-1.4677974507478785e-05-2.3866836806926718e-05j),5367500000
(-1.0102306219126842-0.051482078617196406j),(3.1396418575134943e-06+0.00017777388941538945j),5370000000
(-1.0060450626087392-0.03910753566379477j),(0.0001494763493797685+5.990054768488044e-05j),5372500000
(-1.0093542832080933-0.0479986570157581j),(-2.1632758890116772e-05-2.4202625398854384e-05j),5375000000
(-1.0084505338643153-0.046291764781989875j),(-6.1320040901572e-06-1.9044746268475437e-06j),5377500000
(-1.0143925677625323-0.0636027708537093j),(5.649590002888014e-05+0.00015373262223688968j),5380000000
(-1.0071889321391487-0.058288212232786185j),(-0.0001543735332911054+0.000320010776390437j),5382500000
(-1.006897330640267-0.05173847903369758j),(-8.22134260844469e-05+3.7483784775776116e-05j),5385000000
(-1.00767061061685-0.05564983730718655j),(-6.424763000349663e-05+0.00014597824893479954j),5387500000
(-1.0067311452961336-0.05634760480232904j),(-0.00027293847522154806+6.611596874265346e-05j),5390000000
(-1.006179317003765-0.054271873050956564j),(1.3412365460552687e-05+7.283547387955455e-05j),5392500000
(-1.0060879647628727-0.05680404189814561j),(-0.00017202876249412834+0.00014851008015040023j),5395000000
(-1.0073237556895354-0.0596816019548034j),(-6.6836637262904e-05+5.2168378120747996e-05j),5397500000
(-1.0072400409922213-0.06571927713976548j),(0.00017199247629409617+9.564141369240614e-05j),5400000000
(-1.0072947841515918-0.06442846758555958j),(-0.00010810073300457495+3.359274004513429e-05j),5402500000
(-1.0045930181704297-0.07268587329294281j),(0.00010180475346557174-3.7619711652877416e-05j),5405000000
(-1.0050538514462097-0.07200645495356299j),(5.1552363152855725e-05+6.866212285143864e-05j),5407500000
(-1.0058568878915568-0.07176078426606243j),(-3.765175073268455e-05+0.00010495669159933298j),5410000000
(-1.0075430381993835-0.0775423907788442j),(9.134555851382422e-06+1.4257793565066105e-05j),5412500000
(-1.0031730366851899-0.06888079737385001j),(-0.00031103386137795085+1.1072546396480465e-05j),5415000000
(-1.0070345780649739-0.07741612580250115j),(-6.676555593781205e-05+0.00017136621173305402j),5417500000
(-1.0048385006813056-0.07662056584002114j),(1.0867641090424199e-06+0.00023495317043295983j),5420000000
(-1.0065078868491542-0.07933022349618074j),(-1.3648703839056887e-05+5.177421297399438e-05j),5422500000
(-1.008403121279528-0.08843009586508468j),(-2.1230260853411284e-06+0.00013238896850025885j),5425000000
(-1.0063272892679418-0.08308589908900049j),(9.148942320120174e-06+0.00016777484778929106j),5427500000
(-1.0063874383932208-0.08907831975643742j),(-0.00011550578321300919+8.478089589402902e-06j),5430000000
(-1.0036776511533911-0.08071446817177248j),(-0.0001582133028529946+0.00012012845505672101j),5432500000
(-1.0082390230036107-0.09324577363750633j),(6.535405743811592e-05+4.621787034607023e-05j),5435000000
(-0.9950643850445963-0.05001086691204357j),(-8.321191184039465e-05-7.394320775310959e-05j),5437500000
(-1.0096452176994453-0.0928657445972255j),(-0.00010976136076416943+9.266318696004065e-05j),5440000000
(-1.0085302302661279-0.09756213544977668j),(4.079840644231677e-05+5.7568799055739044e-05j),5442500000
(-1.0034718748570464-0.08006090303690819j),(-0.00019799047490412866-3.2930038031356654e-05j),5445000000
(-1.0056711402095295-0.1127335452471469j),(-0.00034909236122333733-5.55077381833199e-05j),5447500000
(-1.0063391480981154-0.11819435327678425j),(-7.006892524365328e-05-1.7523260371208353e-05j),5450000000
(-1.0076100404800779-0.1036778686780085j),(-1.6030190482353517e-05-0.0001580407321750484j),5452500000
(-1.007092030097248-0.09739412488782824j),(5.069007207105808e-05-0.0001249620812664416j),5455000000
(-1.0061948773393246-0.09098646011091079j),(-5.054968229512854e-05-0.00012593134004856743j),5457500000
(-1.0064176994127585-0.10646594590819658j),(-4.51096336950179e-05+3.0289238119935412e-05j),5460000000
(-1.0060677906279327-0.0998787699210238j),(-0.00014251640919107791-4.8810395235434606e-05j),5462500000
(-1.0046070029850418-0.10607313313777249j),(-7.872343688098104e-05-0.00016859636069450944j),5465000000
(-1.0080784399610119-0.10968572497256711j),(2.2338847446869455e-05-1.639900650465593e-05j),5467500000
(-1.0040424734044109-0.10683742469078501j),(9.313219755930415e-05-0.0001797961823700475j),5470000000
(-1.0064143162329988-0.10563712496623583j),(-0.0001031608780512619+0.00012175545161451697j),5472500000
(-1.0051926316680055-0.11345155681296057j),(-9.618007104997217e-05+9.710150667842072e-06j),5475000000
(-1.0067354715668058-0.11854387723229111j),(-9.514503081889321e-05+2.685904834770895e-05j),5477500000
(-1.006501422460153-0.12327439771397654j),(-0.00012783832393242458+4.698458887828661e-06j),5480000000
(-1.007140161772402-0.12072675004132295j),(-4.170532349931582e-06-0.00011218938379174314j),5482500000
(-1.0044148396669146-0.12210394667319151j),(8.070864528934958e-05+4.393246571274846e-05j),5485000000
(-1.0037709247334374-0.12165089186550801j),(4.102362269983622e-05-2.6267202440481043e-05j),5487500000
(-1.0036476568675903-0.1302221970898415j),(0.00025298644335048135-0.00012201067057471317j),5490000000
(-1.0025214031504759-0.1371895027620374j),(7.22600719823204e-05-6.978046054022621e-05j),5492500000
(-1.008743791018024-0.11955921615830407j),(0.00018803144802546722-8.049658548499453e-05j),5495000000
(-1.0075356444264532-0.12350588461901205j),(0.00011707762292359356-8.977534273705257e-05j),5497500000
(-1.0079867154204405-0.12160703831899751j),(-5.922938359151428e-05+2.8388544987623393e-05j),5500000000
(-1.0058011789761703-0.12959898249544524j),(0.00014046343966883846+8.46066826403654e-05j),5500000000
(-1.0099205584687976-0.10853328587250241j),(-0.00013112332136175546+0.00016974770341653402j),5502500000
(-1.0050669811063866-0.12763333482953326j),(-4.269367232639529e-05+8.149059775034608e-05j),5505000000
(-1.0102658332650472-0.12374505658676896j),(0.00010847581599906894-6.403919263019065e-05j),5507500000
(-1.0051747604482157-0.1342998084358223j),(9.401005739712388e-05-3.26299180549319e-05j),5510000000
(-1.0074574344398561-0.13417757283705395j),(-2.4054233016633218e-05+0.00010200069921343854j),5512500000
(-1.0043356756194288-0.1395069957794245j),(4.433685417324315e-05-0.00013432707717943667j),5515000000
(-1.0068839864388963-0.13519190937108j),(-3.563511453423219e-05-6.139845125779269e-05j),5517500000
(-1.0068642460764348-0.13700236418653217j),(9.414429277152482e-05-9.63535059670686e-05j),5520000000
(-1.0070592427554086-0.13947119473068495j),(0.0001277612489251133-1.3406128855486238e-05j),5522500000
(-1.0079769342279745-0.1360604697621961j),(-8.120425246639563e-06+2.3829354284097514e-05j),5525000000
(-1.0065790951306826-0.1456975339374769j),(4.223436573205935e-06+8.09567345556758e-05j),5527500000
(-1.004065475637121-0.14752286964407j),(-0.00014549190666702998+9.629666439862179e-05j),5530000000
(-1.0043276318622985-0.14262258497699232j),(-1.5884760342757498e-05+0.00012249229426859962j),5532500000
(-1.0027678496619479-0.14737417801365163j),(-5.378285148519903e-06+0.00012034458962570027j),5535000000
(-1.0067104614692948-0.1424921374356267j),(-4.0739461423797274e-05+4.543823314940544e-05j),5537500000
(-1.0038832718895008-0.1501969067465864j),(-2.9240383952195688e-05+3.677922656563074e-05j),5540000000
(-1.006390943435156-0.14234849128522178j),(6.259575994298444e-05+3.371393296295735e-05j),5542500000
(-1.0049105818066661-0.14793782198497055j),(3.866430746399522e-05+0.0001281673673827476j),5545000000
(-1.0020361513598823-0.15098164686574497j),(-7.115835439586702e-05+7.047932123935479e-05j),5547500000
(-1.003621077725134-0.14981433267504998j),(-5.57054113420099e-05+9.532051428049056e-05j),5550000000
(-1.0012575848581782-0.15560218743729237j),(2.0822659955824715e-05+3.1040990165259586e-05j),5552500000
(-1.00273528696741-0.1523505296069742j),(0.00013298253964024904-3.060955601933774e-05j),5555000000
(-1.005520540664379-0.1483807523859211j),(9.943265790948029e-05+5.865335597346872e-05j),5557500000
(-1.0016259817956754-0.15536884442090623j),(6.944530555502788e-05+5.942513113270591e-05j),5560000000
(-1.0014326506316789-0.15747589317885002j),(1.8189750121524623e-05+0.00011109050000460854j),5562500000
(-1.0037406720079423-0.1532634417036904j),(-1.4780310893475746e-06-3.940774317810921e-05j),5565000000
(-1.0020727766393582-0.15664943905804518j),(-8.930276582961661e-05+8.751165299287196e-05j),5567500000
(-1.0024638698864348-0.15862309086767543j),(-0.00013941606908427208+7.599502264536721e-05j),5570000000
(-1.0002515478901042-0.16183513332361157j),(-0.00018556775612876453+6.069115852591934e-05j),5572500000
(-1.001711107603643-0.15709195416901306j),(8.305087243678299e-05+7.285539953667059e-05j),5575000000
(-1.0007271876756805-0.16486083309044153j),(3.334731530235988e-05+0.0001422553479514275j),5577500000
(-0.998159439388714-0.16745940356366082j),(0.0002032063588290286+0.00028128962136920256j),5580000000
(-1.0014160134041923-0.1627013357965255j),(7.089978929219813e-05+3.9503582896298264e-05j),5582500000
(-0.999189658923723-0.1669462782511176j),(0.00028060725304208625-0.00012865983231363822j),5585000000
(-0.9989718203708079-0.1686844810881783j),(5.506360163066575e-05+7.526100244449935e-05j),5587500000
(-1.0000211270002388-0.1689157598559867j),(0.00022854633441569153+0.00018734187676564744j),5590000000
(-0.9982329898302341-0.17497744180827976j),(5.557416164507817e-05+0.00016758144488893183j),5592500000
(-1.000678072184768-0.16956980910412278j),(0.0002542582388493628+0.00011151098399368815j),5595000000
(-0.9989785504296557-0.17273602237629762j),(-7.991564484410336e-05+6.890727872285985e-05j),5597500000
(-0.9988648172848724-0.17490079265861927j),(0.00019062112210644033+6.106440456741886e-05j),5600000000
(-0.9957788350275346-0.17592648447106118j),(0.00019808743325883338+0.0001514078638384619j),5602500000
(-0.9966305211195148-0.18416405935437336j),(8.544468413207632e-05+6.35448851177429e-05j),5605000000
(-0.9985198057960959-0.17335228744446116j),(9.337984001311357e-05+0.00012156533078156405j),5607500000
(-0.9973669310047802-0.18803960027541414j),(2.6729706845016025e-05+0.0001875906211214706j),5610000000
(-0.9961228636349247-0.18438960792971615j),(-7.02849818466306e-05+0.000142547354591633j),5612500000
(-0.9979570601930232-0.1859467203775055j),(7.573161921541767e-05+0.0002789377531177216j),5615000000
(-0.9962204985755159-0.1926287318458774j),(0.0002090626317648495+0.00022253524253951416j),5617500000
(-0.9962797780079201-0.1895063370094618j),(3.4291718249203305e-05+0.00020507967542933653j),5620000000
(-0.9964180519292335-0.19553814078061785j),(0.0002594448546778871+0.00017352794058613777j),5622500000
(-0.9922701295527598-0.19122938740216827j),(-3.2686587750696225e-06+1.4865292129303518e-05j),5625000000
(-0.996722506965918-0.19882326400533415j),(0.00024228995000774467+0.00027989750731102254j),5627500000
(-0.9949358756189909-0.202606950176261j),(0.00021248462488102969+0.0003868680085519069j),5630000000
(-0.9956753422382206-0.198640931202509j),(1.8002901012689803e-05+0.0002595757400741862j),5632500000
(-0.9929509141945286-0.20424319138079544j),(3.668748307690371e-05+0.0002107975483892575j),5635000000
(-0.9950625747561407-0.20623687335978239j),(0.00012695103196502225+0.00017091477000518406j),5637500000
(-0.9938303340249248-0.21410106738452406j),(0.00013706555725826182+0.00016166167859960227j),5640000000
(-0.9944308397772557-0.21095443216788923j),(0.00023954373992079338+0.0002810344564060942j),5642500000
(-0.997797921664652-0.21470104085814704j),(0.00037412342953281846+0.00033251365272687504j),5645000000
(-1.0003728279455337-0.22497929209839154j),(0.0002520022144990282+0.00026095818214494576j),5647500000
(-0.9991004442611239-0.21655170546028418j),(0.00012072240690577942+0.0002507157080379915j),5650000000
(-0.9971958193112298-0.21371796426802608j),(1.2401200169218908e-05+9.911836316718328e-05j),5652500000
(-1.0004235973098854-0.22129465920109923j),(-5.222733154205434e-05+1.1175322543068765e-05j),5655000000
(-1.0044809973469155-0.22527852178018246j),(-3.747761172292037e-05+0.00016746195940028365j),5657500000
(-1.0042225857969658-0.22111217972657904j),(3.1920328724462106e-05+0.00028404188963842544j),5660000000
(-1.008708150681271-0.22256107226856509j),(0.00010553103221657223+7.040265654623517e-05j),5662500000
(-1.0103326728173316-0.22363925110574776j),(-8.888343260127365e-05+9.768447852723361e-05j),5665000000
(-1.0083960921621142-0.21887003100682015j),(-3.6986667422758636e-05+0.000329033530715926j),5667500000
(-1.0077008718105052-0.21316031683842476j),(3.123719362283401e-05+0.00019481336096722126j),5670000000
(-1.0099638202147458-0.22064708142271344j),(-4.4148633998157885e-05+0.00022150732579844618j),5672500000
(-1.0042644085263852-0.20970404849110622j),(9.118348280164367e-05+0.00030365750611983017j),5675000000
(-1.0033114343081917-0.21901431739457242j),(2.6611256014301494e-05-2.859876994003378e-05j),5677500000
(-1.0005738593379938-0.21825255048559966j),(0.0001772193756911888-7.520598767125848e-05j),5680000000
(-1.0026471625790516-0.21768114149290296j),(0.0002594073515552821+0.00019557089521871635j),5682500000
(-1.0008624433698639-0.21678229772489171j),(0.00013746346430007953-2.1505721424556126e-05j),5685000000
(-0.9958340621531477-0.21181084031767675j),(8.063678112603918e-05+0.00017749323880653304j),5687500000
(-0.9955667506224112-0.22495415576939856j),(-8.050907050945251e-05+0.00015655824871009828j),5690000000
(-0.9945679473332959-0.22228112824576243j),(4.992548520549786e-05+0.0002189801596424727j),5692500000
(-0.9929690731801614-0.2245019484374125j),(7.184474272223655e-05-3.137935245260224e-05j),5695000000
(-0.9920985064414166-0.2271095855008108j),(4.830111613523939e-05+2.034855868847632e-05j),5697500000
(-0.9915380353755894-0.22389834943235673j),(0.00012966829603114731-7.182700407249716e-05j),5700000000
(-0.9912609027882512-0.2429161021968534j),(-0.00021121677033894643+9.794182510584456e-05j),5702500000
(-0.9913733182560134-0.2316688773110114j),(-3.2174922168671835e-05-8.8445142441763e-05j),5705000000
(-0.9900091455694078-0.23160781773988826j),(8.934691835528569e-05+0.00020299497606916306j),5707500000
(-0.9881068897556897-0.23707438218634816j),(-4.143695775818774e-05-9.787869094898501e-05j),5710000000
(-0.9863091293164454-0.2436805909528375j),(-7.143707023948918e-05+7.182605670784632e-05j),5712500000
(-0.9877123671630741-0.2406467980327255j),(-4.3279217959886566e-05-0.0002047037842777431j),5715000000
(-0.9855295461317415-0.2332217009023222j),(1.8783492769900493e-05-4.287827833003391e-05j),5717500000
(-0.98838092548331-0.24463090307185514j),(-0.00018216768162942378-6.899032668590104e-05j),5720000000
(-0.9850154217890353-0.23982756645155337j),(-4.955989261088337e-05-8.832922692107403e-05j),5722500000
(-0.9867046944061284-0.2474309039498179j),(-7.996846005460998e-06-3.129506524699762e-05j),5725000000
(-0.981985003505568-0.2523193369765531j),(0.0001085243541799543+2.07120332598279e-05j),5727500000
(-0.9852265956573999-0.27137019624671965j),(-1.3439775965267967e-05+5.040663480108467e-06j),5730000000
(-0.9836963504737254-0.2597310264952672j),(-7.994008997374421e-06+8.925153983083862e-05j),5732500000
(-0.984506573513163-0.25956198226843463j),(0.00016476124544828187-1.985100515879825e-06j),5735000000
(-0.9875665669402128-0.2707881860061351j),(1.6863492413831807e-05+0.00011910445144857018j),5737500000
(-0.9847758298669942-0.2653660771585327j),(-6.104390398122528e-05+0.00030922369998254937j),5740000000
(-0.9863408532296518-0.2701237324694274j),(-0.0001231063776472193+0.00010165042515917465j),5742500000
(-0.9857527511474032-0.2679267571112008j),(-3.924904952493735e-05-3.4911743703447777e-06j),5745000000
(-0.9872555084175466-0.2746090136907831j),(0.00021065995783392665-5.988459904240134e-05j),5747500000
(-0.9823195259110465-0.2769534151876443j),(-1.1945265584590354e-05+1.7121169732208778e-05j),5750000000
(-0.9813331054030406-0.2759008695616908j),(4.960075629827207e-05-0.0001396742975237793j),5750000000
(-0.9823249914028578-0.2833627293264103j),(-7.349309779944334e-05+3.273697364571257e-05j),5752500000
(-0.9830186440406596-0.27496248468341766j),(6.8323285674833345e-06+2.808917641810613e-05j),5755000000
(-0.9814439228174981-0.28249397807330173j),(0.00013209920939795332-6.039249551475627e-05j),5757500000
(-0.982378954510366-0.26673398368460366j),(-0.00012116317588599506+0.00017423154323767487j),5760000000
(-0.9804764973988257-0.2708561513578417j),(9.148460193943938e-05+3.895209585185941e-05j),5762500000
(-0.9808936637890484-0.2805850501742756j),(4.6024319111005055e-05+0.0002336321107704413j),5765000000
(-0.9800820024918818-0.2849306409243301j),(-4.892978417094779e-05+0.00015721703857664952j),5767500000
(-0.979094765959793-0.28653070812645753j),(-4.588464910718557e-05+8.317814889478703e-05j),5770000000
(-0.9769428201005019-0.2879435363989067j),(0.0002154018822683931-6.289216720461965e-06j),5772500000
(-0.9771428718338365-0.30047522644798114j),(0.0002534815166644127-2.1261925877476676e-05j),5775000000
(-0.9787907268998359-0.29515616444424864j),(0.000101373408009628+4.957369185201758e-05j),5777500000
(-0.981392401700532-0.28654841919252144j),(0.000326656944836694+4.39597580504468e-05j),5780000000
(-0.9790921768209095-0.2955620106894515j),(6.061941092597413e-05-1.269231324183391e-05j),5782500000
(-0.9801750850996849-0.28905425567165566j),(-5.285710907905699e-05-8.103258470605369e-06j),5785000000
(-0.9789148939195584-0.2994967909002481j),(-0.00015499845029356003-0.00010030608006582494j),5787500000
(-0.9801979942173291-0.29345962577695656j),(-0.00012726349654176334-9.892541288194882e-06j),5790000000
(-0.9784459131289872-0.3017843951288129j),(-1.8846113949113324e-05-1.4952028928357913e-06j),5792500000
(-0.9722836468739569-0.2975965992811615j),(5.0266330994201736e-05+1.2452119324462183e-06j),5795000000
(-0.9777025260006252-0.30336182945098555j),(4.659713949518685e-05+0.00010746832788916822j),5797500000
(-0.9739892922527909-0.31053256117023526j),(0.0001575046292996173+6.16737190852215e-05j),5800000000
(-0.9785651791932329-0.30708798215525845j),(-0.00018289851417589196-7.0888941900714975e-06j),5802500000
(-0.9765288691107619-0.3081039454195879j),(-1.0653245101532504e-05+4.472778344855063e-05j),5805000000
(-0.9768607263784589-0.30742792806811337j),(-0.0001458556776816237+1.5680370385296007e-05j),5807500000
(-0.9772985097836103-0.30306722554418236j),(1.6735749960077466e-06+4.676050735561993e-05j),5810000000
(-0.9740279462493212-0.3061732276280551j),(-1.7656691996069714e-05-0.00012665598815444202j),5812500000
(-0.9801136993937192-0.3036353275476593j),(-0.00014157131710602628+8.082207833209746e-05j),5815000000
(-0.9762401152762149-0.3089518392041677j),(-0.0002074903484977583+0.000116377430155633j),5817500000
(-0.9786376970126026-0.3145442172776357j),(-2.8082726369876624e-05+2.857036334187927e-05j),5820000000
(-0.9798544726668961-0.3016716847347259j),(0.00013450254679255922-4.993879325636331e-05j),5822500000
(-0.9745605476929621-0.3086485081217491j),(0.0001387870564871182+9.5270851050134e-05j),5825000000
(-0.9753626993937591-0.3091114176622999j),(0.00020710373622348667+6.248616762895089e-05j),5827500000
(-0.9781156201168921-0.3060568955367988j),(4.6545035753601186e-05+0.00010951787655437581j),5830000000
(-0.971668236661819-0.31424506899369664j),(5.296854534875892e-05+0.00015007236642749139j),5832500000
(-0.9800933457193726-0.3085100661329681j),(3.7819874707938266e-06+2.2345984993884668e-05j),5835000000
(-0.9838267675280561-0.30718353995525616j),(-0.00014383384235106347-8.028572907232964e-05j),5837500000
(-0.9861957091692363-0.3021160217471635j),(-0.00020783748422003247+6.043914605287024e-05j),5840000000
(-0.9814270451712936-0.3072137176747116j),(-7.987087234856328e-05-7.054690397502722e-05j),5842500000
(-0.9789621138620537-0.30772768454653454j),(2.0337395522770005e-05+0.0002093926272804319j),5845000000
(-0.9795596299819652-0.3120960227434918j),(9.841153219788585e-05+5.426199676537744e-05j),5847500000
(-0.97170410918279-0.3173111477330495j),(6.231582106314818e-05-7.289370276946172e-05j),5850000000
(-0.9689172634393791-0.3211350082544563j),(-1.658003198140471e-06-9.208032673045842e-05j),5852500000
(-0.9695377340908066-0.3174872807910668j),(-0.0001133898746620252-0.0001046151245559341j),5855000000
(-0.9715748184272295-0.3173970251543407j),(-5.027624547858676e-05-7.22548170343713e-05j),5857500000
(-0.9693583175558492-0.32278522612246785j),(-6.47486359498259e-05+8.228621579123665e-05j),5860000000
(-0.975256870669899-0.3195693276809604j),(-8.82463070609398e-05+4.101754878154315e-05j),5862500000
(-0.9705840943229831-0.32307419260260567j),(-7.803172159500387e-05+6.159035979868765e-05j),5865000000
(-0.967738385321957-0.32618922742363055j),(-0.00012842164430255384+0.00015860256484421777j),5867500000
(-0.9686148102800234-0.3254343045353485j),(-0.00015914448383777053+5.333181059223646e-05j),5870000000
(-0.9652348869056784-0.328031921452392j),(-0.00030262281673970197+0.00023365616603017472j),5872500000
(-0.9643354867693377-0.3316281631461964j),(-0.0002402012977251351+0.00012820401826778362j),5875000000
(-0.9707354544218644-0.32545392110742005j),(-0.00019358984439879617+5.158510269773279e-05j),5877500000
(-0.9694018312325993-0.3326829830498358j),(-4.960112461394469e-06+0.00022715576971881502j),5880000000
(-0.967108185662672-0.3329352188769945j),(-0.00013997938738495672+5.222855138500631e-07j),5882500000
(-0.9701264848066424-0.33356603216788566j),(-0.0002499656617766262+3.6286115770612373e-05j),5885000000
(-0.9700478286417642-0.33475980304255315j),(-0.00010797537177853571+0.00018575074930587217j),5887500000
(-0.9713311137123946-0.3336912069229802j),(-0.00010919166020360362+0.00016066460067875335j),5890000000
(-0.9630021737878889-0.34385084305119906j),(8.14088610903144e-05+3.569069152103431e-05j),5892500000
(-0.9641259348254869-0.3416009383179355j),(-0.00017078887279150756+0.00012940629961290674j),5895000000
(-0.9635481740287674-0.34458344249734485j),(-4.693349639675021e-06+4.027498572810927e-05j),5897500000
(-0.9592911097167592-0.34954829158150913j),(-0.00012394472034608635+0.00018795204468304176j),5900000000
(-0.9668520148908534-0.3465756468504304j),(-0.00020495449218780725+0.0001734576422821226j),5902500000
(-0.9635025912288651-0.35144428383931803j),(-0.0002791652872636182+0.00016018819823619134j),5905000000
(-0.9655508275983246-0.3467046407494513j),(-0.00013906967020173788+0.00034153297322067985j),5907500000
(-0.9600070262423267-0.34871869129445177j),(-0.00024299068936467646+0.00037562449290143j),5910000000
(-0.9606967637700831-0.3498418132588368j),(-0.0001941108532800516+8.360700422457384e-05j),5912500000
(-0.9582362517196553-0.35999010412204024j),(-6.514575723874255e-05+0.00012107518281404575j),5915000000
(-0.9554405455203366-0.3608308795558622j),(-2.6143517086198468e-05+0.00019625224348546438j),5917500000
(-0.9574729283399-0.361782309378455j),(-0.00033691648400883034+0.00022226272462504097j),5920000000
(-0.9554446942954815-0.3628803442919053j),(-0.0001754547349677536-6.451227234697553e-05j),5922500000
(-0.9576827001909186-0.3706752957065559j),(-0.00012823229241424482-7.508115164023148e-05j),5925000000
(-0.9569746179607239-0.3678105405175879j),(5.8345709693061166e-05-2.214683677571232e-05j),5927500000
(-0.9544263364119163-0.3724151528339694j),(-0.00016971555257441713+7.723574593268322e-05j),5930000000
(-0.9491174064477377-0.37082916133624766j),(4.583674986557846e-06-0.00011069073843364211j),5932500000
(-0.9530063354353755-0.37552528486277814j),(-6.469667420744265e-05+7.604337702733449e-05j),5935000000
(-0.9530243175071896-0.38064393024346765j),(-7.80495851728289e-05+5.627179807928799e-05j),5937500000
(-0.9571779557761813-0.3902738727575062j),(-0.00022875847354644603-8.575268114161458e-05j),5940000000
(-0.955392806340383-0.3855171510611378j),(-0.00012675265774366636+0.00017674258306352652j),5942500000
(-0.9552653011506292-0.3922706613312009j),(-0.000321188392594642+0.00019309762080217538j),5945000000
(-0.9579261984328552-0.3935796375135802j),(-0.00023935015566454654+8.935316923229775e-05j),5947500000
(-0.9613273225520265-0.3969573443934073j),(-0.0002956699717107402-0.00015657327759605752j),5950000000
(-0.9686805069387315-0.4106376320633967j),(0.00010373199953560297+2.0582032806746666e-05j),5952500000
(-0.9678466151882948-0.40219935725101j),(-0.0002794824034122524-4.6151912071265795e-05j),5955000000
(-0.9766137864489582-0.41386949398010975j),(3.898045779322424e-05-0.0001499712174175799j),5957500000
(-0.9773061370982854-0.3836705814166217j),(-3.264586913632579e-05+0.00015689479928386496j),5960000000
(-0.9877962710187763-0.4063529000124446j),(-0.00014609897984916225-6.697059735985026e-05j),5962500000
(-0.9903171636126297-0.4031455389974261j),(-0.00026158357397030257-0.0001437035173098766j),5965000000
(-0.991347013209423-0.4038640838697503j),(-0.00024739086125809593-0.00016813787129654837j),5967500000
(-0.9880680490014906-0.38205608781838246j),(-0.000292810142475349+0.00010077621446112824j),5970000000
(-0.9861331945267472-0.38279762187174093j),(2.320869652050089e-05+0.0002845555487026789j),5972500000
(-0.9855658847965232-0.37815825949665527j),(-0.0002397367341925654+0.0005546766786042987j),5975000000
(-0.9838120929724095-0.38216422941887124j),(-0.00016845769880799227+0.0002843099955922114j),5977500000
(-0.9814465947407859-0.3805980482858733j),(-0.0002880868404890647+0.00022643644601155332j),5980000000
(-0.9721362052515202-0.37031341037833715j),(0.00015988186881419722+0.00014906286587471355j),5982500000
(-0.9717317933443214-0.3854900015072895j),(-0.00033362585125175283+0.0003899685234720952j),5985000000
(-0.9678488569089589-0.3824574321104714j),(-0.00026375236571433487+0.00024131055672282022j),5987500000
(-0.964092024039852-0.39073290314913245j),(-0.0002889929600829536+4.3756122667195106e-05j),5990000000
(-0.9605685324788531-0.37986267248613836j),(-0.00033424853534140065-0.00027401114819950936j),5992500000
(-0.9565270374332736-0.3857179090863762j),(-0.0001304375480461165-6.3768876848512e-05j),5995000000
(-0.9578289427774008-0.39170739484285355j),(-0.0001900667006943542+0.00011197855973598879j),5997500000
(-0.9531714619989309-0.39129240973848795j),(4.739611616554134e-05+0.00033442483996382467j),6000000000
(-0.9518005830152261-0.385912930570421j),(-0.00020227434470471725+0.00015247227523203046j),6000000000
(-0.9519296935823061-0.39403632938930816j),(2.144677531254132e-05+0.00011180525356644003j),6002500000
(-0.9504634143601322-0.40436710210259014j),(0.00037128676443655-7.95113954915882e-05j),6005000000
(-0.9514209945605511-0.40556319795250506j),(-0.00015892970026130381-0.00023616723549604805j),6007500000
(-0.9460429297543675-0.3975801263303568j),(4.894655790535327e-05+0.0001933327551761886j),6010000000
(-0.9469022744571657-0.4154577970940844j),(-0.00017832080264469364-5.514564997080766e-05j),6012500000
(-0.9398027222600904-0.4189213947121521j),(9.286158709234532e-05+0.0004620679392723991j),6015000000
(-0.9413693558158086-0.4143779983544174j),(0.00019932190153214185+0.0003978275261341649j),6017500000
(-0.9454450440684853-0.41625425950975864j),(-0.0001645122231309128+0.00030716860519340095j),6020000000
(-0.9429229155001536-0.4170973930172775j),(0.00021177963071777333+6.366822295778722e-05j),6022500000
(-0.9390948222650186-0.44023670121667713j),(0.0005223098449739784+8.0877243563388e-05j),6025000000
(-0.9367867399931025-0.4099588938304708j),(-6.75851543681952e-05-0.0002046791204209058j),6027500000
(-0.9355182832436374-0.43242862699601353j),(0.0002682600326459646-0.00019916160962881705j),6030000000
(-0.9374093755468658-0.4428904374642704j),(-0.00015152720426948868+0.00027232923125032697j),6032500000
(-0.9373463640826402-0.43893476564180084j),(8.90807370735649e-05-2.3629652311876237e-05j),6035000000
(-0.9277898903683587-0.45779533957660445j),(0.00014691725203527968+0.00025472982513573587j),6037500000
(-0.933827548304449-0.4425492846087728j),(0.00013745423452906367+0.0003090367570763269j),6040000000
(-0.9392382942096853-0.4249563206302104j),(0.0005078625028019029+0.00023599221655936964j),6042500000
(-0.9353504976140721-0.43723700305388025j),(0.00012442398756374993+8.089260768474887e-05j),6045000000
(-0.9282898669385653-0.4503568683529484j),(0.00011678184517751451-0.00022549070069625656j),6047500000
(-0.9231773107378437-0.4583367587175966j),(0.00012417601288315178-0.00015666151693925824j),6050000000
(-0.9239951493983437-0.4562167263889317j),(-0.00027113839675836946+6.603493662801458e-05j),6052500000
(-0.9233501804133564-0.4646028496770139j),(-0.0005136639465718406+0.00017635715399024425j),6055000000
(-0.925598289815919-0.45191158543176296j),(-0.00026634545852193393+0.0001970559445443703j),6057500000
(-0.9212904694860959-0.46095124229906403j),(-0.000470148329671942-1.0046938818345043e-05j),6060000000
(-0.9219339011134516-0.4671687256575322j),(0.00012664497212717607-0.000139390640749532j),6062500000
(-0.9235454923929053-0.46038708732204664j),(5.896336632482877e-05+0.0003914438547729997j),6065000000
(-0.9157512482784772-0.4729149389503394j),(0.0003031229142179065+0.0003707579810469043j),6067500000
(-0.9210453542574347-0.459811505483885j),(0.00022134904222406975+8.622140315577913e-05j),6070000000
(-0.9181874772662384-0.4731967511610095j),(-0.00015541570906463622-0.00018302246569742073j),6072500000
(-0.9176801924583403-0.4645169067194297j),(0.00045054424775881974+0.00014925418414345372j),6075000000
(-0.9206948665661665-0.4660263077260144j),(-2.0314791812068612e-05-0.0002503195221666571j),6077500000
(-0.9215195244290388-0.4618661959962871j),(0.00016347112360785786+0.00031510787089389494j),6080000000
(-0.9226576322095106-0.4639199972335712j),(-0.00013989027699197682+1.3129630910379318e-06j),6082500000
(-0.9124035464558402-0.48357159296087343j),(3.778541857960028e-06-0.0002625178196542425j),6085000000
(-0.9104173231187178-0.4776609009105864j),(-0.00013377126018072213+0.00026297420035094126j),6087500000
(-0.913068866338742-0.4816299267504718j),(-0.00027658996512830333+9.408472228830793e-05j),6090000000
(-0.9240100636057746-0.4759504766634492j),(-0.0005386980495274354-5.762682506642972e-05j),6092500000
(-0.9202862174249486-0.47931871874877363j),(-9.77815243783193e-05-4.401505197365341e-05j),6095000000
(-0.9204262341100358-0.4752307592183491j),(0.0002758692130904714+0.00040603759086137354j),6097500000
(-0.9300653427107952-0.4611485724688379j),(-0.00019978550328783517+0.0002472100294766576j),6100000000
(-0.9183678291343192-0.4856305542039282j),(-0.00026877408775468985-0.00013425492970146815j),6102500000
(-0.9281155794276954-0.47784620361542074j),(-0.00033035782473208355+0.00019376963240098216j),6105000000
(-0.9199622254807288-0.48873001134785266j),(-0.00028579492364585226+1.1050231257734897e-06j),6107500000
(-0.9230970694218464-0.4800246367923499j),(-0.00023250219093245555+8.422015390375604e-05j),6110000000
(-0.9252489760103926-0.4756483579924254j),(-0.00026660440693942935+0.00019284397753685335j),6112500000
(-0.9180861230043635-0.48205455568838157j),(-2.2237749620532152e-05-0.0004427006980255876j),6115000000
(-0.9272743662969566-0.4725426859685323j),(0.00018457666826764236+0.00013527964604393645j),6117500000
(-0.9165085552081742-0.4791972635016286j),(-0.0009183943302534456-9.015269799255712e-05j),6120000000
(-0.9145161114925985-0.48335250769149385j),(0.0001498444764556252-0.00013696246608278464j),6122500000
(-0.9183234305397633-0.4785642251265335j),(0.0001772243804224464-0.000334659764074837j),6125000000
(-0.9298858550990236-0.46581800769354315j),(0.00011907325427574525-4.4175811547082644e-05j),6127500000
(-0.9257856582800837-0.4749420600967345j),(-0.00012462882375077994-0.0003970137094625034j),6130000000
(-0.9212917062299575-0.47619427160290534j),(-0.0004754489781701229+0.0001793015123773899j),6132500000
(-0.9167811616810185-0.47891329710612657j),(-0.0002880007476456227+0.0002086177848679491j),6135000000
(-0.919988300151432-0.478509034194476j),(-6.89939630385476e-05-1.2202629787953228e-05j),6137500000
(-0.9180952865790796-0.47867487242576245j),(-3.010099231748575e-05-0.0002564576980067645j),6140000000
(-0.9128152816133709-0.48130115359044806j),(5.125114990853527e-05-0.0002450324293855961j),6142500000
(-0.9137051237579635-0.47965821566154254j),(-0.00021778177607283236+0.00017007351724133084j),6145000000
(-0.9117681097861575-0.4774571935715466j),(-4.450238429591906e-05-9.64056534917758e-06j),6147500000
(-0.9131443987662381-0.4802567402040203j),(-0.0010836081589358192-0.00031352392018981336j),6150000000
(-0.9261080352467915-0.47459620795098645j),(-0.0007112766464509631+2.7634522727610688e-05j),6152500000
(-0.9104199226037937-0.48965974763983666j),(-0.0001293587429537843+0.00029756395235522483j),6155000000
(-0.9119737387628101-0.4860136319784032j),(0.00024933262130144-9.853421349386118e-05j),6157500000
(-0.9112943874576087-0.48597428523308817j),(7.63615012215706e-05+1.7240101655401535e-05j),6160000000
(-0.9239310139142329-0.4809421480479343j),(9.00445041101188e-06-0.00044369343660036935j),6162500000
(-0.9144577445194545-0.48735690472858445j),(0.00010788289355549126+2.906565179975354e-05j),6165000000
(-0.912461748736078-0.48897015196714333j),(-0.00047202935072191516-0.00010417815270745819j),6167500000
(-0.9123224702302047-0.4876054445299522j),(-0.0006460870109112421-7.806382353626733e-05j),6170000000
(-0.9083041000897295-0.4902811968724894j),(-0.0008214931406776495+0.0002514424059396571j),6172500000
(-0.9081896347286246-0.49327465873974663j),(-0.0005541830905428927+0.00023962831319406815j),6175000000
(-0.905747930040836-0.494221196249383j),(-0.00046192427542149215+0.00016562990462363325j),6177500000
(-0.9083055899647318-0.4970018095829201j),(0.00015364426420667955+0.00037432820861249284j),6180000000
(-0.9031747147983751-0.4981188471759402j),(-0.00011661854789964064-0.0002568597204652545j),6182500000
(-0.908209667196397-0.49605473946305684j),(0.00019345457955128727-0.0002897604671968321j),6185000000
(-0.8983056590624963-0.5006693847467574j),(-3.482300954377784e-05+6.463236069125181e-05j),6187500000
(-0.9023023251124032-0.5037565455816937j),(0.00038667316479986075+6.890876567268754e-05j),6190000000
(-0.8923386942893997-0.5084815927492912j),(4.04791234231178e-05+0.0003339053743857603j),6192500000
(-0.8948413946301599-0.504609007219887j),(-0.00013253335502446553-0.0007810002035201886j),6195000000
(-0.8865804467144158-0.5102085819762695j),(-1.3692458447992402e-05-0.0005469945381494488j),6197500000
(-0.8912435249453606-0.5055257186990663j),(0.0007878782173257572-0.000525234084789928j),6200000000
(-0.8859710752624655-0.5077253106154396j),(4.039756076147572e-05+0.0004572534964017699j),6202500000
(-0.8887313959508055-0.5131735879698186j),(0.00017163427041212996-0.0001550894594366565j),6205000000
(-0.8955217637784291-0.5151541900535594j),(0.000730586342687908+0.0004658545507058589j),6207500000
(-0.8847307030734937-0.5168256633352953j),(-0.00015259868873923884+0.0002508300657364512j),6210000000
(-0.8829581371770454-0.5161885214811499j),(1.4251859125755945e-05+6.380829168516224e-05j),6212500000
(-0.8821142171155287-0.5171357475874311j),(-0.0004505108692039883-0.0007612072473085697j),6215000000
(-0.8881203947147499-0.5232391731140992j),(-0.00023671277876107346+0.00011770388304984232j),6217500000
(-0.8889092195890392-0.5275590119320804j),(0.0004564049513444089+0.00015457336361492243j),6220000000
(-0.8846427535075766-0.5376461642493808j),(0.0003835345581711309+0.0009745926094599167j),6222500000
(-0.8823969309489172-0.5416214799843697j),(0.0003980491727171268+0.001613342258619627j),6225000000
(-0.880025526662475-0.5431383688088052j),(-0.00042012285764616664-0.000579720772261937j),6227500000
(-0.8856888495361975-0.5445156016778687j),(-0.00024888907088774557-0.00026390248827836115j),6230000000
(-0.8851860727573312-0.5480531583067304j),(0.00036568622125147216+0.00022870378439732888j),6232500000
(-0.8720186442194233-0.5517685034348042j),(-0.0003590633403010249-0.00022172704301373972j),6235000000
(-0.8756099838435671-0.5492675399486814j),(-0.0009429821262072931+4.6563145824204e-06j),6237500000
(-0.8855799069798143-0.5500386862099036j),(-0.0003301807309547165-1.7878392278844706e-05j),6240000000
(-0.8883817321655766-0.5568057504428453j),(8.237783391699942e-05+0.0002849890463163602j),6242500000
(-0.8887735700682938-0.5600088193048799j),(-0.0002942615692088104+0.0003489629204178207j),6245000000
(-0.8977848962243229-0.5841577560987306j),(0.00012711861829288918+0.0005583944033067186j),6247500000
(-0.8984463737744488-0.574482065445603j),(5.8907323941116624e-05+0.00044122594443423595j),6250000000
(-0.9013534014252865-0.5874970795286816j),(0.001231683383373779+0.0009265908838820597j),6250000000
(-0.906223050390236-0.5786935614325831j),(0.0007569601098940545+0.0009604496679045568j),6253125000
(-0.9169961372441546-0.5842087684847377j),(-0.0003098691537313452-0.0005415282714514174j),6256250000
(-0.924151039419974-0.5861685887180649j),(0.0002936142099340171+0.0006939184434825471j),6259375000
(-0.9343283593492427-0.5673955911747861j),(0.0013303797541175785-0.0011013005996814574j),6262500000
(-0.9322841231163017-0.5791639679973086j),(-8.587875425922151e-05-0.0010534774861788788j),6265625000
(-0.9440268804694074-0.5967321268635126j),(0.0003554668800484532+0.00029486792744433897j),6268750000
(-0.9469672230727038-0.5842674967786874j),(0.00015097090960354526-0.0003814076638673708j),6271875000
(-0.9416364868047422-0.5559480513393809j),(-4.037993235614812e-05-0.0010272309012439894j),6275000000
(-0.9491516655553265-0.5467952471452889j),(-0.0011645010954256343+0.000719314457517226j),6278125000
(-0.94619079210623-0.5255281767426235j),(0.0005197292033412193+0.0005353405757027535j),6281250000
(-0.936176892396518-0.533844883546532j),(-6.60614449744877e-05+0.0004605640339171472j),6284375000
(-0.9225931930057323-0.5385232556909255j),(-0.0005915215952711721-0.00046573450427529685j),6287500000
(-0.9186867970751442-0.5313706003794703j),(-0.0006117383155965837-0.0010273647341661864j),6290625000
(-0.9039010473994897-0.5447230809958037j),(-0.00021896860083886645+0.00017720043056497644j),6293750000
(-0.9064654860980106-0.5511759225637495j),(-0.00010739903653029519+6.883900509177624e-05j),6296875000
(-0.8965027748334973-0.5548849473786203j),(8.127967684066051e-05-0.00035150320449481645j),6300000000
(-0.8826380112655428-0.5683484279828424j),(1.6734961751862285e-05-9.908050086862662e-06j),6303125000
(-0.881063322292075-0.551688564704054j),(0.0015910653823816064+0.0003980281995588949j),6306250000
(-0.8453814412338547-0.6242679986529115j),(-0.00028946812104914204-0.0010483995249822825j),6309375000
(-0.8209248563146182-0.5563871969302104j),(-0.0005405810300471058-0.0016793628620369746j),6312500000
(-0.7887407221473429-0.6391390455647948j),(0.0011463441081595018+0.0011099617189005027j),6315625000
(-0.8597399191086169-0.6612745125195982j),(-6.899826524066458e-05-0.0025192525571210525j),6318750000
(-0.8208315429601438-0.4204927407167238j),(0.0025890822266623056-0.0014530955358223584j),6321875000
(-0.8100877554914664-0.5129630691608227j),(-0.0017246409791243909-0.0005597751892486999j),6325000000
(-0.8405203898554889-0.48616038900496195j),(0.0015177263327422075-0.0018613744498515072j),6328125000
(-0.841826949263438-0.6112288840433463j),(0.0007244513712849519+0.00272353784638025j),6331250000
(-0.8641357937293764-0.5895308569959873j),(-0.0020995745222262235+0.0013415627142172061j),6334375000
(-0.8880961974724971-0.6160896200209708j),(0.0014739681260886096+0.0004286389606139901j),6337500000
(-0.8980750443382454-0.5552911921991042j),(0.0018693166043804328+0.0007364390183755654j),6340625000
(-0.8358087117781-0.5799365899154295j),(-0.000998283443328645-0.0010345786825735309j),6343750000
(-0.8206814171927419-0.5101409351573559j),(0.002762927992210697-0.0006453063564995766j),6346875000
(-0.8087977174297207-0.5531114304072674j),(-0.0014993007495567392+0.001660417957200996j),6350000000
(-0.8924596986959622-0.6111012570837768j),(-0.002503852733924817-4.509493859521004e-05j),6353125000
(-0.8835415112753839-0.6816981064506089j),(-0.0028956866523371797+0.001117500992237942j),6356250000
(-0.9083690255320304-0.6258044587078768j),(-0.0011634747834800903+0.00034033793804757594j),6359375000
(-0.8871000492022224-0.6513200805350539j),(0.0009702747615200697+0.001247323933120801j),6362500000
(-0.9229115979118145-0.6855611653345042j),(-0.003671691638068932-0.001441195247799505j),6365625000
(-0.9740856147540959-0.7957040231375999j),(-0.002578788002591521-0.0017213457178546165j),6368750000
(-1.08428032872811-0.7789381642520135j),(0.0003863685709865189-0.0030869621200058815j),6371875000
(-1.0155596531942752-0.7605143727587763j),(0.0007783380501346917+6.118997160717793e-05j),6375000000
(-1.0323621274756722-0.7780648388213897j),(-0.0019749962823509552+0.0018937439318981947j),6378125000
(-1.0165685637059312-0.7363227507928221j),(-0.000768852011008501+0.0028822124235803803j),6381250000
(-0.9863138471830255-0.7950201543322181j),(-0.00038114231189049+0.002226789340242447j),6384375000
(-0.8483679571447742-0.7519440285866215j),(-0.002061913935593396+0.0017122288427525469j),6387500000
(-0.7108869391886501-0.8158821066643664j),(-0.0011879568494896945+0.0037502048012134515j),6390625000
(-0.6978526981644341-0.7227086921255278j),(0.0014169267015670527+0.001782990016932714j),6393750000
(-0.6720492250401507-0.6672711370636667j),(7.577560550841191e-05-0.0003123815307896162j),6396875000
(-0.6031626751222388-0.6948218546919233j),(-0.0035188808261621715+0.0001604674015776211j),6400000000
(-0.6293561685651445-0.577100726518097j),(-0.001383053082266802+0.0023209252809477765j),6403125000
(-0.6183479332888387-0.5376523817143581j),(0.004393742357884224+0.0007157400372302071j),6406250000
(-0.6158658768446097-0.53224780977163j),(0.0006001613303312077+0.0019798448145016767j),6409375000
(-0.6171690047674779-0.5268763009032257j),(-0.0024149278585242732-0.0012966096979499697j),6412500000
(-0.6904534740127327-0.4570729583912389j),(0.0018851738072522043-0.0044043868880360585j),6415625000
(-0.7194562178109227-0.4458719165640169j),(-6.043623858580739e-05+0.001862330685909791j),6418750000
(-0.7114635078961644-0.4691617468591674j),(-0.0005272372074657956-0.0037317555749218864j),6421875000
(-0.7113301751708533-0.4926033057058651j),(-0.0008354695987838906+0.001028678083919357j),6425000000
(-0.7812587926766728-0.48053137646603017j),(-0.0025505210371288465-0.001412704062567589j),6428125000
(-0.7542010502344181-0.5303986679601389j),(0.0013729611934133242-0.0005930953225828724j),6431250000
(-0.7533353544474866-0.5639686688791925j),(0.001663770707384313+0.001869927799002966j),6434375000
(-0.7684652176482164-0.5861409983837627j),(0.001597145084469138+0.00019962298906386712j),6437500000
(-0.7287142580741437-0.6254227600331687j),(0.00206710462235841-0.0005483817864513463j),6440625000
(-0.7720221143076816-0.6675439693090423j),(-0.0016202095707331943+0.004670378643317268j),6443750000
(-0.765432536395658-0.6583087829101695j),(-0.002153764956762085+0.0002841762282690405j),6446875000
(-0.8038750827820768-0.6591049595357338j),(0.004187528332484065-0.0015190511051560286j),6450000000
(-0.8192304263066208-0.6625910174811106j),(0.0007891488071273948+8.159851687098529e-05j),6453125000
(-0.7514868430388678-0.6367775700838555j),(0.00047663028857559454-6.028569771615022e-05j),6456250000
(-0.7755337068959312-0.6188847856029089j),(0.0009961575702628358-0.00042849814020714437j),6459375000
(-0.8390161021062467-0.6372907924901774j),(0.0004181942084986162+2.9678683948380217e-05j),6462500000
(-0.8186764554399214-0.6350494181442659j),(-0.0005056820559262235-0.00135823374076246j),6465625000
(-0.7448337743921185-0.6684729190083608j),(-0.0005452294017607804-0.0030955712490433676j),6468750000
(-0.7297756684879728-0.6921453191161713j),(-0.0007174800364382779-0.0017713050778958499j),6471875000
(-0.7392901243417169-0.643767645609333j),(-0.002022913907106148-0.000235251424694407j),6475000000
(-0.7073526146458443-0.6605249126378228j),(-0.002536887661919768-0.0003013700220160206j),6478125000
(-0.7490773382023884-0.6968584833368326j),(-0.0015429132252413483-0.001180238835221983j),6481250000
(-0.7552470036700811-0.6806718304112596j),(0.003760107410347916-8.576122970221066e-05j),6484375000
(-0.8178054497414452-0.6937236062023491j),(0.007293546918537269+0.0007776849931821222j),6487500000
(-0.7740668911521987-0.6456124676121987j),(0.0014557595949333997-0.002291859490876964j),6490625000
(-0.7870248151341109-0.6007816314062537j),(-0.0011348063191579465-0.0016491554780273773j),6493750000
(-0.7931309690985664-0.6033764376149789j),(-0.0026651385931548764-0.0022742451755501216j),6496875000
(-0.8180810200622338-0.5379321533965774j),(0.0013888535229519376+0.0007291607719312852j),6500000000
