S11,S21,freq
(-0.011093006410906634-0.8514922880334941j),(0.007581455014768692-0.016501265953355597j),4500000000
(-0.009805565997374123-0.8494816888925967j),(0.007717967477775981-0.01655270165993243j),4500250000
(-0.006919720410915054-0.8496315234184874j),(0.0077802924483122765-0.016553606816374106j),4500500000
(-0.006113814519584875-0.8500982426823293j),(0.007598638723695243-0.01663821808598906j),4500750000
(-0.010084912398865461-0.8487462215616863j),(0.007524439677040597-0.016595577173214204j),4501000000
(-0.0104356587587453-0.8489842412600161j),(0.00771199865758344-0.01654510106150616j),4501250000
(-0.010736877176621556-0.8487154875302247j),(0.007572265012031869-0.01662397010269311j),4501500000
(-0.007100502671471416-0.8489426403445081j),(0.007628324141708424-0.0166766820341462j),4501750000
(-0.008848615628169111-0.849004623104699j),(0.007620639841637258-0.016538234656032047j),4502000000
(-0.01054329867689168-0.8513139310739156j),(0.007533725019826083-0.01667434770191886j),4502250000
(-0.011644890211485645-0.8498996475663437j),(0.007615743687902228-0.01667730738776261j),4502500000
(-0.011873127783126568-0.8497214351254087j),(0.0075630139715528325-0.016694964544015325j),4502750000
(-0.008454300082875512-0.8493202849046856j),(0.007728846027500066-0.01665260448552036j),4503000000
(-0.014859384305201543-0.8517417639129795j),(0.0076164187889298275-0.016737425919023465j),4503250000
(-0.019372212861199663-0.8516126056376181j),(0.00744087029606047-0.01667326238751811j),4503500000
(-0.017971719239039168-0.8497886870769196j),(0.007442434560826033-0.016594844682443294j),4503750000
(-0.011267652331446153-0.851360255589584j),(0.007628986051185184-0.01664452272375568j),4504000000
(-0.022278279285873944-0.8530466210046491j),(0.0073646577319714-0.016703827039656904j),4504250000
(-0.014195110094958299-0.8508329500392519j),(0.0074290909523425895-0.016650041199837765j),4504500000
(-0.017768291450663776-0.8535789010889908j),(0.0073524474714557345-0.016689967771790066j),4504750000
(-0.016681809064767284-0.8528913658751133j),(0.00751472036622111-0.016835791468742763j),4505000000
(-0.0175512869097184-0.8541999260579165j),(0.0074025396661738-0.016667469963257454j),4505250000
(-0.02030370826112415-0.8534347427843068j),(0.007418333556822649-0.016943859205825463j),4505500000
(-0.022044597955436132-0.8528718171343196j),(0.007331677121003813-0.016884199431972346j),4505750000
(-0.016732054638169857-0.851628682192045j),(0.007431769828413875-0.016731729929023574j),4506000000
(-0.02218395575913828-0.8527787724842386j),(0.007252411842268666-0.016899766874546706j),4506250000
(-0.019454333069686247-0.8538752783531274j),(0.007389179470531814-0.01682773849452249j),4506500000
(-0.02116996819215463-0.8534706427768294j),(0.00715956612620859-0.016855770727703265j),4506750000
(-0.024752364169246293-0.8524856507519578j),(0.007356837391759774-0.0168065969828519j),4507000000
(-0.019921026763587094-0.8528201144626099j),(0.007353955779924445-0.016912901376391214j),4507250000
(-0.02174427799229619-0.8519399339825461j),(0.007341073673976678-0.016858123268124848j),4507500000
(-0.0259785157047002-0.8533144675339119j),(0.0072001369796039945-0.016968894195311685j),4507750000
(-0.021486566589254588-0.8540269209676168j),(0.00721053272859694-0.016808736156583112j),4508000000
(-0.02328214677951053-0.8534166060979178j),(0.0072575392688644415-0.016903565409142104j),4508250000
(-0.02564093398708818-0.855380967308768j),(0.0069822425521932074-0.017126101076765255j),4508500000
(-0.01817584630512686-0.8548926914376351j),(0.0071878475651728025-0.016973941851133226j),4508750000
(-0.026220482403862964-0.8551281022308564j),(0.0069970868897505974-0.017067193291080005j),4509000000
(-0.025682972070328117-0.852833549597789j),(0.007082260829202653-0.016978614335465127j),4509250000
(-0.020531048722560903-0.8543954507397412j),(0.007155197546310069-0.01695413076609665j),4509500000
(-0.021978225882592774-0.8536592410217337j),(0.007048464634184841-0.017017704502785384j),4509750000
(-0.02385520635247252-0.8555186453313284j),(0.006971171469656917-0.016961454041006376j),4510000000
(-0.030838499686681488-0.8563321605685664j),(0.006857761956488798-0.017219441228099323j),4510250000
(-0.018871915845685604-0.8542051844868055j),(0.007169359776856117-0.016957413545647344j),4510500000
(-0.023709998373885925-0.8548525404510945j),(0.006956257682475011-0.017128236597994742j),4510750000
(-0.023413247711901695-0.8546911024140371j),(0.006966656510649888-0.017070901655869813j),4511000000
(-0.024948494942772965-0.8522399075500475j),(0.006968778861646986-0.01711935051885877j),4511250000
(-0.018921410369048028-0.8549268184753561j),(0.006923022675181273-0.017154534344814808j),4511500000
(-0.024913057274719787-0.8525543325510632j),(0.006872176957076641-0.0171568872315101j),4511750000
(-0.022467312164350953-0.852912756561447j),(0.006870014019734169-0.017133399910999127j),4512000000
(-0.023483417279508968-0.852984224901416j),(0.006872332911628757-0.017110286573026438j),4512250000
(-0.026291497894838808-0.8546133452831889j),(0.0066312267998212574-0.01723009659027517j),4512500000
(-0.027398898136733928-0.8518915699960949j),(0.006900406269314102-0.017194369615296187j),4512750000
(-0.02638881631413832-0.8549685855741822j),(0.006663068120481794-0.01723971172656398j),4513000000
(-0.025361786252439303-0.8535255195281901j),(0.006755700668807566-0.017215905116082016j),4513250000
(-0.025265095310897392-0.8533348069463733j),(0.006685837035484605-0.017269022566534297j),4513500000
(-0.026083373614610626-0.8545654777030266j),(0.006695409246010197-0.017264801313890177j),4513750000
(-0.024138139827765425-0.8539838324030353j),(0.0066310275431340025-0.017310383412329364j),4514000000
(-0.023676399607195756-0.8541326420222373j),(0.006678648682646074-0.017268377562951j),4514250000
(-0.028162798607558374-0.8563724451319513j),(0.006607331288441687-0.017277128606475126j),4514500000
(-0.028490619309634098-0.8561567167556718j),(0.006564420767181411-0.01738566376087159j),4514750000
(-0.02546055176741094-0.8550429323238327j),(0.0066095420202642915-0.0173703865057549j),4515000000
(-0.0314968917545773-0.85466123907134j),(0.006510191960165392-0.01734272929041557j),4515250000
(-0.02727355895247367-0.8544986708645124j),(0.006590020466963169-0.01723694679192407j),4515500000
(-0.031253298715213734-0.8556747245449832j),(0.00652112927685973-0.017376247012680087j),4515750000
(-0.02814238744575971-0.8546635409592495j),(0.00644064407247566-0.017313410812024546j),4516000000
(-0.03101006955953687-0.854402756142315j),(0.006611833348771583-0.01736574854926501j),4516250000
(-0.03108351148781884-0.8544272112957014j),(0.00641180521072971-0.01735941667672324j),4516500000
(-0.03247512788163429-0.852296831014012j),(0.006416659475066718-0.017475127675420678j),4516750000
(-0.03334327544015173-0.8520232175240843j),(0.006460003605958201-0.01745673454431142j),4517000000
(-0.02747655813922824-0.8536948361835321j),(0.006512400691137231-0.01735334460925976j),4517250000
(-0.03205608727946741-0.853462900426146j),(0.006547620143106359-0.017436004107852673j),4517500000
(-0.03338598936713554-0.8536646790468941j),(0.006378036775648426-0.01730582580283092j),4517750000
(-0.03548753431438799-0.852840225244316j),(0.006332184638521355-0.017362105572782106j),4518000000
(-0.029814765989988983-0.8534338322783113j),(0.006329896105342174-0.017509220644949645j),4518250000
(-0.03477959167794759-0.8532172564709312j),(0.0063540538677367845-0.0173663705376623j),4518500000
(-0.0323669359328403-0.8526675505473486j),(0.006282706210956783-0.017528515792700212j),4518750000
(-0.034527550227978626-0.8534556384530806j),(0.006396170182803536-0.017520430445572496j),4519000000
(-0.035379723972543554-0.8539598289930742j),(0.0062731649393532535-0.017414670030217634j),4519250000
(-0.030822387033391956-0.8552283818301604j),(0.0065443932692224845-0.017509397708676943j),4519500000
(-0.03122384022501483-0.8539175569146865j),(0.006347562166404222-0.017449003586789167j),4519750000
(-0.0316167936522794-0.8545395877004762j),(0.006359293878555955-0.01753724219113185j),4520000000
(-0.035488058592179066-0.8534169145086341j),(0.006187472412706839-0.017695761086253054j),4520250000
(-0.02993790251276743-0.8549163132978209j),(0.006293835124702917-0.017554940360927265j),4520500000
(-0.03184637899217814-0.8527350142538503j),(0.006189155783970486-0.017657021292852765j),4520750000
(-0.03262634599472485-0.8540041871562115j),(0.0062090211946559636-0.017512649505060412j),4521000000
(-0.03329910704054837-0.854784465627657j),(0.0061566359609543115-0.017597640826577634j),4521250000
(-0.03806652767740758-0.8548920570836821j),(0.005985339718916496-0.017690304833027245j),4521500000
(-0.02970450632869773-0.8538269012763994j),(0.006326624542336512-0.017704280189825405j),4521750000
(-0.044232535531021404-0.8544749417414386j),(0.0060298136827416915-0.017539169554498607j),4522000000
(-0.028578836606727314-0.8535196559359659j),(0.006237502682472925-0.017515855216501543j),4522250000
(-0.034291231133194565-0.8517110153997242j),(0.0060870109722380656-0.017614020784958724j),4522500000
(-0.033965205360442015-0.853158933482539j),(0.0060916925026742235-0.017607931248530235j),4522750000
(-0.04002055728659485-0.8535493396945899j),(0.0060196383945794515-0.017702400626113474j),4523000000
(-0.029585519951894537-0.850659620076365j),(0.005983982195005638-0.017623264731006012j),4523250000
(-0.03750411803193825-0.8525347038355945j),(0.006099549137398873-0.017683997075405182j),4523500000
(-0.03279506414202383-0.8521582891374087j),(0.006066531653931112-0.0176728676191676j),4523750000
(-0.04090219843189985-0.8551911128061345j),(0.005894257354670714-0.017715960088750975j),4524000000
(-0.04083074520499996-0.8524066592887859j),(0.005760996445735159-0.017718294695685272j),4524250000
(-0.0321073311402855-0.854354163869078j),(0.005923811567655916-0.017764534165172353j),4524500000
(-0.03488947367153644-0.8547214378293044j),(0.005883639712561998-0.01779232389207695j),4524750000
(-0.03548853290590845-0.8529194741039755j),(0.005936778262746597-0.01766580434285198j),4525000000
(-0.036678225009666374-0.8545611098732449j),(0.0057321479855679015-0.01777541557551181j),4525000000
(-0.04276718048514395-0.8543529508755863j),(0.005748123567795989-0.017858728066393725j),4525250000
(-0.03536316326475569-0.8529342930872205j),(0.0058504096672699355-0.017676299781053496j),4525500000
(-0.043722854781759475-0.855187452021817j),(0.005558612660723202-0.017815519194927684j),4525750000
(-0.03490549379508999-0.8531923065734637j),(0.005792491670764998-0.017662267045327994j),4526000000
(-0.04767036765971945-0.8541499319385721j),(0.005426028088923756-0.01790736849461109j),4526250000
(-0.03744427873433-0.8534115055709369j),(0.005716114769156493-0.017806407324859424j),4526500000
(-0.038512670284691346-0.8516943996173363j),(0.005646395459882724-0.017779617640696802j),4526750000
(-0.04323081619588806-0.8528136806423283j),(0.005427781821414361-0.017841632054836572j),4527000000
(-0.04490885414683368-0.8536431916823004j),(0.005372115948027708-0.017787600968354186j),4527250000
(-0.045782741882943026-0.8529788747346961j),(0.0053765308482253025-0.017792412426669176j),4527500000
(-0.04232700801617212-0.8536410832694916j),(0.005446432908009071-0.01786329433184406j),4527750000
(-0.04524471920826875-0.851780367687678j),(0.00541375593034131-0.017922276953897295j),4528000000
(-0.0469317680980035-0.8522342940935083j),(0.0051298993364372976-0.018012091131441435j),4528250000
(-0.04604996260780846-0.8526549388292731j),(0.005198897519613683-0.01791520792568287j),4528500000
(-0.04768942052788135-0.8495708535428437j),(0.005219225035784361-0.01787303394992218j),4528750000
(-0.042349563443475007-0.8511415559575258j),(0.00529194825437884-0.01789830105642618j),4529000000
(-0.0428746959905537-0.851166050844521j),(0.005228924632015591-0.018012529584378958j),4529250000
(-0.0456346793076935-0.8510320071930606j),(0.00521398815871939-0.01790212739006627j),4529500000
(-0.04929160361480746-0.8516092000042288j),(0.005023917263242663-0.0179684212612936j),4529750000
(-0.048869630483428704-0.8533295242930398j),(0.005012504533487766-0.0180518497756639j),4530000000
(-0.04417790821357563-0.8527848274316835j),(0.005191401375930212-0.017900453109089942j),4530250000
(-0.05001806993346439-0.8519375543981177j),(0.005013236583521456-0.01804003205924316j),4530500000
(-0.047129326503775715-0.8526989512168479j),(0.005031118889970608-0.018040198395384763j),4530750000
(-0.04680987474022931-0.8537360351168467j),(0.0050817154958213645-0.018073972633170947j),4531000000
(-0.044656095026386226-0.8532957554141535j),(0.005187193338517274-0.018019807734419458j),4531250000
(-0.05221898111102646-0.8524075717738541j),(0.004883681743460137-0.018176973108686482j),4531500000
(-0.043557349141068194-0.8521329098897558j),(0.0051669631345859154-0.018045132559242876j),4531750000
(-0.05096170742165857-0.8531827859006703j),(0.005019554683682078-0.018111219696854728j),4532000000
(-0.05221651014299464-0.8525129221633906j),(0.004895507391333709-0.018108286629956477j),4532250000
(-0.05282603923751798-0.8527433631948853j),(0.004919159005920661-0.01816806113590001j),4532500000
(-0.049057639116391584-0.8517190512381348j),(0.004930301413664765-0.01805824133979341j),4532750000
(-0.04991980083712442-0.8517777539132525j),(0.004933701637420461-0.01807283641691306j),4533000000
(-0.05570698298543072-0.8518773567536462j),(0.004867558837174727-0.018218733643075767j),4533250000
(-0.049771805891651685-0.8531021453255635j),(0.005118048067447402-0.018196323584308047j),4533500000
(-0.051914466516264086-0.850700169713134j),(0.004724316289342404-0.018250138232070386j),4533750000
(-0.05054732844848788-0.8517383650448852j),(0.005004999015659452-0.018206094077722848j),4534000000
(-0.05332399331720787-0.8524256931977726j),(0.004787257350743612-0.018328830503995974j),4534250000
(-0.054360651270420196-0.8522330048268573j),(0.004885262116846685-0.018251810532914206j),4534500000
(-0.053938817720804805-0.8519763563738091j),(0.004788434674573345-0.018220359235244853j),4534750000
(-0.055327369634610456-0.8524370539875087j),(0.004723516431332691-0.01822167791610366j),4535000000
(-0.05007738457172898-0.8528959910840922j),(0.004646512945740977-0.01826836287916884j),4535250000
(-0.05749382391384895-0.8512840714877585j),(0.004633789632752685-0.018304230140373037j),4535500000
(-0.05359427801389197-0.8551595822860754j),(0.004692295110844175-0.018345032202785307j),4535750000
(-0.05641889182825597-0.8534702421793516j),(0.004524257324553796-0.01832151293362797j),4536000000
(-0.05186538911234501-0.8523845967230812j),(0.00456314629208514-0.018277451645297284j),4536250000
(-0.05685006324126017-0.8511970489289064j),(0.0045714298373696945-0.018291403654324617j),4536500000
(-0.058830197708790374-0.8519774378228795j),(0.004470284731541887-0.018211132177214786j),4536750000
(-0.05838040881191303-0.8518742026661891j),(0.004495204241512956-0.018174311030184718j),4537000000
(-0.057311296057031724-0.8524397168473378j),(0.004383490709089591-0.018246106607316147j),4537250000
(-0.05527773744837241-0.8540866370718214j),(0.004561957031639022-0.01828858495295847j),4537500000
(-0.06027267590193355-0.8520063676336149j),(0.004291927298852467-0.018320047664041432j),4537750000
(-0.05690592628925734-0.85096243983554j),(0.004486757353413162-0.01821731015096406j),4538000000
(-0.06131025647508861-0.8528315846315562j),(0.004292477145963291-0.0183585909131399j),4538250000
(-0.05711540872043121-0.8528145695234916j),(0.004376951440282854-0.01830429233588807j),4538500000
(-0.06444105056523212-0.8493483383048478j),(0.004137992989799481-0.018318443796766375j),4538750000
(-0.06022213841121743-0.851221724883075j),(0.00418225210805772-0.018174261164860758j),4539000000
(-0.062001714757926214-0.8501053998709801j),(0.0043004356194477995-0.018216196968678672j),4539250000
(-0.06066268527110895-0.8501066924540781j),(0.004173621582577812-0.018270763121884102j),4539500000
(-0.055944834329576455-0.8505142789062488j),(0.0041464840916877995-0.01817090132236295j),4539750000
(-0.06381757830163876-0.8490621435566003j),(0.004068182261842484-0.018215246797217907j),4540000000
(-0.06031300176397395-0.8496997918133806j),(0.004173484605743614-0.018155569257499886j),4540250000
(-0.063877713594794-0.8500819849967273j),(0.004085305532560764-0.018360579342453262j),4540500000
(-0.06050046321942365-0.8484106405947509j),(0.0041810289297899775-0.018335672388852982j),4540750000
(-0.0610027111083246-0.8481556564024578j),(0.0040395592679318285-0.018152816527722528j),4541000000
(-0.06427945221111457-0.8523941358536545j),(0.0039408515854545195-0.018333093879250924j),4541250000
(-0.06416100445195327-0.8483563927146062j),(0.003986093905516506-0.018282230402963114j),4541500000
(-0.0654278336708747-0.8497348548312851j),(0.00403704076376803-0.01830590802407316j),4541750000
(-0.06174757770840795-0.8507119308167589j),(0.0040692220882321065-0.018230989920378863j),4542000000
(-0.07114565031303381-0.8493343637881609j),(0.0038742891766213906-0.018285951739237437j),4542250000
(-0.0638446806369502-0.8494149794542124j),(0.004005731964186513-0.018265966865556305j),4542500000
(-0.06847119841468406-0.8482812273812397j),(0.0037909220395535236-0.01834033472817348j),4542750000
(-0.06700191622332426-0.8502607162286971j),(0.0037856252287988713-0.018503626299379676j),4543000000
(-0.06802164126834094-0.848767474099884j),(0.0038932416533494726-0.018364292265800143j),4543250000
(-0.06666600481596166-0.849531391642207j),(0.0036884224211460284-0.01834079422906573j),4543500000
(-0.0700516743277146-0.848415052735582j),(0.003793653942892156-0.018485808999932057j),4543750000
(-0.07068613178632376-0.8489695047387326j),(0.003789328706321066-0.018361807618774432j),4544000000
(-0.0693241826320662-0.8488903448750184j),(0.003845513777501958-0.018439746752384526j),4544250000
(-0.07083765889362693-0.8478007288577672j),(0.0035958510560217065-0.01828980048851663j),4544500000
(-0.06825553239666321-0.8450465429010766j),(0.0038172223387415074-0.018368196682907945j),4544750000
(-0.06738574908893802-0.8467822762879215j),(0.0036143684241355272-0.018406013832506667j),4545000000
(-0.0714924909193519-0.8464097664059235j),(0.00366779737786445-0.01849570748783794j),4545250000
(-0.0748914972329812-0.8474931956024029j),(0.0035597993899787552-0.01846410653851557j),4545500000
(-0.0703266733091356-0.8472134603839281j),(0.003524926610653974-0.018430960505604027j),4545750000
(-0.07242998567187922-0.8466503987364857j),(0.0036414099631379595-0.018444017017483633j),4546000000
(-0.0767563954079136-0.8477564644910462j),(0.003467694978212524-0.018472536417095117j),4546250000
(-0.07300128834509882-0.8464269541735032j),(0.003569286948336705-0.018463850153359718j),4546500000
(-0.07533027380349268-0.8482509025192683j),(0.0033605584047115373-0.018482066806665743j),4546750000
(-0.07349859554588886-0.8486007824111397j),(0.0035021425014868644-0.01851682652166765j),4547000000
(-0.07611221279480264-0.8450505275801621j),(0.0034062074503931647-0.01850133312664407j),4547250000
(-0.07460384686134994-0.8495840048013286j),(0.003314564589763558-0.018558011885185324j),4547500000
(-0.07074350892216487-0.847886111386685j),(0.0034084749019580142-0.018549605326758957j),4547750000
(-0.07312669978700112-0.8477407547036618j),(0.003306228772890989-0.01858494722025197j),4548000000
(-0.0725396162080306-0.8471537082141404j),(0.003316197496198167-0.018502144470412166j),4548250000
(-0.07934459404075925-0.8488027170696291j),(0.0032178281818994693-0.018601683690135522j),4548500000
(-0.07192657745158341-0.8471704333523684j),(0.0032865909468054347-0.018620018445693488j),4548750000
(-0.07461096390190397-0.848232731603272j),(0.003166737705323429-0.018669702238621643j),4549000000
(-0.06714258221593762-0.8485232426130415j),(0.0033128824671204244-0.01873696233956129j),4549250000
(-0.08320228372187964-0.8473098475956804j),(0.00310788953461755-0.01878519501480154j),4549500000
(-0.07651650967508376-0.8484776535087852j),(0.0031541335876417594-0.018757147782637464j),4549750000
(-0.07457685561282439-0.8489681702660664j),(0.0031982578798666035-0.01877753931516425j),4550000000
(-0.07704144170094414-0.8488089958402544j),(0.002821503780407771-0.01880053616650742j),4550000000
(-0.07435291491351946-0.8485845825898878j),(0.002806842727664778-0.018770908031834316j),4550250000
(-0.08028885572732025-0.8457574400747614j),(0.0026592376194501275-0.018840707146817688j),4550500000
(-0.06833081847260385-0.8497186973662468j),(0.0027899252765765962-0.018918801445736322j),4550750000
(-0.08379995735518717-0.8452602752470898j),(0.0024703808069701195-0.018831684325971015j),4551000000
(-0.07536217452476145-0.8479080558349872j),(0.0025618341224879675-0.018786573786395543j),4551250000
(-0.079844964147152-0.846777639830158j),(0.00245315970934043-0.018855598282019215j),4551500000
(-0.07435490929256755-0.8456208367988567j),(0.002589543637897521-0.018862808182878256j),4551750000
(-0.08848949972192821-0.8450338142506871j),(0.002530886317831106-0.018713925044632613j),4552000000
(-0.07634344977886146-0.8472007662124433j),(0.0025487201333316465-0.018787567552435512j),4552250000
(-0.07350130027297884-0.8478307953433627j),(0.002489397373133158-0.018693247352526837j),4552500000
(-0.07883931702022527-0.8462248964701666j),(0.002340651864555043-0.01876425170505028j),4552750000
(-0.08491087054385775-0.8451202046096651j),(0.0022932319627365534-0.018869246791816643j),4553000000
(-0.07602652485660381-0.8462762040550532j),(0.00223658683577519-0.018777815837971567j),4553250000
(-0.08029724011239711-0.8457556874078151j),(0.002188593553772265-0.01885061382635283j),4553500000
(-0.07850235143463277-0.846097787731603j),(0.0022644991881586845-0.018938607038432243j),4553750000
(-0.08167958916550007-0.844191250593345j),(0.002278610547636708-0.018814267593814604j),4554000000
(-0.08057563703346794-0.8444223974591799j),(0.0021614429835366826-0.018807934527339646j),4554250000
(-0.08065800390835559-0.8438690061005061j),(0.00224551474163832-0.018708771085909435j),4554500000
(-0.07294014569406283-0.845212183326304j),(0.0023328996769285647-0.018761771325439287j),4554750000
(-0.07884526263997806-0.842852874410465j),(0.0022786183285134097-0.01873108591354445j),4555000000
(-0.08197344367878107-0.8422616376213643j),(0.0021259077272802805-0.01883273716872489j),4555250000
(-0.08013470021257497-0.8426431522481077j),(0.0021397381086914287-0.018920696659440444j),4555500000
(-0.0842656753714231-0.8413137584656465j),(0.00211310041122949-0.018784550246110573j),4555750000
(-0.08159953660088783-0.8423944333641848j),(0.0021120716472357286-0.0187960978263372j),4556000000
(-0.0807938488537588-0.8420916213440891j),(0.0020428535304432157-0.018703023192956983j),4556250000
(-0.08782063987083018-0.840587599310421j),(0.0018315032430508292-0.018765697592172254j),4556500000
(-0.07937706321796585-0.8402195485489988j),(0.002019117967617989-0.018730049669867625j),4556750000
(-0.09028879112383854-0.8406944257418048j),(0.0018126729249194015-0.0186730815506617j),4557000000
(-0.07875988036369275-0.8415842829848119j),(0.001826687395433837-0.018717374566881724j),4557250000
(-0.0868316150027723-0.8404864403117887j),(0.00186569931217921-0.01866403847904713j),4557500000
(-0.09008606344142664-0.8395416398041644j),(0.001687430214801749-0.018685867642870373j),4557750000
(-0.0825004250604241-0.8405579839125504j),(0.00201520596777031-0.018676427121623505j),4558000000
(-0.08687887002629809-0.8407094859708869j),(0.0018165661796063323-0.018664651676812846j),4558250000
(-0.08603353955700534-0.8402933713683867j),(0.0018185219132511817-0.018507413896715473j),4558500000
(-0.08350754973573762-0.8403917960170575j),(0.0017938634599692443-0.018649299593659633j),4558750000
(-0.08535839454913799-0.8393620292973902j),(0.0019462080873271347-0.018610993309790144j),4559000000
(-0.09481700513199844-0.8362585548271367j),(0.0015488232414969001-0.018546018886403375j),4559250000
(-0.08935924032057509-0.8402503813216634j),(0.0016900445233456018-0.018673917596708795j),4559500000
(-0.08986249192289367-0.8391224584883696j),(0.0017208500599034855-0.018630293930680792j),4559750000
(-0.09059826956646638-0.8383989882301632j),(0.001829891262751704-0.018613479314504657j),4560000000
(-0.09109075280491256-0.8379241479231079j),(0.0016412049636742895-0.018616804751026627j),4560250000
(-0.09347865534339751-0.8372508466824167j),(0.0015412103759065235-0.01847370593404871j),4560500000
(-0.09077220675161136-0.8373093928835966j),(0.001664912185977296-0.018648698546029924j),4560750000
(-0.10212113036247977-0.8355969369772827j),(0.0014330841935165683-0.018505927051039223j),4561000000
(-0.09202513852979129-0.8374374836879289j),(0.0016886537380284641-0.01852945091962246j),4561250000
(-0.09224463619191621-0.8370978320420369j),(0.001615136490768307-0.01856497230955827j),4561500000
(-0.09906413313640117-0.8358155019782799j),(0.0013355321023036041-0.018552362407103742j),4561750000
(-0.10093530815705348-0.8351295722894904j),(0.0014002931238764336-0.01848647545904876j),4562000000
(-0.09942771159580985-0.835231280358107j),(0.0014247509765899099-0.01854460981733891j),4562250000
(-0.09386202198695572-0.8364106135322955j),(0.0014730364530013294-0.018497168038638694j),4562500000
(-0.0938930003918753-0.8346450648954524j),(0.0015684310262421613-0.01857693900685443j),4562750000
(-0.1037149838193164-0.83495165865853j),(0.001207727131914249-0.01852388091510971j),4563000000
(-0.09098775155024803-0.8363570286788979j),(0.0014255239300935243-0.018402834643124366j),4563250000
(-0.09870385173178994-0.8346056243645658j),(0.0012828991347946961-0.01843073827963577j),4563500000
(-0.09237450808398184-0.836386282396838j),(0.0013842562112454518-0.018538471913704228j),4563750000
(-0.09510240738704055-0.8361167048800974j),(0.0012808933708043872-0.018523319913253965j),4564000000
(-0.09509827633019095-0.8352455476253818j),(0.0012308191580646464-0.018387461220569938j),4564250000
(-0.09769820072712243-0.8353635136420943j),(0.0013121777140331753-0.01853745353355053j),4564500000
(-0.09373552131162409-0.8343244012365603j),(0.0012081150185602422-0.018467127313737657j),4564750000
(-0.09324762613234522-0.835141224884209j),(0.001142129749018035-0.01842530332545661j),4565000000
(-0.10213369435034975-0.8342581765174899j),(0.0010346466406884439-0.018450773174582893j),4565250000
(-0.09097402291966038-0.8357069177350078j),(0.0012328683312537974-0.01853537480630272j),4565500000
(-0.0985487395256224-0.8342192438084091j),(0.0009640628301525989-0.018396806253736405j),4565750000
(-0.09108743792718295-0.8352477499870788j),(0.0010777122222936644-0.018562564061449082j),4566000000
(-0.09363263783666624-0.8351803118742908j),(0.001017023058788318-0.018459942750435287j),4566250000
(-0.09805335301189494-0.8338784766736328j),(0.0008497627441964185-0.01851127506182135j),4566500000
(-0.09267342719013612-0.8341625228824086j),(0.0010304063889920543-0.018395995724365757j),4566750000
(-0.09945161254879109-0.8328462386925872j),(0.0007410799405326426-0.01839173556451377j),4567000000
(-0.09234544401355704-0.8327598592331742j),(0.0009006503984576952-0.01842003559864303j),4567250000
(-0.09337558417613302-0.831932211774583j),(0.0008663453821125915-0.018372953162118528j),4567500000
(-0.09320422566381009-0.8331062688894203j),(0.0007203669396712029-0.01842965176470479j),4567750000
(-0.09032638803782163-0.8340515780501291j),(0.0009765204044872248-0.018446173611771047j),4568000000
(-0.09389394534981224-0.8329607082041206j),(0.0008076572959232679-0.018473097006014738j),4568250000
(-0.09225433543989667-0.831877303269161j),(0.0007771659878019561-0.01844855096606414j),4568500000
(-0.10026027826795209-0.8323674249132559j),(0.0005527659269157271-0.01844226757810955j),4568750000
(-0.08956489296183116-0.8331558674690506j),(0.0008462542392905844-0.01838142539863969j),4569000000
(-0.10184467792472374-0.8298276404152828j),(0.0006258346951907091-0.018413755539240066j),4569250000
(-0.0933897863974178-0.8330032209060654j),(0.0005984125880198782-0.018439041144865772j),4569500000
(-0.09472249561966445-0.8321544059097338j),(0.0005809596257199034-0.018366841613426117j),4569750000
(-0.09552231394702898-0.8331561620738424j),(0.0004180577875462536-0.018427871760443224j),4570000000
(-0.09250923174864065-0.8321025115626857j),(0.0005942499491285618-0.018411107462534854j),4570250000
(-0.09738022568777793-0.8310736369048978j),(0.0003660677329247084-0.018325746382477765j),4570500000
(-0.0898361559389662-0.8329982882894311j),(0.0005377584521950034-0.01846541595446753j),4570750000
(-0.09702367419554642-0.8310016103595209j),(0.00043717870055478896-0.018458678574265093j),4571000000
(-0.0928482841307224-0.8321064786695717j),(0.00036792355309926217-0.018507659148728265j),4571250000
(-0.09507140075390896-0.8309932517474589j),(0.0004820662343759997-0.01842284968594071j),4571500000
(-0.09914479970648117-0.8317151624155098j),(0.0001927150021631273-0.018294770248010715j),4571750000
(-0.09134201433431105-0.8301229544781388j),(0.00042527885064469863-0.01835471165408771j),4572000000
(-0.09538362728309846-0.8300141719814915j),(0.00014951072424043178-0.01838104339877025j),4572250000
(-0.09215277670041759-0.8297866568005019j),(0.0003771029219686744-0.01838746982205421j),4572500000
(-0.09298684895968676-0.8288610042443676j),(0.0003708949979224349-0.01831754805325008j),4572750000
(-0.09627922529325929-0.8286888717402005j),(0.00021739637195301994-0.018351205666308452j),4573000000
(-0.09244473964385364-0.830399805582408j),(0.00024706641676879764-0.018276167418211715j),4573250000
(-0.09475159919883312-0.8289824204681088j),(0.00011300084495572023-0.018306672244769718j),4573500000
(-0.09771455158746385-0.8294692861384566j),(0.00019236978825884444-0.018289247872985335j),4573750000
(-0.09310146733490522-0.8300634798647278j),(0.00010742481462584427-0.018313089284608237j),4574000000
(-0.0966531885912658-0.829111146088749j),(0.00018773556481984635-0.018279122081805706j),4574250000
(-0.1012252081952478-0.8274311603678788j),(-5.338642720795076e-05-0.018193580721283444j),4574500000
(-0.092398298136624-0.8309121761565906j),(0.00010553775145142556-0.01821695165479654j),4574750000
(-0.0981457539999432-0.8303239555222857j),(-2.6924967568356384e-07-0.01824306356440551j),4575000000
(-0.09859137263286777-0.8302473420462331j),(-0.00019149300505125265-0.01845415352001277j),4575000000
(-0.09246466689320948-0.830849197237463j),(7.56662048123683e-05-0.018379324130844126j),4575250000
(-0.09723846552814973-0.8306018867703601j),(-0.000222340627108783-0.01825931757433872j),4575500000
(-0.09387520984434214-0.8315687238713786j),(-0.00021389232065447176-0.018324254028393536j),4575750000
(-0.09512456920834464-0.8302277609467844j),(-4.6017523577461094e-05-0.018305088301468993j),4576000000
(-0.10031458810662221-0.8300177315532818j),(-0.00031675376238063813-0.018352604332388993j),4576250000
(-0.09460487620918849-0.8311300254208741j),(-0.00015588306287403443-0.018335369454481963j),4576500000
(-0.09736147675682146-0.830094972276359j),(-0.00038365833044899157-0.01828555078721595j),4576750000
(-0.09625964221159244-0.8312077661714353j),(-0.00037495792905662957-0.01829757540643671j),4577000000
(-0.09944780047896355-0.8313973743503486j),(-0.00041642876119029086-0.018213652496501403j),4577250000
(-0.09546326924761393-0.8300181191348589j),(-0.0004787878759756074-0.018298258378084794j),4577500000
(-0.0964396114847229-0.8311166176626561j),(-0.0004325881938918917-0.018335123497549153j),4577750000
(-0.09403578935965363-0.8316256148329315j),(-0.00033901121059857543-0.018295006775664136j),4578000000
(-0.09765787326711907-0.829820971738726j),(-0.0004044249912924418-0.01831766945184918j),4578250000
(-0.09626081668569568-0.830530499459686j),(-0.0006082308673175697-0.018357605271714227j),4578500000
(-0.09595835920512386-0.8301130125227304j),(-0.0004397983297862551-0.0182505430641422j),4578750000
(-0.0944526282566029-0.8309490442560533j),(-0.0005274092049282284-0.018275875496165134j),4579000000
(-0.09405760736685759-0.8295196617587625j),(-0.0004886025316248298-0.018202241481046745j),4579250000
(-0.10078945295037597-0.8289441604085456j),(-0.0006244743763964568-0.018171951940634173j),4579500000
(-0.09558261674412273-0.8319832988582426j),(-0.0007097495388135912-0.018237841555549993j),4579750000
(-0.09751873559046338-0.8297180124540665j),(-0.0005995825861864887-0.01819755956627506j),4580000000
(-0.10080904730658899-0.8282726793071752j),(-0.0008634699046662175-0.018244244757625865j),4580250000
(-0.09913674102002536-0.8294768377943559j),(-0.0007838092323427274-0.0182728795676943j),4580500000
(-0.1005885026918802-0.8303438914460993j),(-0.0008469909100541754-0.01821947758654411j),4580750000
(-0.09789173545579127-0.8291122340603536j),(-0.000801141705573855-0.018282261137789343j),4581000000
(-0.09940418854384292-0.8282845010473344j),(-0.0008197977172654585-0.01815223045094228j),4581250000
(-0.09857221524348864-0.8298198431916398j),(-0.0008909977552049246-0.01820073905047156j),4581500000
(-0.10208026624241831-0.8289375781120212j),(-0.0009615404773368078-0.018300204223918416j),4581750000
(-0.0976943561910477-0.8291631342559197j),(-0.0008517483670280033-0.018392399854559753j),4582000000
(-0.10305635769612254-0.827731931098665j),(-0.0009801183754198908-0.01819678827337175j),4582250000
(-0.104638765465-0.8280875932775109j),(-0.001139046656030263-0.018313327903254326j),4582500000
(-0.10032052606774117-0.8271512044394639j),(-0.0009423176084911574-0.01812036746198163j),4582750000
(-0.10448945851815107-0.8275848612823644j),(-0.0011723236038906552-0.018326987692328992j),4583000000
(-0.09914848615152014-0.8268919930302591j),(-0.0010022175921124835-0.018301805665124207j),4583250000
(-0.1030288030320242-0.8255393558483517j),(-0.0010877267979360315-0.01814281329358752j),4583500000
(-0.10399946472192866-0.8263065426181619j),(-0.001173966853952381-0.01831201336841823j),4583750000
(-0.1049210125567717-0.8261752997116777j),(-0.001312204536594745-0.01818507426307582j),4584000000
(-0.10150818979426879-0.8254730260179173j),(-0.0011732311613031382-0.018195874988646367j),4584250000
(-0.10459724463323176-0.8247080672009376j),(-0.001172747018706956-0.01814137616202583j),4584500000
(-0.10506971620677419-0.8258312395320702j),(-0.0012339243214705598-0.018110801312658974j),4584750000
(-0.1023150543145983-0.8248809580138126j),(-0.0011286270635839067-0.018164844031165413j),4585000000
(-0.10639038864488871-0.8254111965091666j),(-0.0013051083864821906-0.018126839621758133j),4585250000
(-0.10469888475586112-0.8266952786482831j),(-0.0012029092798328035-0.01805774470302103j),4585500000
(-0.10761144932496586-0.8256047344685215j),(-0.0013594541977100859-0.018095620336896226j),4585750000
(-0.10320243613425889-0.8267515577183263j),(-0.0013059662692731784-0.01797638096533579j),4586000000
(-0.10688012136322779-0.82665966159335j),(-0.001235786099572916-0.018241645911660016j),4586250000
(-0.10571539485978286-0.8262356523730556j),(-0.0013925949491535026-0.018186463635485105j),4586500000
(-0.10370075488496835-0.8276699568309421j),(-0.001312516447290003-0.01809207472172392j),4586750000
(-0.10859560580293415-0.8261620155036126j),(-0.0013658801589000887-0.01813141234967847j),4587000000
(-0.10325466214832729-0.8270490322872331j),(-0.0011359692205625935-0.01814807578159592j),4587250000
(-0.10806483385167873-0.8261654074957437j),(-0.0013835687584154513-0.018131679884028896j),4587500000
(-0.10530613722116777-0.8265536482773503j),(-0.001383760019569925-0.018019850985800726j),4587750000
(-0.10293537908920379-0.8259296651510751j),(-0.0012565589283887132-0.018035179926543802j),4588000000
(-0.09958614212728018-0.8274193248438457j),(-0.0012969787822311601-0.017984962054506795j),4588250000
(-0.10321912258225449-0.8254017411344313j),(-0.0012854514094467325-0.017944641406672773j),4588500000
(-0.1065761499234412-0.8259103395134856j),(-0.001308950362288261-0.017957128666922367j),4588750000
(-0.10066651041606917-0.8258122244546345j),(-0.0011456145132975166-0.018048214869041082j),4589000000
(-0.10653991184927673-0.8242871956972175j),(-0.001336629266393138-0.017926521233089j),4589250000
(-0.10985033107002243-0.8245213469922341j),(-0.0015236448619594986-0.018050817541556925j),4589500000
(-0.10942386961493367-0.8237791191388075j),(-0.0014304890193082404-0.017933143048495897j),4589750000
(-0.10731734869694418-0.8250691829155268j),(-0.0014804315980086642-0.017867333605979162j),4590000000
(-0.10560410368648325-0.8243409840585767j),(-0.0013152298495294956-0.01795037726023422j),4590250000
(-0.10762829088666806-0.8243804156141605j),(-0.0016092302473086017-0.017897995397780243j),4590500000
(-0.10446995966146512-0.8241249203623385j),(-0.001503735819014455-0.01795313573792334j),4590750000
(-0.1068959722455192-0.8241619765251477j),(-0.0015394628491823567-0.017864727238889627j),4591000000
(-0.10349514678400627-0.8246561592961665j),(-0.0016417463005115448-0.017898241917996775j),4591250000
(-0.1089771042721321-0.8239170448700535j),(-0.0015459967380206593-0.017799469177545622j),4591500000
(-0.10558935468118913-0.8253525771220469j),(-0.0016834471307988134-0.01784594914910687j),4591750000
(-0.1048342431278711-0.8244377895544606j),(-0.0015533749644696788-0.017836462889057072j),4592000000
(-0.10391676669276927-0.8239279316375029j),(-0.001634761329995849-0.017664823429636926j),4592250000
(-0.10457914753325329-0.8241529496331532j),(-0.0015879347821462896-0.01780167228848206j),4592500000
(-0.1069048098357014-0.8236134442312003j),(-0.0017282712282393545-0.017588935976123796j),4592750000
(-0.1034028892129729-0.8234905546100859j),(-0.0015340870218740212-0.0176361408022964j),4593000000
(-0.10855652543792144-0.8229966250313655j),(-0.0018955243077089594-0.017685800679305096j),4593250000
(-0.09977786105118551-0.8233534219438452j),(-0.0016385984518540275-0.01784678053218539j),4593500000
(-0.10828289028956983-0.8220236277950459j),(-0.0018256916945781061-0.017679949773228423j),4593750000
(-0.10736685648005556-0.8218099888998823j),(-0.0018821349349757508-0.017570015177836077j),4594000000
(-0.10842418736718493-0.8210302160794172j),(-0.0018347493426945558-0.017569722154346327j),4594250000
(-0.10898103907189159-0.8208875679216371j),(-0.0021297228282582724-0.017536204142574483j),4594500000
(-0.1115661407037193-0.8200594388772869j),(-0.0018877278125436076-0.01746712126125698j),4594750000
(-0.10788144009866209-0.8204979766590298j),(-0.002021034553483332-0.01743722758274059j),4595000000
(-0.1069083142780746-0.820424997315468j),(-0.0018769336407464515-0.01749810218951284j),4595250000
(-0.10771000996847574-0.8204679048488961j),(-0.0020628868408016417-0.017448984129219164j),4595500000
(-0.10674273003887373-0.8221183010883749j),(-0.0021065337630198017-0.01759429245302762j),4595750000
(-0.1124455161671523-0.8213170846430137j),(-0.002180370665040685-0.017465986552310225j),4596000000
(-0.10731493503940097-0.8222819335351308j),(-0.0021222995598763157-0.01746791423839568j),4596250000
(-0.11065362574541353-0.8218638266060637j),(-0.0021999992566632087-0.01747689934222027j),4596500000
(-0.10716098445984866-0.8225242476125247j),(-0.0022158052971254843-0.017463206095442548j),4596750000
(-0.11059382748329437-0.8221832960815729j),(-0.002243777774887533-0.01745892015757172j),4597000000
(-0.1072685943883779-0.8234997738908106j),(-0.002254669883927518-0.01745698163306494j),4597250000
(-0.10709100346041167-0.8237635084271495j),(-0.0023108654751398147-0.01741037380378003j),4597500000
(-0.11145276222052204-0.8230398452893389j),(-0.0024083619968630027-0.01739061331095239j),4597750000
(-0.10976845133711582-0.8225179088737927j),(-0.002231605951409641-0.01746028768878724j),4598000000
(-0.11127926928823995-0.823236170610757j),(-0.002432180731080442-0.017379709960503743j),4598250000
(-0.10875492103519392-0.823500504347986j),(-0.0023493036624881525-0.017427477878325798j),4598500000
(-0.11272059312256595-0.8229180491505299j),(-0.0024678342801609126-0.01733354192453346j),4598750000
(-0.10918758296278866-0.8235277524724018j),(-0.0023567612080112607-0.017382868376165525j),4599000000
(-0.11274188561555833-0.8231423919995683j),(-0.002394160853303193-0.017399630295508995j),4599250000
(-0.11151748922806336-0.8229314614053742j),(-0.0025976982437060933-0.01742306773268422j),4599500000
(-0.1105804279329116-0.8234996572228881j),(-0.0023676761732969232-0.01748825599398874j),4599750000
(-0.11552632117492283-0.8223557581155806j),(-0.002774403360064753-0.01735204531832918j),4600000000
(-0.11349987550842562-0.8240439457672153j),(-0.002578927317727199-0.017104266474710795j),4600000000
(-0.11378854584654727-0.8234729678545866j),(-0.002550476425914168-0.017148369620853757j),4600250000
(-0.11806679140684948-0.8226932879910888j),(-0.0025746826729687146-0.01706468776882869j),4600500000
(-0.11559359314213478-0.823271459966432j),(-0.002496217158834708-0.017069748429334335j),4600750000
(-0.11851808933775076-0.8232503042805942j),(-0.0026489354421548815-0.016992403004050124j),4601000000
(-0.1159839117849236-0.8237368511867005j),(-0.0025401353964809308-0.01703221917095725j),4601250000
(-0.11234469460833003-0.8249734106020128j),(-0.002603061524189119-0.017029301966373703j),4601500000
(-0.11658828096848542-0.8232811874483662j),(-0.002874494083861168-0.017143370614651838j),4601750000
(-0.1177659299962386-0.8238266132126801j),(-0.0026863930848116343-0.017069913631772807j),4602000000
(-0.12140224729323715-0.8230958976107259j),(-0.0030172976417839905-0.016944080747778017j),4602250000
(-0.11229525785643822-0.8242757403063192j),(-0.0025899012711114943-0.017015916499305624j),4602500000
(-0.11176237648104194-0.8247334720856582j),(-0.0026427151755752656-0.016961273697235914j),4602750000
(-0.11975561293576246-0.8232932864688992j),(-0.0029227500202770674-0.016978580392747734j),4603000000
(-0.11872388335493358-0.8228456095345095j),(-0.002888007513003383-0.016888628800565228j),4603250000
(-0.11100913518083293-0.8256023758902133j),(-0.002870336756608114-0.016971164949036954j),4603500000
(-0.11784005711956438-0.8229296826809128j),(-0.0029394738139587495-0.016853702985629243j),4603750000
(-0.12284791830527711-0.822151585238332j),(-0.003170323334330653-0.016847842862321306j),4604000000
(-0.11465855297838877-0.8226372534669214j),(-0.002886267404481328-0.016881320345580066j),4604250000
(-0.11766110247441124-0.8223516687993052j),(-0.003042880001133179-0.016784078199433623j),4604500000
(-0.1107361800562946-0.8248102239742297j),(-0.003030067975270451-0.016883584172995476j),4604750000
(-0.11680170153077159-0.8226956737892996j),(-0.002982596646920244-0.016804742578426766j),4605000000
(-0.12000130256479569-0.8224614373935923j),(-0.0033540497676127243-0.01681556932545219j),4605250000
(-0.1159827289148699-0.8224999568753347j),(-0.0029834584789079025-0.016751268249014465j),4605500000
(-0.11542921583833018-0.8218283517965163j),(-0.0032054319328543393-0.016653377194228044j),4605750000
(-0.11525490245576653-0.8217237978628072j),(-0.0031562537128573035-0.016764396489775627j),4606000000
(-0.11818705698856385-0.8209927519132199j),(-0.0032056080861882067-0.01670967557297998j),4606250000
(-0.11532933020172047-0.8225059556543834j),(-0.0032637983622069364-0.016790858540653052j),4606500000
(-0.12006677411179864-0.8202917920668023j),(-0.003357668629597993-0.016609427980423364j),4606750000
(-0.11639522107477299-0.8220302847865933j),(-0.003249769715253717-0.016725093777505917j),4607000000
(-0.11828616668735221-0.821213705379646j),(-0.003180906601564587-0.01664695833441812j),4607250000
(-0.1154974977133139-0.8209940881153087j),(-0.0031476852758562913-0.01672390924929528j),4607500000
(-0.11966659089558043-0.8205973236018794j),(-0.0033809036617274105-0.016599481951114856j),4607750000
(-0.12134392172864267-0.8199743580766018j),(-0.0031978191871250036-0.016619912289925074j),4608000000
(-0.11204813310287574-0.8217487697537337j),(-0.003049770915842561-0.016571440219740902j),4608250000
(-0.12176082004580567-0.8205247442705771j),(-0.003245685453421753-0.016453052054516738j),4608500000
(-0.11714062987571981-0.8202695332350141j),(-0.0031939932049474444-0.016514394588976605j),4608750000
(-0.11918328536541851-0.8192230984980484j),(-0.003160132759705423-0.01644848847768018j),4609000000
(-0.11888837768343649-0.8195460111004138j),(-0.0033140320512527986-0.016509950250036896j),4609250000
(-0.11803902611867217-0.8195153189208022j),(-0.003126385930938222-0.0165289558364206j),4609500000
(-0.11528903635582195-0.8206096276454058j),(-0.0031138034006853543-0.016428399860818j),4609750000
(-0.11999648408983858-0.8183245464641877j),(-0.0032412205016818757-0.016378413382970504j),4610000000
(-0.12228719796297993-0.8181486239706727j),(-0.0033112981757345917-0.016408602361022647j),4610250000
(-0.11521426668351954-0.8193389828760154j),(-0.0031178248858615195-0.016411724943750417j),4610500000
(-0.11791273746408312-0.8180957833432098j),(-0.00316405822097086-0.016306363632563714j),4610750000
(-0.12020483938275006-0.8175014122689958j),(-0.0032116916074832547-0.016312352880112523j),4611000000
(-0.11113388540288091-0.8184873729113932j),(-0.0030193626860882767-0.016351724623772573j),4611250000
(-0.12036442011496189-0.8167695556772484j),(-0.0031502659217879964-0.016229807463374917j),4611500000
(-0.11736511555801869-0.8169146501309797j),(-0.0031181417459869376-0.016258128306035645j),4611750000
(-0.12355000670938958-0.8155465406011394j),(-0.0031126910392479806-0.01630699545667591j),4612000000
(-0.11856877001199082-0.8173941069765797j),(-0.003081848262459013-0.01627390876615498j),4612250000
(-0.12762079661702275-0.8172874313631717j),(-0.00335538670357778-0.01622286732775837j),4612500000
(-0.11590534715242494-0.820406047477253j),(-0.0032065592604618035-0.016270499135752042j),4612750000
(-0.11643473097889202-0.8206600087309549j),(-0.0031567096417570253-0.016358983038522772j),4613000000
(-0.12254410229146145-0.8194266596635119j),(-0.003380753093377674-0.016233653748365846j),4613250000
(-0.1249589950658002-0.818779604252943j),(-0.0033650335525172493-0.016291032016461905j),4613500000
(-0.12194841991773588-0.8204987816783j),(-0.0033429540466264397-0.01635786107261915j),4613750000
(-0.11822576966313526-0.8200141630714377j),(-0.003171437792241353-0.01648151743767006j),4614000000
(-0.12284066931049177-0.8210262497339476j),(-0.003377122356612641-0.01637568071666867j),4614250000
(-0.11991946193770492-0.821759725547038j),(-0.0033903500744977503-0.016478110214150223j),4614500000
(-0.1264114655616743-0.8207140629308972j),(-0.003398014592312777-0.016385166572226523j),4614750000
(-0.1194366043065126-0.8237164610761004j),(-0.0033859176761366697-0.01636431585046169j),4615000000
(-0.12451404982009683-0.8218710652830774j),(-0.0034476125510748547-0.01631549182246191j),4615250000
(-0.12302508308233663-0.8230708849941789j),(-0.0033664534312295006-0.01653091387173437j),4615500000
(-0.12084056748023711-0.8225140077264383j),(-0.0033212914514064574-0.016450083916062723j),4615750000
(-0.12166794572888426-0.823695649350321j),(-0.003338125580486476-0.016366677002791787j),4616000000
(-0.12151671302875912-0.8244520137094742j),(-0.0033987583711013072-0.0165200851186959j),4616250000
(-0.12495391679640468-0.8240699835995586j),(-0.003392122775209982-0.016405670184164157j),4616500000
(-0.12357553273684979-0.8238060771374391j),(-0.0035260743378416034-0.016397460511195852j),4616750000
(-0.12544018104216847-0.8228642773917101j),(-0.0034332124511641804-0.016397165447164602j),4617000000
(-0.12763747849856677-0.8242724860607159j),(-0.003494292432008091-0.016431657583230203j),4617250000
(-0.11858997369700214-0.8253364684530523j),(-0.003347401281768828-0.01643608219124082j),4617500000
(-0.1241329061591804-0.8246428618097834j),(-0.0036290710637182384-0.01639333976428879j),4617750000
(-0.12237560964749256-0.8250220789044456j),(-0.0035621300435849613-0.01621695653777169j),4618000000
(-0.12348448587343455-0.8250134882448433j),(-0.003565545141844731-0.016330046339969456j),4618250000
(-0.12428845248426491-0.8264588087344398j),(-0.0036738469543055423-0.016195070707352002j),4618500000
(-0.12355790316948301-0.8265637805148031j),(-0.0036626591647966134-0.01638871676458737j),4618750000
(-0.1272255280701791-0.8262574888892359j),(-0.0038001218315639354-0.016362252020782904j),4619000000
(-0.11864925848236006-0.8283150795661461j),(-0.0034936046758271867-0.016401574706988706j),4619250000
(-0.1278148183162422-0.8268626616359008j),(-0.0038891654023496263-0.016322308313439657j),4619500000
(-0.11712465937021198-0.8275987001049009j),(-0.003585877946223636-0.016328359402784487j),4619750000
(-0.12125996111046963-0.8286852928411212j),(-0.0036503546884896817-0.016426400849253377j),4620000000
(-0.12418613603111801-0.8270605553031507j),(-0.003800847934352671-0.016357563784635258j),4620250000
(-0.12108861732300613-0.8285142543014581j),(-0.0037005678257215372-0.016348325251289927j),4620500000
(-0.12075305559655142-0.8276232208804583j),(-0.0037507561553353987-0.016276837338086048j),4620750000
(-0.12581217812371515-0.827130422281416j),(-0.003840460830914931-0.016253881205883117j),4621000000
(-0.12318683032920293-0.8279355165605005j),(-0.0037578732359980233-0.01626442594750172j),4621250000
(-0.12318938525613748-0.8273964784000288j),(-0.0037765245000076293-0.0161532613900458j),4621500000
(-0.12497835397049788-0.8278443483847204j),(-0.0041060094376402-0.016232673661844728j),4621750000
(-0.11809859633412344-0.8287614104367619j),(-0.003766138199755287-0.016251387503380215j),4622000000
(-0.12781058394468894-0.8282022826242609j),(-0.0040947730514068375-0.016227725822015225j),4622250000
(-0.12036906750597978-0.8279990751517996j),(-0.0038997331814793834-0.016394907384541815j),4622500000
(-0.12407440878584153-0.827885902654486j),(-0.004045148015740908-0.016290028913201877j),4622750000
(-0.12240722602952032-0.8284225933742339j),(-0.003982772703645738-0.016189487696644626j),4623000000
(-0.12244342666810273-0.8281584613951444j),(-0.0038664063334138054-0.01628206262283569j),4623250000
(-0.12383640477325508-0.8282580550404617j),(-0.004026442469684038-0.016230820853125126j),4623500000
(-0.11677493132927143-0.8297871603840876j),(-0.003812895917928688-0.01638956252864205j),4623750000
(-0.12948961800284875-0.8271710942866606j),(-0.004266875425491976-0.016215540325777742j),4624000000
(-0.12077120269505302-0.8296401424353346j),(-0.00409341086369492-0.016224424122207166j),4624250000
(-0.12642682403997388-0.827639572539768j),(-0.0042316799708848425-0.016206705754801872j),4624500000
(-0.12365236443111306-0.828958739035383j),(-0.004188589974654354-0.01629413690504895j),4624750000
(-0.12427065916834386-0.8284637907130853j),(-0.004192000888978662-0.01615937757253289j),4625000000
(-0.13289505678529348-0.8267072746989698j),(-0.004802028861809829-0.016338664801054472j),4625000000
(-0.13029872217569732-0.8275168281438173j),(-0.004824513821840634-0.016397774232535405j),4625250000
(-0.13172615583560757-0.8268379481335454j),(-0.004768501208477884-0.016285157438611593j),4625500000
(-0.12985377577745444-0.8278887239704326j),(-0.004747054084972039-0.016319135850328174j),4625750000
(-0.1263916452329706-0.8284114353738912j),(-0.004599104341464539-0.01639606949524233j),4626000000
(-0.13122362419443986-0.8284273668021107j),(-0.004764209788010989-0.01625053411356839j),4626250000
(-0.128811090800216-0.8285416424998662j),(-0.004705458262027045-0.016311479293762914j),4626500000
(-0.13156990703687227-0.8270872781838264j),(-0.00462666399234431-0.01622462368871905j),4626750000
(-0.1287265536520682-0.828691132094106j),(-0.004710480521921566-0.016349531426285542j),4627000000
(-0.13113017349927453-0.8271199545588411j),(-0.004591311965661506-0.016284572554873686j),4627250000
(-0.13248558401704777-0.8285264780384543j),(-0.004651084909757939-0.016221722445783023j),4627500000
(-0.1306483816503415-0.8275986891044199j),(-0.004580367560935209-0.016274446907513996j),4627750000
(-0.13468092804539067-0.8267077623716029j),(-0.004745087991772633-0.01621007299319006j),4628000000
(-0.13203622853130345-0.8271918607317406j),(-0.004565582157140074-0.016366024536257573j),4628250000
(-0.13531856281585541-0.8276760963516636j),(-0.004601302705193467-0.01628706133607574j),4628500000
(-0.1319635495152428-0.8287924689201966j),(-0.004640131347314937-0.016300730547228186j),4628750000
(-0.13485326077926862-0.8270213569949477j),(-0.004660047834955178-0.01627328754927226j),4629000000
(-0.13406554046339225-0.8276323154830671j),(-0.004749645057949658-0.016305801738341116j),4629250000
(-0.13903195879471986-0.8265701279974402j),(-0.004544723677762113-0.016287146721684534j),4629500000
(-0.13717415349233425-0.8275153807181909j),(-0.0047183926677013665-0.016349984320610342j),4629750000
(-0.13684908628891035-0.8276008795883902j),(-0.004715041984413685-0.016321025608303334j),4630000000
(-0.1358705897182255-0.8281113460946935j),(-0.0047512878797715125-0.01633890072121436j),4630250000
(-0.13719696973676995-0.8278256416586253j),(-0.004669603685522744-0.0163256018360313j),4630500000
(-0.14086975116122688-0.8280245559759333j),(-0.004796220075308059-0.016337422030315917j),4630750000
(-0.13609815164652478-0.8290808058947068j),(-0.004604672746202953-0.016532843541741633j),4631000000
(-0.13814427879198732-0.8275081171144804j),(-0.004669358354251924-0.01641911002913941j),4631250000
(-0.13702356760798373-0.8281509941161556j),(-0.004710174856474757-0.01650775002970388j),4631500000
(-0.14154044692785617-0.828331980971131j),(-0.00468084966085494-0.016538441886296613j),4631750000
(-0.14134317682931624-0.8271841639963124j),(-0.004885582586573196-0.01657580227430132j),4632000000
(-0.14253705746397213-0.8265544702174215j),(-0.004763997031753684-0.01660524809096233j),4632250000
(-0.13967640690405123-0.8268413062258394j),(-0.004836970944050528-0.016553289334506557j),4632500000
(-0.14203397720051233-0.8259295637584415j),(-0.004936527194467237-0.01647663171235924j),4632750000
(-0.14483024385680274-0.826368579606567j),(-0.004997179960235869-0.016588577023946532j),4633000000
(-0.14066957648454584-0.8270838467000844j),(-0.00498120482223778-0.01645670522805945j),4633250000
(-0.13777621958821257-0.828020992425782j),(-0.0048956262802754506-0.01652742684988086j),4633500000
(-0.14127714334774677-0.8271410542639496j),(-0.004951641738511362-0.01651408273712322j),4633750000
(-0.14307432076704638-0.8265629387660711j),(-0.004963713666472074-0.01645936540585626j),4634000000
(-0.14451104186373243-0.8271306509583684j),(-0.005040146241928367-0.01640502413889026j),4634250000
(-0.14299799490884074-0.8275829130944228j),(-0.0050809603350927095-0.016344004029650472j),4634500000
(-0.1490507918403499-0.8270980628389359j),(-0.00508647113296334-0.01637015882288764j),4634750000
(-0.1427150293058973-0.8279604196853726j),(-0.005033313599036512-0.01634548756137137j),4635000000
(-0.14734276835333657-0.8267092283877855j),(-0.005078409843062362-0.016306565087126017j),4635250000
(-0.14620666025020904-0.8272897869517365j),(-0.005109658721680651-0.01626165767406613j),4635500000
(-0.1459031286125595-0.8271374687228004j),(-0.005120338524135337-0.016338418241993866j),4635750000
(-0.14795274611088213-0.8276463334499423j),(-0.005158335828478824-0.016202911559642697j),4636000000
(-0.14577070617078036-0.8282707823321265j),(-0.0050170672143425386-0.016213866867069892j),4636250000
(-0.14906310131873154-0.8279985957061445j),(-0.00530436450250156-0.016237675441074115j),4636500000
(-0.1450148934144276-0.8284478057010717j),(-0.005114986185573823-0.016157536919081283j),4636750000
(-0.15020581190049492-0.827900198740764j),(-0.0052346815254309285-0.01613224590147336j),4637000000
(-0.14690743156709896-0.8296916317802037j),(-0.005241248254333654-0.016095516795156375j),4637250000
(-0.14865977826232965-0.8286541957192479j),(-0.005194392699471534-0.01616395940312189j),4637500000
(-0.1498095325937116-0.8280576943213305j),(-0.005128973564911258-0.016052308398288237j),4637750000
(-0.1485276263077273-0.8284372383695912j),(-0.005124814356945282-0.01610441502539124j),4638000000
(-0.14745061037056215-0.8287525961271752j),(-0.005150908279021871-0.016176480003534298j),4638250000
(-0.14891342995107013-0.8284947664791064j),(-0.005325631015429691-0.016069132468378308j),4638500000
(-0.15634217319481006-0.8258717442165491j),(-0.005462072062732923-0.015959463524836442j),4638750000
(-0.1490094968468541-0.8290223941305102j),(-0.0052160954872195854-0.01610358738771495j),4639000000
(-0.1514882201096552-0.8274267869556907j),(-0.005347090541075617-0.015945684160926076j),4639250000
(-0.1491977414610303-0.8287209524445321j),(-0.005255039571420515-0.016036702433741213j),4639500000
(-0.15235184081023478-0.827573118479087j),(-0.005494952051236509-0.01595171113881544j),4639750000
(-0.15274553698635673-0.8281636198856724j),(-0.005484524869402742-0.016000090222530825j),4640000000
(-0.1530077634203959-0.8279262039734427j),(-0.005327790668153633-0.01598293566710712j),4640250000
(-0.1523383775973886-0.8277126868331642j),(-0.005494277270591244-0.016020141932664777j),4640500000
(-0.15429989957482831-0.8257419632852327j),(-0.005475282025017596-0.015865457500856734j),4640750000
(-0.15502435188050195-0.8270528435932298j),(-0.005509669573265274-0.015944895781977653j),4641000000
(-0.1533409610225324-0.8266695227724736j),(-0.005470163510492908-0.01595568780569492j),4641250000
(-0.15546301063506357-0.8275084645236418j),(-0.005415227161904065-0.01594290154244282j),4641500000
(-0.153649989229974-0.8275902878693049j),(-0.00537721402450865-0.01601775538137129j),4641750000
(-0.15674921720019194-0.8268086150887219j),(-0.005518020469660637-0.01594637672249069j),4642000000
(-0.15559978354088022-0.8269813608315281j),(-0.0055974801933069696-0.016019970888107964j),4642250000
(-0.1542663118548031-0.8268845323200557j),(-0.00550029459233158-0.016006131528265903j),4642500000
(-0.15820915678352793-0.82665451729962j),(-0.005689110522474836-0.015947921039769577j),4642750000
(-0.15806245032709626-0.8255430146359453j),(-0.005741436938891032-0.015860559026757304j),4643000000
(-0.15796354118626843-0.8263234786507989j),(-0.005648567148182416-0.015883501731497406j),4643250000
(-0.15493945124505293-0.8273832074872053j),(-0.005668337556215476-0.015907313119019433j),4643500000
(-0.1615705384555197-0.8241410332452749j),(-0.005852071380104228-0.015881638375522703j),4643750000
(-0.160656227954289-0.8248251443381018j),(-0.005685327010861715-0.015995450650620965j),4644000000
(-0.15672867223091486-0.8255615428363986j),(-0.005745103732967298-0.01594756913679454j),4644250000
(-0.1562835321213451-0.8251330823713002j),(-0.005714709801317261-0.015960786323557304j),4644500000
(-0.15985565086096096-0.8229850824055643j),(-0.005752809158451963-0.015968601478329104j),4644750000
(-0.1613208127404206-0.8248280957605358j),(-0.006011248465509396-0.015935536544703283j),4645000000
(-0.15534746278066172-0.8254397408105253j),(-0.005944404503573648-0.015816224414222268j),4645250000
(-0.1608097780237196-0.8252371614223954j),(-0.005976754546584595-0.015880916867578886j),4645500000
(-0.16057414151417596-0.8257367063753686j),(-0.005879105372609345-0.015862994085450922j),4645750000
(-0.16278038433192202-0.8256557231310069j),(-0.006085008192501094-0.01585498682560499j),4646000000
(-0.16173755621801653-0.8245970461994246j),(-0.006071257680002221-0.0159555910833414j),4646250000
(-0.16191008273754492-0.8259980017800748j),(-0.006072150559629945-0.01583501515858114j),4646500000
(-0.16071944154574844-0.8278120255533677j),(-0.006007960857829748-0.01587306318450386j),4646750000
(-0.16596286996981607-0.826602147600855j),(-0.006155455948017038-0.015705527300162364j),4647000000
(-0.16513614531574683-0.8274551582692442j),(-0.006355344583908085-0.015712083190864812j),4647250000
(-0.16169348884266405-0.8273759386769935j),(-0.006242076878219236-0.015809250643322812j),4647500000
(-0.16892056662656615-0.8259373088662687j),(-0.006334397800649231-0.01570343698267223j),4647750000
(-0.16654051652329402-0.8267049334973441j),(-0.006197149020971444-0.015726797319461125j),4648000000
(-0.16871451156719508-0.8258641743421745j),(-0.006520407262201022-0.01570102217044789j),4648250000
(-0.16252610900101933-0.8281174230550269j),(-0.006256093208490817-0.015807689239192676j),4648500000
(-0.16891219222574289-0.8254008026919966j),(-0.006472721629458909-0.015754381427668673j),4648750000
(-0.16429349803873902-0.8280185365427556j),(-0.006430600942394666-0.01582371898178479j),4649000000
(-0.1639969188158467-0.8278061447937962j),(-0.006576436225275585-0.015712718604163286j),4649250000
(-0.16855051142554325-0.8270241213940168j),(-0.006686897262984097-0.015743146871274084j),4649500000
(-0.1659442575060859-0.8275731445999034j),(-0.006667263654301649-0.015881491789262167j),4649750000
(-0.17065344581368455-0.8265411455592999j),(-0.006865103965872277-0.015770006601791262j),4650000000
(-0.1667697191887328-0.8285198519088605j),(-0.012923788647377204-0.021751679456032885j),4650000000
(-0.16916666887600063-0.8284696411761736j),(-0.012914072614146753-0.021760273257244993j),4650250000
(-0.16947554816063579-0.8279227394877992j),(-0.013079400462626036-0.02171324765166302j),4650500000
(-0.16526675685220021-0.828665119434j),(-0.012842358483252447-0.021762412064203658j),4650750000
(-0.17002566853472584-0.8285191102229165j),(-0.013057157587009791-0.021678082747905926j),4651000000
(-0.1670742596284346-0.8289910165851507j),(-0.012965555271389765-0.02167821019575998j),4651250000
(-0.17300450790731017-0.8285325590275647j),(-0.013062325549088056-0.02167097995384336j),4651500000
(-0.1714698210258694-0.8281035582790444j),(-0.013170908073574097-0.021568542048013804j),4651750000
(-0.16577978613349312-0.828468000053778j),(-0.012870239380643002-0.02178901932256021j),4652000000
(-0.17452301139946008-0.826735934627326j),(-0.013101237476782403-0.021514693641283077j),4652250000
(-0.16929490125724955-0.8281651888000281j),(-0.013078305659378623-0.021737874986633876j),4652500000
(-0.17269939798625716-0.8290357464411809j),(-0.013155986960408107-0.02147803973227021j),4652750000
(-0.16905265429869026-0.8288737835537755j),(-0.013033597772651466-0.02167228458245285j),4653000000
(-0.17300380909894633-0.827157388391528j),(-0.01319908319450699-0.021447922909787965j),4653250000
(-0.170509889787747-0.827644088846368j),(-0.013312175222508674-0.021303021399078484j),4653500000
(-0.17248990181506438-0.8279521878481817j),(-0.013227904788262659-0.021380498342661137j),4653750000
(-0.17252106948661053-0.8269432974330647j),(-0.013270653587326518-0.021465373697608873j),4654000000
(-0.17319400699427218-0.8267524088282338j),(-0.013148357023874548-0.021216022462856622j),4654250000
(-0.17361830857110871-0.8264990277497364j),(-0.01340220833596505-0.021261153218635163j),4654500000
(-0.169809144337227-0.8265754406772261j),(-0.013104839465000916-0.02120435937634482j),4654750000
(-0.16826983630978826-0.827356746377526j),(-0.013177100711768665-0.021323006540698707j),4655000000
(-0.17071751333716037-0.8262436968508473j),(-0.013097364028203648-0.02107952158392804j),4655250000
(-0.1745923799038328-0.8238928076219008j),(-0.013401855419780465-0.021091216887684047j),4655500000
(-0.16947275497128614-0.8245738265794449j),(-0.013248594163189653-0.02117966172851828j),4655750000
(-0.1765267296326477-0.8231586779636202j),(-0.01320248531746766-0.02097505936873967j),4656000000
(-0.17715950685172616-0.8239728303091058j),(-0.013216703538212901-0.02106423850779132j),4656250000
(-0.17404483401585003-0.8247110991852031j),(-0.013131221990006079-0.02107347602813597j),4656500000
(-0.17399508395238178-0.8265134879636605j),(-0.013290613601547454-0.02092565332657733j),4656750000
(-0.1759267329315671-0.8253816666175797j),(-0.013229690941808755-0.020956496884027447j),4657000000
(-0.17593228755842696-0.8250895933791315j),(-0.01330910215360782-0.020893837466104213j),4657250000
(-0.1732353718943378-0.8262376102251151j),(-0.013214356007862103-0.020871039952465004j),4657500000
(-0.1771964127609426-0.8264028180134262j),(-0.013267564230264515-0.020873840129804557j),4657750000
(-0.1752489436904754-0.8251559193099354j),(-0.013159442834001587-0.0208939132475302j),4658000000
(-0.1782055311004196-0.8257692280717681j),(-0.013367857782599019-0.020729998157956356j),4658250000
(-0.17426483839359677-0.82466394662574j),(-0.013285897968931364-0.020914421073919647j),4658500000
(-0.17639001349248498-0.8250229872293269j),(-0.013218610799538203-0.020772207457943195j),4658750000
(-0.17332597050487616-0.826512309396782j),(-0.013200478393039682-0.02090605061202208j),4659000000
(-0.17878171583327587-0.8257764069929366j),(-0.013117366122397202-0.02084309248065725j),4659250000
(-0.17826077685091263-0.8242452060648292j),(-0.01338485524234154-0.02070859150972349j),4659500000
(-0.17780289982357836-0.8258960314867781j),(-0.01323131739596687-0.02080513238191065j),4659750000
(-0.1816397261631978-0.8241410091367913j),(-0.013371319739902614-0.020645312918622902j),4660000000
(-0.18082059504484405-0.8234227494135945j),(-0.01320642555685295-0.020773234432010443j),4660250000
(-0.18051051073682853-0.8250113517428183j),(-0.01339193004107951-0.02072006569384906j),4660500000
(-0.1775883669349355-0.8245296598067375j),(-0.013257466166089003-0.020738539871346537j),4660750000
(-0.18240782983940565-0.8234708974413779j),(-0.013473612112508387-0.020655734953436693j),4661000000
(-0.179298979085868-0.8226588019435497j),(-0.013441512147469518-0.02063174193760392j),4661250000
(-0.1813392512841373-0.824838651327367j),(-0.013518156477746273-0.020502803565373238j),4661500000
(-0.18071481181370558-0.8246359313565098j),(-0.01340310494775734-0.02073043386409312j),4661750000
(-0.18156680853803692-0.8252714750477554j),(-0.013453125652221381-0.020658335951462017j),4662000000
(-0.17931175308234826-0.8248659088819508j),(-0.013455213669343559-0.02070485686931872j),4662250000
(-0.182739971213089-0.8249878233743133j),(-0.013582635680391024-0.02062605768649889j),4662500000
(-0.1795261909575393-0.8265564485531647j),(-0.013578541455356887-0.020634745692544032j),4662750000
(-0.1820824033639894-0.8256029375560248j),(-0.01367863116945223-0.020728812501089256j),4663000000
(-0.18362950473739384-0.8251616660724442j),(-0.013668614435232209-0.020632789455658287j),4663250000
(-0.181227901246766-0.8270630288761224j),(-0.013592010079941381-0.02082910956003774j),4663500000
(-0.1842852908218282-0.8249443749601074j),(-0.013771572117633-0.020753390870120778j),4663750000
(-0.18078642069570142-0.8269381152379645j),(-0.013690203791734343-0.02072153245899724j),4664000000
(-0.1812124095178515-0.8268518547373954j),(-0.013908667489162177-0.02064519532335265j),4664250000
(-0.18063874014443135-0.8268831771743129j),(-0.013873219560390435-0.020587528159829085j),4664500000
(-0.18324546655740354-0.8280789187912271j),(-0.01405453141526113-0.020450974945371514j),4664750000
(-0.18097187809569704-0.8279355563889831j),(-0.014077323844321747-0.02060325081958552j),4665000000
(-0.18441446955682966-0.8262022313642093j),(-0.014114506209441935-0.020459734753027134j),4665250000
(-0.1860964916120958-0.8265242751660992j),(-0.01431508544623646-0.02043237905005112j),4665500000
(-0.18423844886871799-0.8260796471129368j),(-0.014459393524962415-0.020222172357567767j),4665750000
(-0.18250102822303607-0.827090166019122j),(-0.014423787902310404-0.020298479561965187j),4666000000
(-0.18531362048203873-0.8266614799521494j),(-0.014391993972384061-0.020178911772073246j),4666250000
(-0.18452852757869542-0.8273161376468555j),(-0.01448738039708556-0.02014660112973238j),4666500000
(-0.1830429528311211-0.8270298876889265j),(-0.014455872366628061-0.02001935578559958j),4666750000
(-0.18549060263201222-0.82662278564933j),(-0.014548325846835948-0.0199438779250991j),4667000000
(-0.18531767698620227-0.8238231245625385j),(-0.014429652944407512-0.019940142676610855j),4667250000
(-0.18675283394446532-0.8257371010183765j),(-0.014572775068509541-0.019830018044498014j),4667500000
(-0.1842930773719976-0.8257000589924016j),(-0.01445279816112052-0.019703276832409092j),4667750000
(-0.1866421403057097-0.8256565403979433j),(-0.01452667009255405-0.019622860672294365j),4668000000
(-0.1860709066938492-0.8248811162372519j),(-0.01442774461701641-0.019614542730911778j),4668250000
(-0.1894882312673218-0.8238687259567617j),(-0.014637388130275611-0.019510840565386225j),4668500000
(-0.18359897248193194-0.8249376924549284j),(-0.014325961180171064-0.019572351837417064j),4668750000
(-0.19331003681162498-0.8212615448914974j),(-0.014517537416286606-0.01939507215789732j),4669000000
(-0.18638764691506396-0.8240544413491867j),(-0.014321142310230676-0.019513484364755813j),4669250000
(-0.19069390720064772-0.8222128998048357j),(-0.014471517989795651-0.01940527045373995j),4669500000
(-0.1880628881157716-0.8220480592961578j),(-0.014375055606519381-0.01959531486089611j),4669750000
(-0.19042969020734435-0.8210378847219667j),(-0.014420289217610667-0.01943687121578445j),4670000000
(-0.1941837787087469-0.8203541282659396j),(-0.014524507241202437-0.01928635890628869j),4670250000
(-0.1884991715546189-0.8210499108355019j),(-0.014411590344200462-0.019351392443131978j),4670500000
(-0.19047561180927092-0.8196726489840209j),(-0.014456063173702275-0.019361517958830735j),4670750000
(-0.1900484968508753-0.8203773277595199j),(-0.014416224721684912-0.019293151198865943j),4671000000
(-0.19340406394335163-0.8190851828607018j),(-0.01457492932408781-0.01923443528033387j),4671250000
(-0.1895596769070238-0.8193468657987629j),(-0.0144371117838393-0.01932208865700164j),4671500000
(-0.195058135786291-0.8188261537679243j),(-0.014581063295857734-0.01912131525967136j),4671750000
(-0.190576317087856-0.8177280344268674j),(-0.014557160275226525-0.019088758227012902j),4672000000
(-0.19475295651607288-0.8172880404661359j),(-0.014540392342991485-0.01908086004518138j),4672250000
(-0.1960071117415825-0.8174051754355368j),(-0.014654485135407506-0.018919788595077078j),4672500000
(-0.18989142455456604-0.8193770062207552j),(-0.014356163165346934-0.01919563280986881j),4672750000
(-0.19608742705297263-0.818126527117j),(-0.014616035930613046-0.01896812920644788j),4673000000
(-0.18832420082916426-0.8207238973522656j),(-0.014323119945535465-0.019118910204720105j),4673250000
(-0.19159924920934665-0.8206697254468389j),(-0.014519349851327268-0.019120356416231096j),4673500000
(-0.18987729001493595-0.8204993074973532j),(-0.014423648995484643-0.01914961542807183j),4673750000
(-0.19476996791256182-0.8193873507963753j),(-0.014448248866500703-0.019081836989112793j),4674000000
(-0.19051268923939244-0.820661220715744j),(-0.014546017925746928-0.019346036764726612j),4674250000
(-0.1953191284300812-0.8207411679621621j),(-0.014423658594085833-0.019290645407653875j),4674500000
(-0.20094555186503701-0.8186738215609934j),(-0.014726133675500429-0.019108510630533877j),4674750000
(-0.19106998100620706-0.8219565558736224j),(-0.014588403905941827-0.019319928454856455j),4675000000
(-0.19043519800803382-0.8214585687578084j),(-0.014609268661339048-0.019230305592820594j),4675000000
(-0.19150736947573563-0.8216230890434936j),(-0.014832038819950846-0.019090479822329594j),4675250000
(-0.1869737871804667-0.824310021748967j),(-0.014615531943269594-0.01931293383379265j),4675500000
(-0.1961006953914091-0.8203491469022917j),(-0.014893660428060458-0.01889571644586849j),4675750000
(-0.1874825963005667-0.8225499451908068j),(-0.014702086723337185-0.019179875010109218j),4676000000
(-0.19677273330082884-0.8207836942663539j),(-0.014897754690088251-0.01896369355021399j),4676250000
(-0.1943990363905572-0.8213929314510958j),(-0.014828075239246796-0.019058710573084153j),4676500000
(-0.19369851671224353-0.8229749692127044j),(-0.014897347843385835-0.018978325187351396j),4676750000
(-0.19608411854821522-0.8217215794455033j),(-0.014984806970962666-0.01885987529346724j),4677000000
(-0.18761437647798193-0.8232831558054524j),(-0.014737749051556146-0.019094692753378537j),4677250000
(-0.19803930283791715-0.8212960605014477j),(-0.015016247163631272-0.01880732727058751j),4677500000
(-0.18880370182542747-0.824240691099571j),(-0.01504301753602598-0.018843567396658652j),4677750000
(-0.19446343901113014-0.8210577219999187j),(-0.014933411569421167-0.018845583167273857j),4678000000
(-0.1940325326280282-0.8216210314259123j),(-0.015008306913671766-0.01884157496528944j),4678250000
(-0.19463630688736933-0.8218440046807083j),(-0.014962422007935046-0.01884754362644085j),4678500000
(-0.19171680347733652-0.8223102261823974j),(-0.014962784523562632-0.018848907146749434j),4678750000
(-0.19266434869093588-0.8220378664306663j),(-0.014837662134879687-0.018792473233723895j),4679000000
(-0.1926289833959506-0.8228211965862632j),(-0.015091804407651106-0.018766369528424278j),4679250000
(-0.19719743825676378-0.8198399723677753j),(-0.015195706267813606-0.018655600996987997j),4679500000
(-0.19644812936032013-0.8182751191521523j),(-0.015125413124990102-0.018663155236395123j),4679750000
(-0.1905436677616334-0.8225177968236687j),(-0.015017156846619393-0.018778593387086234j),4680000000
(-0.19864311622742845-0.8184977924460528j),(-0.015047868978238486-0.018552593692887115j),4680250000
(-0.19608788613154027-0.8187742149413478j),(-0.015079569203974016-0.01865003574802437j),4680500000
(-0.1971991554783195-0.8182449436637802j),(-0.015193123877516576-0.018487401412475284j),4680750000
(-0.19829583190310546-0.8183732531437717j),(-0.015107848366031396-0.01860919664726415j),4681000000
(-0.1991281023768103-0.8175493345023352j),(-0.01526850134039323-0.018420486715869537j),4681250000
(-0.20099964496033332-0.8172374162493966j),(-0.015268702304220085-0.018411322422604737j),4681500000
(-0.1985086336815925-0.816655757408979j),(-0.015318722418883015-0.018301254388634936j),4681750000
(-0.1974567753993558-0.816944219693216j),(-0.015246270327637364-0.01849080010368045j),4682000000
(-0.20003354525411793-0.8166729038333351j),(-0.015281349243889334-0.018345388090181176j),4682250000
(-0.19788499138093418-0.8151177621668337j),(-0.015217981548698562-0.01835770505682634j),4682500000
(-0.20035660358992158-0.8131964612056938j),(-0.015247099896976715-0.018203268702592226j),4682750000
(-0.19913176107535618-0.8151154370742014j),(-0.01533307475766804-0.018249546341411363j),4683000000
(-0.20129885303994377-0.8139760621269422j),(-0.015242092283547948-0.018217546111141965j),4683250000
(-0.2003685144360395-0.8152985689224911j),(-0.015385419732878927-0.0181943545087j),4683500000
(-0.20169051249453948-0.8153579065159207j),(-0.015293715296231048-0.018276359381898945j),4683750000
(-0.19935582220182452-0.8157802705078284j),(-0.015369842002978768-0.018192926444244206j),4684000000
(-0.20246400593140065-0.815209330396312j),(-0.015530078699167435-0.018088847038344756j),4684250000
(-0.1990360943883063-0.8166914399394803j),(-0.015341461021767436-0.01826222846783666j),4684500000
(-0.19955937848583108-0.8184567075992574j),(-0.01548239902210114-0.018145240556184595j),4684750000
(-0.20240942468078946-0.8169610448617056j),(-0.01541316051931709-0.018128071512647802j),4685000000
(-0.19941506493992123-0.8164766417784327j),(-0.015572815407350884-0.01806316721000252j),4685250000
(-0.19947233962322353-0.8175171306175633j),(-0.015338750570522766-0.018215084668824603j),4685500000
(-0.2070839418752461-0.8158441445870542j),(-0.015566384539431148-0.017911093509211672j),4685750000
(-0.20161025131329266-0.8171421194931688j),(-0.015474752795812124-0.01799893740237508j),4686000000
(-0.20405865828462944-0.8179520407241423j),(-0.0157137266698475-0.017905696526973335j),4686250000
(-0.20176974548805107-0.8176417900193326j),(-0.015605527891952567-0.01795343350684539j),4686500000
(-0.20234231205228148-0.8178425682414019j),(-0.015550895987715094-0.017848568460740687j),4686750000
(-0.2040784244447648-0.8175515179282836j),(-0.015819303315253868-0.017699133407705587j),4687000000
(-0.20312932980271986-0.817663482046277j),(-0.01566002133171034-0.0178438379896908j),4687250000
(-0.2052280242866561-0.8175407889241139j),(-0.01579587368909584-0.017750453020911983j),4687500000
(-0.20375918074809568-0.8188837325926862j),(-0.01567215362151284-0.017754014683484875j),4687750000
(-0.20477152382562025-0.8175395954669964j),(-0.01583554038568784-0.017583953112465578j),4688000000
(-0.20375850222335365-0.8175649212687602j),(-0.015756784083235643-0.01766989997666718j),4688250000
(-0.20118653685699164-0.8191904790092593j),(-0.015702009676027567-0.017705631876864743j),4688500000
(-0.2020646013416374-0.8176039313906044j),(-0.015761291132029124-0.01757369132591579j),4688750000
(-0.2070885949778403-0.8159995392071082j),(-0.015913665577130528-0.01751599486664846j),4689000000
(-0.20616098553237802-0.8171780206139317j),(-0.016037773833566152-0.01751029827016174j),4689250000
(-0.20649573636448176-0.8171562679110179j),(-0.015798819474215606-0.017583822978385337j),4689500000
(-0.2122264005294995-0.8145988859798261j),(-0.016048136976594497-0.01740307198187878j),4689750000
(-0.20789467233404588-0.8167281775581187j),(-0.015891536284113966-0.017459486649912048j),4690000000
(-0.2079125566412249-0.8164692217635003j),(-0.015959562262797187-0.017308704277201062j),4690250000
(-0.2060380987889753-0.8166968582297445j),(-0.015817236170356165-0.017592962594509733j),4690500000
(-0.20991789109900458-0.8157733356286709j),(-0.015845187247144864-0.017336027011812315j),4690750000
(-0.20636138832395906-0.8165088515697838j),(-0.015829965755766544-0.017404875471521596j),4691000000
(-0.21122970289177115-0.8134568457481104j),(-0.01588673097421269-0.01730896413819342j),4691250000
(-0.20654098030056492-0.8149318002101585j),(-0.01592809983841071-0.017420228002719185j),4691500000
(-0.20824744030429612-0.8132006977669255j),(-0.01601943299852379-0.017344761615470845j),4691750000
(-0.21046419840258807-0.8143520348337948j),(-0.016028582486770044-0.017308249519490254j),4692000000
(-0.20433147517503242-0.8147506433305061j),(-0.015888851848428014-0.01748870458648298j),4692250000
(-0.21299629228743477-0.812502740515381j),(-0.0160920899995496-0.017196231825903373j),4692500000
(-0.20878230376180323-0.8124392381598277j),(-0.01595484119143987-0.017411793602305825j),4692750000
(-0.21244503121159744-0.811752864113162j),(-0.015919538067233455-0.01727810160957796j),4693000000
(-0.20908641755108534-0.8120618611335381j),(-0.01600360932572391-0.01720838804428869j),4693250000
(-0.21090020597951167-0.8116253021543868j),(-0.016035197398966465-0.0171285747032574j),4693500000
(-0.2024763666064846-0.8118051090416444j),(-0.015864928894406993-0.017179411515967868j),4693750000
(-0.21478700809773008-0.809438224810322j),(-0.01604438904278351-0.01701899656028361j),4694000000
(-0.212595441075846-0.8107342364909452j),(-0.016094707836587473-0.017091247266222596j),4694250000
(-0.21227433846616753-0.8097926734685204j),(-0.016056523455559912-0.017016768750084274j),4694500000
(-0.21337185250680857-0.81084106247487j),(-0.016144759179643246-0.01718151335340989j),4694750000
(-0.21729133946300522-0.8103010611402297j),(-0.016162569767857644-0.01702103317584067j),4695000000
(-0.21196103748179596-0.8118229856398016j),(-0.016105084186502455-0.017083129435989164j),4695250000
(-0.2121599178079084-0.8121279638077308j),(-0.016316969041312804-0.017001402700401517j),4695500000
(-0.2115687610121743-0.8138369621423793j),(-0.016161176828560823-0.016989255547870594j),4695750000
(-0.21456658805961223-0.813392183659796j),(-0.01625286917338973-0.016850267978195655j),4696000000
(-0.20818113452012657-0.8140284775823098j),(-0.01628918868463568-0.01694762774797271j),4696250000
(-0.21814915823580502-0.8130449972159645j),(-0.016442106708007394-0.01691013973942495j),4696500000
(-0.2129284736550706-0.8129416378395442j),(-0.016336378520735405-0.016930796359451224j),4696750000
(-0.21034605208171578-0.814137488943987j),(-0.016284931608991804-0.016942835005962394j),4697000000
(-0.21765386393074668-0.8133542989489718j),(-0.016551094559553788-0.016730442382786162j),4697250000
(-0.2112903547568693-0.814953217913967j),(-0.016403815373550356-0.0168504941763294j),4697500000
(-0.21241996744621724-0.8155592397695633j),(-0.01647980646156612-0.016800186339386323j),4697750000
(-0.20922063238342622-0.8158963491470373j),(-0.01633527410801437-0.01689308997620261j),4698000000
(-0.2188393152658121-0.813111656169366j),(-0.01654661525557704-0.01663586288551686j),4698250000
(-0.21410140973076985-0.8157865976299272j),(-0.016559323812862535-0.01667268566219957j),4698500000
(-0.2157932625282204-0.8149033157705834j),(-0.016539104843461792-0.016790376565647882j),4698750000
(-0.21843460330531467-0.8146293008247042j),(-0.01658005884837515-0.01655983450681065j),4699000000
(-0.210926624986191-0.816140414990552j),(-0.016454622623290664-0.016775277224357687j),4699250000
(-0.2200307900600264-0.8162211965134716j),(-0.016777174322243543-0.016427059865199163j),4699500000
(-0.21194093211927093-0.8159617112154012j),(-0.016598474861388445-0.01658542878760181j),4699750000
(-0.2177023300257637-0.8144676362779382j),(-0.016586913615752666-0.01660896953948205j),4700000000
(-0.2139479898936883-0.8145924389650656j),(-0.016619027053497035-0.016459547199719617j),4700000000
(-0.21451302241524342-0.8158295995634114j),(-0.016715795528020376-0.016499003107049794j),4700250000
(-0.2146104819337004-0.8152274704862335j),(-0.016542029947319414-0.016553978517177395j),4700500000
(-0.22224609844510235-0.8137854019972873j),(-0.01677821331066035-0.016212107448444316j),4700750000
(-0.20951612030074016-0.815970229587632j),(-0.01659431940627366-0.01652579235590603j),4701000000
(-0.21552139175401544-0.8156873455792465j),(-0.016693688603245896-0.016425803577640535j),4701250000
(-0.2155715811043531-0.8154668654267786j),(-0.016725136244956685-0.016244728692086395j),4701500000
(-0.21865031748228883-0.8153392784868876j),(-0.016670947989896268-0.016177413250727104j),4701750000
(-0.2128852430918761-0.8154662394716193j),(-0.016685823060060757-0.01621960407208971j),4702000000
(-0.21497171613182714-0.8148512860052137j),(-0.016631188014862023-0.016228509520454282j),4702250000
(-0.21613411629629292-0.8142806898738494j),(-0.016745166754219304-0.016239376608971002j),4702500000
(-0.2145859815846126-0.814756291525407j),(-0.016627561462759413-0.01630531044089001j),4702750000
(-0.21766711134164307-0.8139932172187097j),(-0.016755651432806818-0.016151692412126144j),4703000000
(-0.22227034235795473-0.8121433782891513j),(-0.01688584216266758-0.01603103252683956j),4703250000
(-0.2129344196331911-0.8146588807892542j),(-0.01663269455170182-0.01624101071809266j),4703500000
(-0.21841148419357165-0.8144956506775566j),(-0.016863657351225626-0.015908500027123372j),4703750000
(-0.21333590487827908-0.8139325723061168j),(-0.016627277693541342-0.01596298704874443j),4704000000
(-0.22190530496155056-0.8124228190328193j),(-0.016795416149534854-0.015877631439952817j),4704250000
(-0.2132103153291088-0.8134240639900001j),(-0.01664040033347983-0.01604338276138924j),4704500000
(-0.22000347180968813-0.8130031138150946j),(-0.01677593917039889-0.015892403700825397j),4704750000
(-0.21404731616463535-0.8125199526028786j),(-0.016870077126328497-0.016028501164199606j),4705000000
(-0.2158610811289961-0.8117693598980132j),(-0.016806639318745868-0.015812194974677687j),4705250000
(-0.21784441786738573-0.8109486612781216j),(-0.01685370905227025-0.015806725456601906j),4705500000
(-0.216417144558173-0.8116637152040873j),(-0.016864210210199317-0.015806245671629516j),4705750000
(-0.22276945416475324-0.8104719166479551j),(-0.01692320293002892-0.0156739359701626j),4706000000
(-0.22065849009645735-0.8114468751009539j),(-0.01687258602118119-0.015696912057482318j),4706250000
(-0.21663422240185554-0.8114646766263266j),(-0.016648088697713594-0.015819110664043196j),4706500000
(-0.22152813468492097-0.8106739008536088j),(-0.016930742695613347-0.015705960335875433j),4706750000
(-0.21871789671399924-0.8112513923769233j),(-0.016833470863438973-0.01571869017697539j),4707000000
(-0.2219231844522448-0.8112574550659267j),(-0.01700467735773075-0.015568800797276279j),4707250000
(-0.2200712025147884-0.8113122038724884j),(-0.016977945608534002-0.015569255275497856j),4707500000
(-0.22288721645128426-0.8108288385197798j),(-0.01698007634338712-0.015466837088139385j),4707750000
(-0.2239197956461997-0.8102665333231955j),(-0.017043519339752296-0.015433658993854054j),4708000000
(-0.22327958167279754-0.8099511795674279j),(-0.016840567640870493-0.015528468980426915j),4708250000
(-0.22328135588720427-0.8098861704639618j),(-0.01708151086422365-0.01534687644118354j),4708500000
(-0.2206383213004668-0.809299140118003j),(-0.016796061631308826-0.015629848335415145j),4708750000
(-0.22398903680871657-0.8102156550087849j),(-0.016979695885776826-0.015398229194521234j),4709000000
(-0.2235420752882186-0.8083680770653999j),(-0.016921674343026535-0.01533701329558183j),4709250000
(-0.22673824766644574-0.8088563752745795j),(-0.017079016673029263-0.015215353706926954j),4709500000
(-0.2242383008376349-0.8088736007409596j),(-0.017000425255711504-0.015229042738090372j),4709750000
(-0.2263286884473931-0.8083892002537247j),(-0.01707515387312976-0.015184536066772841j),4710000000
(-0.2267537090050184-0.8079822879157749j),(-0.017134308299797653-0.015112788895365444j),4710250000
(-0.2280910833767725-0.8069287723167249j),(-0.01682992284189117-0.015252590329069237j),4710500000
(-0.22813262593472913-0.8064659088654582j),(-0.017012345304071252-0.015080588421718236j),4710750000
(-0.22639191118683366-0.8075198931846269j),(-0.016945380324483544-0.015139665621412906j),4711000000
(-0.22799950786842005-0.8067924839384656j),(-0.017086971517204275-0.01510436032091177j),4711250000
(-0.22700407006691978-0.8080259776167679j),(-0.01688656283069069-0.015137517696443208j),4711500000
(-0.22725508818603873-0.8073784838103338j),(-0.01701829248238214-0.015158824245493677j),4711750000
(-0.22517590078731944-0.8084220639352027j),(-0.017068316745918227-0.015050058856149958j),4712000000
(-0.2255321601013318-0.80722805552706j),(-0.017042016203794395-0.015092707207070915j),4712250000
(-0.22881766541197396-0.8081202141572298j),(-0.0171478751674211-0.014901929990950365j),4712500000
(-0.2221865690008183-0.8085885202080331j),(-0.017019712910770014-0.015024929377628744j),4712750000
(-0.22878832864508064-0.8081733971534009j),(-0.017107336776480422-0.01482975939845417j),4713000000
(-0.22536113561754736-0.8087079034981208j),(-0.016972745579700525-0.014856543349946988j),4713250000
(-0.2276183983708905-0.8079053920648899j),(-0.017213112392930024-0.014913992059740668j),4713500000
(-0.22619812198946765-0.8084638926506419j),(-0.01716036780841879-0.014878430762922168j),4713750000
(-0.2280934914439444-0.807647585487478j),(-0.017154241013221726-0.014911213566776712j),4714000000
(-0.22881167385089907-0.8076359539747866j),(-0.017265960856524216-0.01475024293264477j),4714250000
(-0.227223536185269-0.8085502148573291j),(-0.017159294730978256-0.014759841800681019j),4714500000
(-0.22861548649929586-0.8072308609968517j),(-0.017252696792098846-0.014732773442335022j),4714750000
(-0.22358821798955608-0.8081325784513946j),(-0.01710016460951921-0.014798906367081591j),4715000000
(-0.22886761053839244-0.8061564952092578j),(-0.0172400975318919-0.014689514569652484j),4715250000
(-0.22609642027302618-0.8078588700710542j),(-0.017213307851162752-0.01476911809771169j),4715500000
(-0.22647465076724327-0.8075708427955414j),(-0.01723248231263064-0.014770786681316754j),4715750000
(-0.2267915187065984-0.8059710945011938j),(-0.017293557369660352-0.014641931323358691j),4716000000
(-0.22431480973522017-0.8072117468491239j),(-0.017336910443788784-0.014703417119006757j),4716250000
(-0.22879272208407056-0.8064627060119851j),(-0.017461124587358885-0.014404044818036418j),4716500000
(-0.22390363715039888-0.806996398988584j),(-0.017355527516882685-0.014657873777899101j),4716750000
(-0.22882730885295754-0.8059730128247747j),(-0.017371932025343227-0.014495894630645656j),4717000000
(-0.2279129297683414-0.8066650360288564j),(-0.017362565902837215-0.01458909671897784j),4717250000
(-0.2284109616392136-0.8053541533755165j),(-0.017311153131809028-0.014525830213186576j),4717500000
(-0.22856049478370352-0.8060638705855011j),(-0.017357999949312822-0.014412537283272344j),4717750000
(-0.22484522355102562-0.8067889232355024j),(-0.01725338959039127-0.014555766256280524j),4718000000
(-0.22887874292632618-0.8068646043962294j),(-0.017429699339307086-0.01439068277037436j),4718250000
(-0.22809230971847835-0.8065854963574033j),(-0.01733234845975668-0.014428236454353077j),4718500000
(-0.23143447582328996-0.8053876247149275j),(-0.017363512760622507-0.01441183094333016j),4718750000
(-0.22908844450238713-0.8062963658464692j),(-0.01744392535461909-0.014243444246920351j),4719000000
(-0.23329514507064167-0.8050068713053317j),(-0.01740903151931859-0.01432652866858214j),4719250000
(-0.23157159694826762-0.8059127561791098j),(-0.017444108093162613-0.014194224413903207j),4719500000
(-0.2288274020435042-0.8058183907426955j),(-0.017357936261302397-0.014355915691044734j),4719750000
(-0.23261517203154505-0.80530074478147j),(-0.017498076659758874-0.01416435312424629j),4720000000
(-0.22915753057135113-0.8052027571873724j),(-0.01751815765837141-0.014177007929446041j),4720250000
(-0.23010221632472516-0.8043480763582262j),(-0.01752563344434684-0.014098342099522378j),4720500000
(-0.2326402499458338-0.8041449055413366j),(-0.017454249028023543-0.01402817579487949j),4720750000
(-0.23123216586851875-0.8037846180101187j),(-0.017369339473660105-0.014100863246762763j),4721000000
(-0.23253909917552687-0.8033591836894954j),(-0.017515421814691595-0.014032805610233155j),4721250000
(-0.22906729311397792-0.8035661076780438j),(-0.01736223757689636-0.013979822498484947j),4721500000
(-0.23358777165770112-0.8022692883451663j),(-0.01752331745414027-0.01405838005365613j),4721750000
(-0.23049760310856876-0.8040567943935872j),(-0.01755133562879931-0.013995585280766849j),4722000000
(-0.23340138992286588-0.8028586858027155j),(-0.01744873883372636-0.014016522351248666j),4722250000
(-0.23332876475924913-0.8042001260265966j),(-0.01758799718339744-0.013798539159228587j),4722500000
(-0.2317696463527308-0.8034249121265473j),(-0.0175092282763969-0.013921586697242888j),4722750000
(-0.23417245636265685-0.8033476382449172j),(-0.01744157305644829-0.013823776343874983j),4723000000
(-0.23652465364224168-0.8036232189306681j),(-0.017489403120568656-0.013788488775185613j),4723250000
(-0.23361598929981867-0.8040190889177513j),(-0.017565650123375093-0.013771060472437613j),4723500000
(-0.2352333034761907-0.8049708308390967j),(-0.017589312725589258-0.01381715744914225j),4723750000
(-0.23326924316513914-0.8040162408822484j),(-0.0176988707126525-0.013715144180295824j),4724000000
(-0.2341714684510578-0.8035973510005586j),(-0.017480481870660276-0.013686902354547361j),4724250000
(-0.23382444110982706-0.8047561826887122j),(-0.017646686362754505-0.013696972552569655j),4724500000
(-0.23662415717317659-0.803208434660178j),(-0.017494030308220714-0.013743650859056529j),4724750000
(-0.2343707827555538-0.8043391223739248j),(-0.017632979885921763-0.013629508282682421j),4725000000
(-0.22654617016888176-0.8053150328332812j),(-0.017628259085966477-0.013745549877466214j),4725000000
(-0.23208830685308865-0.8043684073169328j),(-0.017683352705924936-0.013614618987864693j),4725250000
(-0.23414676241907428-0.8042975072224317j),(-0.017800623614955324-0.0135514244520581j),4725500000
(-0.23288277382093728-0.8043264197915512j),(-0.017946701042396946-0.013456782513835423j),4725750000
(-0.23507950972055605-0.804168282910516j),(-0.017715793171684986-0.013525137828066115j),4726000000
(-0.23252213603426067-0.8042299163170298j),(-0.017787284001068333-0.013292150145358192j),4726250000
(-0.2354966309466568-0.8028620305197178j),(-0.01768176987218253-0.013397870873774743j),4726500000
(-0.2355558928920334-0.8035082637296724j),(-0.017863937442047846-0.013381378144914101j),4726750000
(-0.23284475802645607-0.8028594091413741j),(-0.017693636817998674-0.01343370929230529j),4727000000
(-0.23816468289698584-0.8018100786173333j),(-0.017824472055386332-0.013150554364948375j),4727250000
(-0.231382596030247-0.8030919371175842j),(-0.017767070307794564-0.013289949495569605j),4727500000
(-0.23593526605068424-0.8017936569560593j),(-0.017899539398035232-0.013178788942815703j),4727750000
(-0.23335055236830007-0.802604032680157j),(-0.017743135412158283-0.013240868460187639j),4728000000
(-0.23657774066154977-0.8015935345067356j),(-0.017972552702842006-0.013084254122767086j),4728250000
(-0.23394330594285948-0.8010500541144975j),(-0.017785826014468473-0.013114350535968758j),4728500000
(-0.23630108275871323-0.8001756728483372j),(-0.017906203330645985-0.012869537354375498j),4728750000
(-0.23456136638448416-0.8012482736420372j),(-0.017831444552100142-0.012934075140075099j),4729000000
(-0.23487805361373068-0.800204426243499j),(-0.017765666728930627-0.012976579947635698j),4729250000
(-0.23472133594449135-0.79999091473494j),(-0.017860029374072186-0.013029589131308661j),4729500000
(-0.23300457942882946-0.7997354671370638j),(-0.017962569643077-0.012846463472031104j),4729750000
(-0.23564731106510936-0.7985254710305477j),(-0.01796453454971012-0.012820192057513993j),4730000000
(-0.23144418286301327-0.7996592528365992j),(-0.017850138279581124-0.012794225624296326j),4730250000
(-0.23323962582441232-0.7980820418016474j),(-0.017813003989413958-0.012868938657707905j),4730500000
(-0.2393271446766982-0.7970267998179832j),(-0.017993590798055768-0.01256246966022224j),4730750000
(-0.23082475030401114-0.7973660623221691j),(-0.01781217610757681-0.012701118413497003j),4731000000
(-0.2349245523231563-0.7962701419914536j),(-0.017862517042381537-0.012593807482408551j),4731250000
(-0.24177338347853597-0.7950996605735068j),(-0.017978692231289145-0.012415906994550972j),4731500000
(-0.23183952938405755-0.7956518794022416j),(-0.0177656654852802-0.012645792131988961j),4731750000
(-0.24046112057189184-0.7944379780702078j),(-0.01799006112085161-0.012323937562463612j),4732000000
(-0.2304730701244545-0.7947997918323301j),(-0.017850223447759106-0.01247659706159343j),4732250000
(-0.23913396743600498-0.7920651702234259j),(-0.01799784668918707-0.0122976355829791j),4732500000
(-0.23614735093032455-0.7928804847826211j),(-0.018093394059678976-0.012095963295975981j),4732750000
(-0.23476876205439-0.7932189048514818j),(-0.017915635637496267-0.012330359330486923j),4733000000
(-0.2340369849020067-0.7941281436779137j),(-0.01786454190636093-0.012337916170892253j),4733250000
(-0.23487853861145716-0.7951159073703186j),(-0.017852093737880447-0.012346206972400785j),4733500000
(-0.23847256834543287-0.7943809402421286j),(-0.01803279497592501-0.012316412599007717j),4733750000
(-0.23563085096542133-0.7953528947262901j),(-0.017997144271224653-0.012146943119351012j),4734000000
(-0.23905632224916426-0.7952114631586864j),(-0.017985847514359207-0.012100972762817153j),4734250000
(-0.2378133591635505-0.7963534648738452j),(-0.018008494210027405-0.01215668383535164j),4734500000
(-0.23473792065138532-0.7968137257793871j),(-0.01792473312671969-0.012243687152777134j),4734750000
(-0.23569097917353016-0.7971943879751103j),(-0.017861067348550246-0.012199099031330703j),4735000000
(-0.23783033252421718-0.7971590110401222j),(-0.01813000951510968-0.012031032799007814j),4735250000
(-0.23646664190686958-0.7977035499179488j),(-0.01793566699013218-0.012180035605294336j),4735500000
(-0.23798861794991708-0.798397607403065j),(-0.01817347429181327-0.012068343026481763j),4735750000
(-0.23867106293478915-0.7982225187808706j),(-0.018153939580260448-0.01201540129180887j),4736000000
(-0.23794176483454987-0.7985288742489921j),(-0.018034839754519617-0.012192957275575633j),4736250000
(-0.2371479974234704-0.7988367188562396j),(-0.018127621408170442-0.012063845858826899j),4736500000
(-0.24416736521479282-0.7978192342699526j),(-0.018058776571479397-0.011922267027660478j),4736750000
(-0.23958339470258308-0.7994514881878411j),(-0.018179477643107646-0.011940747724596183j),4737000000
(-0.23791945192139663-0.799802514395j),(-0.01805354754359761-0.011979958932733684j),4737250000
(-0.2418146643514951-0.798833595639875j),(-0.018222295971747668-0.011902501116143237j),4737500000
(-0.2338342606078716-0.8002175559478051j),(-0.017997818536237224-0.012070121608028738j),4737750000
(-0.2440949459149093-0.7985122638721918j),(-0.018278989326985403-0.011677736868024447j),4738000000
(-0.23985593887314188-0.8000122335043641j),(-0.01816660826204776-0.011856059868219228j),4738250000
(-0.2394001191901078-0.7996870408425093j),(-0.018077805389397895-0.011892872166746015j),4738500000
(-0.24222281620111327-0.7992795308498893j),(-0.018225016629607925-0.011660374535617118j),4738750000
(-0.2413256327610532-0.7987871937995538j),(-0.01817978834303893-0.011688696152635014j),4739000000
(-0.24156161535865822-0.7977001052598242j),(-0.01805818569364153-0.01175209313237882j),4739250000
(-0.23842071175214247-0.7990395326384868j),(-0.018090721399503688-0.0117368317452323j),4739500000
(-0.24223549209160508-0.7975318403218389j),(-0.01813919458276458-0.011573307775184026j),4739750000
(-0.2437042114882164-0.7975451928136575j),(-0.018133096211857033-0.011463753097700133j),4740000000
(-0.23808253591962875-0.7965957918688017j),(-0.01799556917117026-0.011790256293183605j),4740250000
(-0.2469156509503909-0.7950687781043128j),(-0.01812372098117481-0.01132119341969738j),4740500000
(-0.24488773581158785-0.7958151338314763j),(-0.018025406358582054-0.011485452889073338j),4740750000
(-0.24436150945328183-0.7954455939801087j),(-0.018194835649575015-0.01130855893488187j),4741000000
(-0.2421244071650833-0.7947805765100746j),(-0.018109908716344197-0.01118993371191674j),4741250000
(-0.23969854952021288-0.7936409408772412j),(-0.018157501453689905-0.0113752298911224j),4741500000
(-0.244417833566573-0.7939021080293014j),(-0.01807423806652834-0.01119314726228283j),4741750000
(-0.24214114957658142-0.7929632358751166j),(-0.01821065490221508-0.011149647629318814j),4742000000
(-0.2446144309550384-0.7920334674364721j),(-0.018114794381642794-0.01109408772500582j),4742250000
(-0.24162918876720552-0.7921565338686685j),(-0.018005782012034736-0.010980652626749332j),4742500000
(-0.24269652712667225-0.7908452654129453j),(-0.01808577910061619-0.011000849461828291j),4742750000
(-0.24487351445396768-0.7898487385852657j),(-0.01817781548373134-0.010889428822904347j),4743000000
(-0.24066517470421242-0.7902472328611834j),(-0.018092165440357817-0.011018834245782958j),4743250000
(-0.24143192681993483-0.7896682081957141j),(-0.018075577810606508-0.010953038639619272j),4743500000
(-0.24138115733198867-0.7893909831385895j),(-0.018132547736564593-0.010819428929034342j),4743750000
(-0.24343411325622233-0.7885118094051551j),(-0.018002577931333915-0.010869643490541366j),4744000000
(-0.2448082444065399-0.7895092715326039j),(-0.018103520410539333-0.010708715144576674j),4744250000
(-0.24161139193217848-0.7890594270812279j),(-0.017980219563416642-0.010696720600319726j),4744500000
(-0.24789112590736145-0.7891367978624978j),(-0.018110561730279515-0.010620306384632641j),4744750000
(-0.2431840819635905-0.7895092046241663j),(-0.01817236796073733-0.010682654432973516j),4745000000
(-0.24393592606430542-0.7889901768547095j),(-0.01800592876867975-0.010704126816427415j),4745250000
(-0.24493150590567184-0.7892104359209786j),(-0.018071911736267546-0.010561162420973368j),4745500000
(-0.2438918247455278-0.7896244613823873j),(-0.01796970087586906-0.010737516870260415j),4745750000
(-0.2460392315353643-0.7889419079071025j),(-0.018085649030225283-0.010499600336758598j),4746000000
(-0.2436547794670092-0.7897630129809361j),(-0.017974182526756994-0.010569946231459078j),4746250000
(-0.24542711829927405-0.7893948289081086j),(-0.018038343639558592-0.010605385805513604j),4746500000
(-0.2473938369300654-0.7898444147075886j),(-0.017943736202586352-0.010428016375453637j),4746750000
(-0.2453015404490495-0.7893520592435821j),(-0.018053019294034155-0.010480051623730318j),4747000000
(-0.24771848896505153-0.7888295817423757j),(-0.018040341329807592-0.010475180956832805j),4747250000
(-0.24610512848663194-0.7892226680455944j),(-0.01796949453468304-0.010383574955551976j),4747500000
(-0.24929609101681074-0.7882390881772628j),(-0.018079899610825654-0.010250657283903168j),4747750000
(-0.24903218894789364-0.789083352546479j),(-0.01795588249910194-0.01028690013028678j),4748000000
(-0.24546055936024835-0.7891687298524478j),(-0.017839907717493116-0.010348341656754138j),4748250000
(-0.24970859225258157-0.7882561227677223j),(-0.0179520305417479-0.010444712469828692j),4748500000
(-0.24473204932490622-0.7889680744644747j),(-0.01784751160053515-0.010401246639072959j),4748750000
(-0.2502459863930084-0.78764085899987j),(-0.01788848185457153-0.010363109952229239j),4749000000
(-0.24872826507343881-0.7874278788851344j),(-0.017889292100592036-0.010235298761980047j),4749250000
(-0.24947137799924812-0.7870363636074967j),(-0.01782530788249121-0.01028605043077449j),4749500000
(-0.25148478390604967-0.7871517270837116j),(-0.01784867488378755-0.010191243215490899j),4749750000
(-0.24974328467450857-0.7883170771329612j),(-0.01773969713411754-0.01028691672007711j),4750000000
(-0.2515267666421812-0.7881346664116862j),(-0.018008987842518562-0.010043816285697775j),4750000000
(-0.24679884126074736-0.7884200337628844j),(-0.018087539208921685-0.010093056863625254j),4750250000
(-0.2503341259418669-0.7882102226252784j),(-0.018044353989987334-0.010017337802000736j),4750500000
(-0.24583207410200733-0.7876742343831692j),(-0.01794595178126996-0.010038208429477455j),4750750000
(-0.25001098616930734-0.7880795016569627j),(-0.017955885174002338-0.009961059828186153j),4751000000
(-0.25078981927043126-0.7875489895018191j),(-0.018046595592641497-0.009936458422677555j),4751250000
(-0.24547066325380776-0.7882712311244952j),(-0.017787242014601277-0.009940390903531065j),4751500000
(-0.25078922788410796-0.7880027138545427j),(-0.017968034219145026-0.009789122318210573j),4751750000
(-0.24685963634958116-0.7880700505815562j),(-0.017803249441131482-0.009923328022991056j),4752000000
(-0.2486292338813235-0.7871615157750681j),(-0.018124446373429002-0.009840983790667935j),4752250000
(-0.2510175505032997-0.786983588744657j),(-0.018158666516788324-0.009628493594605835j),4752500000
(-0.24886436793784852-0.7869545337343454j),(-0.018016927221162878-0.00979077890160293j),4752750000
(-0.2484398727152584-0.7873066211754313j),(-0.018070355510591843-0.009718791573811142j),4753000000
(-0.24455046049469445-0.7872284052146045j),(-0.018126021818269628-0.009800042690606109j),4753250000
(-0.253638069473938-0.7849921235311831j),(-0.018044225477879462-0.009508915357913513j),4753500000
(-0.24321891772871373-0.7871801478501411j),(-0.01795810973403234-0.009650431726229137j),4753750000
(-0.24777892132067184-0.7859409854285782j),(-0.018026902413389827-0.009541463247022187j),4754000000
(-0.2499418632741344-0.7850552028603139j),(-0.018079540690432452-0.009428569898226567j),4754250000
(-0.24330750083811256-0.7856319715928617j),(-0.017997032129728405-0.009667797788377378j),4754500000
(-0.24813798400536694-0.7838507903753814j),(-0.01803398656954455-0.009346550346496701j),4754750000
(-0.2507066876124277-0.7842398049171104j),(-0.01806867829200871-0.009340509666371592j),4755000000
(-0.2512397246282917-0.7835297075149759j),(-0.017994661540768685-0.009390189061956385j),4755250000
(-0.24921659961359283-0.7845565157678377j),(-0.017966910050754133-0.009550605234658007j),4755500000
(-0.25036382056616957-0.7843612016494387j),(-0.018157857821121642-0.009265434292032556j),4755750000
(-0.24572929122479803-0.785950804013221j),(-0.017913944107348017-0.00948778693175608j),4756000000
(-0.2533548898512131-0.7843132414512968j),(-0.017993914543695512-0.009289875196523661j),4756250000
(-0.24942652497279905-0.7851820177165725j),(-0.018054646892488133-0.009336087808015588j),4756500000
(-0.2547050386702385-0.7841093471448827j),(-0.017948908558424344-0.009324851167175146j),4756750000
(-0.24878733169477116-0.7858713827238211j),(-0.017847446439208388-0.00943991955993314j),4757000000
(-0.2537650876881925-0.7851359512720945j),(-0.017899081491282363-0.009402067114518735j),4757250000
(-0.255901843786784-0.7846218830934608j),(-0.017983409662359572-0.00929265969072494j),4757500000
(-0.25542049888058754-0.7838967295610948j),(-0.018099112023849256-0.009256010479297192j),4757750000
(-0.25670568442880687-0.7840396153319471j),(-0.017947446730360122-0.009413939637670336j),4758000000
(-0.25168317035530563-0.7836368126051376j),(-0.01790845733007456-0.009295392006153204j),4758250000
(-0.2574174237607404-0.7837316967813848j),(-0.017803084723948967-0.009247404119970486j),4758500000
(-0.25261737903152515-0.7844780095565846j),(-0.017758384562264896-0.009390564018792314j),4758750000
(-0.2545019194266122-0.7840761105182216j),(-0.017916567302713723-0.009361340968674942j),4759000000
(-0.25343911719134415-0.7836580158708983j),(-0.017788341114905584-0.009315038261707142j),4759250000
(-0.2532170728412901-0.7830695303453273j),(-0.017805934938079245-0.009405868297204004j),4759500000
(-0.2572830205183883-0.7824279929855925j),(-0.017917656099700228-0.009288857744627777j),4759750000
(-0.25452466164399856-0.7825117348176428j),(-0.01769310370056047-0.009273950212536738j),4760000000
(-0.2615734254791801-0.7808500067633494j),(-0.017916469701783663-0.009076896446468068j),4760250000
(-0.25572369463832106-0.7824040015278905j),(-0.01770816413840346-0.009268597081496228j),4760500000
(-0.2589328150199295-0.7828803274594526j),(-0.01797360504779319-0.009130553788919818j),4760750000
(-0.25820084998851167-0.782689901022887j),(-0.017932165475593984-0.009068957078533882j),4761000000
(-0.2554115082600131-0.7818294731527603j),(-0.01763913108683186-0.009076181797826334j),4761250000
(-0.2566262855839858-0.7815145331866753j),(-0.01777856554939386-0.009057268080046435j),4761500000
(-0.2565673892696909-0.7824598262015913j),(-0.017702039106949913-0.009033549832249027j),4761750000
(-0.2585670926801444-0.7826703678398145j),(-0.01778431786393183-0.008912372587619575j),4762000000
(-0.25440187138460923-0.7817332970577948j),(-0.01777271990328128-0.008885616074363493j),4762250000
(-0.2581039517523751-0.7813587660147532j),(-0.017723755442499715-0.008742534784967696j),4762500000
(-0.2549251304225098-0.7814877356114474j),(-0.017721434374103565-0.00876708390127302j),4762750000
(-0.25975379102810375-0.7805759477306689j),(-0.01786997576635689-0.00859940500648106j),4763000000
(-0.2526829644638704-0.7824230904213245j),(-0.01772391934937013-0.00864483827568991j),4763250000
(-0.2564065415270908-0.7804458018738231j),(-0.01770180974594724-0.008656367567113342j),4763500000
(-0.2572532990934186-0.7805333677431271j),(-0.017786694025106665-0.008453189389555995j),4763750000
(-0.2537018811852354-0.7810590468386901j),(-0.017724060531843073-0.008568793642687967j),4764000000
(-0.25723114590863405-0.7798751376126309j),(-0.017806612340630502-0.008437051155431518j),4764250000
(-0.2590910052762498-0.7783223825951684j),(-0.017705433204508843-0.008397799652421718j),4764500000
(-0.25992796553393627-0.778266212283571j),(-0.017751707036983002-0.0082584103494293j),4764750000
(-0.25659197931929406-0.7791220298713134j),(-0.017779118852881488-0.008169779732950612j),4765000000
(-0.25488601725678955-0.7774026216997283j),(-0.017636172637164226-0.008274141318624941j),4765250000
(-0.2582414160434567-0.7775090344818175j),(-0.017692843088976257-0.008155872711031468j),4765500000
(-0.25592775451351885-0.7789250965117865j),(-0.017727950325599706-0.00796211870852083j),4765750000
(-0.2583875508265038-0.7772139221145644j),(-0.017741840805082974-0.008085358059203683j),4766000000
(-0.25380885074668114-0.7792046929104426j),(-0.017713080768853466-0.00808772462536562j),4766250000
(-0.2558134921758649-0.7784144574313485j),(-0.017601261294253424-0.008153276264434167j),4766500000
(-0.2581765659069085-0.7779944834394822j),(-0.017640080050655142-0.007896457079099186j),4766750000
(-0.2545130299047626-0.7791724551999237j),(-0.01743953271359283-0.008318116429063455j),4767000000
(-0.2533858722283452-0.7805837638713203j),(-0.017537213103933077-0.008209804159618297j),4767250000
(-0.2562985487408584-0.7794385644249836j),(-0.01756969242161604-0.008115258210289104j),4767500000
(-0.25742726172462305-0.7793409946286839j),(-0.01749240777479793-0.008121932185178113j),4767750000
(-0.2548887289529208-0.7804852303393067j),(-0.017466938374770705-0.007921705001707267j),4768000000
(-0.25589495861960193-0.7796490499361354j),(-0.017327362323236783-0.00808210578237982j),4768250000
(-0.2537372983375749-0.7812059699402325j),(-0.017524762010749047-0.008005162812435634j),4768500000
(-0.25753177290138146-0.7812355880884991j),(-0.017428717098474947-0.008061764959202494j),4768750000
(-0.2585198418056708-0.7792641214222388j),(-0.017298034062922865-0.007942100623589177j),4769000000
(-0.2570354888143765-0.7802043982094151j),(-0.017454491125725193-0.008038892219809265j),4769250000
(-0.25581151468243973-0.7798391519874268j),(-0.017261832392830613-0.008156882744947415j),4769500000
(-0.2635877043845366-0.7785186975363638j),(-0.01732538136436315-0.007858835522821885j),4769750000
(-0.2533801527431577-0.7807357934348361j),(-0.017138329820782217-0.008028194521656654j),4770000000
(-0.2584678980428055-0.7799834381372749j),(-0.017240356590097934-0.007946480978854894j),4770250000
(-0.2567468507052222-0.7799617579767082j),(-0.01728646837076618-0.008013447710750394j),4770500000
(-0.25559114855049375-0.780300101478953j),(-0.017182643423489324-0.008017994366627862j),4770750000
(-0.25662502651991465-0.7799883042356598j),(-0.01722568647928813-0.007871175288937327j),4771000000
(-0.2584298377815012-0.7790449110216351j),(-0.017162327039009807-0.00795810676020699j),4771250000
(-0.2570186828036157-0.7797015160654057j),(-0.01718432616775706-0.007946867953935247j),4771500000
(-0.2559845434212149-0.7809551416203602j),(-0.017068405687769645-0.007934455246010014j),4771750000
(-0.25966777994020523-0.7799796273011756j),(-0.017207042619652054-0.007825337018462835j),4772000000
(-0.2575044513746917-0.780396922928512j),(-0.01715816687692995-0.007857720408943128j),4772250000
(-0.2531378933702865-0.7808267907682045j),(-0.01703308353116241-0.007968057810548457j),4772500000
(-0.2564995882446475-0.7790993642443134j),(-0.017196287106965302-0.007705124947631516j),4772750000
(-0.25536165646023495-0.7797158889394074j),(-0.01720073593930925-0.007845933815924742j),4773000000
(-0.26161608656668245-0.7797510177689257j),(-0.017196980395943844-0.0077337048563512305j),4773250000
(-0.2561779834880549-0.7801376462830109j),(-0.01700137457824055-0.007795009811112064j),4773500000
(-0.26252312199707-0.7801336939975978j),(-0.017177687154716074-0.007614929520425663j),4773750000
(-0.258032181680354-0.7801250344130121j),(-0.017056498936334055-0.007741211509762996j),4774000000
(-0.2591241808460588-0.7800788945553897j),(-0.01703504023707313-0.007749475083234243j),4774250000
(-0.2623379651220647-0.7800404685092567j),(-0.017089112846858618-0.00754548644675412j),4774500000
(-0.2546200849007895-0.7811037921053618j),(-0.017025595378263418-0.007681607275126832j),4774750000
(-0.2586979438067498-0.7789544023627131j),(-0.01712977967536867-0.007458320460160219j),4775000000
(-0.25759541277191744-0.7803027254397784j),(-0.016895448776070528-0.007744405770234763j),4775000000
(-0.2586058890929303-0.7782895415872201j),(-0.01687274594332142-0.007571936268796781j),4775250000
(-0.2607115669555628-0.7790451458880241j),(-0.016919007697842728-0.007439653394367776j),4775500000
(-0.25648756734210865-0.7789934354607778j),(-0.01680022847539186-0.0076325000126247836j),4775750000
(-0.2607918594089041-0.7787553346756071j),(-0.016808082069733932-0.007431692465599435j),4776000000
(-0.25827376826823945-0.7793782461772569j),(-0.016941441812685153-0.007405238287651896j),4776250000
(-0.26205339277246387-0.7783185439540767j),(-0.016953020188836536-0.007258292069392146j),4776500000
(-0.2578913103757083-0.7781959523356096j),(-0.01686471095767732-0.007613471937890467j),4776750000
(-0.2612561316418442-0.779174976873225j),(-0.01678226900785572-0.007498338775857472j),4777000000
(-0.25853269921164274-0.7784823990218187j),(-0.016874005340168495-0.007412085655911453j),4777250000
(-0.2624581198443361-0.778720590410416j),(-0.016763801451475654-0.007521098519262974j),4777500000
(-0.25680815796794215-0.7793572244162804j),(-0.016830331125680813-0.007525220495732888j),4777750000
(-0.2599075631779789-0.7786731558224346j),(-0.016765025177730406-0.007491010847284756j),4778000000
(-0.2635341748265638-0.7766286198323014j),(-0.016814487985525085-0.007401194864245076j),4778250000
(-0.2603160245345797-0.7771507374149416j),(-0.01673764015271472-0.007516103465581406j),4778500000
(-0.2619437404625307-0.7758753400029039j),(-0.016628522563322444-0.007417420856272222j),4778750000
(-0.2626395170958721-0.7770579136140107j),(-0.016709936152670222-0.007383398596149997j),4779000000
(-0.26377102547047493-0.7760958745518208j),(-0.01669429459697424-0.007477831117152695j),4779250000
(-0.2619584014512395-0.7774102800812589j),(-0.01665544907868929-0.007283901798234136j),4779500000
(-0.2620420767807788-0.7777223493454872j),(-0.01663494101421856-0.007368365350386225j),4779750000
(-0.26211123979781026-0.7768770763333748j),(-0.016467339044068087-0.0073216347090416705j),4780000000
(-0.2713555257064485-0.774245179573076j),(-0.01669674434528038-0.007289491107499451j),4780250000
(-0.2623657904016186-0.7752845981962606j),(-0.016553644117884587-0.007328541015001183j),4780500000
(-0.26468426752646756-0.7742764560341694j),(-0.01649922206845088-0.007200991328525841j),4780750000
(-0.25944418215140497-0.7765738546009592j),(-0.016524109758221422-0.0073965582378680795j),4781000000
(-0.2654611580754523-0.7738829161205669j),(-0.016507753778298266-0.007146325023943408j),4781250000
(-0.26615125221272645-0.7754526508345596j),(-0.01666782512905483-0.0071163402302909j),4781500000
(-0.2632432890393524-0.7748777655888089j),(-0.0164769954809153-0.007232529557358704j),4781750000
(-0.2638455872043132-0.7732327855794617j),(-0.016389761114642833-0.007095059650337494j),4782000000
(-0.2668115616682499-0.7724481791083964j),(-0.01640123700340859-0.007169885047237523j),4782250000
(-0.2673755835271118-0.7735737641041047j),(-0.01642248321474783-0.00707615650987175j),4782500000
(-0.2690712349907047-0.7729086399329833j),(-0.016482427211329198-0.0069784636306491656j),4782750000
(-0.26275072805251243-0.7744004567446362j),(-0.016308276792047886-0.007279247326953828j),4783000000
(-0.2643006546913333-0.7756502143599929j),(-0.016432053284007295-0.007086508056925698j),4783250000
(-0.2681163014281559-0.7733774190645197j),(-0.016221935126865736-0.00702403979010317j),4783500000
(-0.27043734811028247-0.775327508398845j),(-0.016511786707205652-0.007075418155952715j),4783750000
(-0.263018950644108-0.7779970659772182j),(-0.01627351805177155-0.007211446113922068j),4784000000
(-0.27276225000777493-0.7751801975696427j),(-0.016443252727306023-0.007036909447529487j),4784250000
(-0.27146934205578516-0.7763735305541958j),(-0.016482036464021237-0.006983430933522863j),4784500000
(-0.26732515937717405-0.7790760717658984j),(-0.016461402529992255-0.007226128544727323j),4784750000
(-0.2728665100420934-0.7782833455660542j),(-0.016395687827662705-0.006967856263033195j),4785000000
(-0.2688276306932876-0.7761339296533144j),(-0.016193649122028836-0.007249520337515911j),4785250000
(-0.27340858521843353-0.7770450273161842j),(-0.016380997413167973-0.006973290913105305j),4785500000
(-0.2700091754153034-0.7782710927775042j),(-0.016375702826130552-0.006953705033508511j),4785750000
(-0.2708742047776513-0.7776435510398713j),(-0.0162100866558723-0.007182928915989114j),4786000000
(-0.27320643311433046-0.7785240486400068j),(-0.016436343429934126-0.006987291559873867j),4786250000
(-0.2686449583343181-0.7793712885395383j),(-0.01629980644773401-0.007036927437105275j),4786500000
(-0.27469878188604635-0.7772769224274856j),(-0.016307010681237938-0.006906166078094447j),4786750000
(-0.27086864412188355-0.7784996925079753j),(-0.016256609980059622-0.006990072867509746j),4787000000
(-0.27509672196349916-0.776150871877513j),(-0.016201209442811733-0.00685694688173888j),4787250000
(-0.27433417398009385-0.7785258615608217j),(-0.01629175577223106-0.006879321156461583j),4787500000
(-0.2732269025952961-0.7783984306977183j),(-0.016237301482556536-0.0070978778708131835j),4787750000
(-0.27459604107711816-0.7781839524236495j),(-0.016226133552069272-0.007008940864707682j),4788000000
(-0.2760391700408468-0.7779802363942937j),(-0.016305028577751846-0.006894247961486902j),4788250000
(-0.27431839647865164-0.7780613873728054j),(-0.016167207209806002-0.006962769178288253j),4788500000
(-0.27522622620435516-0.7787265170838701j),(-0.01622303076955315-0.00679134066923333j),4788750000
(-0.27447694846107373-0.7792077904401741j),(-0.016208212362623788-0.007027182800633943j),4789000000
(-0.27945254956293136-0.7777934156291173j),(-0.01621251080643111-0.006748945712164866j),4789250000
(-0.2724819174044347-0.7778473211563881j),(-0.016077175838126016-0.006909848904946611j),4789500000
(-0.27652990987914566-0.7779445805802873j),(-0.01615137450883192-0.006838957832019798j),4789750000
(-0.2746690887085673-0.7786642786742178j),(-0.01610035485660249-0.0069414319063692215j),4790000000
(-0.2770636455839797-0.7786000553527369j),(-0.016074819341390423-0.007024812249242866j),4790250000
(-0.27952060764509884-0.7768037743124931j),(-0.016123622388245093-0.006788938620195087j),4790500000
(-0.27663341814868564-0.7775926177744377j),(-0.01610132087715226-0.006863179375205769j),4790750000
(-0.2808047873563901-0.7757101092992114j),(-0.01611033619886938-0.006775946952554251j),4791000000
(-0.2759624133033306-0.7770027204041334j),(-0.01618117750621927-0.007001750001209017j),4791250000
(-0.27776604496104745-0.7752813531317523j),(-0.016014048323164397-0.006904372125450609j),4791500000
(-0.27626358936728596-0.7766370179812527j),(-0.016188855165590023-0.006788101205537571j),4791750000
(-0.2782239890171206-0.7747915580952648j),(-0.01609499672006168-0.006834801270910237j),4792000000
(-0.2753706744991425-0.7764123736261566j),(-0.01600545718604421-0.006893302069380553j),4792250000
(-0.2796287636115465-0.7757843677552717j),(-0.015931620693280815-0.006804800150336844j),4792500000
(-0.27960313760212907-0.775280815461713j),(-0.01599105462012992-0.006766736939568958j),4792750000
(-0.27716341690119295-0.7753803312566008j),(-0.016030693401643818-0.006651219810456178j),4793000000
(-0.28172966993981263-0.7724195585779664j),(-0.015836312825619484-0.006716233898004585j),4793250000
(-0.28557060052470046-0.7728742658688285j),(-0.016078791693294566-0.006762825240683639j),4793500000
(-0.27871982209099533-0.7744729641486104j),(-0.015912230355839357-0.006774809921946633j),4793750000
(-0.2817239579012651-0.7727198887473297j),(-0.015924393758844503-0.006619136892079667j),4794000000
(-0.27980521038250844-0.7745548771188946j),(-0.015843712195054312-0.0069529952704155224j),4794250000
(-0.28720408842187933-0.7724464693901584j),(-0.01602479516805019-0.006578861198862627j),4794500000
(-0.28185105175034714-0.7734040353066043j),(-0.015998290000179067-0.006653765299667316j),4794750000
(-0.2856508542077769-0.7731769637590771j),(-0.015922853135020565-0.006629286327251667j),4795000000
(-0.28288571204110935-0.7737608012849445j),(-0.015868556926734716-0.006694321251534158j),4795250000
(-0.28320586224992755-0.7761370489733397j),(-0.015834882743141966-0.006755627107673567j),4795500000
(-0.2869782643183756-0.7726984933309061j),(-0.0158819896439665-0.006577401670089045j),4795750000
(-0.2810007907493213-0.7748546685681206j),(-0.015908185047803405-0.006623035867115863j),4796000000
(-0.28453097059180466-0.7739086369513072j),(-0.015781755911535387-0.006481341772264472j),4796250000
(-0.286854267221404-0.773601600981323j),(-0.015769805881174718-0.00659537625875373j),4796500000
(-0.2853629891242434-0.7740309929126123j),(-0.0157507707616181-0.006503506504112142j),4796750000
(-0.2853479003682159-0.7730099226281256j),(-0.015788872873320085-0.006566774845945056j),4797000000
(-0.28674212430213714-0.7745035789427925j),(-0.015760289289104685-0.006505144182408558j),4797250000
(-0.2923676293725534-0.7731501239589427j),(-0.015763577886254-0.006481588888470942j),4797500000
(-0.2877099726650799-0.7733469936365287j),(-0.01562083580857484-0.006690046742535447j),4797750000
(-0.2929433753810322-0.7706209031330963j),(-0.015707993335218773-0.006294892877216525j),4798000000
(-0.2863792067681676-0.7723725410655556j),(-0.015760010852213714-0.006600001973216298j),4798250000
(-0.2900889618022828-0.7735368529131701j),(-0.015794786157732856-0.006623772400317581j),4798500000
(-0.29205559408339815-0.7713086464755277j),(-0.01574612728733464-0.006393285627360056j),4798750000
(-0.2902828981549759-0.771679061382419j),(-0.015685294979813996-0.006548730466360603j),4799000000
(-0.29212032869162335-0.7706460226840921j),(-0.015697429848719073-0.006392016355658407j),4799250000
(-0.28977880761583324-0.772399132514203j),(-0.015686408838803352-0.006529457572694583j),4799500000
(-0.29456652458644483-0.7706594450063619j),(-0.015617186634675163-0.006519691643220242j),4799750000
(-0.2938355709035563-0.7717744526309396j),(-0.015521593268723122-0.00633092991007267j),4800000000
(-0.29604819149840744-0.7703118589444417j),(-0.015617626334233584-0.006246894148711393j),4800000000
(-0.29356836154013444-0.771064797874818j),(-0.015621723682796074-0.006365646527860164j),4800250000
(-0.2984930064227021-0.769427525428862j),(-0.015642488586099828-0.0062948148970165515j),4800500000
(-0.2926387486348086-0.7717286013406103j),(-0.015562897949000948-0.006546494795117017j),4800750000
(-0.29715013393505946-0.7684874688444499j),(-0.015599615474131578-0.006363533376856681j),4801000000
(-0.29300671799165845-0.7716520854075626j),(-0.01561509927190454-0.00637706951825235j),4801250000
(-0.294415392453406-0.769630004809166j),(-0.015607084519519733-0.006552154825915437j),4801500000
(-0.2968070158877716-0.7678238394912538j),(-0.015553466958284372-0.006173282425482315j),4801750000
(-0.2956865201530089-0.7711660475670091j),(-0.01564571676552919-0.006354888427495986j),4802000000
(-0.2932392502018321-0.7708352370493675j),(-0.01543826694463783-0.006390798585579386j),4802250000
(-0.2947207337519642-0.7702189919274164j),(-0.015534187790306698-0.006326155029227408j),4802500000
(-0.2979179105419812-0.7689201592612499j),(-0.01541364784377036-0.006295108541123816j),4802750000
(-0.2983225704551113-0.769677962866324j),(-0.015481482616746976-0.006329148477412942j),4803000000
(-0.2972408874383805-0.7698752968334933j),(-0.01538680878916647-0.006383991749723373j),4803250000
(-0.2985675006431208-0.7677623574068937j),(-0.015523854275878334-0.0064221704456938165j),4803500000
(-0.2998647845508744-0.7678521084230387j),(-0.015352667230234993-0.006328899714608656j),4803750000
(-0.3027601735494802-0.765786132048093j),(-0.015441123081932363-0.006237629685225044j),4804000000
(-0.29957343779863504-0.7664489326282371j),(-0.015491448674001967-0.006349403882676992j),4804250000
(-0.3071939652943629-0.7635370893940183j),(-0.015403816857451352-0.006267096520357134j),4804500000
(-0.3007468956273667-0.7654001157133011j),(-0.015322267609632234-0.006367993502913571j),4804750000
(-0.3056320781520366-0.7667626590631997j),(-0.0153841458780619-0.006242070296372883j),4805000000
(-0.2998685926322169-0.766297847856739j),(-0.01533794585657391-0.006306283796157099j),4805250000
(-0.30285475862393-0.7670640793558137j),(-0.015366336314376394-0.006327293404723921j),4805500000
(-0.30541045585333726-0.7656591273447737j),(-0.015384003131126218-0.006203791212168362j),4805750000
(-0.3049762382353997-0.7658057641326319j),(-0.015280937507194033-0.0061832341255455j),4806000000
(-0.30493703856949844-0.7664220949723524j),(-0.01534254505817663-0.006299758968567851j),4806250000
(-0.30049969260989656-0.7669686993495047j),(-0.015307649161735088-0.006485569100079123j),4806500000
(-0.30635897890114194-0.7652838303774068j),(-0.015356229350733783-0.0061973783302908024j),4806750000
(-0.3058280935233077-0.7655472264754185j),(-0.015234861049746239-0.006368437978419685j),4807000000
(-0.3021123682431172-0.7671332841284522j),(-0.01525088326539544-0.006432176818263409j),4807250000
(-0.30175923983712744-0.7657562754546102j),(-0.01518410046129996-0.00633207080775962j),4807500000
(-0.31048634933691704-0.7634715564398894j),(-0.015231661099815087-0.006082295816339409j),4807750000
(-0.3033013164637429-0.766797779568005j),(-0.015350697050244966-0.006381799883039105j),4808000000
(-0.3068447393020886-0.764753759083136j),(-0.015294930977330307-0.006330434143741305j),4808250000
(-0.3109680331057069-0.7639159345955236j),(-0.01509369304204266-0.006240621026779222j),4808500000
(-0.30418628509833856-0.764099544620221j),(-0.015153234196738283-0.006327678025431629j),4808750000
(-0.31150165506694466-0.7636191876612408j),(-0.01523757637285354-0.006282348462385724j),4809000000
(-0.3073578132470319-0.7655760837295126j),(-0.015194096516465383-0.006241643991411041j),4809250000
(-0.30469963170863806-0.7644349630915767j),(-0.015043441842863405-0.00651558633454967j),4809500000
(-0.3140924590728652-0.7628193311285091j),(-0.015214232164900972-0.006127646209315985j),4809750000
(-0.3050659858570073-0.7644928026128793j),(-0.015089085057859955-0.006491022362602143j),4810000000
(-0.3127301436543154-0.7644830056631318j),(-0.015187770253236269-0.006212774347856131j),4810250000
(-0.30519301580649244-0.7647961118902871j),(-0.015146448997960445-0.0064395297559196995j),4810500000
(-0.30757185759259975-0.7638781287342498j),(-0.014950590651187827-0.006287532702373156j),4810750000
(-0.31307642283399856-0.7631041782724458j),(-0.015135775290850978-0.0061397147498495055j),4811000000
(-0.3075342993090716-0.7660006356196004j),(-0.014978247347481573-0.006472519164174154j),4811250000
(-0.3090309697740099-0.7652333386788451j),(-0.015107354736957101-0.0063882687342038825j),4811500000
(-0.3153484458284345-0.7587012202267333j),(-0.01497240801547403-0.00607780837316152j),4811750000
(-0.31047047358440455-0.7632062930010682j),(-0.01505278736015366-0.006308518406983533j),4812000000
(-0.309869361290364-0.7643530373331743j),(-0.014874061354718509-0.00635995630214616j),4812250000
(-0.3083831049823872-0.7633967363863807j),(-0.015021700631352016-0.006357216288169094j),4812500000
(-0.3145657137711901-0.7601062851128191j),(-0.015044655167972237-0.006347337932679817j),4812750000
(-0.3145918543496936-0.7619093113172266j),(-0.015031102827791016-0.006299682709293824j),4813000000
(-0.31233138834300295-0.7626801167199434j),(-0.015075361811054771-0.006209501548990845j),4813250000
(-0.3133642769290511-0.7625350681427728j),(-0.015008020645173386-0.0064012068531536055j),4813500000
(-0.32099658280525933-0.7583901366991497j),(-0.014894307772545143-0.006311829702225777j),4813750000
(-0.31480960270059605-0.7609649606122729j),(-0.014961387634372695-0.006317773122488364j),4814000000
(-0.3126683384146708-0.7612224529033207j),(-0.014838676858963059-0.006285312632007674j),4814250000
(-0.3138306526746765-0.7607510742486511j),(-0.01489763381920015-0.0062489608003089185j),4814500000
(-0.3138351108530544-0.7604236729228389j),(-0.014861055138906811-0.006344967749948626j),4814750000
(-0.3189666912469696-0.7584995705053231j),(-0.014970813964479055-0.006070932726541164j),4815000000
(-0.31622890672377896-0.7588715444310298j),(-0.014809277781891986-0.006300875730961402j),4815250000
(-0.31891671078447464-0.7587621951110115j),(-0.014849743208463273-0.006167787627239195j),4815500000
(-0.32160760901084373-0.7541008518053016j),(-0.014825300507189847-0.006340962093846262j),4815750000
(-0.31565997705840304-0.7593873271649997j),(-0.014880259590841197-0.006314136246726925j),4816000000
(-0.3199241756043542-0.7577214775408431j),(-0.014817566065358929-0.006307528608175304j),4816250000
(-0.3136593651181534-0.7601660568376815j),(-0.014691816493112967-0.006426373594294597j),4816500000
(-0.31666468408770243-0.7570945256749829j),(-0.014763075418971284-0.00645088286016812j),4816750000
(-0.3224613666965771-0.7552432834316928j),(-0.01470276712210664-0.006262758871950413j),4817000000
(-0.3205214994777121-0.7572707023459103j),(-0.014785647704488314-0.0064458317459850124j),4817250000
(-0.3206676560948723-0.7561699180883042j),(-0.014717865766225975-0.006513123813112196j),4817500000
(-0.32522267684860623-0.7540666268182539j),(-0.014789622278898382-0.006244966246619467j),4817750000
(-0.32527818629725125-0.7541196065140425j),(-0.014799559955320686-0.006219834996228626j),4818000000
(-0.3184033420026141-0.7557490845906792j),(-0.014744892466093088-0.006299925794910171j),4818250000
(-0.32325761636404376-0.755003164336355j),(-0.014538056328454894-0.006289539578239236j),4818500000
(-0.3192195800018789-0.7559339573013201j),(-0.014645517546315996-0.0064575605548796555j),4818750000
(-0.32119831641675467-0.754990881632533j),(-0.014664260327460966-0.006262126632790886j),4819000000
(-0.32766304162019-0.7517823811367507j),(-0.014675766880514831-0.0062882137599292j),4819250000
(-0.32504402033660673-0.754896549601474j),(-0.014689997938189587-0.006302521968990921j),4819500000
(-0.32169376052978305-0.753441502506657j),(-0.014559974772234143-0.006621641977125838j),4819750000
(-0.3235826869424076-0.7524231818878239j),(-0.014595085372363726-0.006487839402363523j),4820000000
(-0.32349606438899126-0.7527889002456446j),(-0.014534537315198815-0.006436627754200562j),4820250000
(-0.32427691984972523-0.7510447857565558j),(-0.01447576471563405-0.006410329847722407j),4820500000
(-0.3247933246283993-0.7486405593556609j),(-0.014413020354396728-0.006310836352235792j),4820750000
(-0.3258793893356083-0.7495541838580613j),(-0.014398016709910038-0.0064301544959306j),4821000000
(-0.3251387407681531-0.7503418509021867j),(-0.014549008880442062-0.006371571196331035j),4821250000
(-0.32679285310768996-0.7498803894893975j),(-0.01455607471718033-0.00643484054315818j),4821500000
(-0.3265007201384981-0.7497579160237805j),(-0.014427688562416129-0.006425570289227106j),4821750000
(-0.32781752554089705-0.7484129313080877j),(-0.014486132638113339-0.006495279750951048j),4822000000
(-0.32963617561053266-0.7481085781456258j),(-0.014514432029304237-0.006384530259708705j),4822250000
(-0.3251417006787626-0.7505599563306462j),(-0.014486624732486702-0.006525561852161559j),4822500000
(-0.332854754472617-0.7471165229511266j),(-0.014536804676332558-0.00631512461430451j),4822750000
(-0.32587366499818476-0.7502492544744946j),(-0.014616479112057826-0.00653543273089671j),4823000000
(-0.3289693599301643-0.7522337224415176j),(-0.014743545931142235-0.006488380069430531j),4823250000
(-0.32785690365184406-0.7500862117467677j),(-0.014495987982574145-0.006590998762482155j),4823500000
(-0.3283878559266796-0.7474884765250318j),(-0.014495598128208685-0.0064396323176251985j),4823750000
(-0.3287026657784533-0.7488521433286442j),(-0.014599494753604496-0.006485697554555878j),4824000000
(-0.33030661619608753-0.7480049214351226j),(-0.01461833412966078-0.006529217359595669j),4824250000
(-0.3288125424970419-0.7489276941758259j),(-0.01459529513560592-0.006454136491764379j),4824500000
(-0.3286900344526897-0.7502774369666967j),(-0.014565066306026983-0.006707163488747572j),4824750000
(-0.33099837643103336-0.7474180906073767j),(-0.014734801880436847-0.0064365741841498j),4825000000
(-0.3262157389036612-0.7503829328069888j),(-0.014530961643183958-0.0066188202841328545j),4825000000
(-0.3295542502283019-0.7471384986026369j),(-0.014610041812419955-0.006596745552628162j),4825250000
(-0.3322398194893799-0.7449283455194499j),(-0.014649983718338137-0.006490185849058148j),4825500000
(-0.33082877141133016-0.7487014897812662j),(-0.014643372839741294-0.006529908235699867j),4825750000
(-0.33292244235015733-0.7463601539507277j),(-0.014661613920019634-0.0064622819986165335j),4826000000
(-0.32820272100900005-0.748274251493632j),(-0.014673796567961861-0.006572305636217099j),4826250000
(-0.3343057119478624-0.7450834857949246j),(-0.014629555273097372-0.006490540269334927j),4826500000
(-0.3334878912552721-0.7450669390135886j),(-0.014539517049534734-0.006491778168056333j),4826750000
(-0.3308199286372349-0.7466549070541467j),(-0.014566108402871793-0.006543906261892003j),4827000000
(-0.33103989787176624-0.7455838831316642j),(-0.014576239292766078-0.006569757370456624j),4827250000
(-0.33001563604907325-0.7474402425627977j),(-0.014499160296318987-0.006599866527360727j),4827500000
(-0.33268201280338455-0.7465608681530818j),(-0.014629903357390568-0.006547074158699614j),4827750000
(-0.33044094682686326-0.7470003081726652j),(-0.014556755772123313-0.006570116170594268j),4828000000
(-0.33298394935430725-0.7444910610325892j),(-0.014528280956951871-0.00660455737802702j),4828250000
(-0.3320478703314732-0.7454438678720327j),(-0.014606694093536559-0.006627421030496776j),4828500000
(-0.33193607626115773-0.7426352541800183j),(-0.014564889928539063-0.006674405052211505j),4828750000
(-0.3333689337972926-0.7430860639412065j),(-0.014549413998761446-0.006453853701972258j),4829000000
(-0.3338303502056639-0.7408558988569532j),(-0.014436774272775888-0.006647496800875909j),4829250000
(-0.3351249348500741-0.7429829733637092j),(-0.01444725068505687-0.006587026956158265j),4829500000
(-0.33209798757027265-0.7434007560976387j),(-0.014475585033301366-0.006563031409080759j),4829750000
(-0.33554878622991086-0.7417731268441059j),(-0.014472233001250825-0.006415384136303918j),4830000000
(-0.332504201109195-0.7407788695606966j),(-0.01441126124888324-0.006665629152742309j),4830250000
(-0.33560103987207895-0.7409779939418615j),(-0.014421667945791333-0.0066125743880098425j),4830500000
(-0.33426426317863217-0.7408480796029534j),(-0.014486215617694214-0.006640455435535206j),4830750000
(-0.3312442909346773-0.7409741483514827j),(-0.014339965077476256-0.0066426350834536295j),4831000000
(-0.33468857357162873-0.7389181358852794j),(-0.014293955818743317-0.006543620585486168j),4831250000
(-0.33049003782771824-0.7402674369124738j),(-0.014156787353377456-0.006767578661387509j),4831500000
(-0.3352495929186119-0.7384292975165585j),(-0.014440386132457485-0.006663744981890821j),4831750000
(-0.3319917842899415-0.7392087547681309j),(-0.014334273169748404-0.006641804459324027j),4832000000
(-0.33739615018707053-0.7365371512215331j),(-0.01433326973445288-0.006683654851917138j),4832250000
(-0.333119427978954-0.7391948179164212j),(-0.014313015310500634-0.006732382295851341j),4832500000
(-0.33511533475111027-0.7388210519099608j),(-0.014361284151605563-0.006571586627234668j),4832750000
(-0.3376843726822448-0.7370990877320611j),(-0.014378841020624877-0.006659357093086103j),4833000000
(-0.33688139096532466-0.7388065102856707j),(-0.014410501808124492-0.006648087236617242j),4833250000
(-0.3361851570474839-0.7374226581057445j),(-0.014308471137841621-0.006743880921969089j),4833500000
(-0.3371460733545417-0.7361652880104846j),(-0.014389026069662558-0.006557412065439638j),4833750000
(-0.3363349876282145-0.7384674558573004j),(-0.014220362834423598-0.006860073073348101j),4834000000
(-0.33948285767986597-0.7371586234228881j),(-0.014351101134445272-0.006651780371122089j),4834250000
(-0.336441375646982-0.737476766052879j),(-0.014446668193745042-0.0068285415522926825j),4834500000
(-0.34285825384800994-0.7332998377215664j),(-0.014438005427161164-0.006728313948005592j),4834750000
(-0.3385132047545903-0.7366542999696617j),(-0.014385616184874939-0.006783306436066805j),4835000000
(-0.3332784336637655-0.7368863399330732j),(-0.01436145258254586-0.006791213351563091j),4835250000
(-0.341912803277732-0.7344060942080798j),(-0.014530530390367115-0.006792622312672659j),4835500000
(-0.33779503726908433-0.7368392610840642j),(-0.014328120262840506-0.0068694195149365j),4835750000
(-0.33771310777354535-0.7361072424383552j),(-0.014389740195217372-0.006957837388298681j),4836000000
(-0.33935249771938053-0.7352556585073385j),(-0.014469312665161669-0.006860459030178721j),4836250000
(-0.33983668250656596-0.7330838190883633j),(-0.014397965256343384-0.006876589930869108j),4836500000
(-0.3325874432416724-0.7372413639482459j),(-0.014375685807893135-0.006857109295071183j),4836750000
(-0.3385592197870247-0.7335642000617176j),(-0.014405140177881798-0.007039409882933268j),4837000000
(-0.34274111758166076-0.7300478816841731j),(-0.014429111882334414-0.006855567868433781j),4837250000
(-0.3375866472046048-0.7321692933942758j),(-0.014481543114962844-0.0069029734579905775j),4837500000
(-0.3408965768201399-0.7325222952466962j),(-0.014516862800899602-0.007084458777667899j),4837750000
(-0.3409934712745895-0.7319754502853136j),(-0.01450879219754432-0.006937794664299226j),4838000000
(-0.3437723005912836-0.7298311132029218j),(-0.014537004952524206-0.006817150663877568j),4838250000
(-0.3429327807728772-0.7307746229662089j),(-0.014595666835631911-0.006965643730741213j),4838500000
(-0.34000827108369486-0.733404702354782j),(-0.014483512953972058-0.007127005298585126j),4838750000
(-0.34056401776642325-0.7330875058100221j),(-0.014381959142066553-0.007119504520663513j),4839000000
(-0.34155061463381825-0.7341687073840981j),(-0.014405561398035944-0.007011034259835268j),4839250000
(-0.3462229068997876-0.7291833258278345j),(-0.014494654341905978-0.00703424935574065j),4839500000
(-0.3432844408076264-0.7297038855812435j),(-0.014656087144069787-0.007064674419258124j),4839750000
(-0.3404256292811186-0.7343106635310824j),(-0.014417402188771807-0.007163554245737922j),4840000000
(-0.3471728745836285-0.7299452626040176j),(-0.014583654449600148-0.007111363648261441j),4840250000
(-0.3464893704596843-0.7287730418565163j),(-0.014677838741791797-0.007117110987051082j),4840500000
(-0.338663216979156-0.7334922814900534j),(-0.014525284456703683-0.007258794653794618j),4840750000
(-0.34516105655470475-0.7290959554217211j),(-0.014462906217545533-0.007106088719344199j),4841000000
(-0.34664235722990344-0.7273338302194106j),(-0.014512145017084668-0.007167171667324114j),4841250000
(-0.341579970556532-0.7311202592014804j),(-0.014575046740294232-0.007249188594443946j),4841500000
(-0.3446281932222719-0.7294094116723133j),(-0.014428816793429552-0.007363051599944328j),4841750000
(-0.3523239722918783-0.7253740946832583j),(-0.01463097999583559-0.007188669444564213j),4842000000
(-0.3435190340614008-0.7290884996881994j),(-0.014523221059680966-0.00740043139047243j),4842250000
(-0.35144059604842925-0.724742572409444j),(-0.014500158215930451-0.0072950516016490885j),4842500000
(-0.3430835983107278-0.7303174408961646j),(-0.014593073914042833-0.007368968734995146j),4842750000
(-0.3479786523489131-0.7253900372033951j),(-0.01452058054692241-0.007336456045218646j),4843000000
(-0.3493186974120959-0.7258253889028667j),(-0.014686280304960431-0.007197112402104964j),4843250000
(-0.3425551453728648-0.7283247007606445j),(-0.01455096198719051-0.007476573787275277j),4843500000
(-0.35151363962543747-0.7253715605296189j),(-0.01472754273930187-0.0071220252365085494j),4843750000
(-0.3470036548564053-0.7265728936628061j),(-0.014648322434751535-0.007385836824483606j),4844000000
(-0.3448591403800124-0.727771561312865j),(-0.014537823987112028-0.007400300036079091j),4844250000
(-0.3488227586393647-0.7262904125888285j),(-0.014678637579102668-0.007242629253981685j),4844500000
(-0.3512893092565784-0.7250733850938686j),(-0.014733836869800754-0.007209277492727071j),4844750000
(-0.34718492049282434-0.7273509542602112j),(-0.014670596510393727-0.007428940228245727j),4845000000
(-0.3460583751536908-0.7274325114973832j),(-0.014647130688271679-0.007359298359449547j),4845250000
(-0.35200205001476714-0.7241078996321516j),(-0.014802417541424168-0.007398940891620975j),4845500000
(-0.3463517505197384-0.725709160236654j),(-0.014616047900870984-0.0074235927255164305j),4845750000
(-0.3432428958327114-0.7270544932168657j),(-0.014583042778336365-0.007489680058934271j),4846000000
(-0.34743281191878844-0.7245957179554914j),(-0.014799167670165305-0.007486860503643257j),4846250000
(-0.34421920780112736-0.7256852528319172j),(-0.01448623967475009-0.007509012877255813j),4846500000
(-0.3497509980749618-0.7222676610177575j),(-0.014807186861625021-0.007378397899732614j),4846750000
(-0.34582152935647853-0.7243811333265939j),(-0.01468071184113583-0.007588089614817752j),4847000000
(-0.3517156238561434-0.7192803203841737j),(-0.014855566871205211-0.007424240231137242j),4847250000
(-0.3467002681389728-0.7235677327265786j),(-0.01473010171260645-0.00741557573731296j),4847500000
(-0.35075991877893076-0.7209111510486161j),(-0.014842924743144324-0.007507855487898629j),4847750000
(-0.34747365431774024-0.7218130390555576j),(-0.014755928343741039-0.007348241274817004j),4848000000
(-0.3497398371460691-0.7206060619241769j),(-0.014862776781444927-0.007387715781540627j),4848250000
(-0.3486140872978577-0.7206307776922984j),(-0.014830636764885257-0.007337949122422461j),4848500000
(-0.34750074337825737-0.7209061600624753j),(-0.014810020487999717-0.007425062525991575j),4848750000
(-0.349434536499879-0.7198302661564581j),(-0.01487618264561582-0.007484888802077356j),4849000000
(-0.34593242864950746-0.7212480902735091j),(-0.014762585242739434-0.0076269437676400095j),4849250000
(-0.3473850192639205-0.7213096606775921j),(-0.014818749163714636-0.007569341519623109j),4849500000
(-0.35076997718948577-0.7186387697728024j),(-0.015033332263328973-0.0074735218318923175j),4849750000
(-0.34772425392030637-0.7211218139443801j),(-0.014767784633267498-0.007442234249399792j),4850000000
(-0.3533451754273158-0.7183404414149198j),(-0.014962880962886062-0.007410525561854704j),4850000000
(-0.35100567421326373-0.7198729087820972j),(-0.014971899675742566-0.00734781460960264j),4850250000
(-0.352453694789683-0.7186139659422766j),(-0.014996224070061055-0.007353989360822096j),4850500000
(-0.3532456923967293-0.718950493982223j),(-0.014930393430449633-0.007421802227058007j),4850750000
(-0.3488569423773202-0.7192042709224971j),(-0.014975539373942423-0.007623040958573564j),4851000000
(-0.35225493214245485-0.7163214029189654j),(-0.014902430342022686-0.007447837462182031j),4851250000
(-0.3492811429859166-0.719123035286063j),(-0.01488134809439357-0.0073881729600471565j),4851500000
(-0.35142288002907673-0.7165788314477636j),(-0.01493450984326967-0.007529605982240973j),4851750000
(-0.35078589340369054-0.7162952030689824j),(-0.015020202806927457-0.0075823820543355815j),4852000000
(-0.3522604016759468-0.7151137460847199j),(-0.014968461474681529-0.007445260324978392j),4852250000
(-0.3510703848610376-0.7164802081080046j),(-0.015046376035969054-0.007471839629958619j),4852500000
(-0.3507693773335474-0.7138932885363604j),(-0.015151048372128328-0.00759916550736666j),4852750000
(-0.35352595540776766-0.7130404526154689j),(-0.014988507319929917-0.007316199480159968j),4853000000
(-0.34768660401167795-0.7180376262982867j),(-0.015048060370015095-0.0075778569717400435j),4853250000
(-0.35761960076457316-0.7115442755117065j),(-0.015130394010084813-0.007327287766316939j),4853500000
(-0.3526647285001965-0.7141587037352249j),(-0.014972729933798168-0.007404420274873051j),4853750000
(-0.3524446436407137-0.7127511412264375j),(-0.015001038805333123-0.007518818516173145j),4854000000
(-0.3531882603520913-0.7128790733902208j),(-0.015216353119840697-0.007532569016385256j),4854250000
(-0.35692024399864175-0.7108570398748493j),(-0.01511997823391245-0.007428825486732462j),4854500000
(-0.3521161000145156-0.7134279214213283j),(-0.015189164828130122-0.00762255752262425j),4854750000
(-0.35220420474422454-0.7141774624562179j),(-0.015206786211436181-0.00753039460729737j),4855000000
(-0.3576456337717317-0.7099020807189196j),(-0.01518944582386749-0.00746789722851478j),4855250000
(-0.35223160990604946-0.7154597954952557j),(-0.015212493255969732-0.007477640873835057j),4855500000
(-0.3527798913285073-0.7129538381180985j),(-0.015237328478546808-0.007703401489038391j),4855750000
(-0.3533935411253159-0.7129537980690808j),(-0.01533144726284476-0.007664090479648163j),4856000000
(-0.3548140440880287-0.712004477452323j),(-0.015111377709771983-0.00768075612825385j),4856250000
(-0.3558231386845934-0.7119015491756311j),(-0.015326710263150451-0.007659033311707645j),4856500000
(-0.3553223711383466-0.7117911211511866j),(-0.015340276320381622-0.007667510063758837j),4856750000
(-0.35382778023574085-0.7125913496022388j),(-0.015185391833207086-0.007828898552927496j),4857000000
(-0.35301444998133863-0.7135568223665978j),(-0.015206059498296174-0.0077644458852676335j),4857250000
(-0.35375692564995576-0.7132761482913746j),(-0.015341944999566561-0.007869382825621007j),4857500000
(-0.35552808418393816-0.71057361034485j),(-0.015412116931752175-0.007757008638657741j),4857750000
(-0.3525685521364125-0.7116472430447633j),(-0.015347328066858446-0.008017182479146054j),4858000000
(-0.3571829151699838-0.7079909591509018j),(-0.015290110121149492-0.007830453675562893j),4858250000
(-0.353094244972784-0.7119124548072528j),(-0.015424759420212507-0.007885175443145374j),4858500000
(-0.356086479034689-0.7081416364235612j),(-0.015315591151001218-0.007854170026494219j),4858750000
(-0.35573343874318003-0.7092622467190749j),(-0.015381001691801744-0.007899774931265507j),4859000000
(-0.3511130191360271-0.7121455049745709j),(-0.015313721726192078-0.008076419459936328j),4859250000
(-0.35720819558159-0.7083641229196413j),(-0.015567434556890254-0.007758395388096275j),4859500000
(-0.35129008942264917-0.7117078433293993j),(-0.015568178407253164-0.008016407872490779j),4859750000
(-0.35789208082612656-0.7085825100422207j),(-0.015530164564470827-0.00790459849652101j),4860000000
(-0.356269681610663-0.7085528745558481j),(-0.015616656692556408-0.008125783923692478j),4860250000
(-0.354344679265294-0.7097213891509802j),(-0.015494125869321874-0.008230124904106153j),4860500000
(-0.3614953451420875-0.7063319200337189j),(-0.015632207568166155-0.007988056300855915j),4860750000
(-0.3556468383143077-0.7097796085500754j),(-0.015654003783294693-0.008167922889250653j),4861000000
(-0.3571889726105813-0.7086449474282588j),(-0.015635792722318836-0.008130923695124423j),4861250000
(-0.3573882168412334-0.707936264720016j),(-0.015590432737281093-0.008054837484074122j),4861500000
(-0.3606149865474732-0.7064609631342557j),(-0.015581055782684698-0.00816605940700265j),4861750000
(-0.3602555931960917-0.7067392411921176j),(-0.015727623047921777-0.00798794227699768j),4862000000
(-0.35803358712443856-0.7070342866773623j),(-0.01555200499683098-0.008161261668612816j),4862250000
(-0.3593350688663748-0.7065836892798093j),(-0.015729623934647854-0.008008342390948059j),4862500000
(-0.3590864448928165-0.7072111614477804j),(-0.015638794845100043-0.00816709743044556j),4862750000
(-0.36163577919884593-0.7036442229347736j),(-0.015756011099366574-0.008202218638673837j),4863000000
(-0.3609222542648499-0.7061803936232998j),(-0.015831985415541077-0.008078986920445105j),4863250000
(-0.36051268740727993-0.7052694631580582j),(-0.015869789730926384-0.00821429073515517j),4863500000
(-0.36105097359157867-0.705097778931822j),(-0.01592630688749329-0.008154373125109419j),4863750000
(-0.3603710498189183-0.7049818309214959j),(-0.01589226994431152-0.008175638857110916j),4864000000
(-0.36480314946877335-0.7006177992052147j),(-0.015889661555824247-0.00803153201760198j),4864250000
(-0.360378925507986-0.7044391413120759j),(-0.01595875625536252-0.008276398276792073j),4864500000
(-0.364027155450294-0.7020629496894466j),(-0.01598053101419224-0.00829095241600598j),4864750000
(-0.361689079478416-0.703155460468068j),(-0.01602407532645989-0.00837151178711735j),4865000000
(-0.36107444074852785-0.7038037744408122j),(-0.016009494288645426-0.008369150894048072j),4865250000
(-0.36445529499826645-0.7020968084608324j),(-0.01608161105337131-0.008323071671684803j),4865500000
(-0.3631508613199399-0.7024680695658271j),(-0.016076434241774133-0.008199956736314544j),4865750000
(-0.36196139927717486-0.7023969759366566j),(-0.016086841184049436-0.008426957638482932j),4866000000
(-0.3579469781552364-0.7071068711517771j),(-0.01617564051033745-0.008479688909755846j),4866250000
(-0.3635365356923845-0.7032251290896009j),(-0.016164214419611106-0.008358405987413366j),4866500000
(-0.3657414551765694-0.7009441605173228j),(-0.01626844547644211-0.008298287819358638j),4866750000
(-0.36170488468762235-0.7037218225017219j),(-0.016179698466633568-0.00844570389058794j),4867000000
(-0.3650583008735404-0.7003279980810981j),(-0.016279161317658147-0.008380869178187565j),4867250000
(-0.3657172259098562-0.7005433425964888j),(-0.016326050322835198-0.008251611310837738j),4867500000
(-0.3619541794353754-0.7029606490620475j),(-0.01639876237515368-0.008396304459901204j),4867750000
(-0.36581465505401195-0.6999268087334977j),(-0.01632036203627918-0.008221584723046337j),4868000000
(-0.36262807564110244-0.7028558912101047j),(-0.01641516374422116-0.008248948688498571j),4868250000
(-0.36383911051784146-0.7017590249888217j),(-0.01640034091053616-0.008223995537602244j),4868500000
(-0.36387653497341477-0.700940374377698j),(-0.01644601961013059-0.008201442592434549j),4868750000
(-0.36314315103120615-0.7018820501625735j),(-0.016452313988171735-0.008500601438388022j),4869000000
(-0.36490310883915567-0.7004657693745617j),(-0.016533516764162464-0.00824392661341712j),4869250000
(-0.36014619695538186-0.7024833764496766j),(-0.016591877853429714-0.008401398732597622j),4869500000
(-0.3629896113399287-0.7006891582745072j),(-0.016564519849234516-0.008399561910748586j),4869750000
(-0.36333623553097466-0.70093238934316j),(-0.01666072148726929-0.008377705146900742j),4870000000
(-0.3619592528802148-0.700618840892484j),(-0.016575343883740403-0.00846585081880016j),4870250000
(-0.362365730699801-0.7000618733936819j),(-0.016708251486417414-0.008462821644272527j),4870500000
(-0.3620631875464282-0.6995438130483079j),(-0.016686912468355707-0.008503048205196557j),4870750000
(-0.36589531924839314-0.698437099718802j),(-0.016778121574923213-0.008452235953165438j),4871000000
(-0.3619053285997845-0.7014248571396868j),(-0.016927978700218074-0.008494886431195406j),4871250000
(-0.36533356587625043-0.6993751208047061j),(-0.0168504052359151-0.008429284786039598j),4871500000
(-0.36426458230869796-0.7000076707076726j),(-0.016925537823481437-0.008328847153308824j),4871750000
(-0.36639730074234134-0.6989412208979726j),(-0.016891164023244892-0.008585122757430069j),4872000000
(-0.36721916100620955-0.6988438612997677j),(-0.016964433262050882-0.00834161040462927j),4872250000
(-0.3641817626905351-0.7005562241583354j),(-0.017059767138912545-0.008676020912100808j),4872500000
(-0.3649781240749625-0.7007096021579761j),(-0.017032953816002012-0.008557509542437674j),4872750000
(-0.3651238756870746-0.7005121485066864j),(-0.01698206087461973-0.008508125938226814j),4873000000
(-0.3679978550412699-0.6988330255945315j),(-0.017072315189061604-0.008383666450712163j),4873250000
(-0.3661127270983968-0.7000447075508307j),(-0.01701961279852417-0.008600662558758566j),4873500000
(-0.36599634374638224-0.7010417339417748j),(-0.01720033631608194-0.008581752477597224j),4873750000
(-0.3672155755069998-0.6991311278869616j),(-0.017235606142933634-0.00843748094866243j),4874000000
(-0.3622729647714286-0.7028511403131631j),(-0.01723761747752315-0.008789685089320862j),4874250000
(-0.3677998815879561-0.7002284651620709j),(-0.017385858605749798-0.008510556519557252j),4874500000
(-0.3674258353208993-0.6998159324388191j),(-0.01733739577514578-0.008450495649263473j),4874750000
(-0.36930390067702595-0.6977049949332474j),(-0.017425331050732656-0.008536879636421845j),4875000000
(-0.3683709037501078-0.6998564012969876j),(-0.017531464732994086-0.008508853953036015j),4875000000
(-0.3659285471149079-0.7011989949914852j),(-0.01748653053597249-0.00848067653112548j),4875250000
(-0.36925791029907745-0.6984102386492761j),(-0.017594288661249298-0.008488220719258513j),4875500000
(-0.36889286333217036-0.697655866336938j),(-0.017461746875501814-0.008568060745641069j),4875750000
(-0.36836063962257426-0.6986705554966482j),(-0.0177183562243384-0.008564285684067491j),4876000000
(-0.36774838672187193-0.6985580007668535j),(-0.017573980345939887-0.008616787118666243j),4876250000
(-0.3690029245662603-0.6974117692628251j),(-0.017581309770944006-0.008604475074276776j),4876500000
(-0.36980215766156627-0.6966141604977044j),(-0.017685246339852707-0.008414452253896199j),4876750000
(-0.36911039188182504-0.69814789437315j),(-0.017631258026538518-0.008562030293603229j),4877000000
(-0.36907170511651854-0.697918697921845j),(-0.017629747006728293-0.008591752207328357j),4877250000
(-0.36773070110858835-0.6984402325664831j),(-0.01771901321449171-0.008536760476475407j),4877500000
(-0.3690341140433148-0.6967005784951767j),(-0.01780088890757301-0.008611646982153979j),4877750000
(-0.36939365228806675-0.6962439289157389j),(-0.01782913530053744-0.008468894026903463j),4878000000
(-0.3690282383980069-0.6971943314262623j),(-0.01776372743394111-0.008746878460163341j),4878250000
(-0.3720806382011842-0.694448180783964j),(-0.01785165913223665-0.00861938810796058j),4878500000
(-0.36947097913576643-0.6955739142028138j),(-0.017941621494831424-0.008514347950442857j),4878750000
(-0.3695673391024911-0.6962123533947306j),(-0.01792055988348217-0.008659829328281837j),4879000000
(-0.3665886116144111-0.6967868043080148j),(-0.017924949761666427-0.008683925663065185j),4879250000
(-0.3716284816071628-0.6926323833403639j),(-0.01785537324568311-0.008484075373787595j),4879500000
(-0.36965905651015935-0.6949221660183408j),(-0.01790536000799685-0.008492476384235354j),4879750000
(-0.3703995665453252-0.6926463781029387j),(-0.017945700969897508-0.008576987822570867j),4880000000
(-0.3679739972402113-0.6945147550141111j),(-0.018129047299324328-0.008530454617610182j),4880250000
(-0.36804345888283585-0.6932412695193771j),(-0.018054518809297225-0.008664340665229782j),4880500000
(-0.37107056798932836-0.6913113424702599j),(-0.018046281186548344-0.008651088041379708j),4880750000
(-0.3689617209580608-0.6920986727458438j),(-0.018014648143448577-0.008724494242108631j),4881000000
(-0.36907655549985846-0.6926311940031527j),(-0.018060019227588816-0.008645749692082632j),4881250000
(-0.36973035644578695-0.6919227048117088j),(-0.018179698355359684-0.00858315304222318j),4881500000
(-0.3689614918729827-0.6914788617502223j),(-0.018120179333976555-0.008679614725420573j),4881750000
(-0.37082686072957116-0.6913502675275657j),(-0.01829808180727415-0.008565047314865338j),4882000000
(-0.36888007523395056-0.6917532459947566j),(-0.018316532498408155-0.008726390439125292j),4882250000
(-0.3725449599882963-0.6884062037396321j),(-0.018282032977235976-0.008713031006189212j),4882500000
(-0.36880328909507776-0.692930036210109j),(-0.018402828448216217-0.008584534689402349j),4882750000
(-0.37193033867787845-0.6903107889021683j),(-0.018363255940114717-0.008667599518212004j),4883000000
(-0.3713309485316172-0.6917441168846855j),(-0.018466540962099046-0.008525994272356025j),4883250000
(-0.3702244342481874-0.6909977733831626j),(-0.018515199170155972-0.00867022082754621j),4883500000
(-0.37141868527320937-0.6909951275769998j),(-0.018671574968426283-0.00860581976219666j),4883750000
(-0.3711895631955899-0.6908666988281759j),(-0.01849924476803-0.008581261110188174j),4884000000
(-0.3711350990975368-0.6913723310274551j),(-0.018618687191993562-0.008677241866182208j),4884250000
(-0.36959667023676746-0.6924581531827064j),(-0.018603876298768793-0.008525286245757123j),4884500000
(-0.3723694474086975-0.6897902060147519j),(-0.01877298446064264-0.008624141873039316j),4884750000
(-0.3728322622301748-0.6890441033123822j),(-0.018838229725767177-0.008529189855052126j),4885000000
(-0.3720467839243033-0.6906313920490351j),(-0.018711286931873954-0.008528505008545406j),4885250000
(-0.3723165636033617-0.6890138045429177j),(-0.018999916836239285-0.008474585811241234j),4885500000
(-0.37131337989145813-0.6898530491048971j),(-0.019013689644302813-0.008750275899839104j),4885750000
(-0.371086389682304-0.6901614098238378j),(-0.01904061770783113-0.00862542189534993j),4886000000
(-0.37010302215553376-0.6910329832252485j),(-0.019051978360603624-0.008558693772908414j),4886250000
(-0.371153473145714-0.690163443114349j),(-0.0191595732403832-0.008588415126501641j),4886500000
(-0.37181844428998817-0.6883756379758356j),(-0.019146135351717136-0.008524423692823961j),4886750000
(-0.37289419092842424-0.6886635845620417j),(-0.019203120657816423-0.008469549050854725j),4887000000
(-0.3751396915865076-0.6861363276556638j),(-0.01921221326617445-0.008375042717809684j),4887250000
(-0.3718915037120143-0.6884642355715784j),(-0.01928572929354338-0.008550889194916282j),4887500000
(-0.3750919804294999-0.6859386012856544j),(-0.019295503321758688-0.008424963196290521j),4887750000
(-0.3732134889529056-0.689446703697574j),(-0.019282025753406047-0.008405178648024302j),4888000000
(-0.37373603062148814-0.6886664771968888j),(-0.01934554785313291-0.008380001776028713j),4888250000
(-0.37423811746188673-0.6897177738116972j),(-0.019497322751850957-0.008361787109221482j),4888500000
(-0.37304066217955845-0.6894839314136182j),(-0.019436413519714698-0.008474103950556911j),4888750000
(-0.3764345528789007-0.6871720951023068j),(-0.019480847828262683-0.008149992049305683j),4889000000
(-0.37455335069510526-0.6889249418339211j),(-0.0195082179159759-0.008458832884675825j),4889250000
(-0.3760197206577563-0.6878128211679044j),(-0.019596672724183-0.008416234416408049j),4889500000
(-0.3747139672456595-0.6896285049616893j),(-0.01964402034162269-0.008422185920539907j),4889750000
(-0.37564742344595886-0.6877660622964471j),(-0.019751356604358672-0.00844931086344698j),4890000000
(-0.3772498551360705-0.6871072093850177j),(-0.019748396054723234-0.008248444654302451j),4890250000
(-0.3719633264303667-0.6909198801787281j),(-0.019682852299776517-0.00854204042623223j),4890500000
(-0.3775922143168903-0.685901421076036j),(-0.019882296687039735-0.008240321080385145j),4890750000
(-0.37596605069555755-0.6872600478438674j),(-0.019930678767346225-0.008123051169941144j),4891000000
(-0.37485371504365206-0.6883328342145991j),(-0.020064058679254468-0.008357884452658846j),4891250000
(-0.378016814732885-0.6864128116689135j),(-0.01991027692397785-0.008204420580584224j),4891500000
(-0.3800708364281232-0.6853721929722568j),(-0.020015884138933404-0.00814439875749985j),4891750000
(-0.37774906679402637-0.6865710266509866j),(-0.020143182975592505-0.008207828475832672j),4892000000
(-0.377375495855861-0.6857622942454118j),(-0.020151835471186662-0.008099383079806816j),4892250000
(-0.3767284144858186-0.6860836240421949j),(-0.020124892397923318-0.00832675776369974j),4892500000
(-0.38015027124475-0.6844421609844735j),(-0.020236179260572022-0.00824010027818992j),4892750000
(-0.37792047062109363-0.6867504554561419j),(-0.020187592055335518-0.008221793754071609j),4893000000
(-0.3786997079061655-0.6851104830019027j),(-0.020180013923291332-0.008164547074434111j),4893250000
(-0.378431397194947-0.6864687966393587j),(-0.020296020277162298-0.008100261139118652j),4893500000
(-0.37703615552505615-0.6875228174428872j),(-0.02023398944255995-0.008308194095403933j),4893750000
(-0.3795080772594292-0.6852727823819857j),(-0.020362251534423968-0.008150051575185996j),4894000000
(-0.37652101178675446-0.6885897001356996j),(-0.020254616599229745-0.00812872976707605j),4894250000
(-0.37587567137865907-0.6892402132479963j),(-0.020438487886853915-0.008365080480872322j),4894500000
(-0.37799216593666735-0.6873027158922735j),(-0.020525906392704206-0.008136621937904084j),4894750000
(-0.37690023068683515-0.6875544428344866j),(-0.020385954752659634-0.008313561947406654j),4895000000
(-0.37897095797758584-0.6850087149209202j),(-0.020701922045212894-0.008193824365796572j),4895250000
(-0.3787181509928955-0.686341786138823j),(-0.020811205507492603-0.008106149289297124j),4895500000
(-0.3814512536103032-0.6847498036483526j),(-0.020574247046377545-0.008351400989444058j),4895750000
(-0.3798306849934282-0.6849330912202487j),(-0.020816191239320866-0.008034806729864955j),4896000000
(-0.3749624973989671-0.6897205055222267j),(-0.020682115854095816-0.008371414873011901j),4896250000
(-0.3799433455153386-0.685852000071664j),(-0.02079189856453493-0.008128174139756968j),4896500000
(-0.3764109480795333-0.6870476784137711j),(-0.020824822006511704-0.008080864754766603j),4896750000
(-0.377798074108181-0.6869634225046183j),(-0.02075542570477299-0.008349936016792495j),4897000000
(-0.382122988868789-0.6840945906718086j),(-0.020922087966733265-0.007995455948416916j),4897250000
(-0.3731231936447298-0.6895784911387184j),(-0.02082069524414206-0.008319314039907544j),4897500000
(-0.38046975395759075-0.6847009708800843j),(-0.020892474162152085-0.008066837401441594j),4897750000
(-0.37988694690313984-0.6842468765008527j),(-0.021091725161530787-0.008068542725156369j),4898000000
(-0.3747978484210261-0.6882558223200312j),(-0.02085178986079552-0.008360438293124925j),4898250000
(-0.3851875812074047-0.6803276166908725j),(-0.021079038221053267-0.007930244188971317j),4898500000
(-0.377867685949913-0.6859414765294125j),(-0.021091736068658197-0.008283994671443327j),4898750000
(-0.3773762634369528-0.6863527503605614j),(-0.02113792698522009-0.00837836837122659j),4899000000
(-0.38388295706916015-0.6816512711575837j),(-0.021254875584309635-0.007830929004896816j),4899250000
(-0.3785501560700718-0.6857304232945587j),(-0.021266454324463023-0.008174085868551341j),4899500000
(-0.3761697903504925-0.6887040628473388j),(-0.021178131871923737-0.008274384611729444j),4899750000
(-0.38231301405779317-0.6832387187122599j),(-0.021318157880613954-0.00808924075000073j),4900000000
(-0.3783491341449014-0.6864253768580928j),(-0.021421855243009453-0.008086074349893625j),4900000000
(-0.377690881241542-0.6848539810917312j),(-0.021413402272392495-0.008139398013366593j),4900250000
(-0.3826380272382946-0.6815225573619415j),(-0.021381392049046835-0.008016110329951587j),4900500000
(-0.38294662949103975-0.6812692703700802j),(-0.021424267643571596-0.007907642416109074j),4900750000
(-0.3797276742387906-0.6839311159911714j),(-0.021498593762361372-0.008062213499729335j),4901000000
(-0.3829373541106068-0.6828944694540227j),(-0.021512170350888843-0.007794742724712233j),4901250000
(-0.38317059716335866-0.6813296432159648j),(-0.02154259702336417-0.008051578408777333j),4901500000
(-0.3809377315318808-0.6822010752167437j),(-0.021555373386129856-0.007912018023308584j),4901750000
(-0.38084557818402387-0.6820379504548202j),(-0.02160130678994836-0.008205699283363678j),4902000000
(-0.3851064781036252-0.6786187216813859j),(-0.021603806727205944-0.00789798725876803j),4902250000
(-0.38503957141698353-0.678693822211586j),(-0.021711276349683367-0.007901762134502015j),4902500000
(-0.3841862929601389-0.6775387396669931j),(-0.021790699900244327-0.007963492077565155j),4902750000
(-0.38032084073191946-0.6825698415189432j),(-0.02178178864738362-0.007904175226707446j),4903000000
(-0.3850822677092979-0.6773504910874506j),(-0.021624620843683388-0.007914997961315104j),4903250000
(-0.3843181856738176-0.6777534348350415j),(-0.02178161503567876-0.007796871010571974j),4903500000
(-0.38283273888896024-0.6794249493421815j),(-0.021819356219066218-0.007922208123004688j),4903750000
(-0.3820786341322552-0.6803528053766877j),(-0.022049190775278532-0.007882745972400677j),4904000000
(-0.3845512229468824-0.6784260798529997j),(-0.02207074814134408-0.007685170613997918j),4904250000
(-0.38534690251026604-0.679101839111389j),(-0.022028422857840617-0.007741840339609128j),4904500000
(-0.3854491989505352-0.6793451768209108j),(-0.02200824854839855-0.008050859628074957j),4904750000
(-0.3861508949437377-0.6785763928596816j),(-0.02215253923047494-0.007763382271834505j),4905000000
(-0.3863926989697384-0.6788247391827382j),(-0.022243702253758716-0.00756895348278651j),4905250000
(-0.38019498978358524-0.6842195955357021j),(-0.022257628526988878-0.00781495936389821j),4905500000
(-0.3870504701128836-0.6797668891053652j),(-0.022280868763973963-0.00748888548400356j),4905750000
(-0.3839139314277839-0.6813210896129118j),(-0.022264068612063315-0.007650604961540134j),4906000000
(-0.38686523809716633-0.6789675664383841j),(-0.02245471710484703-0.007490308038685524j),4906250000
(-0.38593785079593274-0.6798135953547196j),(-0.02252661720620558-0.007492062044344212j),4906500000
(-0.39007211531902053-0.6770799722826677j),(-0.022511341238835938-0.007498089037448143j),4906750000
(-0.3821294864267053-0.6827955078934036j),(-0.02254697374292001-0.007593425623503533j),4907000000
(-0.3874645273084949-0.6796993870257346j),(-0.022578923864112917-0.007405171185445458j),4907250000
(-0.38859742138125664-0.6776203495565917j),(-0.02278728939489114-0.00721576348785489j),4907500000
(-0.3821189278663268-0.681656488289159j),(-0.022763355533102114-0.007455049266137451j),4907750000
(-0.3849561567055001-0.68005226292672j),(-0.02276288106444915-0.007186306553869127j),4908000000
(-0.3836017024368489-0.681082077374511j),(-0.022816328418627206-0.007423883569918028j),4908250000
(-0.3875905204992152-0.6790904248154438j),(-0.022908448438120968-0.007130370017380035j),4908500000
(-0.38472107503934844-0.6803307759639844j),(-0.02302054180128462-0.0072508821958178135j),4908750000
(-0.3864174795007637-0.6795278944989002j),(-0.022819527399608772-0.007246993318267788j),4909000000
(-0.38784821392770163-0.6797387425743303j),(-0.02315682979797821-0.007012029889665769j),4909250000
(-0.3856189763738858-0.6803586470802377j),(-0.023196669148299362-0.007116878128318327j),4909500000
(-0.3840532336167095-0.6829812339271677j),(-0.023287144935477157-0.007235755554287291j),4909750000
(-0.3888537898905466-0.6782908084654594j),(-0.023330968356411044-0.0070731901051578686j),4910000000
(-0.38786745268433376-0.6793920125601904j),(-0.023346700059671627-0.0072707249935157255j),4910250000
(-0.3889803072237427-0.6806873462019981j),(-0.023410085489103692-0.007032845452339861j),4910500000
(-0.38640186601003973-0.6833170070869602j),(-0.023475788434127298-0.007300229209862864j),4910750000
(-0.39061072831521293-0.6800226898098646j),(-0.023536427944561563-0.007029427540070628j),4911000000
(-0.385806763951789-0.682646919280933j),(-0.023585021394012903-0.0072119384475931615j),4911250000
(-0.3903087930899053-0.6806834660863467j),(-0.02374956319614921-0.006996858565700099j),4911500000
(-0.38682847834437484-0.6821366166007103j),(-0.02375747817787243-0.00697827521713631j),4911750000
(-0.39148797141874586-0.6796947982068227j),(-0.023671223257233545-0.007067309944661078j),4912000000
(-0.3904463632868289-0.6814138269030966j),(-0.023779301107210556-0.0070072201110160034j),4912250000
(-0.38689266072636147-0.6831246211029537j),(-0.023913520994090144-0.007000257997287464j),4912500000
(-0.39007089520859095-0.6808095168109282j),(-0.023940765555532303-0.006988372684222213j),4912750000
(-0.3895848417414989-0.6814309281918217j),(-0.023975670907697966-0.006875660796304654j),4913000000
(-0.38849534434456584-0.6836506148771914j),(-0.02401248454490245-0.0070273817148234895j),4913250000
(-0.3920272126518098-0.6798191260267662j),(-0.02418867297303953-0.006742026560550905j),4913500000
(-0.3885091786376637-0.6824752909464692j),(-0.024136794900119097-0.007132020913872856j),4913750000
(-0.39145612629542187-0.6809684876157096j),(-0.024237259516833476-0.006799494934805216j),4914000000
(-0.389321199246249-0.6827095429307192j),(-0.02423640872804917-0.006914868876570172j),4914250000
(-0.3892330265298138-0.6817430656590505j),(-0.024214935326468713-0.006966057147908161j),4914500000
(-0.3883459034279693-0.6829909864834715j),(-0.024314122218575394-0.007036936257216284j),4914750000
(-0.3898442168289138-0.6825647141709602j),(-0.02441566585260321-0.006829418771999737j),4915000000
(-0.3930157787725774-0.6794714337764769j),(-0.024372649572750225-0.006764875444141758j),4915250000
(-0.39239192085129254-0.6818220862554291j),(-0.02440544434048354-0.006677006895387411j),4915500000
(-0.39086497866412656-0.6828855249474017j),(-0.024472311846381933-0.006707850929299052j),4915750000
(-0.3959577559396191-0.6773009857597091j),(-0.02458483607376561-0.006595763093619064j),4916000000
(-0.3928781833537345-0.6813907952432557j),(-0.024660644371994105-0.0064544957131766854j),4916250000
(-0.3941230879973687-0.680616933765754j),(-0.024639954135833645-0.006707758994333636j),4916500000
(-0.39252904469437155-0.6827305651796947j),(-0.024760094448656223-0.006529834407301448j),4916750000
(-0.3965010011873815-0.6791378937044057j),(-0.02479653789537102-0.006607939975761172j),4917000000
(-0.3941303050196085-0.6811606358524611j),(-0.024790564490163366-0.006605707727854543j),4917250000
(-0.3981246600250053-0.678263828680303j),(-0.024988747260976284-0.006176860327907088j),4917500000
(-0.3958582606919146-0.6803070449286377j),(-0.024886189053776292-0.006595813533865761j),4917750000
(-0.3999252871887463-0.6766624765979242j),(-0.024914101877676488-0.006188977521913254j),4918000000
(-0.39380789553258766-0.681213599011773j),(-0.025000984967236028-0.006487034804924825j),4918250000
(-0.39835581827432914-0.6767716986861415j),(-0.0251275241867621-0.0064208126607743984j),4918500000
(-0.392668448329874-0.6818124480813701j),(-0.025007337873538444-0.006392072186622066j),4918750000
(-0.3959607246111907-0.6798813167050247j),(-0.025056343292190583-0.006500978097720115j),4919000000
(-0.39948807701341216-0.6769684352063232j),(-0.02520802476165781-0.006179432112825173j),4919250000
(-0.400231019135274-0.6754133477502139j),(-0.02533450814925564-0.006261454924462138j),4919500000
(-0.39698127696485713-0.6771750543632317j),(-0.025338132323714763-0.006183730749138711j),4919750000
(-0.39757201369706086-0.6778481045869577j),(-0.02539328845659275-0.006106698565004166j),4920000000
(-0.400605717959304-0.6762142698879414j),(-0.025439132538131314-0.006039476361696791j),4920250000
(-0.39891184727668466-0.6775263033676108j),(-0.02540918602326529-0.006071315932311493j),4920500000
(-0.40078906514480644-0.676883570671696j),(-0.02542345003865161-0.006029353077986606j),4920750000
(-0.39877335187131585-0.6780022523145183j),(-0.025417933961616263-0.00605892674538298j),4921000000
(-0.40460137934002455-0.6737664421451406j),(-0.025564043122768415-0.005899575407972673j),4921250000
(-0.40044248311352953-0.6776300018205185j),(-0.025503069859512856-0.00598371625541763j),4921500000
(-0.3995166201338501-0.6775150662292548j),(-0.025578470066024407-0.00580630580712824j),4921750000
(-0.4004531750024631-0.6771929102784244j),(-0.02565991276460519-0.005894731358058123j),4922000000
(-0.40390085518815283-0.6761866830203748j),(-0.02569399388423733-0.0054476131126680065j),4922250000
(-0.3971679926844087-0.6799011195617276j),(-0.025741820782711297-0.005547628910637559j),4922500000
(-0.40043763605767757-0.6787918696053094j),(-0.02585923244218567-0.005723671412898556j),4922750000
(-0.3992818732821739-0.6774956963839981j),(-0.025889031348574648-0.005786470989180923j),4923000000
(-0.4003036179091798-0.6770405499392995j),(-0.025794963342252127-0.005644066058090155j),4923250000
(-0.4042729158124872-0.6747808313585667j),(-0.025897613769402975-0.005295367471724261j),4923500000
(-0.3952845016823119-0.679063612783056j),(-0.025965874987832923-0.005650461370863995j),4923750000
(-0.4022178795506923-0.6766012040127821j),(-0.025999351379463978-0.00523522678425837j),4924000000
(-0.3993968624973749-0.6771533478680373j),(-0.026074139498903044-0.005580709264009248j),4924250000
(-0.3995817487972413-0.6773148838538255j),(-0.02601077331822701-0.0054691630142049835j),4924500000
(-0.3990136176405157-0.676664919492958j),(-0.02613401595321614-0.005246644823716626j),4924750000
(-0.40116702034362944-0.6753964232310199j),(-0.02602897363860525-0.005398546861234598j),4925000000
(-0.4046372376061921-0.6733720411497013j),(-0.02606218150176148-0.005095623221065681j),4925000000
(-0.39992280775733235-0.6778537423878298j),(-0.025997166233221177-0.005425968449149008j),4925250000
(-0.40115613176982684-0.6750427795002263j),(-0.026198697477322445-0.005235032481477182j),4925500000
(-0.40143654205658513-0.6765501448090488j),(-0.026226341085039438-0.00501933825401157j),4925750000
(-0.4020403853425144-0.6746264508579582j),(-0.02613371263427814-0.005170212499099601j),4926000000
(-0.4026649777681055-0.6757679384807657j),(-0.026309464450652666-0.004944445967869519j),4926250000
(-0.3989918535502764-0.677079660400338j),(-0.026416052004219294-0.005188191435836195j),4926500000
(-0.4064436651920354-0.6718398465809139j),(-0.026406391294254265-0.004814759641657698j),4926750000
(-0.4002934929272904-0.6775046016779483j),(-0.026414997743431968-0.004877212779149677j),4927000000
(-0.40073004587096084-0.6768181045526481j),(-0.026572114764520594-0.005010168068601937j),4927250000
(-0.40252480322598944-0.6761977167162856j),(-0.026605780337672-0.004899138476376425j),4927500000
(-0.4013300682939069-0.6756256019833963j),(-0.02661547450837213-0.004957303375071361j),4927750000
(-0.40735056329701724-0.6729198513520379j),(-0.026752645079650122-0.0045269290140713325j),4928000000
(-0.4047004475833334-0.6751560041111618j),(-0.02674357880727991-0.004744930085628304j),4928250000
(-0.4046041292611923-0.674680011154982j),(-0.026791617781596784-0.004591302833098138j),4928500000
(-0.4038343029330739-0.6761376059106738j),(-0.026752082850475405-0.0046136568266463285j),4928750000
(-0.40626135428782867-0.6727946779680202j),(-0.02695277822973604-0.004562372337200769j),4929000000
(-0.40433647586892235-0.6745383290663121j),(-0.026900558733786214-0.004341102425131674j),4929250000
(-0.4048481504179397-0.6735544340452673j),(-0.026918295494613137-0.004535064540322424j),4929500000
(-0.4066500534190566-0.6748322380502679j),(-0.027039359006811113-0.004298788982505351j),4929750000
(-0.40521834877912943-0.6734583399451645j),(-0.02710233373039343-0.004172818310271619j),4930000000
(-0.40372451504081813-0.674352529203967j),(-0.027045262669376995-0.004500450793161364j),4930250000
(-0.4052595782438445-0.6750040971039195j),(-0.027187317625752595-0.004109760185197452j),4930500000
(-0.4061352153083066-0.672602609013442j),(-0.02707590102034031-0.003934075856236208j),4930750000
(-0.4079859059582646-0.6717315170199015j),(-0.02720442693565281-0.003920672609099819j),4931000000
(-0.4041228145194292-0.6766667139583897j),(-0.027324915913996172-0.004307933861781391j),4931250000
(-0.4086435863663984-0.6726053562400975j),(-0.027404685711704402-0.00401483108066331j),4931500000
(-0.40791355744143376-0.6751346458075362j),(-0.027488092455466115-0.003906069101319011j),4931750000
(-0.4069773377883638-0.6746262817250154j),(-0.027353425877109195-0.004131663205699894j),4932000000
(-0.40698157091448206-0.6764379963207947j),(-0.027517384061378988-0.003959397914207505j),4932250000
(-0.4072478985597662-0.6739060558590706j),(-0.0275501032501613-0.0038607549146104482j),4932500000
(-0.411475232672615-0.672318829186893j),(-0.027596809395268866-0.003815415364249706j),4932750000
(-0.41049051942433146-0.6738513302189126j),(-0.02776972571413157-0.0036248263026858497j),4933000000
(-0.40979493530070504-0.6735119915536593j),(-0.02755449625603699-0.0038542821585826593j),4933250000
(-0.4136635550266356-0.6733150002770832j),(-0.027809049358404316-0.003767731891891177j),4933500000
(-0.41139167360746914-0.6736588376845498j),(-0.027834904815531643-0.003757473334208461j),4933750000
(-0.4123841003214638-0.6742253558153312j),(-0.027755378828580295-0.003620673152643712j),4934000000
(-0.4106233703246492-0.6750831969032146j),(-0.02789724996325718-0.003507568203078255j),4934250000
(-0.4097846140087935-0.6748541636953033j),(-0.027946560728370227-0.0035182778292732293j),4934500000
(-0.41547060398480773-0.6742232946860564j),(-0.027930776861873327-0.0032451313286661655j),4934750000
(-0.41189192847367057-0.6746463027037141j),(-0.028036953590621003-0.0034054835163203137j),4935000000
(-0.4137197819161106-0.6742936324656869j),(-0.028062299624911358-0.0033300744954409814j),4935250000
(-0.41497843624066955-0.6745112329275036j),(-0.027959386432438726-0.0032112644501984516j),4935500000
(-0.41485473916156607-0.6747991508639358j),(-0.028069811871198898-0.0032972291780703276j),4935750000
(-0.4167632022630751-0.6734776905329285j),(-0.028158470964948407-0.0031900506814148298j),4936000000
(-0.4130374416945319-0.6755117788959355j),(-0.02820638024386312-0.003341183395658885j),4936250000
(-0.41583625554374115-0.6740794662977804j),(-0.028203168441141808-0.0031898530840328908j),4936500000
(-0.41621713162080565-0.6747438018657593j),(-0.028350836581769883-0.002988905150326314j),4936750000
(-0.4151151520602255-0.6742833905778061j),(-0.028271835402739105-0.003169025452285047j),4937000000
(-0.4158103243216624-0.6755589847061266j),(-0.028388566914629536-0.0029056048580993906j),4937250000
(-0.41843345987799657-0.6724836246128711j),(-0.02841748089676472-0.003009905454253687j),4937500000
(-0.41843519970942056-0.6730861815381683j),(-0.028319572036009693-0.0026962030186358362j),4937750000
(-0.4142413868763866-0.6752517254466269j),(-0.028515602537177682-0.0028367546960272032j),4938000000
(-0.4177676655173804-0.6729331782112933j),(-0.028503948554431578-0.0027818257519291465j),4938250000
(-0.41729396855585726-0.6724059647257828j),(-0.02846981366473592-0.002657303880680529j),4938500000
(-0.4162488997284387-0.6741934874137309j),(-0.028522957853538904-0.0025784730498112926j),4938750000
(-0.41751988340827784-0.6734555148909044j),(-0.028671568141437752-0.0024297729198277896j),4939000000
(-0.4162787776258531-0.6727676519287151j),(-0.028654640003209754-0.002691139645778843j),4939250000
(-0.42078524920015026-0.6719305244911199j),(-0.02853971185842164-0.002372838846613182j),4939500000
(-0.419655133816157-0.672863451802663j),(-0.02861952007308589-0.002281637264210678j),4939750000
(-0.4177736648283576-0.6725404065665416j),(-0.02877404466848014-0.002577874629317317j),4940000000
(-0.419480640269654-0.6712956577766911j),(-0.02870610629147943-0.002119516486583672j),4940250000
(-0.41590678910031686-0.6736681288627873j),(-0.028760916217485326-0.0024054197437675014j),4940500000
(-0.42143751887233877-0.6692391230623803j),(-0.028765564975512904-0.002149195369060379j),4940750000
(-0.4168490204821568-0.6716914496616382j),(-0.028837538577875573-0.002119781622834381j),4941000000
(-0.416887832622174-0.6712591746699055j),(-0.028800897989140206-0.0022356580820511816j),4941250000
(-0.413469966458981-0.6735636173309049j),(-0.028863216091795464-0.002199309878783007j),4941500000
(-0.41680493252833606-0.6691308497793494j),(-0.028912657507511333-0.00196732234909355j),4941750000
(-0.41809927387221507-0.6699796753401569j),(-0.02892443059745364-0.0018524415462144006j),4942000000
(-0.4164813349786691-0.6709233463035733j),(-0.02896415449588401-0.0018574670915917594j),4942250000
(-0.41885721714215324-0.6679246817879848j),(-0.02902075429751676-0.001851332548543619j),4942500000
(-0.4214815998688695-0.6679253375305393j),(-0.029111534042685194-0.0017417227116440386j),4942750000
(-0.4182600117419142-0.6693942958970648j),(-0.02904335032430904-0.001708030247268178j),4943000000
(-0.42020088595653016-0.6703584643387009j),(-0.029121925042885136-0.001414410767220923j),4943250000
(-0.41692274355204406-0.6709574412964276j),(-0.029165335585176595-0.0016452517273275273j),4943500000
(-0.41939730903021477-0.6682624491645184j),(-0.029160074341483502-0.0014242317992068049j),4943750000
(-0.41985755652148754-0.6680807984318017j),(-0.029269345337243718-0.0010882224654312899j),4944000000
(-0.41705775635260744-0.6695793821101765j),(-0.02924393701649837-0.0012977287454145681j),4944250000
(-0.41874005673976517-0.6690787864238085j),(-0.02928269359617127-0.001060131758476603j),4944500000
(-0.4172929099355628-0.6696173942811939j),(-0.029364806993927267-0.0012581850672504897j),4944750000
(-0.4206911601382304-0.6681290061987728j),(-0.029331490171271894-0.001034711294262937j),4945000000
(-0.41866196289592833-0.6687307774015873j),(-0.029334150121646793-0.0011189934507126091j),4945250000
(-0.41935084703965547-0.6697157681121739j),(-0.029405555755887235-0.0009924640056416594j),4945500000
(-0.41938954342065254-0.6689730649340995j),(-0.029381845785100814-0.000876370719930611j),4945750000
(-0.4187662508649243-0.6669665684759902j),(-0.029373099246238876-0.001009973433949104j),4946000000
(-0.42049149733240976-0.6681965327321399j),(-0.02955010822636856-0.0006793590190068541j),4946250000
(-0.41695902371192173-0.6679418887853602j),(-0.029404854845233093-0.0007044966426011793j),4946500000
(-0.41851589201153927-0.6652846294149669j),(-0.02954938628604212-0.0007521591808229266j),4946750000
(-0.4198707175180953-0.6657534613927247j),(-0.02950841182500533-0.0005310237895175677j),4947000000
(-0.41983568493157547-0.6647149975934753j),(-0.029585034158165102-0.0007062272383880762j),4947250000
(-0.4219694174356394-0.6642949517591605j),(-0.029553361563285106-0.00033439201822573514j),4947500000
(-0.41863196399744246-0.6662442316137784j),(-0.029633641940753335-0.00033037684140653587j),4947750000
(-0.42112936772215775-0.6641496052978307j),(-0.02960583114619861-0.0002169547500482736j),4948000000
(-0.4224408276424971-0.6643709747011747j),(-0.02960156004968641-0.00014889356094888325j),4948250000
(-0.4206319493546173-0.6649656763077724j),(-0.029908456890139472-0.00039860652373380776j),4948500000
(-0.4207351147183829-0.6641564421660175j),(-0.029793988648725223-4.0143593820887074e-05j),4948750000
(-0.41961476845440965-0.6648456301239971j),(-0.029852418236336768-0.00023965895733922874j),4949000000
(-0.42160793402472-0.6649261297406216j),(-0.029841927810950963-6.260850610518339e-07j),4949250000
(-0.4198362521058774-0.6652508354654674j),(-0.029908150305226016-7.917784279091046e-05j),4949500000
(-0.423529492579375-0.6634790877813164j),(-0.0299208831229499+0.00025489124375401647j),4949750000
(-0.42257558565095293-0.6642836255957325j),(-0.029975498428388928+0.0002468860789729617j),4950000000
(-0.4166719462337583-0.668307418993272j),(-0.03006165876856411-2.333534224805713e-05j),4950000000
(-0.42229688015862404-0.6658066300762456j),(-0.030054574538770466+0.00023090131650153596j),4950250000
(-0.4234326784652883-0.663136796896889j),(-0.0300707276053466+0.00029396293420084097j),4950500000
(-0.42362576155139714-0.6639065762180587j),(-0.03015560528342733+0.0004341629145590651j),4950750000
(-0.4231941443809547-0.6625044521221378j),(-0.030194383896524107+0.0004594612008241524j),4951000000
(-0.41852368616115354-0.6660186947989549j),(-0.03025035637903964+0.000498481687220454j),4951250000
(-0.42280138011107155-0.661752717327768j),(-0.03013863122905494+0.00040454375868665836j),4951500000
(-0.4253359410630636-0.661773258883175j),(-0.0301498825336628+0.0007095933743783787j),4951750000
(-0.4223237011118833-0.6629221501257161j),(-0.030146810441586888+0.0006611614192819396j),4952000000
(-0.42559609752699734-0.6610168272044875j),(-0.030189231404983866+0.0009401003053979915j),4952250000
(-0.4269159116704792-0.66100451463547j),(-0.030254393511736248+0.0007773524219162302j),4952500000
(-0.42517565075335517-0.6618855262371616j),(-0.0303732014830822+0.000891254044639979j),4952750000
(-0.4249562888779744-0.6608992504553265j),(-0.030316312364246117+0.0011403178667326735j),4953000000
(-0.42614388578845364-0.6603281746311536j),(-0.030370140712859744+0.0010194944448920144j),4953250000
(-0.42630343589453357-0.6606669843357055j),(-0.030365080473694003+0.0013640836365684562j),4953500000
(-0.42461014735413927-0.6630470019426796j),(-0.03025948275261604+0.00121898008901443j),4953750000
(-0.4277821265275393-0.6597114561690948j),(-0.030407223310741298+0.0013857056895924624j),4954000000
(-0.4254931348683004-0.662291134276538j),(-0.030410030897510577+0.0012312970215875832j),4954250000
(-0.4288365090165776-0.6597718354225096j),(-0.030389810655009+0.001377723399994981j),4954500000
(-0.42557567741982255-0.6612897160495055j),(-0.030426745724048625+0.0014616649575640633j),4954750000
(-0.42693988653726583-0.6596159020217824j),(-0.030502310024450027+0.001469672856756892j),4955000000
(-0.42160842551505184-0.6606992244159423j),(-0.030616512847601012+0.0015063491793556876j),4955250000
(-0.426800214949917-0.6605390737721022j),(-0.030472834295472876+0.0015517307966054562j),4955500000
(-0.42755695417149014-0.6599381186882448j),(-0.03057347614400894+0.0018274921084428623j),4955750000
(-0.4254415547071141-0.6615075881923744j),(-0.03062179877777045+0.001635937202313658j),4956000000
(-0.4287599948510838-0.659337688800809j),(-0.030662246084122782+0.0018609273810408923j),4956250000
(-0.4305051585928172-0.6571919841539319j),(-0.030538912213990712+0.001888009806861011j),4956500000
(-0.4286598466973888-0.659810062573616j),(-0.030625555925338672+0.0020987343648559533j),4956750000
(-0.4273378233222492-0.6596999446659136j),(-0.0306031904253637+0.0020432631996703393j),4957000000
(-0.42921733088565933-0.6579029885976019j),(-0.03062711767550436+0.0020434486137198434j),4957250000
(-0.4270843960981996-0.6602158322701696j),(-0.030681409882809027+0.002273428824104445j),4957500000
(-0.4262398888857596-0.6576381995011226j),(-0.030623217638867262+0.002268185185084557j),4957750000
(-0.4277542639283707-0.6584857653717896j),(-0.03058038438306112+0.0023637063234548017j),4958000000
(-0.4282714717312732-0.6585172541891338j),(-0.030596088238504772+0.002347767571612548j),4958250000
(-0.4296975498335471-0.6576005482871646j),(-0.030756920835081816+0.0025408088427319305j),4958500000
(-0.4271816506335691-0.6574928218855616j),(-0.030713994843536364+0.0026112493114554425j),4958750000
(-0.42859873981055274-0.6568411677470369j),(-0.030720722640292193+0.0025217235064678837j),4959000000
(-0.42371265851310996-0.659825006550324j),(-0.030779991058725673+0.0026363196743539037j),4959250000
(-0.4281918576044985-0.6569286355759121j),(-0.03071274909184954+0.002589937652026693j),4959500000
(-0.42914684189615715-0.6552600511336811j),(-0.030689451678115785+0.0027742938399536467j),4959750000
(-0.42879327170143255-0.6575445759449955j),(-0.030931397444885097+0.0028004687856963443j),4960000000
(-0.4294887435421979-0.6567916073381415j),(-0.030713845202617523+0.003091137404119975j),4960250000
(-0.43139243820949413-0.6562802413077782j),(-0.03079766312336315+0.002978985782462867j),4960500000
(-0.43100912849153006-0.655991855863487j),(-0.030847990527506287+0.003358590941606475j),4960750000
(-0.42564885143807757-0.6587297177890676j),(-0.030927408520704757+0.00303064704120121j),4961000000
(-0.4322646829707208-0.6554037132002112j),(-0.030638661052198767+0.0032983536537718695j),4961250000
(-0.427900263527321-0.6567645284869478j),(-0.03079301020711688+0.003463502383182491j),4961500000
(-0.4279122730157792-0.6566548763383661j),(-0.030895227643231445+0.003385802953794882j),4961750000
(-0.4284027025773178-0.6576272905097514j),(-0.030912985873748876+0.0034498668118846153j),4962000000
(-0.42803369030512206-0.6557686233194956j),(-0.030886646524205665+0.003453631694477109j),4962250000
(-0.42978406947685405-0.6557217702258478j),(-0.030847693086743174+0.003599241863251034j),4962500000
(-0.42863418034351014-0.6552193656775332j),(-0.03088658645487617+0.0037480568315524897j),4962750000
(-0.43159324355761003-0.6537977640572269j),(-0.03080304565927068+0.004011958989968297j),4963000000
(-0.42644503413349966-0.656144547744992j),(-0.030826364797832878+0.0037241393336344816j),4963250000
(-0.4294967031395005-0.6526198389795462j),(-0.030881938694314066+0.003810902473335376j),4963500000
(-0.42719436527266597-0.6555655632257175j),(-0.030871444487015388+0.003932763636481678j),4963750000
(-0.4256403970447224-0.6549628853975444j),(-0.030914498327227886+0.004021394476620059j),4964000000
(-0.4292669236238257-0.6530569240744126j),(-0.03096136568911557+0.0041680363628191375j),4964250000
(-0.4269537826565305-0.6547525833513841j),(-0.030844506706922195+0.004161342526462499j),4964500000
(-0.4263126571067449-0.6561611397499002j),(-0.03100427688532675+0.004155148323802515j),4964750000
(-0.4281427628140451-0.653825601300189j),(-0.030881865492042655+0.004248317023609194j),4965000000
(-0.428613019452701-0.653446134141174j),(-0.03091880184521969+0.004376945131732476j),4965250000
(-0.4323466628719243-0.6515170194114053j),(-0.03100295474898597+0.004614782752242845j),4965500000
(-0.4283003417435551-0.6548180984709078j),(-0.031066348683772324+0.004377909137917536j),4965750000
(-0.4288482843935719-0.652397385824449j),(-0.0309878792670863+0.004563455057327424j),4966000000
(-0.42746734329735453-0.6526537538915042j),(-0.03116486557124362+0.004574923950433866j),4966250000
(-0.428526551427043-0.6520302466184995j),(-0.031123812928101253+0.004515740539964j),4966500000
(-0.43076121211738577-0.6510212986212104j),(-0.031145197535250864+0.004790558226520517j),4966750000
(-0.4299989326063539-0.6504379324830226j),(-0.030997054259361+0.005013272815481218j),4967000000
(-0.42657307262168725-0.6505956341053174j),(-0.031073076864874365+0.004916419186831419j),4967250000
(-0.42719821478057574-0.6513630630125625j),(-0.03103485056814715+0.004881032761595699j),4967500000
(-0.43103177904392853-0.648115456411458j),(-0.03117339325722757+0.005000339944732547j),4967750000
(-0.4264461986045716-0.6516109656238346j),(-0.031104177729690832+0.005071354708450243j),4968000000
(-0.43091999937072156-0.6486141881162256j),(-0.031163493581198753+0.004883745291147681j),4968250000
(-0.4281328859335755-0.6500063598526548j),(-0.031102519651682516+0.005207512917501782j),4968500000
(-0.42925177913142365-0.6496937908611657j),(-0.031130639140130537+0.005234984422558732j),4968750000
(-0.4284123985097974-0.6482719465837354j),(-0.03112164350868456+0.005210159264359143j),4969000000
(-0.42923334107456695-0.6475452245270998j),(-0.03119801718941504+0.005531682481841789j),4969250000
(-0.42541073199004253-0.6485286812547315j),(-0.031105958409125323+0.00508754427625787j),4969500000
(-0.4338411959456573-0.6468587802316184j),(-0.031209870431382045+0.005766811119617891j),4969750000
(-0.43156955143789477-0.6466103102141454j),(-0.031229333732706484+0.005603502237770308j),4970000000
(-0.43277000435634505-0.6458778026681458j),(-0.031164530974468047+0.005711331860657808j),4970250000
(-0.4292287016187909-0.6488622317000214j),(-0.031111498080561822+0.005840148113684415j),4970500000
(-0.4304331964764135-0.6463007476906164j),(-0.03117415753794387+0.0058544232739080465j),4970750000
(-0.42975905735814657-0.6477473457866256j),(-0.03116235579704228+0.006132248692694006j),4971000000
(-0.4321243280995574-0.6479438495327382j),(-0.03130731170235375+0.006153788552676218j),4971250000
(-0.43068916201541124-0.6487258042189481j),(-0.03131203363916608+0.006176591654812137j),4971500000
(-0.43100662536923257-0.6485073537037903j),(-0.03127845123142224+0.006187322889994898j),4971750000
(-0.43167794340633864-0.6476502978706041j),(-0.03130549488850086+0.006298370994507407j),4972000000
(-0.43306821534186385-0.6478587456999878j),(-0.031209925389517126+0.006570196311394316j),4972250000
(-0.43375258747894113-0.6477756533325747j),(-0.031251634574342914+0.006707575256513148j),4972500000
(-0.43498207564326397-0.6453288991131747j),(-0.031247746427665802+0.006739519090557681j),4972750000
(-0.4314521274839142-0.6476267517788858j),(-0.031440875683194355+0.00659873163571734j),4973000000
(-0.43262602250453547-0.6492139831403279j),(-0.031325526898132845+0.006817609429009353j),4973250000
(-0.4336109292672689-0.647452362759897j),(-0.03124542516478898+0.006991634099889149j),4973500000
(-0.4295394632833827-0.6496064285387282j),(-0.031303480152228946+0.006681633946348923j),4973750000
(-0.43330856021400166-0.6468597620702484j),(-0.031239736869819096+0.007270634562286003j),4974000000
(-0.4329402875635659-0.6480964287734334j),(-0.031293833051303836+0.007064412801267176j),4974250000
(-0.4302354908652636-0.6481070533433687j),(-0.031318886321792284+0.0071305004027420295j),4974500000
(-0.4360319031846088-0.6457809770319097j),(-0.031207308391553938+0.007523390025445281j),4974750000
(-0.4342396833022815-0.6459256879813814j),(-0.031207922183471605+0.007429804192162453j),4975000000
(-0.43429455876239215-0.646658424161157j),(-0.03133777057640789+0.007464936065673908j),4975000000
(-0.4358964924626173-0.6460399990575981j),(-0.031174354827064002+0.007601869296244222j),4975250000
(-0.43498167967464996-0.6476028544893387j),(-0.03127152085560368+0.007654574065228244j),4975500000
(-0.4310191595114543-0.6464678584039882j),(-0.031273589141762696+0.007491732189556774j),4975750000
(-0.4333157113948099-0.6465440607233828j),(-0.031315259625484926+0.007784433190579175j),4976000000
(-0.43518322267061693-0.6451109489132724j),(-0.03139690601820461+0.007713166276678283j),4976250000
(-0.43540625151632445-0.6443376043480563j),(-0.03119289522768365+0.007838377526631649j),4976500000
(-0.432210820738094-0.644984493081917j),(-0.031263597637305816+0.007857521154588301j),4976750000
(-0.4334766733547283-0.6452142716043977j),(-0.031229449948946535+0.007817832087508084j),4977000000
(-0.43550933436842265-0.6443407306583898j),(-0.03128836598416433+0.008155157640552307j),4977250000
(-0.4317773286538367-0.6457456903197097j),(-0.03120427984168774+0.0081056637521254j),4977500000
(-0.4359035698093023-0.6450391463308679j),(-0.031118900455151057+0.008297701223303415j),4977750000
(-0.4342618501029899-0.6442130413809786j),(-0.031186912877423735+0.008183760029203601j),4978000000
(-0.4348296713677884-0.6438926839044381j),(-0.03124829996304309+0.008236998511887342j),4978250000
(-0.4327941239202919-0.6441783443810115j),(-0.031152591742694934+0.008449732311958662j),4978500000
(-0.4297106063317778-0.644659234129841j),(-0.031238530848040943+0.008078017374708384j),4978750000
(-0.4356987961237422-0.6423656493389035j),(-0.031208991118325445+0.008659752288505582j),4979000000
(-0.4343854627224064-0.6405852688454807j),(-0.03108336482881945+0.008351896525754247j),4979250000
(-0.43672655955197526-0.6407027647212196j),(-0.031137683443910994+0.008774863453770425j),4979500000
(-0.43228107600086785-0.640527686966055j),(-0.03109466267694406+0.008686645272072156j),4979750000
(-0.43378675897261915-0.639907958309755j),(-0.031219645558290807+0.008532631633843421j),4980000000
(-0.43758536581567553-0.6387213302997115j),(-0.031176441070284572+0.00883056221889008j),4980250000
(-0.4334691789515131-0.6402979113299802j),(-0.03116958405822412+0.008761900144728167j),4980500000
(-0.4356924284536738-0.6392369927677696j),(-0.03105287082733682+0.009012415191698608j),4980750000
(-0.4305868443702611-0.6412473102864129j),(-0.03122300775558603+0.00875150719097182j),4981000000
(-0.43592191999629787-0.6379830035736864j),(-0.03110015593619541+0.009109951924299371j),4981250000
(-0.4353525135903855-0.6384753947230315j),(-0.03105645893829729+0.009353323511949205j),4981500000
(-0.43228884332386214-0.6402009054895528j),(-0.031001597645818176+0.009006230224259764j),4981750000
(-0.435837416506391-0.6394159715258274j),(-0.031068139721519394+0.009242399948935128j),4982000000
(-0.43575400526030433-0.6376525990332822j),(-0.03103740953842217+0.009299109625841132j),4982250000
(-0.43741401921492523-0.6373263502834141j),(-0.03102322231506395+0.009565640570550153j),4982500000
(-0.4333094213449214-0.6393761903908546j),(-0.031144213669608976+0.00943819354198877j),4982750000
(-0.43856688978919306-0.6375074311376502j),(-0.031053300300246042+0.009556843507222808j),4983000000
(-0.43830847623595853-0.6378868778340681j),(-0.031061936504854473+0.00974350317870075j),4983250000
(-0.434576191532917-0.6386023152985061j),(-0.030940197001217067+0.009631560592252817j),4983500000
(-0.4377536459781699-0.6379914468681865j),(-0.031086360533259177+0.0098760020477866j),4983750000
(-0.4379929504734157-0.637302318655225j),(-0.031036052407851587+0.009960154229980365j),4984000000
(-0.4359107179304193-0.6378047304416362j),(-0.031100871018230714+0.009789326135480263j),4984250000
(-0.43694933549867804-0.6376933523392023j),(-0.031064094043806688+0.010065605579126485j),4984500000
(-0.43804997630352055-0.6368979627308409j),(-0.031155584737011913+0.010126039001051822j),4984750000
(-0.43527616361039695-0.6370777606201157j),(-0.030974584030511926+0.01010560586329681j),4985000000
(-0.4387939720657384-0.6356945459625106j),(-0.03091430471779697+0.010327990816598161j),4985250000
(-0.4421677149820205-0.6338413146475997j),(-0.031000240672749185+0.01035434192104676j),4985500000
(-0.43613969704515426-0.6364878530900454j),(-0.03099862668178738+0.010282970094200612j),4985750000
(-0.44296128720855976-0.6332317456224476j),(-0.03082466013196996+0.010707972120138874j),4986000000
(-0.4374335809854703-0.6365276137392429j),(-0.03095524370016621+0.01052483213891968j),4986250000
(-0.43853689128919315-0.6347250648129643j),(-0.030949497071559414+0.010626642087607996j),4986500000
(-0.4440124877189265-0.6332526174129378j),(-0.030798940997898483+0.011126957650636121j),4986750000
(-0.44018950421593517-0.6350844162912408j),(-0.03078611535448662+0.010803161921829096j),4987000000
(-0.43878617696590794-0.6351453217226055j),(-0.030921084390165537+0.01076745524745198j),4987250000
(-0.43921773032779926-0.6355514524294906j),(-0.030786237621465443+0.01099378002665299j),4987500000
(-0.4416506475584861-0.6346986680736256j),(-0.030832915507275137+0.011049897535463385j),4987750000
(-0.44331304614000594-0.6328333717236763j),(-0.030779564319983313+0.011344374729286906j),4988000000
(-0.43948609155442553-0.6347798867839525j),(-0.03095889152182899+0.01111613852159542j),4988250000
(-0.44274692375397384-0.6335052178957221j),(-0.03083819021682222+0.011522951065603354j),4988500000
(-0.4387241240249489-0.6344210642806168j),(-0.03075158564017338+0.011167515388158245j),4988750000
(-0.4454929332156387-0.6330469964356321j),(-0.03075301948381046+0.01170435295296966j),4989000000
(-0.441305114358921-0.6338890845368876j),(-0.030801801201965275+0.011567556721410327j),4989250000
(-0.4411701385057568-0.6338723107602684j),(-0.030837703519677972+0.011465149454805843j),4989500000
(-0.4426559832123046-0.6338963420778193j),(-0.03083857436002766+0.01179360152711747j),4989750000
(-0.4424497730696447-0.6331771078383189j),(-0.03078662735491504+0.01177049528283571j),4990000000
(-0.4422439495522503-0.6330897837948589j),(-0.03067493358241412+0.011891804204034436j),4990250000
(-0.4387446625339793-0.6331652250276948j),(-0.030771860641401198+0.01183539383902968j),4990500000
(-0.4433219657404546-0.6318957782140067j),(-0.03069297013793535+0.012228341754482586j),4990750000
(-0.4411717204105873-0.6324947393471024j),(-0.030805245890116375+0.012199138002621004j),4991000000
(-0.4434338886658478-0.632348604175413j),(-0.030561847207536318+0.01230024555238211j),4991250000
(-0.44639470897045047-0.6294735178963232j),(-0.03050742602248789+0.012653136110879351j),4991500000
(-0.43892266894060467-0.6325598795534837j),(-0.030695623638827396+0.01214299353492939j),4991750000
(-0.4473866228243453-0.6295992815581938j),(-0.030407480260766437+0.012893776955435473j),4992000000
(-0.4369695092331476-0.6330537701078159j),(-0.030739143645861094+0.012266959711434348j),4992250000
(-0.44486962748229053-0.6301161363193978j),(-0.030456754547197026+0.012698944620515488j),4992500000
(-0.4414418551252926-0.6315498389760021j),(-0.030453704452130505+0.012610437958814365j),4992750000
(-0.44231320583890354-0.6302332781241167j),(-0.030562928309075643+0.012714132040354533j),4993000000
(-0.4498045473037099-0.626576913576075j),(-0.030351086437214153+0.013229950751559211j),4993250000
(-0.44354226280886694-0.6294718347518647j),(-0.0306016826004193+0.012856253388713976j),4993500000
(-0.443906448724386-0.6273257563167383j),(-0.030270805750936033+0.013216818552619122j),4993750000
(-0.4416944948277326-0.6290426463648661j),(-0.030400394855844802+0.013074225792389288j),4994000000
(-0.443823296248084-0.6278719200246584j),(-0.030392482716785713+0.013363011099958345j),4994250000
(-0.44411413772555597-0.6276441892108039j),(-0.030203089192238932+0.01350801542584724j),4994500000
(-0.4444900166680787-0.624743120834671j),(-0.030286213153980415+0.013382368252069711j),4994750000
(-0.4443139887248904-0.6255375502614166j),(-0.03017197279628427+0.013682154428409761j),4995000000
(-0.4410825699247427-0.6270294541989199j),(-0.030327778479594836+0.013554877099192742j),4995250000
(-0.44628978973952405-0.6242432584742794j),(-0.030210803056345534+0.013672844846743023j),4995500000
(-0.4429434912033662-0.6252526811268315j),(-0.030000714876479838+0.013740529778501147j),4995750000
(-0.4452172492171409-0.6236298103366159j),(-0.029925105376445608+0.014057270326106687j),4996000000
(-0.44255604582152774-0.6249151326870517j),(-0.030036157700950653+0.013991654203281335j),4996250000
(-0.44268244582369576-0.6231108194443877j),(-0.030225399727788385+0.013871639631666946j),4996500000
(-0.44611012578404896-0.6221901940772152j),(-0.029873600559366168+0.014212619885318648j),4996750000
(-0.44181265467264974-0.6227375417614989j),(-0.029859037792380156+0.01413106861647995j),4997000000
(-0.4447500882443458-0.620815961499052j),(-0.02994257251584474+0.014149215598309912j),4997250000
(-0.4407678289313118-0.624433163116662j),(-0.029943128826057964+0.01420043155804459j),4997500000
(-0.4447949953691755-0.6217248920817494j),(-0.029934868712202484+0.01433243926469013j),4997750000
(-0.4434994715537668-0.6227694274022634j),(-0.029924581556414823+0.014452337315131469j),4998000000
(-0.4427589927536589-0.6227313944412699j),(-0.029960317509599526+0.014308044016918053j),4998250000
(-0.4443455401429633-0.6221122955297849j),(-0.029788660761607758+0.014600378925419545j),4998500000
(-0.4444123495435965-0.6224581554676315j),(-0.029911005588837268+0.01444744643687608j),4998750000
(-0.4437327648754461-0.622946625120458j),(-0.02987582418602651+0.014578860896481697j),4999000000
(-0.44274538606493113-0.6225686849440907j),(-0.0299140711598916+0.014677629486387254j),4999250000
(-0.4428884975964925-0.6223620976143968j),(-0.02985064985444413+0.014541154604334111j),4999500000
(-0.4452893948346574-0.6214631419181507j),(-0.029755603226077544+0.01496806909840456j),4999750000
(-0.44198638209044394-0.6227637502289918j),(-0.029655990064272792+0.014888455683216808j),5000000000
(-0.4393350551987498-0.6236257686904285j),(-0.029815691844005333+0.014749842440466471j),5000000000
(-0.4416385577910468-0.6226255336361255j),(-0.02967570580037387+0.014686428665789543j),5000250000
(-0.4418929241784914-0.6213971703428836j),(-0.029774132929824185+0.014799890207230187j),5000500000
(-0.44005860529799157-0.621492086639394j),(-0.029784153486451123+0.014678785530441319j),5000750000
(-0.4431247329953759-0.6208592194814045j),(-0.029694245862485355+0.014884429802738481j),5001000000
(-0.4413611473784848-0.6208960556981924j),(-0.029597823708233606+0.015175316166730183j),5001250000
(-0.4415483081410846-0.6201898336464549j),(-0.02980548348764234+0.01488826096072219j),5001500000
(-0.44220397337374473-0.6195752314699274j),(-0.029652822272594574+0.015097352867987832j),5001750000
(-0.4390958178901125-0.6208795752758516j),(-0.02968908829383486+0.015006621220860049j),5002000000
(-0.44299993699199686-0.6184853053823448j),(-0.029586494899290695+0.015323117294565175j),5002250000
(-0.43830048704685265-0.6204943466884116j),(-0.02960592891260371+0.015242352012302j),5002500000
(-0.4424402733664539-0.6187473249590043j),(-0.029634354236982706+0.015147251662399467j),5002750000
(-0.4439411088235501-0.6180555791723381j),(-0.029511738312137506+0.015449254509297912j),5003000000
(-0.44296646026629805-0.6185617800396754j),(-0.029579494458426635+0.01526439761489086j),5003250000
(-0.4414774462433298-0.6190883052800461j),(-0.02957917357221861+0.015591317533017617j),5003500000
(-0.44291197175135777-0.6188913033052553j),(-0.029597707723162073+0.015674876544110188j),5003750000
(-0.4450175667378204-0.6179569677808358j),(-0.029606020350443144+0.015658083101394986j),5004000000
(-0.44441872210090344-0.6190505573430305j),(-0.02931301656944729+0.016001710502448897j),5004250000
(-0.4445421934038405-0.6187422509482385j),(-0.029472641109840485+0.01560847042646554j),5004500000
(-0.44544110719108215-0.6181565761999435j),(-0.029337207081868436+0.01615685439769598j),5004750000
(-0.44192918883418225-0.6192263864890699j),(-0.029304720726501046+0.015887204254043656j),5005000000
(-0.445414676012358-0.6179557800302294j),(-0.029330893983793467+0.016131992018661365j),5005250000
(-0.44553398124809035-0.6183100549030233j),(-0.029430362813841277+0.01621975665242949j),5005500000
(-0.44675282536322464-0.6179348111353202j),(-0.02938286064898699+0.016249263771985746j),5005750000
(-0.44655375532776964-0.6168921519310142j),(-0.029331567552692707+0.01630322664747174j),5006000000
(-0.44905689760062184-0.615627284333976j),(-0.02923218553953435+0.016396042653033384j),5006250000
(-0.4469943148002391-0.6169529976743962j),(-0.029138910350703456+0.01632564012682572j),5006500000
(-0.44888577865191415-0.615007877336893j),(-0.029097580920975946+0.01668659089780857j),5006750000
(-0.4492479113506824-0.614933319895694j),(-0.02919849005226707+0.016534182590974j),5007000000
(-0.448991588395754-0.6151902931076273j),(-0.029097376317418135+0.016789029123601088j),5007250000
(-0.44866392134710814-0.6166787360705993j),(-0.029173343144324335+0.016705514820886936j),5007500000
(-0.44631000627129563-0.6158918738664115j),(-0.029222315517539704+0.01679465847172082j),5007750000
(-0.45133264807074447-0.6135175929411006j),(-0.029034111170569567+0.017040909799422983j),5008000000
(-0.45061898451372007-0.6141812176504859j),(-0.028933647785491397+0.017101282838833776j),5008250000
(-0.449327179861122-0.613978546875405j),(-0.02903426452633596+0.01701708084432805j),5008500000
(-0.4504121995081218-0.6142092128651204j),(-0.02878176235343184+0.017281046713048226j),5008750000
(-0.4472528558906852-0.6153429030036625j),(-0.028888430273027187+0.016870158318155377j),5009000000
(-0.451631454791259-0.6121789609011141j),(-0.02869392841676754+0.017409823810103003j),5009250000
(-0.44881136843224734-0.6145454134253768j),(-0.028741762312655603+0.017226359511489056j),5009500000
(-0.446483586315458-0.6147375807580163j),(-0.02878002467575217+0.017178366729260257j),5009750000
(-0.4498364034608681-0.6133925696890099j),(-0.02861273021917462+0.017500887696819324j),5010000000
(-0.4486834303739512-0.6135347684391674j),(-0.02866063357305303+0.017268142743887382j),5010250000
(-0.44765063657288373-0.6137284092541785j),(-0.028630312968039744+0.017542717562250423j),5010500000
(-0.44748111920314104-0.6125648719741444j),(-0.028548611317162634+0.017615270203302877j),5010750000
(-0.4527265639112748-0.610175809833363j),(-0.028509156177780656+0.01780709501427216j),5011000000
(-0.4473696543507689-0.6128354108989342j),(-0.02835492723399585+0.017824080004585817j),5011250000
(-0.44803687519421487-0.611490491280411j),(-0.028530916064524004+0.017661839486049203j),5011500000
(-0.44742378150152273-0.6111281791642895j),(-0.028365571995102753+0.017995716281840306j),5011750000
(-0.44661411940932466-0.6106156189487525j),(-0.02824850185283916+0.017838305770612635j),5012000000
(-0.44750654389868877-0.6105154932450756j),(-0.02827429888413109+0.01808043587884596j),5012250000
(-0.4465413097970276-0.6108652510256235j),(-0.02815692167625961+0.017988621615757282j),5012500000
(-0.4489349799963552-0.6088038705812763j),(-0.028081475739587382+0.018010677179597135j),5012750000
(-0.4462037283544564-0.6104405262956953j),(-0.028270005638762762+0.018035640775171235j),5013000000
(-0.44670717806690985-0.6085440267557908j),(-0.028010429288623826+0.01813352686323507j),5013250000
(-0.446649453043411-0.6089349450767868j),(-0.02810110542271191+0.018229197868033835j),5013500000
(-0.44641529173288524-0.6089387106915881j),(-0.028056327942790008+0.018227849387393455j),5013750000
(-0.448293183670005-0.6071636101132062j),(-0.027974556476673563+0.018519532973334137j),5014000000
(-0.4464709746024599-0.6094173719841411j),(-0.02801916469028454+0.018428193397900795j),5014250000
(-0.4484035432570894-0.6068542722702291j),(-0.02791733230981143+0.01839126706449883j),5014500000
(-0.44939104389836365-0.6066940232709052j),(-0.02792102484749765+0.018767756653679794j),5014750000
(-0.4471068638682271-0.608257711125892j),(-0.028111546462011024+0.01850792861086582j),5015000000
(-0.4490421822925274-0.6075988103883245j),(-0.02796534223403423+0.018740174821003097j),5015250000
(-0.4481184788482943-0.6080805565101255j),(-0.02800049398837698+0.018641840352822747j),5015500000
(-0.4531906551196363-0.6050942117300522j),(-0.027673860230964405+0.018937783752053548j),5015750000
(-0.44945901785703324-0.606032860154296j),(-0.02782568167223859+0.018923579598769724j),5016000000
(-0.45164751626433175-0.6041853629449707j),(-0.02773069388470306+0.018941575690781164j),5016250000
(-0.4533008939959064-0.6054536540793453j),(-0.02781502613039237+0.019103391533904918j),5016500000
(-0.45131828831165033-0.6043768911565481j),(-0.027956500174569437+0.018839868880735695j),5016750000
(-0.45252976944283396-0.6039125880050898j),(-0.027546473576838263+0.019152012560322604j),5017000000
(-0.4494071286383866-0.6056327338184423j),(-0.027714972294984187+0.019174718818494113j),5017250000
(-0.45377115096410703-0.6025556325544835j),(-0.027531816237385685+0.019324151383811272j),5017500000
(-0.4542371779947286-0.6025853477876698j),(-0.027520693786741907+0.019369359350732j),5017750000
(-0.4520108320144866-0.6039967148760977j),(-0.02766403121831327+0.019277972746248373j),5018000000
(-0.45443475132525757-0.6025610077740757j),(-0.027483554139034392+0.019584309866821352j),5018250000
(-0.454067692090638-0.6027897160486771j),(-0.027526043344746266+0.019535984784963087j),5018500000
(-0.4541518031651841-0.602237017899939j),(-0.02739863676754671+0.019520171871286036j),5018750000
(-0.4514671609539037-0.6023820401163262j),(-0.027462666327708725+0.019592793215926677j),5019000000
(-0.45479845593906354-0.6017248804871742j),(-0.027493816248532078+0.01961320934154861j),5019250000
(-0.4564766953226403-0.6011465832645696j),(-0.027345318594432667+0.020021620428196364j),5019500000
(-0.45225895583201875-0.6016727620888428j),(-0.02733191782610572+0.019736929243654333j),5019750000
(-0.4549899450886903-0.6007855616607171j),(-0.027306929898637852+0.01991154829523183j),5020000000
(-0.45792285792063175-0.6000259561116129j),(-0.027303691991054247+0.020061128063281364j),5020250000
(-0.45579221457540803-0.6013331502314486j),(-0.027200405456588674+0.02000408585665249j),5020500000
(-0.45526486986341536-0.601300223432264j),(-0.027025733112375796+0.0202763635408432j),5020750000
(-0.45420758112868137-0.601826622561454j),(-0.027121453039419784+0.020092230794491926j),5021000000
(-0.45662853199565884-0.601247159245396j),(-0.0269405478787977+0.02044220324948814j),5021250000
(-0.45556925613495364-0.6015956861461776j),(-0.02689447695790196+0.020612233444290067j),5021500000
(-0.45589014805926065-0.6000655415500215j),(-0.026968993130455643+0.020625326273331763j),5021750000
(-0.4556339076972819-0.6001046131659337j),(-0.026955585305277627+0.020860557172932073j),5022000000
(-0.45591547226438445-0.599176678559667j),(-0.02688921078330165+0.0206367085864515j),5022250000
(-0.4572020315042955-0.5998574227397893j),(-0.026708101246656055+0.020850841698674953j),5022500000
(-0.45313222767164407-0.6012678338967228j),(-0.02685405307977109+0.020768430276052994j),5022750000
(-0.4540718889445809-0.5996676484193704j),(-0.02685461784356157+0.020915299652526097j),5023000000
(-0.45408366882642215-0.5995528894489324j),(-0.02671050103324517+0.021113319156445362j),5023250000
(-0.45706164586743625-0.5965524883914954j),(-0.02657110399523896+0.02132667856456147j),5023500000
(-0.45450587324402236-0.5982074757092641j),(-0.026607019918461802+0.021259824419368037j),5023750000
(-0.4524798036783722-0.5997110528678475j),(-0.026742712359383927+0.02115353852435188j),5024000000
(-0.4585422375235022-0.5961800060886943j),(-0.02648756151345316+0.021517045348584354j),5024250000
(-0.45360425863142534-0.5986374481529868j),(-0.026505266070392025+0.021432377075705736j),5024500000
(-0.4558152098361338-0.5963498780067144j),(-0.02631914630185403+0.021479721394689413j),5024750000
(-0.4540011561061856-0.598236104577918j),(-0.026365503677828164+0.02164778145544766j),5025000000
(-0.45482874041527316-0.5973973890902008j),(-0.026290577890468615+0.02155741191743242j),5025000000
(-0.45518236486554847-0.5980102722712577j),(-0.026208157233224685+0.021768689469664093j),5025250000
(-0.4537540268954489-0.597206648468713j),(-0.026249307473590024+0.021757431501980753j),5025500000
(-0.4549954262754573-0.5964552695145214j),(-0.026226692125685482+0.02198149024066083j),5025750000
(-0.4560040244218515-0.5971017234604844j),(-0.02621326662336547+0.021705849317971312j),5026000000
(-0.4561288803380881-0.5969795993203396j),(-0.026174484237136742+0.021879824290252262j),5026250000
(-0.45491485709802587-0.5959412838448384j),(-0.026201701003107005+0.021954077525301943j),5026500000
(-0.4583137583914147-0.5952944943611939j),(-0.025934115307345882+0.022212033090674804j),5026750000
(-0.45305495247567046-0.5967319053904843j),(-0.026092805620758837+0.022057675503272117j),5027000000
(-0.4570301666161726-0.5955347833765393j),(-0.02584704141941108+0.022123251608927138j),5027250000
(-0.45594205506796154-0.5960604030137792j),(-0.025985456270877803+0.022144737148798325j),5027500000
(-0.45811321440001107-0.594325207404546j),(-0.025934756761716662+0.022169623346145924j),5027750000
(-0.457433068177785-0.5938467879281237j),(-0.02575796362969476+0.022441085684956594j),5028000000
(-0.45794207849773655-0.5929560319730999j),(-0.025883724159827714+0.022279291844896534j),5028250000
(-0.456647721644524-0.5938969166759709j),(-0.025587171861776625+0.022508488825166435j),5028500000
(-0.4549502609062384-0.5935625824482067j),(-0.02578123568584015+0.02233365180690793j),5028750000
(-0.4570845090278777-0.5917202044179234j),(-0.02554922668964352+0.022715528557059005j),5029000000
(-0.45490659541308354-0.5920798364924276j),(-0.025724487718650303+0.022442833900498803j),5029250000
(-0.4575256446053668-0.592332031337979j),(-0.0254185282287764+0.022766309268183824j),5029500000
(-0.45603275137554017-0.5925523361976203j),(-0.0254547907670915+0.022627210139492177j),5029750000
(-0.456738725072766-0.5907520435422574j),(-0.025430259112474207+0.022739137700571774j),5030000000
(-0.4580294526851601-0.5905481951763728j),(-0.02533942245175396+0.022968800231237166j),5030250000
(-0.4571104518829955-0.5917385423125069j),(-0.025337756089143522+0.0228049238545737j),5030500000
(-0.4572598378755611-0.590165573562736j),(-0.025059109933615285+0.02319591754362903j),5030750000
(-0.45720950809644034-0.5910915857868082j),(-0.025204846407509158+0.02302110055267761j),5031000000
(-0.45860247336059845-0.5907829677000338j),(-0.024926570796155297+0.023336837340490843j),5031250000
(-0.45739098753023044-0.5897001290281848j),(-0.025046301746717327+0.02306849100224364j),5031500000
(-0.45716207979793105-0.5904595765217558j),(-0.02486253515887321+0.023340770931997847j),5031750000
(-0.45747758384966164-0.589514980361376j),(-0.02485420644484946+0.023353092038284666j),5032000000
(-0.4588071878229575-0.5887374859752332j),(-0.02480587486346809+0.02346926013933748j),5032250000
(-0.45672234164414277-0.5898868323333757j),(-0.024846310495332164+0.023515859908442693j),5032500000
(-0.4574940848333697-0.5902226285183819j),(-0.024737901863461236+0.023643507638771263j),5032750000
(-0.4561349806166528-0.589081534763168j),(-0.024557674004958365+0.023698127896471265j),5033000000
(-0.45765567268363555-0.589013865157829j),(-0.024623252476773463+0.023629212357286634j),5033250000
(-0.45883705414736625-0.5876721967994573j),(-0.02438470809236337+0.02397154588972841j),5033500000
(-0.45795256124187456-0.5879435041683106j),(-0.024437124377301403+0.023918572732326237j),5033750000
(-0.4573694570536861-0.588846606335087j),(-0.024345884779688527+0.023975770189939745j),5034000000
(-0.4568541579527641-0.5874057065977198j),(-0.0244797376349248+0.02379951777219063j),5034250000
(-0.4594428694627177-0.5851643053064803j),(-0.024161048544721488+0.024165718369319487j),5034500000
(-0.45477144726008517-0.5865829071704485j),(-0.02397721219504036+0.02442194983236909j),5034750000
(-0.45857250256250437-0.5848533882652556j),(-0.024043111371065025+0.024353707872655114j),5035000000
(-0.4557282527820659-0.5855778631691171j),(-0.024090978586787465+0.024273277777830497j),5035250000
(-0.45919722433604565-0.5866257560626178j),(-0.023876212452568622+0.024301259588291903j),5035500000
(-0.4558723223938035-0.586263018284987j),(-0.02388883034568056+0.024451760720595142j),5035750000
(-0.4582305189512259-0.5852166608223249j),(-0.024020137474065662+0.02440258226887299j),5036000000
(-0.4558549526007442-0.5871597013585977j),(-0.02394411649112836+0.02443157102839231j),5036250000
(-0.45802292534182804-0.5836828761589878j),(-0.023834273083858448+0.02460406876482815j),5036500000
(-0.45890294742158155-0.5825356521702573j),(-0.023657823070928324+0.02467834466793653j),5036750000
(-0.4577193228108934-0.5838614264701891j),(-0.02375813353966994+0.024581097875410345j),5037000000
(-0.4611144276262263-0.5822346209169175j),(-0.023485977118892876+0.024818294584539227j),5037250000
(-0.4600221530023692-0.5817348351803704j),(-0.02373138461350781+0.02462467655782258j),5037500000
(-0.4608546068383779-0.582255045527379j),(-0.023491743552535676+0.02488044533570524j),5037750000
(-0.4599184837523062-0.5824706412688576j),(-0.023415355461330695+0.024925072420213145j),5038000000
(-0.46071221218452024-0.5820927838283956j),(-0.023423504259798156+0.02470297919003501j),5038250000
(-0.4614377435417176-0.579842352066913j),(-0.023166969551713955+0.025177926468837677j),5038500000
(-0.4598461081824236-0.5813367795177783j),(-0.02305478988722998+0.025155495891358744j),5038750000
(-0.461649681271897-0.580955122968282j),(-0.023140090786408583+0.025066448225813966j),5039000000
(-0.46038079926390996-0.5791389824981915j),(-0.023365790635064783+0.025025284321775913j),5039250000
(-0.4620144421456906-0.5792286487144142j),(-0.02296777194050018+0.025271794722117585j),5039500000
(-0.45976168506035087-0.5810913050568957j),(-0.023192405106845986+0.02512404317460126j),5039750000
(-0.459920890869417-0.5798922281150626j),(-0.023113213513199404+0.025023516517563283j),5040000000
(-0.4585831174811508-0.5808624474771301j),(-0.022920983848727015+0.025168950638941427j),5040250000
(-0.4598927952346697-0.5782917266052904j),(-0.023032185265479996+0.025326723199342545j),5040500000
(-0.46341221330368726-0.5768435846199765j),(-0.022785476465256388+0.02546039360522511j),5040750000
(-0.46061375160519197-0.5782664629285941j),(-0.02288467892829653+0.02535208464347967j),5041000000
(-0.46119061442307074-0.5766234229301496j),(-0.02259970655998984+0.025365899429930693j),5041250000
(-0.4644529419187248-0.5758523324319202j),(-0.022664270302781467+0.025421637402265718j),5041500000
(-0.4621022097916819-0.5776109719248242j),(-0.022439710783921023+0.025638022781180717j),5041750000
(-0.4613667823983096-0.5765481854689459j),(-0.022602150961704676+0.025601359888813707j),5042000000
(-0.46323519141633557-0.5769243433589542j),(-0.022492696566526485+0.025592565430032285j),5042250000
(-0.4624785724666688-0.5788186468261515j),(-0.022373983639679997+0.025704688403507092j),5042500000
(-0.4595132891074735-0.5759511350777877j),(-0.021999255671448063+0.025913830718584725j),5042750000
(-0.46293866779731957-0.575619792166627j),(-0.02213599490236247+0.025919726080980216j),5043000000
(-0.4626294483995827-0.5753163998777893j),(-0.022203674605016863+0.025807289376949368j),5043250000
(-0.46260599609054065-0.575268660694452j),(-0.021985740656506235+0.026079486227468637j),5043500000
(-0.46224442381534514-0.5760380910628027j),(-0.021958470809906403+0.02606542323055914j),5043750000
(-0.464354047073474-0.5735918518660956j),(-0.02182786782849073+0.026137515912964735j),5044000000
(-0.46184971232820354-0.574607931904778j),(-0.021998718841507683+0.026027370043012362j),5044250000
(-0.4650874702568021-0.5738154797099937j),(-0.021762875278893885+0.026300060913188893j),5044500000
(-0.46173509444596006-0.5736099079618361j),(-0.02181884784990563+0.026351243596112947j),5044750000
(-0.4621306972370712-0.5736217830877981j),(-0.021819215622481587+0.026140841336624105j),5045000000
(-0.4637343744889989-0.5726847648652638j),(-0.02145706565916754+0.026452982533999286j),5045250000
(-0.46273005261650507-0.5745194442308623j),(-0.02151253931137765+0.026418306902919287j),5045500000
(-0.46566721772655484-0.5704830484336474j),(-0.021294452378272655+0.026735085732261313j),5045750000
(-0.46279728203311055-0.5725548496349923j),(-0.021386159720466792+0.026613080880735045j),5046000000
(-0.46460804124955424-0.5696261312834116j),(-0.021074610146716605+0.02667004420737809j),5046250000
(-0.4640666596950777-0.5699840357863055j),(-0.021234779247162185+0.026732094051461486j),5046500000
(-0.4637332365566811-0.5705254725031196j),(-0.021295541161501418+0.026658235051318858j),5046750000
(-0.465939849102307-0.5696346715581634j),(-0.0209830390378453+0.026851706636544435j),5047000000
(-0.46334843740627335-0.572505786586661j),(-0.021240373357794284+0.026749970477316108j),5047250000
(-0.4658293246076337-0.5690138242421057j),(-0.020740758899421084+0.026995771794122145j),5047500000
(-0.4646372980882041-0.5716988497263005j),(-0.021124748104994647+0.026744308062595066j),5047750000
(-0.46592004066353476-0.5704194879490952j),(-0.020846727457146982+0.026869070052414516j),5048000000
(-0.46731755987840445-0.5683734636409697j),(-0.02074640419448919+0.027007313900455215j),5048250000
(-0.46676312748654963-0.5692115662102115j),(-0.02079970328660849+0.027048426904479752j),5048500000
(-0.4674050329449483-0.5701529110850525j),(-0.020532369215001317+0.02725596819674776j),5048750000
(-0.4644552943720451-0.5707780778401584j),(-0.020872442633517223+0.02695596239169049j),5049000000
(-0.46794754492808643-0.5680736071580987j),(-0.020605158305102483+0.02716389469646181j),5049250000
(-0.4644284779304817-0.5696551375946111j),(-0.020778889831465+0.027221370251170288j),5049500000
(-0.4659293290946037-0.5688244969399424j),(-0.020547422886986962+0.027254980894477657j),5049750000
(-0.4663195744798484-0.5678521759638568j),(-0.020224198272850533+0.027384847211610868j),5050000000
(-0.4669827014648064-0.5681634488135007j),(-0.020448723919928642+0.02744077905150672j),5050000000
(-0.46766650392651143-0.5679439456004238j),(-0.020563283963080586+0.027361508548988986j),5050250000
(-0.46766905881829435-0.5677611229107685j),(-0.020328441976021593+0.02754602975877388j),5050500000
(-0.46507718613744414-0.5690482255327787j),(-0.020480386750039766+0.027274907243621225j),5050750000
(-0.4672067193917413-0.5646733788203967j),(-0.020433365473732826+0.027408392083389604j),5051000000
(-0.4645319947606507-0.5686959653822066j),(-0.02019523735703653+0.02738762670849847j),5051250000
(-0.4649830987358038-0.5673075607307525j),(-0.02036031372127626+0.027270141065930637j),5051500000
(-0.4696813225893643-0.5629848441604418j),(-0.019960451077670242+0.027584722484776582j),5051750000
(-0.46801917865953896-0.561962182711352j),(-0.020115730070372706+0.02759550910374581j),5052000000
(-0.46989432287859684-0.563231174756745j),(-0.019752925457786407+0.027710656320823635j),5052250000
(-0.4659037435651032-0.5676476830170935j),(-0.01994270555205858+0.02750864566990465j),5052500000
(-0.4685321030587928-0.5637630176861279j),(-0.01984512650504811+0.02772348933038089j),5052750000
(-0.4683988966977661-0.5644912548270142j),(-0.019647815379340627+0.027765002002455404j),5053000000
(-0.46662349940144143-0.5647611473229194j),(-0.019537450933285395+0.028003761008548456j),5053250000
(-0.47224944358826965-0.5624535327341555j),(-0.019586258305359903+0.027958012452908652j),5053500000
(-0.46640807585847815-0.5669681325454383j),(-0.0195069206830347+0.027863752377556714j),5053750000
(-0.47042464057667865-0.5641503546202558j),(-0.019440519527205158+0.028001074806427887j),5054000000
(-0.470255509792855-0.565043398399419j),(-0.019178816530921274+0.028228293680889912j),5054250000
(-0.46668690403005597-0.5645200635253302j),(-0.01932160716568176+0.02812215599602527j),5054500000
(-0.46799292373051854-0.5647204597837409j),(-0.019038571120962113+0.028123218685707916j),5054750000
(-0.4657385092333307-0.5663607687471204j),(-0.019312113619389726+0.028056890274432807j),5055000000
(-0.4690735922443128-0.5647124979586274j),(-0.01917565682029321+0.028141632919709603j),5055250000
(-0.4721265696965536-0.5618706985535077j),(-0.018644552600667982+0.028311479353230917j),5055500000
(-0.46586244242893776-0.5644120438760858j),(-0.01908008318888106+0.028318385075982597j),5055750000
(-0.4638479146750543-0.5680424948510057j),(-0.01901387022869093+0.028145570627130533j),5056000000
(-0.46942978800865903-0.5622996326099357j),(-0.018623952016025076+0.028503886740280295j),5056250000
(-0.46888734616288114-0.5642814695624431j),(-0.018648524966665574+0.028520486120819345j),5056500000
(-0.465582745726532-0.5659398146621553j),(-0.018723943280340258+0.028466626662449746j),5056750000
(-0.4664775335956481-0.5652709561455369j),(-0.01861639275281787+0.028515043187685454j),5057000000
(-0.4686499580330823-0.5619259190326715j),(-0.018499676132744905+0.028633661241764415j),5057250000
(-0.46942234934790056-0.560325347931816j),(-0.01796753379627747+0.028880161359716817j),5057500000
(-0.4648763114657025-0.5650063299477507j),(-0.018389288278790508+0.028668079727961742j),5057750000
(-0.4702450549216862-0.5608816186971716j),(-0.018118109051011713+0.028782623874825195j),5058000000
(-0.46626335606349373-0.5638969857645203j),(-0.01810952187232448+0.028889927509153614j),5058250000
(-0.47076320735586946-0.5601708535023558j),(-0.017824180642566363+0.02895743423308366j),5058500000
(-0.46700148722007917-0.5619373631964286j),(-0.01813375388035468+0.028681988012566113j),5058750000
(-0.4699046420569282-0.5616059002372801j),(-0.017888847902155464+0.028937272686272636j),5059000000
(-0.47265239350628-0.5578149085123173j),(-0.01765398167323819+0.029102381386066092j),5059250000
(-0.4686306611557654-0.5610839957690528j),(-0.01789725843739795+0.02891299670197084j),5059500000
(-0.47096363851431766-0.5612429701044784j),(-0.017634821275311297+0.029057071445045067j),5059750000
(-0.470041467541748-0.5608376698846695j),(-0.01779393040810534+0.029088405854518995j),5060000000
(-0.4746996190383241-0.556313781875523j),(-0.017116112997005863+0.029419465950620304j),5060250000
(-0.4688590990108816-0.5603095812795337j),(-0.017582444018056125+0.02916646060199318j),5060500000
(-0.47616626729628225-0.556076902460516j),(-0.017235512288863417+0.02932787472918538j),5060750000
(-0.47178260715879106-0.5602397366311163j),(-0.01733221592702392+0.02913776225339688j),5061000000
(-0.47244658022312647-0.557886129590236j),(-0.017276972590548348+0.029334343968967492j),5061250000
(-0.47374582515677177-0.5592678570028564j),(-0.01714054954747389+0.0293415724921297j),5061500000
(-0.4727494109436343-0.5599501505056556j),(-0.016977065391860426+0.02944363125865584j),5061750000
(-0.47623613086706246-0.5560111186105774j),(-0.016910289060785007+0.029515721975200398j),5062000000
(-0.4718826989982648-0.5582171187742111j),(-0.01715888263300671+0.02939813321289335j),5062250000
(-0.47561831783378444-0.5558347078111804j),(-0.016813292588302498+0.029495171285526835j),5062500000
(-0.47424803246142794-0.5553668027417218j),(-0.016777947050205452+0.029485017025601502j),5062750000
(-0.47418875575320546-0.5563048952682095j),(-0.016782601007932652+0.029523708793777272j),5063000000
(-0.47417238229542535-0.5547326865959503j),(-0.01650552175131557+0.029689690584152075j),5063250000
(-0.47604672314110513-0.5556357316769005j),(-0.016371578343587122+0.02975266817603381j),5063500000
(-0.47338183703446907-0.5587708137061054j),(-0.01660277937530123+0.02962709868611374j),5063750000
(-0.4738747678254805-0.555704582500855j),(-0.016373300953098958+0.029767043748043762j),5064000000
(-0.476455001360045-0.5544623909342484j),(-0.01627641394072932+0.029947394967853477j),5064250000
(-0.47902140347322786-0.5551833963883184j),(-0.015894893724096176+0.030052886322242015j),5064500000
(-0.4741948809526089-0.5557713148429437j),(-0.016329361762799484+0.029698528112040917j),5064750000
(-0.4742029181295098-0.5557652421082285j),(-0.01620662176696294+0.029787850437329802j),5065000000
(-0.47404383384091275-0.5590378480731379j),(-0.016159112755310887+0.029878709314939196j),5065250000
(-0.4779762638134969-0.5542562003396125j),(-0.015858258369476363+0.029956830405969578j),5065500000
(-0.4749096006792434-0.5587732880742149j),(-0.016024300058211663+0.029964130532012603j),5065750000
(-0.47815996348315515-0.5549604170877175j),(-0.015576197540139381+0.03017957316884784j),5066000000
(-0.4764711370009969-0.5568804123850286j),(-0.015650547710530906+0.03011422530081148j),5066250000
(-0.47852932321332653-0.5536719783602569j),(-0.01575305796556353+0.030028636666119414j),5066500000
(-0.47710687739420155-0.5539405072900361j),(-0.015445738982771623+0.030145532932901526j),5066750000
(-0.47737813241498556-0.5554291999708604j),(-0.015590209883859903+0.02998966279030223j),5067000000
(-0.4788983992010747-0.5541498553867612j),(-0.015209046724641302+0.0301476169029352j),5067250000
(-0.47586546976435046-0.5556497265704108j),(-0.015134264142643314+0.030219680033359116j),5067500000
(-0.4794790260486473-0.5530649514199509j),(-0.015006563905947227+0.03018242298597327j),5067750000
(-0.47602638217482-0.5557343788576224j),(-0.015089384839234683+0.030376766842486008j),5068000000
(-0.47797158664438594-0.5551283170681286j),(-0.014950366485788295+0.030220171564418995j),5068250000
(-0.478338202225776-0.552077998023929j),(-0.014831375835037984+0.030237985166255456j),5068500000
(-0.47808090461108166-0.5569269781243821j),(-0.014924298310810777+0.030243700180434555j),5068750000
(-0.47829537346218437-0.552833204620741j),(-0.01465154471951333+0.03030008735504492j),5069000000
(-0.4773791190110408-0.5585153216011516j),(-0.014764396322587197+0.030388528536293657j),5069250000
(-0.477190215579416-0.5559416083101684j),(-0.01469819211203751+0.030435125493858895j),5069500000
(-0.4784334164154441-0.5548722247911837j),(-0.014300280053402229+0.03060153300467974j),5069750000
(-0.47832755019498757-0.5557568855824403j),(-0.014338966292939279+0.03030042650342892j),5070000000
(-0.4795373737984165-0.5531195247712812j),(-0.014188666610478136+0.03045247221650953j),5070250000
(-0.48286808737184966-0.5512128817883698j),(-0.014162109463708777+0.03050872964299059j),5070500000
(-0.48012550129264187-0.5545694693210089j),(-0.014161766540096658+0.0305110049675853j),5070750000
(-0.47846354621491244-0.5543920152100629j),(-0.013902902924516848+0.030569953939032016j),5071000000
(-0.48081749871619317-0.5544398425348146j),(-0.013979288534230938+0.03046753359870444j),5071250000
(-0.4827943262670819-0.5540609739170542j),(-0.01361195151336249+0.03068329559493444j),5071500000
(-0.47895009358003215-0.5546590987838739j),(-0.013650197509711911+0.030631204108345637j),5071750000
(-0.4819088860694551-0.5523393216846901j),(-0.013551322708069798+0.030596843830238817j),5072000000
(-0.4805944292919872-0.5543253276150661j),(-0.013853679207437483+0.03047386451579413j),5072250000
(-0.48419098398483706-0.5512043334020448j),(-0.013350280393447943+0.03056120702034765j),5072500000
(-0.48363602358651875-0.5519668973477267j),(-0.012999373783995216+0.03082922151503716j),5072750000
(-0.4799452984079763-0.5549483503776111j),(-0.013395449106692884+0.03060398382014759j),5073000000
(-0.48382122736879957-0.5548131266198221j),(-0.013137449673768975+0.03085176901558855j),5073250000
(-0.4804806216703499-0.552530895609543j),(-0.013169224649338817+0.030722690497623443j),5073500000
(-0.4838740282090616-0.5503605850617924j),(-0.012952785462053721+0.030825168732692126j),5073750000
(-0.48081877454669264-0.5525373294051442j),(-0.012802198459159284+0.03066049718403989j),5074000000
(-0.4824458878160447-0.5521901810985576j),(-0.012812215903738676+0.03079024655634639j),5074250000
(-0.4831172740149382-0.5512960150183397j),(-0.01274375086436462+0.030805328013773316j),5074500000
(-0.48399519848124933-0.5523645580222705j),(-0.012786243150698913+0.03089591318707345j),5074750000
(-0.48503151100828934-0.5505473647869886j),(-0.012489341158384185+0.031037511374825178j),5075000000
(-0.4831140810946069-0.552896923557196j),(-0.012574647702382197+0.030915559876640467j),5075000000
(-0.4816660557105715-0.5509282379342554j),(-0.012534966345986052+0.0310027896172341j),5075250000
(-0.4843447148039698-0.5489532815967225j),(-0.012422340521950816+0.030864363198285907j),5075500000
(-0.482768680167608-0.5517041847509857j),(-0.012473719142879678+0.030991412428787727j),5075750000
(-0.48405791750666827-0.5512370549460682j),(-0.01232999345456807+0.030936070769021745j),5076000000
(-0.48749606135545037-0.5502586252017252j),(-0.012002802440989759+0.031114223557814864j),5076250000
(-0.48413263424917197-0.5509357200212114j),(-0.012372096978735004+0.030955196624803765j),5076500000
(-0.48756303684728713-0.5499849750650699j),(-0.011817120296093822+0.031144717057078553j),5076750000
(-0.4912711602468578-0.5446489274812698j),(-0.011857429653172035+0.03113308483516141j),5077000000
(-0.48696005960154637-0.5509145255422937j),(-0.011840395101348896+0.03108236356431175j),5077250000
(-0.4874903704111827-0.5465970790392838j),(-0.01160728648498505+0.031172991039329124j),5077500000
(-0.483391027466308-0.5512977096618406j),(-0.011881090708245445+0.031108024600592137j),5077750000
(-0.4871398036551301-0.5468214171771765j),(-0.011549508835197767+0.03119706658117899j),5078000000
(-0.4870762220668368-0.545952145789601j),(-0.011289442961603615+0.031198027376664793j),5078250000
(-0.48924223528683214-0.546540704900597j),(-0.011230433202714003+0.031226119340656607j),5078500000
(-0.48491070672963454-0.5505346014666243j),(-0.01153051826523863+0.03106050964313499j),5078750000
(-0.4872790066425619-0.5460390052582347j),(-0.011216738801205075+0.03106564456986057j),5079000000
(-0.4893904790713632-0.546075635921984j),(-0.011124383991382013+0.03129498117742644j),5079250000
(-0.4884998920587367-0.5471112128878935j),(-0.011276189918021942+0.031239678327436116j),5079500000
(-0.4885159029768031-0.5481233939653908j),(-0.01115951765918219+0.03136119788713957j),5079750000
(-0.4888739456517659-0.5459319967722398j),(-0.010820274160351204+0.031237382760703192j),5080000000
(-0.4889099520144583-0.5449965171940575j),(-0.010804491752845332+0.031116771009320334j),5080250000
(-0.4916767809103309-0.5434657105313524j),(-0.010669144342653635+0.031235063796966767j),5080500000
(-0.4867195867101916-0.546206826971692j),(-0.010656785014611259+0.031234892475496424j),5080750000
(-0.4924909938135958-0.5451223335051603j),(-0.0105831675012571+0.031185990898713347j),5081000000
(-0.49175886735772045-0.5451323660721593j),(-0.010556457888785805+0.031287085790642856j),5081250000
(-0.49177913244897337-0.5437782231265708j),(-0.010297311419803645+0.03138652810087856j),5081500000
(-0.49377417300961585-0.543114658721394j),(-0.010177514115658865+0.031423531661287966j),5081750000
(-0.4945951772849624-0.5423390604922714j),(-0.010131020205345153+0.03154142543039827j),5082000000
(-0.4917177780127503-0.5470694272460169j),(-0.009997957415466151+0.03132686523570492j),5082250000
(-0.4972219726386571-0.5421747261977563j),(-0.009737067450298703+0.03141527639621604j),5082500000
(-0.4953098165489344-0.5444816386639371j),(-0.00960927978315956+0.03137288320876825j),5082750000
(-0.4916642644280327-0.545423563583646j),(-0.010033704300998163+0.031273708294495814j),5083000000
(-0.49758171926076256-0.5384196373574568j),(-0.009386108853143104+0.031331764593734004j),5083250000
(-0.49778559036668635-0.5375460324032185j),(-0.00939023270428055+0.031498124486619906j),5083500000
(-0.49519333863127224-0.5430424028900627j),(-0.009583408883348847+0.031372059076710736j),5083750000
(-0.4977851818961213-0.5417718207220809j),(-0.009244741265512339+0.03155818100445364j),5084000000
(-0.498851124492236-0.5403587345359622j),(-0.009331644942069417+0.03150438238373914j),5084250000
(-0.4996536046924407-0.5386957030478089j),(-0.008861811949503725+0.03147823367265208j),5084500000
(-0.4952233360827694-0.5427088494530407j),(-0.009027425486387517+0.03139855060902106j),5084750000
(-0.4994964354106849-0.5374021543287892j),(-0.008717568004190707+0.031417554093105184j),5085000000
(-0.4979494049131545-0.5421094422656345j),(-0.008751528137218658+0.031365260745852996j),5085250000
(-0.4994747478632517-0.5385112428018466j),(-0.00869984181653497+0.031395121534804823j),5085500000
(-0.4997745263064598-0.5384163033922524j),(-0.008621313417574755+0.03157863909482546j),5085750000
(-0.4972003183104054-0.5399367727393634j),(-0.008713999011154135+0.03144054901675217j),5086000000
(-0.5002847522319512-0.5372784029376355j),(-0.008305611757233699+0.03145101842918648j),5086250000
(-0.49825747235276757-0.5383837891147528j),(-0.00847761134520854+0.031400515183879533j),5086500000
(-0.5004300543371754-0.5366314139497002j),(-0.008292053024851778+0.03153915270195537j),5086750000
(-0.500862957806867-0.5371663621868514j),(-0.00839406710221195+0.0316032051476472j),5087000000
(-0.5001360289685727-0.540691456803929j),(-0.008539741837149843+0.03141275909145014j),5087250000
(-0.505999940470416-0.5302251319472436j),(-0.007699663774501382+0.03178651399153958j),5087500000
(-0.5018926555684308-0.5354990202980341j),(-0.008027412156352297+0.03156744493116362j),5087750000
(-0.5012012809683051-0.5340048294160158j),(-0.007912814315219159+0.03151990622208276j),5088000000
(-0.5005625981260365-0.5376431514378877j),(-0.007978001785936184+0.03151979753008679j),5088250000
(-0.5009750244047104-0.5379025786153644j),(-0.008148484697332146+0.031467187728974125j),5088500000
(-0.5032385989444126-0.5314093243296261j),(-0.0075513918597335744+0.03152226524543108j),5088750000
(-0.5018475118267635-0.5358586245584118j),(-0.007858813406596325+0.03153626789985171j),5089000000
(-0.5042174238880464-0.5330349791733502j),(-0.0074845788573844945+0.031629536396215116j),5089250000
(-0.5009815170694863-0.5329043980958396j),(-0.007710586180223975+0.03148210511402532j),5089500000
(-0.5035039217141009-0.5304684044317546j),(-0.007316029042330031+0.03159121752326485j),5089750000
(-0.5006615912788248-0.535078569306606j),(-0.007589088808964241+0.03149751975691993j),5090000000
(-0.5049275906392225-0.5274833288823916j),(-0.007190188264044574+0.03153812977156371j),5090250000
(-0.5032434500273464-0.5277492052369688j),(-0.007024575316672624+0.03161105805477357j),5090500000
(-0.5022791423458545-0.5301168941644521j),(-0.007377296904939925+0.031450437088940054j),5090750000
(-0.5049672968107612-0.5289518966336398j),(-0.006832639293582737+0.03170208734410555j),5091000000
(-0.503852163617366-0.5324098797839073j),(-0.007104034717496055+0.031529017836748933j),5091250000
(-0.5060104954135242-0.5264931672098396j),(-0.006499092737786839+0.031676365948777666j),5091500000
(-0.5046725502646713-0.5316256682728963j),(-0.006831900892259728+0.03154595761279108j),5091750000
(-0.50465383536652-0.5296353939381789j),(-0.006660395275012546+0.03158053585547306j),5092000000
(-0.5056549036686528-0.5279484801826487j),(-0.006449832353935259+0.031338100939365815j),5092250000
(-0.5085516006591817-0.5256232035664552j),(-0.0064406321533955905+0.031420070732904j),5092500000
(-0.5071150249353426-0.526796363096517j),(-0.006219561701416426+0.031665400427358714j),5092750000
(-0.5057747156404253-0.528727947243019j),(-0.006498014051628559+0.03150006645737395j),5093000000
(-0.5119316140622499-0.5245074455073803j),(-0.005669444493085638+0.03168048604231361j),5093250000
(-0.5064505112226201-0.527743472075532j),(-0.006029607639491876+0.031474821187648064j),5093500000
(-0.5096870997122153-0.5238398196042867j),(-0.0059880746642548294+0.03140934339598678j),5093750000
(-0.5096899409068638-0.5256365448242437j),(-0.005784262002722939+0.03157253090872779j),5094000000
(-0.5100448459047998-0.5232680217154129j),(-0.005681914004816001+0.03135431978016018j),5094250000
(-0.5110761545633344-0.5223657642369128j),(-0.005414337876429179+0.03143318077723405j),5094500000
(-0.507658824840352-0.5242405591346798j),(-0.005651722223017363+0.031306273330984j),5094750000
(-0.5114124708163368-0.5206578745181633j),(-0.005271939126756534+0.031511379218263344j),5095000000
(-0.5101406309740986-0.5231420800160655j),(-0.00541922047481538+0.03144783999730934j),5095250000
(-0.5129067215355471-0.5195451364397552j),(-0.004925760339346151+0.031359358407605224j),5095500000
(-0.5134201434738538-0.5226952308949333j),(-0.004992525853006467+0.03141044613474196j),5095750000
(-0.513828286769603-0.5192242271433204j),(-0.004889796634591637+0.03145378205648065j),5096000000
(-0.514326564839277-0.519059679083262j),(-0.00469341054024556+0.03136715717024051j),5096250000
(-0.5112043549528912-0.5209081981133209j),(-0.005139292829216033+0.03134286209862592j),5096500000
(-0.5146172692855188-0.5172943714270023j),(-0.004981082225924358+0.03130987835032887j),5096750000
(-0.5117798261514803-0.5217806468673162j),(-0.00509172611613985+0.031206962324527274j),5097000000
(-0.5128169015978686-0.5207917896215385j),(-0.005259754206140625+0.031158308451050006j),5097250000
(-0.5134075947785955-0.5169169995429123j),(-0.004858220336398927+0.031148818170221783j),5097500000
(-0.5147928235206272-0.5176716007313138j),(-0.005052870106318566+0.031116410748000225j),5097750000
(-0.5159550445277792-0.5135121773223459j),(-0.005110578257286831+0.03108360899132639j),5098000000
(-0.5118434331780056-0.5217608996489296j),(-0.005415105604691388+0.03086507561754844j),5098250000
(-0.5185515013052152-0.5149737814020533j),(-0.005117485802830005+0.03106422526987018j),5098500000
(-0.5144347200782275-0.5175838776745414j),(-0.005038883288714704+0.030872266413225897j),5098750000
(-0.5134263874953018-0.5191218377093115j),(-0.005141989441045712+0.030831696428270196j),5099000000
(-0.5171062902016715-0.5122543904059018j),(-0.004997764252407789+0.03077237858971864j),5099250000
(-0.517765721984582-0.513147469359673j),(-0.005398974175269111+0.030687355261331012j),5099500000
(-0.5153266550161981-0.5136427282394785j),(-0.005167178666225324+0.03069186202717415j),5099750000
(-0.5170371102857954-0.5232269915297636j),(-0.003169258628498526+0.031214375687844135j),5100000000
(-0.5217457776097009-0.5170154200398505j),(-0.0029428625910564708+0.03144553481365716j),5100000000
(-0.5190518510459503-0.5170937618508429j),(-0.0030532750062000806+0.03137511956405661j),5100250000
(-0.5169173057673095-0.5211974553925867j),(-0.003280827622619525+0.0310830122677858j),5100500000
(-0.5230059179503271-0.5130840516656825j),(-0.002905778068023663+0.031095397102671448j),5100750000
(-0.5190112811665928-0.519809830511176j),(-0.0031825561676655355+0.03116157792087217j),5101000000
(-0.5196356920289896-0.5157980151874438j),(-0.0031720965227543486+0.03095517432074382j),5101250000
(-0.5196648689118426-0.517348144314827j),(-0.003168656665508123+0.030971154998630596j),5101500000
(-0.5184091268152891-0.5154752472276636j),(-0.003206301154331113+0.031006805951174138j),5101750000
(-0.5209946204733582-0.5155553556628905j),(-0.0028368724562635637+0.031036245528265213j),5102000000
(-0.5214515085810679-0.5164746654065256j),(-0.0027640995150828183+0.030863113058882657j),5102250000
(-0.5218432501714166-0.5129350850173557j),(-0.002905026451116979+0.030884251532298575j),5102500000
(-0.518304348991598-0.5163534895473282j),(-0.0029381247996891338+0.03090264430474518j),5102750000
(-0.5236749086673266-0.5122880421525131j),(-0.002674857598412274+0.030875591265569286j),5103000000
(-0.5204911154366311-0.5162257977767286j),(-0.0025992659740148743+0.03069916675715302j),5103250000
(-0.5207136798956291-0.5174456549996448j),(-0.002960653705689459+0.0307453841055376j),5103500000
(-0.5247552337046082-0.5124750805198255j),(-0.002270191499360803+0.03070294431659125j),5103750000
(-0.5222158748243699-0.5129982007828966j),(-0.0025282727103556153+0.03072461181246161j),5104000000
(-0.5236188994944077-0.5103206065127555j),(-0.0021348549078939435+0.030745581688996725j),5104250000
(-0.5219447975748447-0.5125195994525441j),(-0.00240005091950409+0.030664818645805145j),5104500000
(-0.5241136486070211-0.506699734669164j),(-0.0020263294158001004+0.030568521384824677j),5104750000
(-0.5229450578847226-0.512493250619912j),(-0.0020939602839190586+0.030503465469985582j),5105000000
(-0.5229153398356409-0.5098953994258922j),(-0.0020950310511805557+0.030543273224879066j),5105250000
(-0.5226136495588164-0.511057661178433j),(-0.002039521868047792+0.030593111678747276j),5105500000
(-0.523691199620263-0.5087057740644463j),(-0.0017340529761473425+0.0306883416842083j),5105750000
(-0.5231541127965007-0.5087245619203046j),(-0.0015501835276451902+0.030590814949585824j),5106000000
(-0.5240810628818091-0.5082543756343849j),(-0.00169083188716581+0.030641212210377442j),5106250000
(-0.5221962251096262-0.5095378396613895j),(-0.0017405276323118725+0.030538623616358392j),5106500000
(-0.5246637560551585-0.5061553661229201j),(-0.0016053955384671044+0.030453430593335207j),5106750000
(-0.5238155157221142-0.5078519616640845j),(-0.0014160734873029707+0.030504166551651626j),5107000000
(-0.5239999684177801-0.5058574480083511j),(-0.0013993316780416287+0.030451579531629788j),5107250000
(-0.5212643072129414-0.5101794029900317j),(-0.0015090843316211161+0.030400918142962426j),5107500000
(-0.5243163644033337-0.5065311775743864j),(-0.001254862405856625+0.03038271199064109j),5107750000
(-0.5269704913383425-0.5022852335236027j),(-0.0008306634761326543+0.03032356725795506j),5108000000
(-0.5241877525016995-0.5066959109506463j),(-0.001177281984818525+0.030348881557947006j),5108250000
(-0.5273556431018218-0.5026272414199568j),(-0.0009362236897534754+0.030246861891205047j),5108500000
(-0.5224346492039311-0.5077377102935531j),(-0.0011314883380938337+0.030210532563095846j),5108750000
(-0.5271828305469736-0.5015977839887757j),(-0.0007269300094973452+0.030184231637353995j),5109000000
(-0.5244966792760555-0.5041016568288214j),(-0.0008694919375810161+0.030141273589020627j),5109250000
(-0.5258162126607792-0.5019826457308721j),(-0.0009558492618471281+0.030189057835962662j),5109500000
(-0.5268609822650167-0.4994198378099631j),(-0.0005284235879870868+0.030029247721468515j),5109750000
(-0.5287324340545646-0.49854315027544793j),(-0.00069426567153349+0.03000451175004737j),5110000000
(-0.5263056568135243-0.5015493864210457j),(-0.00039183548330126434+0.030169857662805357j),5110250000
(-0.5266552712243356-0.5011721775550099j),(-0.0005596273419346226+0.0301246772931605j),5110500000
(-0.5264751217936732-0.4987114387141464j),(-0.00029716261174120816+0.02998073570920149j),5110750000
(-0.5240942907008596-0.5024280817515744j),(-0.00047289615336269537+0.029899750245772336j),5111000000
(-0.5296292243448015-0.49635918584412503j),(1.8268454387209386e-05+0.029791826422047852j),5111250000
(-0.5265775205952448-0.49975173746223284j),(-0.00019915118925286734+0.02979932606410951j),5111500000
(-0.5248573676235474-0.4984868656080468j),(-0.00027663185690006615+0.0297824183317803j),5111750000
(-0.5267781516317793-0.4996878830487106j),(1.4995996374867013e-05+0.02972356687118662j),5112000000
(-0.5265906589900462-0.49791931155655833j),(-1.9978430354488513e-05+0.029655563921184687j),5112250000
(-0.5271935371651263-0.49564561096383625j),(0.0002030632492212314+0.0297305932402991j),5112500000
(-0.5267213575806218-0.4985781764885444j),(6.717359077242037e-05+0.029495964000751038j),5112750000
(-0.5279859234023058-0.4956301852076103j),(0.000405157278528174+0.02951782863804607j),5113000000
(-0.5272710565983562-0.49551101763015437j),(0.00019253739810744719+0.02952498448955813j),5113250000
(-0.5282216177269624-0.4952876169163962j),(0.00028371526655157197+0.0294213671784496j),5113500000
(-0.5275550698731166-0.49616945137337287j),(0.00031072415529400494+0.029488702986414733j),5113750000
(-0.5286663419707561-0.49265700544987545j),(0.0004442042505458201+0.02941676616472062j),5114000000
(-0.5287917837513514-0.4949210361009203j),(0.0006632166430067397+0.029542688028236043j),5114250000
(-0.5265925007889798-0.4955678687212115j),(0.00044968759124818566+0.029397075847982346j),5114500000
(-0.5278426107786117-0.49268078075815924j),(0.0007546744187207511+0.02939264077322093j),5114750000
(-0.5281753013933612-0.4938561068644944j),(0.0006079555360159343+0.029349823888612594j),5115000000
(-0.529228725024205-0.49055223835500295j),(0.0009878273348790973+0.029291183524749482j),5115250000
(-0.5276165055104685-0.4928190759443824j),(0.0006852870937210299+0.029309667977129677j),5115500000
(-0.5277015481531946-0.4919833613291737j),(0.0008447215611867765+0.029194225438409906j),5115750000
(-0.5273571225070115-0.492506630495797j),(0.0009099498947022788+0.02922239386763899j),5116000000
(-0.529415033242158-0.4896338146458659j),(0.0009591712744812722+0.029003961164569877j),5116250000
(-0.5276052887630763-0.4934080679178081j),(0.0009979596381050767+0.028996728686431078j),5116500000
(-0.5266600256688349-0.49257673270854047j),(0.000989384686592295+0.02908258381302549j),5116750000
(-0.5280705441198446-0.4906584964617925j),(0.0011006745943022507+0.028986063351044j),5117000000
(-0.526872692687913-0.48985134243457384j),(0.0009599675893217821+0.028945139875501322j),5117250000
(-0.5289386151768143-0.48923881292542104j),(0.0013308692461167625+0.028893726210455634j),5117500000
(-0.5279966631249997-0.48881351486013297j),(0.0012114179287717598+0.02888962799347516j),5117750000
(-0.5304608982094007-0.484678282182147j),(0.0014198767974335485+0.028728023740478607j),5118000000
(-0.5279626590556138-0.48885305801864176j),(0.001331149451028983+0.028771799338590955j),5118250000
(-0.5309033926754243-0.4848408474456722j),(0.0015987597953956568+0.028759320110056375j),5118500000
(-0.5303601858877065-0.4862397447398703j),(0.0016900619509178404+0.02872616923166188j),5118750000
(-0.5290634547641608-0.48795230997821254j),(0.001356636447459091+0.028568792757246463j),5119000000
(-0.531764466751894-0.4823355273704067j),(0.0019403353003034664+0.028375891289889252j),5119250000
(-0.5315917404287321-0.486993073058506j),(0.0017632980186107847+0.02878908835060349j),5119500000
(-0.5326204760317705-0.48219312875069437j),(0.001943410799966401+0.02853105190612828j),5119750000
(-0.53099813931315-0.4852008411222497j),(0.0017216042852382589+0.028581882259692035j),5120000000
(-0.5328026453666211-0.48124717566972347j),(0.001991722893796217+0.02845958350234848j),5120250000
(-0.5331805399776746-0.4823623484233684j),(0.0021291361710084164+0.028427804159679756j),5120500000
(-0.5310190381903332-0.48355946241486886j),(0.0019343308153817586+0.028478448694167446j),5120750000
(-0.5353960636872368-0.4776992748705796j),(0.0022963353885090466+0.0283870322798069j),5121000000
(-0.5323265279520547-0.4821087998546342j),(0.0021071570267720083+0.028275212585246793j),5121250000
(-0.5340927521999904-0.4778063907510712j),(0.0022323764402185364+0.02836206185215442j),5121500000
(-0.534426536270928-0.4786528097087793j),(0.0026151911222890845+0.02822979494826299j),5121750000
(-0.5338382936465781-0.47962976732389906j),(0.002150571686594924+0.028236525524917178j),5122000000
(-0.5360294805810721-0.47663724253307976j),(0.0027372793045998644+0.028177741415666514j),5122250000
(-0.5345652295284093-0.47789140929828267j),(0.002468555461844391+0.02822648780701544j),5122500000
(-0.5367123006350535-0.4728649184569382j),(0.0027368762781038443+0.02813983167479203j),5122750000
(-0.5356872182134378-0.4741297778725808j),(0.0028150825834756072+0.0281719742006351j),5123000000
(-0.5362478579413695-0.47195587858885785j),(0.0027322587204605536+0.02799785676772744j),5123250000
(-0.5346972456953979-0.4742901691016206j),(0.002787834694902884+0.028019678903896006j),5123500000
(-0.5366354100953656-0.4742335801146891j),(0.0027133277911567093+0.0279783411600822j),5123750000
(-0.5360944134362785-0.47228372506669947j),(0.003090971803985767+0.028032809210196203j),5124000000
(-0.5360800767075373-0.4726589101705371j),(0.0028399066086303897+0.027857352226510222j),5124250000
(-0.5346182260463189-0.47300404393341744j),(0.003102337457738996+0.02780040282742086j),5124500000
(-0.5350218283454373-0.47481479913510016j),(0.00288928842781547+0.027789980127699752j),5124750000
(-0.5360326380120795-0.47270044456531823j),(0.0030066954992707252+0.027764937725744527j),5125000000
(-0.5339542594750378-0.47601229685388097j),(0.0029380976925965784+0.02772991794265629j),5125000000
(-0.5371760841330899-0.47229695397232824j),(0.0029295049792218684+0.027658746631153804j),5125250000
(-0.5372607715208559-0.4698499553967285j),(0.0032667821333007803+0.02772719905845909j),5125500000
(-0.5363478331718701-0.47335661191868644j),(0.003140841436752677+0.027716467572685845j),5125750000
(-0.5364463205938406-0.47078328768557j),(0.00326802096977488+0.02770136727221788j),5126000000
(-0.5331426643992712-0.4715896672304855j),(0.0029182034219577243+0.027575702494829595j),5126250000
(-0.5368390226997319-0.4698745645797721j),(0.0031443971388842896+0.027560787528336857j),5126500000
(-0.5340474600544124-0.47165624743176976j),(0.0032645958505943106+0.02744598753702125j),5126750000
(-0.5349488006182085-0.46864234707184355j),(0.0032389706206381267+0.027205564303474712j),5127000000
(-0.5322848714735071-0.4759880887915916j),(0.0031149518890785173+0.02751824201928161j),5127250000
(-0.534978695727041-0.4699446389458822j),(0.0031552681410512646+0.027224375476263964j),5127500000
(-0.5359790578859518-0.46445943336156104j),(0.0034742816153560995+0.027373848287597875j),5127750000
(-0.5346396532492513-0.47075924288281173j),(0.0033646627665705683+0.027175977959068818j),5128000000
(-0.5338916511939269-0.4679817873198365j),(0.003355908487859098+0.027129744333685042j),5128250000
(-0.5354663587851723-0.46215157633860354j),(0.003521426648683383+0.027004129191917487j),5128500000
(-0.5334116444243543-0.46719332499306826j),(0.0032623399261534286+0.027204508568712232j),5128750000
(-0.5327244214376137-0.4658994480029412j),(0.0034573417685957895+0.027056209230253606j),5129000000
(-0.5336553787347766-0.4684357961246242j),(0.003425631417090437+0.027023188044907272j),5129250000
(-0.5336644155679886-0.4644937722304118j),(0.003663093913095967+0.027014748071321724j),5129500000
(-0.5340587008533967-0.46381824364470386j),(0.003596497371667181+0.02696308559459616j),5129750000
(-0.5352283559280696-0.4649811696589366j),(0.0036622696950478705+0.02685274287564479j),5130000000
(-0.5333118567299009-0.4668815771309431j),(0.0038803753683463622+0.02704950133654077j),5130250000
(-0.534430130852155-0.46447571300563806j),(0.0038503226236545956+0.026910779470805595j),5130500000
(-0.5356519511389096-0.46368147756082567j),(0.004031243035041651+0.026952436306694937j),5130750000
(-0.5344855200697954-0.4657539847297872j),(0.004211669802677362+0.026812704032431578j),5131000000
(-0.5350316531280974-0.46233575942387933j),(0.004235220359582695+0.02685242965083268j),5131250000
(-0.5346167711146521-0.46530660859330536j),(0.004075533076287111+0.026693441636735246j),5131500000
(-0.5352066026804811-0.4617246242758396j),(0.004186658900981678+0.02667617961300605j),5131750000
(-0.5331250489490342-0.46635661243844184j),(0.004134650710350804+0.026659756835675855j),5132000000
(-0.5362103372695419-0.4608928083309935j),(0.004366810968797038+0.026570983010105378j),5132250000
(-0.5336185073967998-0.46527252506907846j),(0.00428561947417198+0.026583034856041163j),5132500000
(-0.5351681970873736-0.4612663875624807j),(0.0044158396535871605+0.02668112042429757j),5132750000
(-0.5368603885128518-0.46005927713818145j),(0.004563326468987934+0.02658923966014512j),5133000000
(-0.5335597537904796-0.4624278877565026j),(0.004489613382404933+0.026603094861105868j),5133250000
(-0.5351586480278269-0.4592767812511113j),(0.004720393442487755+0.02637789057838754j),5133500000
(-0.5373099716560993-0.45739677680014124j),(0.004616286388100434+0.026451608072008338j),5133750000
(-0.5357012525665339-0.4605089896137187j),(0.004901842658253485+0.026564194648486094j),5134000000
(-0.5354294470367724-0.4622891783473776j),(0.004769248230300762+0.02647836285564243j),5134250000
(-0.5352443106908004-0.460086673506119j),(0.004725789682728196+0.026393819609898884j),5134500000
(-0.5350271132308517-0.4585519332444115j),(0.004977532964764525+0.026304702753432937j),5134750000
(-0.5339684043759926-0.45978389155643995j),(0.005096218256655899+0.026156320233901492j),5135000000
(-0.5334014932097263-0.46014970651440645j),(0.00501296491431926+0.02630119025994793j),5135250000
(-0.5348508321971983-0.45825794338782283j),(0.004726848449963052+0.02629099676947535j),5135500000
(-0.5363203998494214-0.45481801723705084j),(0.0051792752092270486+0.026108673461141176j),5135750000
(-0.5353070705782357-0.4573427442487635j),(0.004840339291526732+0.02605296075519415j),5136000000
(-0.5366656927509229-0.4553267494225873j),(0.005170596754783151+0.02595313193625842j),5136250000
(-0.5350927462747109-0.4599499570622026j),(0.004976615527165865+0.026163736004914458j),5136500000
(-0.5359527562123593-0.4554452404889827j),(0.0051756699915620746+0.026001759206281765j),5136750000
(-0.5373210276805872-0.45546431774434837j),(0.005269406874427414+0.026000157527418716j),5137000000
(-0.5372569329426393-0.45578483122704216j),(0.005133744886934369+0.025860241314185534j),5137250000
(-0.5377199044933256-0.4530330627793135j),(0.00525711775070816+0.02578808423882101j),5137500000
(-0.5376446015340225-0.4521711588495551j),(0.005025187956518371+0.0257497125663258j),5137750000
(-0.5389371046734744-0.4507987052812182j),(0.005582420955374059+0.025862548739244245j),5138000000
(-0.5372196154304079-0.45454926196867296j),(0.0054107348072824375+0.025797033071023732j),5138250000
(-0.538932094841262-0.44942386532122575j),(0.005355583562042741+0.02558508747685223j),5138500000
(-0.5375281269851224-0.45117824220654973j),(0.005552738075600614+0.025660135692927997j),5138750000
(-0.5368195899616317-0.4510760933608628j),(0.005526019443673879+0.025620186642930715j),5139000000
(-0.5390702590933112-0.4493753957548574j),(0.005476061555694174+0.025508759367403756j),5139250000
(-0.53667385663539-0.45168791191590374j),(0.005294170238979608+0.025637591178229047j),5139500000
(-0.5379560341986556-0.4489034602187416j),(0.005497132697518347+0.025443115769431562j),5139750000
(-0.538292945133487-0.4500774211484311j),(0.005426054937485866+0.025409277454522587j),5140000000
(-0.5376759298316116-0.44765030767167885j),(0.005502924793227429+0.025375529150775112j),5140250000
(-0.5385188099617996-0.44665623472912613j),(0.005561951096463296+0.025203136717698586j),5140500000
(-0.5391256469917688-0.44730380106214923j),(0.005552924804375644+0.025368177692295553j),5140750000
(-0.5396561519521863-0.4455200731075524j),(0.005797223879551562+0.025269172437691372j),5141000000
(-0.538732774195465-0.4473997141229235j),(0.005613292085815725+0.025361374288430338j),5141250000
(-0.5380625983829842-0.4493211593167424j),(0.00566776602654297+0.025108797814378966j),5141500000
(-0.5374327730117171-0.4525889740283506j),(0.0055873813062347405+0.025192264609414365j),5141750000
(-0.5396274760470433-0.4470378406430196j),(0.005840960650249119+0.02512607999894396j),5142000000
(-0.538016604341819-0.4506782273546495j),(0.005898275137233096+0.025044273849576994j),5142250000
(-0.5392446095662234-0.44377782097438867j),(0.005911600930411293+0.024926028593774237j),5142500000
(-0.5398024579289187-0.44669507622542265j),(0.00605958023229157+0.024946847480699575j),5142750000
(-0.5390818050602941-0.44580130443296756j),(0.005828884675392953+0.02492615553590028j),5143000000
(-0.5394840623934077-0.44619039834850965j),(0.005884903535640203+0.024895680757894466j),5143250000
(-0.53869135292739-0.4456608382276415j),(0.006103933253683484+0.024860702657650457j),5143500000
(-0.5390862984138275-0.4462472387173585j),(0.006174934983523631+0.024727560283637314j),5143750000
(-0.539441237830542-0.44613951427772125j),(0.006146314660861681+0.02473966559034802j),5144000000
(-0.5398120155459869-0.4439174531943133j),(0.006316293465181429+0.02465798475368664j),5144250000
(-0.5388322159937107-0.44598122343261676j),(0.005996123830556537+0.024846869527217902j),5144500000
(-0.539704888786945-0.4429883595896818j),(0.006270048465863752+0.024796473258808842j),5144750000
(-0.5383116824816324-0.4452956269252916j),(0.006260047402268011+0.02462180135366691j),5145000000
(-0.5383391145162841-0.4445893502566769j),(0.00633236920324028+0.02457922991381358j),5145250000
(-0.540816599635807-0.4391310779709627j),(0.006615765065440801+0.02443084581048318j),5145500000
(-0.5385437994183794-0.44388350295095397j),(0.006049866188980953+0.02447700023626106j),5145750000
(-0.5381019630068713-0.44470973669090613j),(0.006389982941980383+0.024553447163868355j),5146000000
(-0.5397766474343035-0.4417028076570477j),(0.006289711121769272+0.02446218757341279j),5146250000
(-0.539178749861853-0.4430792490596965j),(0.006414780804701526+0.024369789012594793j),5146500000
(-0.5382445335694638-0.44382247278267944j),(0.006230542713451132+0.024487128361991645j),5146750000
(-0.541169265220893-0.43856482869229585j),(0.006457991624006194+0.02430882524720692j),5147000000
(-0.5378548806044269-0.4467768194050743j),(0.0062466142599481595+0.024152254410389214j),5147250000
(-0.5404403967242222-0.4402357942996828j),(0.006397967062872862+0.02422734742693182j),5147500000
(-0.5392125222361642-0.4423674242108646j),(0.006441136715451667+0.024180746392929237j),5147750000
(-0.5407287651305441-0.43916130543173665j),(0.0067055729722389264+0.02402935454782111j),5148000000
(-0.5385988595238355-0.4443285724291359j),(0.006539881588452969+0.02412700734474303j),5148250000
(-0.5407348081545508-0.438600494234965j),(0.006624321985967175+0.024100837892640878j),5148500000
(-0.5393354803586183-0.44060727985581616j),(0.006617867228545297+0.024040694861569997j),5148750000
(-0.5396177692589059-0.4416353244292868j),(0.006534160712806028+0.023993005868252665j),5149000000
(-0.5406897496568988-0.4379922640920051j),(0.0065978709934022915+0.02400203781798086j),5149250000
(-0.5418201290632996-0.43473453148791974j),(0.0067451496316020265+0.02397265836965279j),5149500000
(-0.5386110672368002-0.44142714662172056j),(0.006359906418165829+0.02397416049407233j),5149750000
(-0.5401698643884093-0.43781234061663077j),(0.006805623911002451+0.02388252375494964j),5150000000
(-0.5384775365891741-0.44131807865737593j),(0.006701549457679157+0.023888512383073806j),5150000000
(-0.5397126037586315-0.43839481993544127j),(0.0066774910085251795+0.023828228642658145j),5150250000
(-0.5413962806571926-0.4329848161130308j),(0.006889046438504333+0.023879553571300324j),5150500000
(-0.5405698690980701-0.43510366878143963j),(0.006817331417978854+0.023689959142294225j),5150750000
(-0.5403195196911154-0.437127799407736j),(0.0066954781440839075+0.023683115415561694j),5151000000
(-0.538846622032186-0.4374332012986222j),(0.0067274626953061824+0.023735782794447418j),5151250000
(-0.5399120979115466-0.4355329850212097j),(0.0066375582006912+0.023649092813411373j),5151500000
(-0.5406762364187319-0.4350687109711604j),(0.006950587224153501+0.023704679564788937j),5151750000
(-0.5393627712251859-0.43901201850587906j),(0.0068112254584780756+0.023715073165414675j),5152000000
(-0.5398937285173204-0.43811694700824033j),(0.00687809900045472+0.023671240817658784j),5152250000
(-0.5422329123744284-0.43269907918193246j),(0.007246373019237388+0.02359577663742182j),5152500000
(-0.5417558148620805-0.4333644943526816j),(0.006997652897636701+0.023395985618473582j),5152750000
(-0.5417745901197429-0.43518030483548753j),(0.00712005664745434+0.02340409777101196j),5153000000
(-0.5395750567601968-0.43936297092533794j),(0.006872632176168468+0.023414719108863277j),5153250000
(-0.5434751617217466-0.4303318474229693j),(0.00715198856068049+0.02336515437458762j),5153500000
(-0.5429372973631406-0.4315460837449111j),(0.007069092342097523+0.023285890438583236j),5153750000
(-0.5412894249358298-0.4371466659862396j),(0.006993762115807317+0.023283749824677645j),5154000000
(-0.5410467948775767-0.4345087893123057j),(0.007137504584183086+0.023262910269577063j),5154250000
(-0.5439545303502971-0.42916537396874205j),(0.007327461296794035+0.02309990298756732j),5154500000
(-0.5422541955528494-0.43416198664866584j),(0.0072051740570333415+0.02317161999342529j),5154750000
(-0.5428638824930866-0.43194470460283085j),(0.007302432059681122+0.023170040599105553j),5155000000
(-0.539853419890488-0.4369595811176492j),(0.007111892370126256+0.023250363697371185j),5155250000
(-0.5413520280313922-0.43193224572351835j),(0.007269691695620119+0.022947745717500165j),5155500000
(-0.5443600217543577-0.426306265621096j),(0.007515038359460726+0.022823983068055425j),5155750000
(-0.5424012509176404-0.43237066706641775j),(0.007321922122343087+0.0230271771789127j),5156000000
(-0.542574885429041-0.4347235736129563j),(0.007265541197219422+0.022983045180061175j),5156250000
(-0.5423566316330534-0.4304642282491795j),(0.007539051332960133+0.022884240810619932j),5156500000
(-0.5440434167881758-0.42767306463500515j),(0.007613649403948989+0.02288055864940916j),5156750000
(-0.5429421995731599-0.43248309116721134j),(0.007500291154709128+0.02276344938817806j),5157000000
(-0.5426262988199654-0.43211001230233853j),(0.0074345057090715976+0.022764823600417348j),5157250000
(-0.5454201612671565-0.42302907758691605j),(0.007645380077655587+0.022550924619686098j),5157500000
(-0.5426971297940204-0.4302748203743065j),(0.007534133732553608+0.022655305174669616j),5157750000
(-0.5476053534943016-0.4227899050843943j),(0.007865382118753915+0.022602488826018313j),5158000000
(-0.5438595060658364-0.4285108711621565j),(0.007724237094434305+0.022594943724126796j),5158250000
(-0.5468948161273685-0.4241333118715234j),(0.007928199284418931+0.022603743000479164j),5158500000
(-0.5448933649151125-0.42954008040871183j),(0.007670542366074911+0.022486744789599042j),5158750000
(-0.5468088039450272-0.42453084388981693j),(0.007695235915072321+0.022504767802695284j),5159000000
(-0.5472436832069174-0.42108103415565645j),(0.007977240208067109+0.022395205577225435j),5159250000
(-0.5465293518436303-0.42672533043950567j),(0.007593730632864504+0.02256016668591271j),5159500000
(-0.5495210668830911-0.42099496599705133j),(0.0077189464954991+0.022285643699681702j),5159750000
(-0.5472198469959296-0.42614192960040886j),(0.007694765098993041+0.022319913605981272j),5160000000
(-0.5474867636913786-0.42443767541653393j),(0.007676075863853576+0.022417686927659483j),5160250000
(-0.5497170794984001-0.42022475155642036j),(0.007890790275873439+0.02221764591885863j),5160500000
(-0.5483521815039545-0.421038746864172j),(0.00782705651960801+0.02229162823342306j),5160750000
(-0.5485937786656503-0.4210706900532377j),(0.008014272671530043+0.022104597587061122j),5161000000
(-0.5484535571045913-0.4218204824525069j),(0.007897112396574715+0.022081614810789105j),5161250000
(-0.5465993070210862-0.4253936459345951j),(0.0077017535268042985+0.022103601518591604j),5161500000
(-0.5460546400692217-0.42528542478729486j),(0.007663455587109971+0.02227102914365432j),5161750000
(-0.5511442644150926-0.4135075690197635j),(0.00813413274673097+0.022004818775367963j),5162000000
(-0.5486670403337284-0.4192512661116997j),(0.007860189226872871+0.02205075675234008j),5162250000
(-0.5499339086532322-0.4177467566619436j),(0.0078971774619435+0.021799077976164014j),5162500000
(-0.5533242769979423-0.41103557459231177j),(0.007921820715391858+0.02192904154606846j),5162750000
(-0.5495946211007133-0.4198504952472164j),(0.007981254261280383+0.021983264648562127j),5163000000
(-0.5524524308306563-0.4139052894886117j),(0.008313823687339442+0.02179398359655819j),5163250000
(-0.5495497776568761-0.41904719615820796j),(0.007909533529450417+0.021859374875673864j),5163500000
(-0.5539664948832044-0.4117766219229365j),(0.00821177264934329+0.021632979427985612j),5163750000
(-0.549905641944887-0.419829136606455j),(0.008181604280807902+0.021759146113550218j),5164000000
(-0.5542790688186989-0.40942437913105273j),(0.008254536830336707+0.02170195033830914j),5164250000
(-0.5506296117098912-0.41636379118470873j),(0.008128473997222416+0.021737409276002085j),5164500000
(-0.5529782724133623-0.4116712536681204j),(0.008222626656975329+0.021542841531105254j),5164750000
(-0.5537880212630464-0.4143828054846294j),(0.008435816427596656+0.021610214951329195j),5165000000
(-0.5531999983165251-0.41558095420587887j),(0.008122637095364319+0.021744004265336115j),5165250000
(-0.5536400028259577-0.4161312397472168j),(0.008427852307552346+0.02154459231040241j),5165500000
(-0.555802324949092-0.4102951593232621j),(0.00843945612474286+0.021549652918614038j),5165750000
(-0.5547456505884656-0.40908753925169167j),(0.008375364527453735+0.021453020394371077j),5166000000
(-0.553851973744186-0.412179071825823j),(0.008407525041923401+0.021465778362752066j),5166250000
(-0.555120868421946-0.41010749967406684j),(0.008458206975110209+0.02138851280804185j),5166500000
(-0.5546396024851267-0.4091441808275822j),(0.008218619569910868+0.021248984941605053j),5166750000
(-0.5554038027081538-0.4086559895537418j),(0.008449534755300175+0.021321684430951882j),5167000000
(-0.5556655555303125-0.40700467507045474j),(0.008624821556608403+0.021255242979629642j),5167250000
(-0.556022094884625-0.4070684148987017j),(0.008581611209081718+0.021248465762203326j),5167500000
(-0.5557168346633878-0.4060945900574717j),(0.008537286336246232+0.021214192766829502j),5167750000
(-0.5546252640303134-0.4075574179266047j),(0.008602684939361853+0.021108800628345987j),5168000000
(-0.5566162465086115-0.4060429555792926j),(0.008516913094914959+0.02123896256562218j),5168250000
(-0.5541956108433342-0.4098234789507847j),(0.008555837267956605+0.021039462028420067j),5168500000
(-0.554464732237883-0.4096337929617603j),(0.008433929211421092+0.021293960106174827j),5168750000
(-0.5569558778560613-0.4047921645775072j),(0.00871482788266693+0.021133503116728545j),5169000000
(-0.5541379384176586-0.4086293235028622j),(0.008624741915605388+0.02107961318801038j),5169250000
(-0.5543067287825021-0.40978860141421397j),(0.008701365018699406+0.02095456121422998j),5169500000
(-0.5536065922885267-0.4088862284508175j),(0.00877728102260682+0.021009033301972298j),5169750000
(-0.5542980138890726-0.40650308387713274j),(0.008812955223922218+0.02099016659061867j),5170000000
(-0.5563170725279095-0.4015394876987291j),(0.008897889141467812+0.020772029368018922j),5170250000
(-0.55206137194589-0.4128586261705962j),(0.008616427638831442+0.021084200917091463j),5170500000
(-0.5548298976609441-0.40297660073307584j),(0.008769881195709588+0.02076236256889507j),5170750000
(-0.5542524281171644-0.4069703333765222j),(0.008742395303407605+0.020773975764313772j),5171000000
(-0.5543455611959679-0.4037727738917831j),(0.008844766587831433+0.020629723184111368j),5171250000
(-0.5544557648346653-0.40572750811977615j),(0.009027826827952104+0.020699607817361763j),5171500000
(-0.5527244332525101-0.4084465736729172j),(0.008703452838415447+0.020810934612474512j),5171750000
(-0.5535990666100483-0.40492906831803j),(0.008935400831579534+0.02052180661848738j),5172000000
(-0.5526195031560912-0.40531357726397144j),(0.008847543247160774+0.02060129722384605j),5172250000
(-0.552552882167159-0.40534102971492203j),(0.00892338401214113+0.020516280149972328j),5172500000
(-0.5508089019887105-0.4085170815353548j),(0.008827699862012144+0.020519705570000987j),5172750000
(-0.551068105193378-0.4076348633204698j),(0.008657617244994469+0.02043178710374557j),5173000000
(-0.5527903084882715-0.40279747124255233j),(0.009000601571357668+0.020381734619731817j),5173250000
(-0.5520133558791664-0.40461842199535086j),(0.008863108472765249+0.020349761367462738j),5173500000
(-0.5536041098217501-0.40185313491390934j),(0.008989611447342073+0.02040748017000125j),5173750000
(-0.5529567891254608-0.40339788641456736j),(0.009074404594372806+0.02031871365826393j),5174000000
(-0.5533539520220918-0.40294959696818816j),(0.008908956621333345+0.02037034595574449j),5174250000
(-0.5554079984211555-0.40105884864665386j),(0.008996875637099718+0.020268330514034132j),5174500000
(-0.5534770621424112-0.40484490292176367j),(0.00891404260859832+0.020461479872875842j),5174750000
(-0.5554553226351159-0.400453210365177j),(0.00915969835036178+0.02007802059657631j),5175000000
(-0.5541394028020212-0.4028265226387574j),(0.009194410960526703+0.0202904090473806j),5175000000
(-0.5545366734042906-0.4030248361340976j),(0.008931580068774328+0.02027635241104144j),5175250000
(-0.5560136880313339-0.398686052069661j),(0.00919629315061313+0.020060807287618294j),5175500000
(-0.5555995795400008-0.39898420649214417j),(0.00925257832318727+0.020199462118579595j),5175750000
(-0.5560600870878929-0.4005615592268263j),(0.009083790734543917+0.02014968059769742j),5176000000
(-0.5551814860997525-0.39990195126207434j),(0.009122116274328532+0.02003473880084791j),5176250000
(-0.5565317991247789-0.3980657159091568j),(0.009226582545117913+0.019920205842913444j),5176500000
(-0.5577378425416065-0.3971964798262976j),(0.009459950511978052+0.019906234704733988j),5176750000
(-0.5564960531322226-0.3989779383912029j),(0.009421017719897586+0.019933970169537327j),5177000000
(-0.5584616862360583-0.39381804568831535j),(0.00936248357320402+0.019781880024182602j),5177250000
(-0.5560046241362879-0.3965844304018595j),(0.009412417579430616+0.019909409951336436j),5177500000
(-0.5553873693125408-0.39748376077476344j),(0.009343258308267013+0.019829479993625082j),5177750000
(-0.5572639457770222-0.39592268498913996j),(0.00950209440520861+0.019720063972178296j),5178000000
(-0.5565007272025815-0.3953739032602646j),(0.009396661795714157+0.01974293428431323j),5178250000
(-0.5591870561616604-0.3928565057217181j),(0.009653509717762448+0.019502026945046318j),5178500000
(-0.5565467668606964-0.3965148505366219j),(0.009343629085474422+0.019670358604588184j),5178750000
(-0.5587623390103661-0.3928156864660741j),(0.009565546422217377+0.019633104436332156j),5179000000
(-0.5580178853470943-0.39405866599607037j),(0.009708489370550341+0.019664842398822047j),5179250000
(-0.5595705373445728-0.39374934954450197j),(0.009414168525787707+0.019542151749877675j),5179500000
(-0.5595948775904056-0.3897989184208403j),(0.009678574922394448+0.019576490831188502j),5179750000
(-0.5567858216420921-0.39670108133423604j),(0.00954653329546751+0.01962217657680172j),5180000000
(-0.5593566684452376-0.39289486098180393j),(0.009624482171709635+0.019218841121350395j),5180250000
(-0.5563219120899889-0.3959718017501437j),(0.009524502035219495+0.019417020336577863j),5180500000
(-0.559972792844594-0.3912341954430086j),(0.009551647638135144+0.01945007144972173j),5180750000
(-0.5589347781410948-0.39248541310512275j),(0.009659313268028462+0.019325609731305256j),5181000000
(-0.5599484236456008-0.3891406655976077j),(0.009446856112521483+0.01929047238237735j),5181250000
(-0.5597398870454859-0.3916251444153203j),(0.00966142462769229+0.01920822780383631j),5181500000
(-0.5587510129474595-0.39370773518905566j),(0.00960308919039509+0.01912715906272126j),5181750000
(-0.5592746466182044-0.3922420012259361j),(0.009634245944633728+0.019125281781862943j),5182000000
(-0.5583945359235267-0.39223889525413586j),(0.009783047330925207+0.019165319766163112j),5182250000
(-0.5581268875733041-0.39069890413211195j),(0.009713158870403018+0.019022365163655883j),5182500000
(-0.5571487850346942-0.39291374227979026j),(0.009585620235503281+0.01920904321359375j),5182750000
(-0.5579707082122861-0.39086163265131113j),(0.009602164887262215+0.019109089373604986j),5183000000
(-0.5584019489978732-0.3884076546898984j),(0.009660074318335462+0.01896420660349371j),5183250000
(-0.5556835021820358-0.39334796665526545j),(0.00934635905062382+0.01908092816829523j),5183500000
(-0.5593517171994556-0.3878360160989551j),(0.009692474680594311+0.018894292019303725j),5183750000
(-0.5576134489548707-0.39068720947583446j),(0.00957579925762264+0.018823590997343112j),5184000000
(-0.5583293791518437-0.3880265980642247j),(0.009650340104622256+0.018934749021023194j),5184250000
(-0.5576591673910128-0.38955263473474466j),(0.009778488267457712+0.01883526125675799j),5184500000
(-0.5577316717762458-0.3898442176817952j),(0.009716940603654852+0.0187084722525192j),5184750000
(-0.5589528561092187-0.3860477572014273j),(0.009888560105224996+0.01870675461207018j),5185000000
(-0.557512369578231-0.3904323893561586j),(0.009794092636331204+0.018739713873916892j),5185250000
(-0.5611349271742154-0.38427664813211404j),(0.009771388425973623+0.018597275787678853j),5185500000
(-0.5566681854530316-0.3886231613331744j),(0.00974189439336398+0.01864249056293221j),5185750000
(-0.5594087837717778-0.38478518773428444j),(0.009795652002916499+0.01856681206519452j),5186000000
(-0.5589694096426204-0.3853419310048237j),(0.009975599945439652+0.018614742511146302j),5186250000
(-0.5601736412451616-0.38387359889786155j),(0.009825342891276753+0.018626594156238997j),5186500000
(-0.5599512139819447-0.38665992761215634j),(0.00990443055063853+0.01850774485705467j),5186750000
(-0.5598294195950719-0.3850032711711719j),(0.009682522743663845+0.01852868732210258j),5187000000
(-0.5610118760333078-0.38259063902893287j),(0.009944790951452514+0.018378915578881945j),5187250000
(-0.5591855440814201-0.3858456913243924j),(0.009871577421079622+0.01850526634118743j),5187500000
(-0.5604188043552717-0.3806270856727019j),(0.010002291070325037+0.01840445566319539j),5187750000
(-0.5583937991989805-0.3865550963148573j),(0.009889887634355414+0.01839828845376718j),5188000000
(-0.5596416571961461-0.3828770665019753j),(0.009898804226853878+0.01833592361892841j),5188250000
(-0.561454883252383-0.3819980017020741j),(0.010036716445128765+0.018336719274133183j),5188500000
(-0.5614234049088164-0.38340215316994114j),(0.009758006352537143+0.01825268494568643j),5188750000
(-0.5625795740717938-0.3774100098989448j),(0.00997582958949585+0.018120132185506965j),5189000000
(-0.560220839661935-0.38086557902468055j),(0.009823306406815797+0.018397411002875362j),5189250000
(-0.561429198565818-0.37744523657627976j),(0.009962330766119097+0.018137356271529077j),5189500000
(-0.5596177966831396-0.38049178022832447j),(0.009789963575862317+0.01809822383683934j),5189750000
(-0.5630468854954885-0.37667626324639886j),(0.010033198393373993+0.018130896700183915j),5190000000
(-0.5608546500135962-0.38194717182979404j),(0.010043533638327065+0.018121490381325052j),5190250000
(-0.5611470936507149-0.3778911937154417j),(0.009905344990670549+0.018185909696282723j),5190500000
(-0.5628299271275996-0.37775071849853253j),(0.0100601332913515+0.017939316813815002j),5190750000
(-0.5603324215368592-0.3806794290350599j),(0.010053950868795932+0.017965328093570047j),5191000000
(-0.561448565996688-0.3795051284630855j),(0.010236351789860269+0.01791174075707108j),5191250000
(-0.5591534978603793-0.38199284411982287j),(0.01010719071808991+0.017896800314990663j),5191500000
(-0.5627075566353026-0.37556485682183055j),(0.01034235042189428+0.017755651445875233j),5191750000
(-0.5602361365829036-0.38175122933588435j),(0.010077530420121232+0.018041303024220818j),5192000000
(-0.5634014199851565-0.37825483722510006j),(0.010309377973047273+0.01790849991777863j),5192250000
(-0.5624481141660406-0.37993543999841195j),(0.010012738787513624+0.017862250305833206j),5192500000
(-0.5638244574053171-0.37643879357491694j),(0.010252737046792314+0.01793197647931377j),5192750000
(-0.5631753606901699-0.3771526652280477j),(0.010252826548018264+0.017777586664805476j),5193000000
(-0.5633147608576985-0.37645292481170306j),(0.01026288968026013+0.017757628686467342j),5193250000
(-0.5627058315818481-0.37751653750577197j),(0.01051508476405727+0.017814481081038183j),5193500000
(-0.5604478064902346-0.3798374234997764j),(0.010243806617819987+0.01774153315077057j),5193750000
(-0.5636028008037611-0.3751895300006933j),(0.010404347814995775+0.017661228649899434j),5194000000
(-0.5622137632997767-0.3776938699016644j),(0.010477233377551276+0.017652528525921165j),5194250000
(-0.5615441711025914-0.3792488768290427j),(0.010314372218436818+0.017610299130844193j),5194500000
(-0.56125354404572-0.375657757977694j),(0.010413976278008002+0.017580118310320164j),5194750000
(-0.5616414757742944-0.3760582259458459j),(0.010442283472530017+0.017617787957656426j),5195000000
(-0.5635097271485923-0.3749888742806157j),(0.010533985520294359+0.017443081581634483j),5195250000
(-0.5616767420836444-0.37838381132273735j),(0.010433783400981335+0.017721045208489543j),5195500000
(-0.5659908966554311-0.37234465839912706j),(0.010493648399247997+0.017435872029957132j),5195750000
(-0.5622185626318927-0.3765544505313888j),(0.01050197775383633+0.01751659788856297j),5196000000
(-0.5641924115497964-0.3740254045652524j),(0.010500090928853368+0.017389334091525818j),5196250000
(-0.5628124521593335-0.37485564838663793j),(0.010584868243981683+0.017372006855890996j),5196500000
(-0.5634731417683064-0.3733416881569642j),(0.01046384431774615+0.01739906909573974j),5196750000
(-0.5663095564036362-0.37086916954515287j),(0.010592818895466191+0.01735712590578955j),5197000000
(-0.5631638392013789-0.374321360717783j),(0.010444011460307955+0.017293360889477565j),5197250000
(-0.5658748984479831-0.37138875894546713j),(0.010464452482455665+0.01727150724064276j),5197500000
(-0.563991449861352-0.3747698852986842j),(0.010311320642892727+0.017310903578344437j),5197750000
(-0.5634052542985044-0.37261465004300554j),(0.01042959508816298+0.017266484906327737j),5198000000
(-0.5637446448177462-0.37250410256573646j),(0.010499456259628672+0.017275164784765838j),5198250000
(-0.5645592258925263-0.3710982261240421j),(0.010436063124844184+0.017255211863130566j),5198500000
(-0.565834771790651-0.36913287703318687j),(0.010630035837906152+0.017160621005703525j),5198750000
(-0.563958045712106-0.37236197253005204j),(0.010390024510212453+0.01727238992472018j),5199000000
(-0.5663465117572375-0.36927842876890143j),(0.010377000064463052+0.017146380533176755j),5199250000
(-0.5667472291254234-0.36904889500229576j),(0.010492109924244084+0.017154662744248348j),5199500000
(-0.5672772601632933-0.36693375812216456j),(0.010379249978853106+0.01718603586335561j),5199750000
(-0.5666470534269147-0.3678656608886861j),(0.01049213164697135+0.017168538596158172j),5200000000
(-0.5654361882884902-0.36966575862575424j),(0.010531976713734322+0.01706600471384974j),5200000000
(-0.5641667268806364-0.36839604521754904j),(0.010333165320662785+0.01716370498425872j),5200250000
(-0.5654441907499758-0.3681971849850637j),(0.010497317589758852+0.01706305450659537j),5200500000
(-0.5653147129631898-0.37039372723590946j),(0.0104110251791753+0.017088768916657j),5200750000
(-0.5664551178249443-0.36695010998104477j),(0.01033308404740445+0.017078125783741915j),5201000000
(-0.5658032550292009-0.36647378250889573j),(0.010404966715951569+0.016905288338410818j),5201250000
(-0.5672563011901055-0.365562517834726j),(0.01049176321722125+0.01705293310040183j),5201500000
(-0.5669233856514849-0.36665841060819593j),(0.010533638272128604+0.016932254724164226j),5201750000
(-0.5669161390733379-0.3645486858801256j),(0.01044336491864917+0.01693559267864563j),5202000000
(-0.5664791840983507-0.3659128320358464j),(0.010598342587234489+0.016943292184358152j),5202250000
(-0.56503388322912-0.3671986693997286j),(0.010395249963418318+0.016937928306208883j),5202500000
(-0.563673757163224-0.37156099376073387j),(0.010465521651752461+0.016876824614395648j),5202750000
(-0.5671827239436985-0.3660753317056206j),(0.010425030740734713+0.01685558081314157j),5203000000
(-0.5673469408771872-0.3643431794468164j),(0.010484310581705545+0.016756922294121793j),5203250000
(-0.5676821654427655-0.36489790306936326j),(0.010549390367237408+0.016780516131444503j),5203500000
(-0.5671248561245985-0.3641583973918397j),(0.010488376392119008+0.01678212436287723j),5203750000
(-0.5701593953926495-0.36022717961837725j),(0.010603719675164262+0.016788300390950178j),5204000000
(-0.5662967081433242-0.365432738955215j),(0.010532270462997387+0.016734792311980325j),5204250000
(-0.5672721201915935-0.36402499989577586j),(0.010745552798645875+0.016619712502593562j),5204500000
(-0.5663120368959347-0.36463157803799157j),(0.010525195542842192+0.016561185342287323j),5204750000
(-0.5678799073203964-0.3627884863684138j),(0.010636247754067909+0.016671215952115154j),5205000000
(-0.5656050449598851-0.36513702851169466j),(0.010813596170951494+0.016476075550442223j),5205250000
(-0.567278044080335-0.3608103551795392j),(0.010753097007728713+0.016449995101435157j),5205500000
(-0.5677022891432421-0.36237636899533937j),(0.01072958465342+0.016513920029871298j),5205750000
(-0.5667098485062912-0.3610813226834529j),(0.010741242748090697+0.016456782921564127j),5206000000
(-0.5661094430601242-0.36063609472994856j),(0.010719665372279606+0.016482858402961823j),5206250000
(-0.5655000767551273-0.36371450484434636j),(0.01073713594280556+0.016495083240483245j),5206500000
(-0.5673648363306071-0.3623684856472509j),(0.01068840573030463+0.016485712573708483j),5206750000
(-0.5671661188406839-0.3599123461845018j),(0.010719176037668364+0.016358907322167295j),5207000000
(-0.5676050321201513-0.35896857909013846j),(0.01090509319274513+0.016261974347222836j),5207250000
(-0.5674666154950635-0.35940201708408787j),(0.010685528237871129+0.016451116173622885j),5207500000
(-0.5664717255533217-0.35850868121785745j),(0.010740823219346553+0.016174962972173034j),5207750000
(-0.5718731607067382-0.3557049810914473j),(0.0109078014482228+0.016216257201011598j),5208000000
(-0.5690026979105702-0.35778172937124525j),(0.010713094612353216+0.01631097832454409j),5208250000
(-0.5687543949454171-0.3585167021767158j),(0.010946989378648277+0.016086413266766002j),5208500000
(-0.5696482686092086-0.3587586687670353j),(0.010829890307723968+0.016114921078342392j),5208750000
(-0.5711155154797863-0.35679129973592494j),(0.01091915059699569+0.016012118931422986j),5209000000
(-0.5689248781801532-0.35716434762556315j),(0.011064648962474197+0.016030539217811057j),5209250000
(-0.5704325666811063-0.35680948559035j),(0.010803842334961778+0.01596141647283208j),5209500000
(-0.5695563076585014-0.3590900304906066j),(0.010869805408481772+0.01604483325563451j),5209750000
(-0.5699341023193298-0.35523257547046283j),(0.010901657386947958+0.015929844023805467j),5210000000
(-0.5685441351724209-0.3559632122605156j),(0.011077723070303807+0.015915084424041687j),5210250000
(-0.5673843975429217-0.35550154906063336j),(0.010861845180244497+0.015905583467387286j),5210500000
(-0.5708684241013394-0.3572152425373082j),(0.010965346840069192+0.01571221081652768j),5210750000
(-0.5705508681597999-0.35359123785321234j),(0.011045579091363392+0.015787370810258976j),5211000000
(-0.5722008488370777-0.35136498838884966j),(0.010986141796512788+0.015639407313403127j),5211250000
(-0.5722587091830397-0.35233921082683795j),(0.011015626046297806+0.015504989746974092j),5211500000
(-0.5707145553030409-0.3508369474209672j),(0.010882396834980953+0.015756136339912435j),5211750000
(-0.573407685883213-0.3492125774868465j),(0.011112837366666736+0.015624423418560882j),5212000000
(-0.570259192981255-0.35231005124902853j),(0.011069595425438764+0.015647218785266294j),5212250000
(-0.5709883737961481-0.3534262466785726j),(0.011043218904475278+0.015488899052033505j),5212500000
(-0.5690354292942228-0.3526862468544421j),(0.01105925015002186+0.015677183351897692j),5212750000
(-0.5708780326426085-0.35289425672225627j),(0.011095303988241685+0.01553243804728702j),5213000000
(-0.5704873057228868-0.3511744649439281j),(0.011247154923632633+0.015477706570880899j),5213250000
(-0.5713422040037899-0.35206521230177085j),(0.011104592776803614+0.01562385552946345j),5213500000
(-0.5711853336053319-0.352337732990276j),(0.01116488337229776+0.015458862685074681j),5213750000
(-0.5712951808840987-0.34860836867189626j),(0.011139593590451032+0.015461911296021294j),5214000000
(-0.5706824847939916-0.3517127551207966j),(0.011289538737970149+0.015356282853401734j),5214250000
(-0.5684214985464193-0.35352848925422053j),(0.011287657170937966+0.015344328586608825j),5214500000
(-0.5705007745994767-0.35170688466627287j),(0.011351455440588666+0.01536684941069804j),5214750000
(-0.5703966783122882-0.35166104524528846j),(0.01103253818739968+0.015405141237036691j),5215000000
(-0.5721283423086309-0.3488430874488798j),(0.01132154009484411+0.015239996381339048j),5215250000
(-0.5710164329363852-0.35168809337115386j),(0.011275527287542936+0.01537220835682271j),5215500000
(-0.571442042471193-0.3473852478605572j),(0.011448351644733526+0.015132012335070777j),5215750000
(-0.5685210709795059-0.3521216012203829j),(0.011172905146864894+0.01534586852412624j),5216000000
(-0.5700145939216325-0.3486508901073001j),(0.011289006658140614+0.0152419871056224j),5216250000
(-0.5709630188552987-0.3504319339546589j),(0.01131428397849103+0.015176321790103229j),5216500000
(-0.5687340452617479-0.35076227225505724j),(0.011241118737850862+0.015123500584699462j),5216750000
(-0.5698113934718579-0.3497863817426229j),(0.011411610719519322+0.015094849358976311j),5217000000
(-0.5704113252524685-0.34611794246501354j),(0.01130420495160279+0.01517927462019125j),5217250000
(-0.5709968673578923-0.34779386153972575j),(0.011424151234816621+0.015024923328095852j),5217500000
(-0.5696209743707582-0.3494276913806667j),(0.011146684309195371+0.015146716664229197j),5217750000
(-0.5709309271469487-0.34789182457058665j),(0.011383486163524739+0.01505561378844174j),5218000000
(-0.5705561645915193-0.34869859009354476j),(0.011387441259049507+0.01487576990078754j),5218250000
(-0.57089986796722-0.3492318915560564j),(0.011564276319239506+0.015066395511848565j),5218500000
(-0.5743323300834666-0.3435104469485251j),(0.011426254613575316+0.014801291418316362j),5218750000
(-0.5679346916849324-0.3520327784981748j),(0.011125942052765+0.014979514829990931j),5219000000
(-0.5731292243004732-0.342702892548814j),(0.011359596166057384+0.01500421005217544j),5219250000
(-0.5727467374717796-0.34780143403387626j),(0.011414312998937226+0.015005155647075288j),5219500000
(-0.5732368572296811-0.34575425213424804j),(0.011219758428200667+0.014845946974215164j),5219750000
(-0.5712813330777803-0.34904901948484357j),(0.011269474096779386+0.014839701356896284j),5220000000
(-0.5725058732917827-0.3460482035593046j),(0.011316127662704326+0.014660726538441369j),5220250000
(-0.5747450152173883-0.34473748415575256j),(0.011501282017794387+0.014718298536231477j),5220500000
(-0.5724799232186625-0.345246584114914j),(0.01132124030712464+0.014717087640385394j),5220750000
(-0.5758282202939476-0.3426078729147267j),(0.011394177365417292+0.014741120326063418j),5221000000
(-0.5748826863529074-0.34214798059554996j),(0.011476939409536133+0.01464041701410754j),5221250000
(-0.5751090686772918-0.34283978760741557j),(0.011405608067610679+0.014678437667323827j),5221500000
(-0.5750924358637883-0.3427778347525024j),(0.011474952028789348+0.014492034593047194j),5221750000
(-0.5711829850659027-0.34707989156696883j),(0.011226815326203808+0.014597986507809585j),5222000000
(-0.5772296915370931-0.3392813184311134j),(0.011488324614598327+0.014426820870870036j),5222250000
(-0.5711907378635649-0.3461717332396168j),(0.011384370040202983+0.014472173149644198j),5222500000
(-0.5755514359446194-0.343177192308834j),(0.011388840186266855+0.014343304837980415j),5222750000
(-0.5735285995698322-0.34212980587885256j),(0.01139737124528783+0.014546899239687683j),5223000000
(-0.5735264261862416-0.3410193489103674j),(0.011284478607236643+0.014311124822373327j),5223250000
(-0.5754459497917889-0.33944062429815886j),(0.011473285961241772+0.014362080397938496j),5223500000
(-0.5726453853043316-0.3423830436702147j),(0.011322599885828484+0.014472981689149908j),5223750000
(-0.5751786344103151-0.3395479710243317j),(0.011506548633588834+0.014381337216038032j),5224000000
(-0.5731030943459801-0.3405220464862675j),(0.011353372463072041+0.014373465421140524j),5224250000
(-0.5771492913157394-0.3372993971101204j),(0.011443730744465442+0.01427822010255405j),5224500000
(-0.5731870148819247-0.34021963336757316j),(0.011585864250464978+0.014323771156693617j),5224750000
(-0.5735263698033723-0.340307371429948j),(0.011337542856663402+0.01434143056402245j),5225000000
(-0.573069437883176-0.3413834450173904j),(0.011451314726720927+0.01433107535372473j),5225000000
(-0.5726614982385068-0.3386183141053129j),(0.011476878759799879+0.014369240677462071j),5225250000
(-0.5735684614565155-0.3374092107570396j),(0.011408846825645644+0.014190104878598963j),5225500000
(-0.5738365750232557-0.3400235013252011j),(0.011556768635947198+0.014154305199400434j),5225750000
(-0.5760655560614437-0.3340344621130158j),(0.01158286124828098+0.014185131008389303j),5226000000
(-0.5754335922265735-0.3369218376602505j),(0.011652608856469102+0.014275989617425548j),5226250000
(-0.5732497759097559-0.33596711710936183j),(0.011459269761843173+0.014224336249098232j),5226500000
(-0.5759439672560555-0.33463879686254455j),(0.011566801819476946+0.014130296649463477j),5226750000
(-0.5684575455624042-0.3413849399324528j),(0.01139407783408246+0.01427053265833477j),5227000000
(-0.5761979210209739-0.33185574046673955j),(0.011538357296514415+0.01409822301429916j),5227250000
(-0.5726106976021231-0.3368401524171692j),(0.011572503957242486+0.014184148501770714j),5227500000
(-0.5723808341340705-0.3354979880975785j),(0.011580192738119544+0.014265270806503512j),5227750000
(-0.5760048573656285-0.3297616251648167j),(0.011699395219775094+0.01403525429533711j),5228000000
(-0.5752149272631188-0.3314358502378025j),(0.011557943881005237+0.014069862016526102j),5228250000
(-0.5755095822948819-0.3303423918150822j),(0.011605579610378865+0.014142999882010343j),5228500000
(-0.570642068535798-0.3343776239735869j),(0.01160266797967479+0.014052985459114592j),5228750000
(-0.5752622915117916-0.3284875700132296j),(0.011536552685526976+0.014007899054862973j),5229000000
(-0.5734975417796785-0.3331225418015877j),(0.011644648975821504+0.01392726814819365j),5229250000
(-0.5742313965599661-0.33150771356043657j),(0.0115708640043922+0.013817202475715886j),5229500000
(-0.5736175928548934-0.33175439736193546j),(0.011591281200051078+0.01400789201472996j),5229750000
(-0.5746162606702855-0.3323739045312929j),(0.011585082978775044+0.013992845739234244j),5230000000
(-0.5783353859736706-0.3264224071748218j),(0.011582864905179778+0.013762983286646347j),5230250000
(-0.5725433150826142-0.3318988202408996j),(0.011526308341384468+0.013901583102390794j),5230500000
(-0.5758982701203639-0.3288256385762513j),(0.011614987875796784+0.01380895895699417j),5230750000
(-0.5721928026960051-0.33267225025307695j),(0.011627598038688979+0.01385173362633534j),5231000000
(-0.5749777098453014-0.3281493324877169j),(0.01180409759004921+0.013703281918598958j),5231250000
(-0.5750867434504163-0.3301109244873072j),(0.01176969303030816+0.013746315495147182j),5231500000
(-0.5718158452881851-0.331975358128814j),(0.011597421221995944+0.013744830256998646j),5231750000
(-0.5791814187114177-0.3242157342384597j),(0.0117335952126212+0.013636936989073905j),5232000000
(-0.5766034057669015-0.32671600765250797j),(0.011703217367582116+0.013569454023992547j),5232250000
(-0.5739146566575797-0.3299449282640393j),(0.011617504573637081+0.013702824891586795j),5232500000
(-0.5729399538201747-0.3319581148804684j),(0.011686627806338615+0.013750033129809708j),5232750000
(-0.5766949202692623-0.3252510398673283j),(0.011759881861902076+0.013522590119214762j),5233000000
(-0.5756113006276354-0.3271099690179549j),(0.011643783378504557+0.013504204479413851j),5233250000
(-0.5710175215722292-0.33192946848943505j),(0.011802521917827031+0.01357758325538415j),5233500000
(-0.5755368524920212-0.326311900849566j),(0.011749753902710122+0.0134320417248627j),5233750000
(-0.5762515875720711-0.3253401292991889j),(0.011728931458890878+0.01338843745263727j),5234000000
(-0.5762140740437939-0.3285860560709947j),(0.011800884621721356+0.013370644805224586j),5234250000
(-0.5769154385896657-0.32413906731227504j),(0.011835797457921534+0.013368349676897697j),5234500000
(-0.5749598688912635-0.3252356773100634j),(0.01176984897131513+0.01331489395583088j),5234750000
(-0.5738095381868581-0.3272133439092894j),(0.011794445516046453+0.013253738765592668j),5235000000
(-0.57563149730279-0.32611819245715423j),(0.011866545833352813+0.013216117897057525j),5235250000
(-0.5790547515803605-0.321018278087489j),(0.011861511705817717+0.013236312668042219j),5235500000
(-0.5753822226556101-0.3267996171263075j),(0.011811731578819306+0.013211748424164988j),5235750000
(-0.5769887152612814-0.32304705206291096j),(0.011975193471471642+0.013071396510465814j),5236000000
(-0.5782987221997107-0.3229324286132053j),(0.011884475692937638+0.013089194287414922j),5236250000
(-0.5774553014689144-0.32234049590661534j),(0.011944323784048715+0.012987445315810194j),5236500000
(-0.577503447280186-0.3227056800149809j),(0.012047442929544537+0.013053286491541078j),5236750000
(-0.5748636883733447-0.32527011147626256j),(0.012004051741164392+0.012952459828977199j),5237000000
(-0.5779630649671669-0.32009519656990953j),(0.01208329713832371+0.012847902568092987j),5237250000
(-0.5775496265082485-0.3202464540497024j),(0.01212558085751577+0.012761563176442291j),5237500000
(-0.5751389004511012-0.322414304177895j),(0.012074916316461105+0.012914199920463821j),5237750000
(-0.5783673379755999-0.31848281216211033j),(0.012188155414652457+0.01273356141448766j),5238000000
(-0.5759332294473655-0.32092447361547205j),(0.01198802296374755+0.012787431864160367j),5238250000
(-0.5786327545174532-0.31831437708609867j),(0.012175644057008682+0.012793217893014809j),5238500000
(-0.5738960220642978-0.3223824944133918j),(0.012157290153558922+0.012783227350003291j),5238750000
(-0.5775729482121376-0.3182559929441266j),(0.012118895222805343+0.01269496314504525j),5239000000
(-0.576840449273288-0.3178791561170038j),(0.012315939713266886+0.012644915201948022j),5239250000
(-0.5767941181223178-0.31570086685336124j),(0.012155324793568656+0.012574782440517726j),5239500000
(-0.5773084995455636-0.3180738872923618j),(0.012232216704690858+0.012437330244128467j),5239750000
(-0.5762559429975838-0.3185143947631526j),(0.012051004340830312+0.01259002077611292j),5240000000
(-0.5745555873072936-0.32050203940521876j),(0.012122872191159997+0.012620987724437288j),5240250000
(-0.5800544352776288-0.31478881283650667j),(0.012292604777040927+0.012501528944720399j),5240500000
(-0.5775023683572171-0.3181229539067171j),(0.012186549640249324+0.01255535384877688j),5240750000
(-0.580377947877542-0.31348095948946764j),(0.012201300264630364+0.012409352119702156j),5241000000
(-0.578489743481003-0.3155403239388736j),(0.012112666537198094+0.012403396232128355j),5241250000
(-0.5796545237996616-0.3129119240020026j),(0.012004542117099646+0.012438604426169887j),5241500000
(-0.5786076907203243-0.3139025416561815j),(0.012193168623814372+0.01239045776242156j),5241750000
(-0.5783551291330252-0.31408466339272484j),(0.012203322717235818+0.012395506565935502j),5242000000
(-0.5789001193663734-0.31226806834415927j),(0.012227247062941678+0.01238989278077627j),5242250000
(-0.5811090750883551-0.311545645860398j),(0.01225693598321766+0.012421481783163399j),5242500000
(-0.5786248034137781-0.3122381727808355j),(0.012197630981018906+0.012256352652881327j),5242750000
(-0.580097387097979-0.30969315320539004j),(0.012155189513343247+0.012279922958976515j),5243000000
(-0.5824414640468086-0.3078272878727323j),(0.012161157769392784+0.012236081601078773j),5243250000
(-0.5812138601455569-0.30713734520035857j),(0.012180881046442639+0.012118216757543076j),5243500000
(-0.5790862733811015-0.30904063448559677j),(0.012301879733477024+0.012363136705663693j),5243750000
(-0.5795333225286068-0.30731906142869914j),(0.012166883573238137+0.012239365887702847j),5244000000
(-0.5772030322752314-0.31251952453890336j),(0.01224208574495687+0.01224680373655332j),5244250000
(-0.579837465508777-0.30837491899200636j),(0.012102683499527379+0.012235816264642058j),5244500000
(-0.58170263250939-0.30473543482704823j),(0.012322161399006163+0.01207212438267594j),5244750000
(-0.579059328921231-0.3087112268189826j),(0.012094051066137437+0.01220760504964854j),5245000000
(-0.5809691037870284-0.3046666686222704j),(0.01229160288530774+0.01209033119077319j),5245250000
(-0.5773155745220406-0.30803675625353716j),(0.012190911445342073+0.012082585926584259j),5245500000
(-0.5804116166432604-0.3049512452205129j),(0.012123597810249534+0.01206207166802758j),5245750000
(-0.5806632066062658-0.3047652762467019j),(0.012168486981418564+0.011965380535659532j),5246000000
(-0.5807910103299389-0.3051790894888765j),(0.01208259464858377+0.011961174216839796j),5246250000
(-0.5815577421340588-0.3025598224018362j),(0.012133914374357927+0.0120051783492212j),5246500000
(-0.5844863404619384-0.29886313158527966j),(0.01218648278271235+0.011890485698972102j),5246750000
(-0.5817310296261015-0.3023534949100122j),(0.01224471389792522+0.011821207782286638j),5247000000
(-0.5801295223932433-0.3040790944110999j),(0.012134561564600216+0.01181951479450577j),5247250000
(-0.5803977303888392-0.3021976799674682j),(0.012135061988054668+0.01192939154341834j),5247500000
(-0.5805735371098085-0.30213384764885j),(0.012221414160799065+0.011681421396863702j),5247750000
(-0.5794897084955497-0.30338542222356407j),(0.012135248981372032+0.011901180795836052j),5248000000
(-0.582050043608601-0.2987089369135001j),(0.012291913421266266+0.011713580837015269j),5248250000
(-0.5803369424283383-0.3013288622795392j),(0.012260283434435412+0.011606023444107385j),5248500000
(-0.5842641850530746-0.29838615136907304j),(0.012309716029409803+0.011614924890543887j),5248750000
(-0.5804557149106406-0.3006170193524843j),(0.012058058216315472+0.011513771746878345j),5249000000
(-0.5780948437504081-0.3011261826177737j),(0.012180539312030388+0.011682840400441827j),5249250000
(-0.5805015346726701-0.29914971021323106j),(0.012230870970669496+0.011613234282628029j),5249500000
(-0.5795302831741634-0.2985317202187597j),(0.012210335401451089+0.011618744473302677j),5249750000
(-0.5792167642487072-0.2974451448430514j),(0.012065391453905694+0.011689680120876884j),5250000000
(-0.5805835413123498-0.2965278220085892j),(0.012130642955133573+0.011627875412315821j),5250000000
(-0.580901879851972-0.2960444519018045j),(0.012209241578243114+0.011404991583561801j),5250250000
(-0.5796802529655155-0.2974972222388447j),(0.012088174561782732+0.011495183075528152j),5250500000
(-0.5775782951695465-0.29841457485740985j),(0.012216959515631575+0.011577455026327812j),5250750000
(-0.5793882963789687-0.2967945646710762j),(0.01205212564571588+0.011407659041669512j),5251000000
(-0.5812244188852538-0.29507290442257733j),(0.012165087294406582+0.011234903708847332j),5251250000
(-0.5797410244980845-0.2951453659288585j),(0.012230000173524692+0.011363597291565327j),5251500000
(-0.5797967738242834-0.29599329435712723j),(0.012105844189445917+0.011411712054259896j),5251750000
(-0.5831129705200698-0.290946642092522j),(0.012202608613639237+0.011216052607995531j),5252000000
(-0.5789191003648156-0.2945191222132051j),(0.012106817585763709+0.011345579132407371j),5252250000
(-0.581357704848217-0.2925925508523716j),(0.012399199543985018+0.01139643759826493j),5252500000
(-0.5799156820189709-0.29474175761202287j),(0.012269122292349182+0.011321264713149088j),5252750000
(-0.581459414777042-0.29156796252150535j),(0.012239329451592854+0.011192404656411246j),5253000000
(-0.580643114530527-0.29250668131376006j),(0.012392309374120078+0.011088377145324329j),5253250000
(-0.5787296006996516-0.29299198897395856j),(0.01226035346802501+0.01121626646208111j),5253500000
(-0.5784497632179323-0.29306737472633043j),(0.012335993063446668+0.011141595200094494j),5253750000
(-0.5791594898736411-0.29193323933651005j),(0.012219352053930866+0.011293219844029426j),5254000000
(-0.5801945961182067-0.2900072570937975j),(0.012395560004562434+0.011062690949585242j),5254250000
(-0.5783108900472944-0.2897902975035331j),(0.012329611831909242+0.011137967723860142j),5254500000
(-0.579554467144494-0.2878016132575745j),(0.012258682766591032+0.011028606532442243j),5254750000
(-0.5777408400719364-0.2892241543705186j),(0.012217089901589234+0.01122773525394472j),5255000000
(-0.5788971358413063-0.28709732891591744j),(0.012300261942587648+0.011120591345799806j),5255250000
(-0.5779567271338608-0.2893054722844523j),(0.012288057316879972+0.010951399712921734j),5255500000
(-0.5792035091236101-0.2868283132937767j),(0.012281376913939577+0.01093946365853576j),5255750000
(-0.5748773299761843-0.2905856849132202j),(0.012233212380324023+0.011032745973328387j),5256000000
(-0.5785952601377027-0.28707687704052726j),(0.012266164991743688+0.010890124566296623j),5256250000
(-0.5794423793985563-0.28625299951543204j),(0.012386589964654473+0.01081191589672564j),5256500000
(-0.577882972474985-0.286202931159554j),(0.012368939882369966+0.010983880168242111j),5256750000
(-0.5784963991318758-0.2858408302470387j),(0.012260833771603821+0.01087911794315816j),5257000000
(-0.5810358661264804-0.2830495630963999j),(0.012391888343959885+0.010792652388870698j),5257250000
(-0.5799726573645305-0.2834322930687661j),(0.012283813853319649+0.010824902073031769j),5257500000
(-0.5782745158408746-0.28590409552278173j),(0.012265149478152602+0.010825540824825085j),5257750000
(-0.5802166258124141-0.28317145021755014j),(0.012213203157537574+0.010791941875994207j),5258000000
(-0.5790106953278655-0.2829520112797545j),(0.012341298851003553+0.010689639290333567j),5258250000
(-0.5789725605412955-0.28325818356645904j),(0.012364386087678201+0.010568549226173837j),5258500000
(-0.5797738266273612-0.28404445527688044j),(0.012409261992748678+0.01062141582166937j),5258750000
(-0.5791070309290228-0.2834590119288106j),(0.012461953979941069+0.010635428765259754j),5259000000
(-0.581344808327033-0.2805422478541734j),(0.012431790233494815+0.010548099094701014j),5259250000
(-0.5780736702466124-0.28334063149394795j),(0.012284767133384953+0.010472250136406224j),5259500000
(-0.5790643239426172-0.28134811127305265j),(0.012250901616169249+0.010606345067408013j),5259750000
(-0.5764372924482668-0.28402525026490544j),(0.012400805918754141+0.010582025656780398j),5260000000
(-0.5794985467176983-0.2803161336374964j),(0.01235750372612355+0.010475385619281193j),5260250000
(-0.5795198852873734-0.2797690772359473j),(0.012440945883812296+0.010484316817987083j),5260500000
(-0.5781679608855623-0.28055509954261854j),(0.012245228711484368+0.010359279571675744j),5260750000
(-0.5793230055386754-0.27825639291431725j),(0.012489796243212298+0.010619329579498588j),5261000000
(-0.5807540383764319-0.2770938727149458j),(0.01221423770169446+0.010464404718242792j),5261250000
(-0.5802193177675574-0.27618260312477627j),(0.012359881825077768+0.01029103700233465j),5261500000
(-0.5773379768457841-0.27839643469343583j),(0.012332987848128727+0.010432697633712873j),5261750000
(-0.5790133378360383-0.2773002198906765j),(0.012193805839862976+0.010174205016345767j),5262000000
(-0.5793008643699757-0.2767366086873524j),(0.012329767912747357+0.010293198679981144j),5262250000
(-0.5783022434233477-0.2766450890342075j),(0.012408709545478498+0.010290702581183279j),5262500000
(-0.5780707737884934-0.2760181571221713j),(0.01247020240444331+0.01016678507855219j),5262750000
(-0.577897633354936-0.27622913767702006j),(0.012304945067991024+0.010243196738362527j),5263000000
(-0.5793457210040194-0.27513323534731793j),(0.012516844639697027+0.010163307947413108j),5263250000
(-0.5781790602935484-0.2734529284819472j),(0.012299120041110815+0.010191977622152128j),5263500000
(-0.5791346642537818-0.2739864225439027j),(0.012359183853448733+0.010080342735733128j),5263750000
(-0.5756738737887156-0.2769405022370185j),(0.012247271958110241+0.01016553249038403j),5264000000
(-0.5787093921549888-0.2733221432643596j),(0.012368495797157038+0.010152218206524807j),5264250000
(-0.5777273182383688-0.2727595582106098j),(0.012203802929647999+0.010201619460601125j),5264500000
(-0.5793273506983186-0.270843889495798j),(0.012427834205798918+0.009962919460187725j),5264750000
(-0.5778720798310676-0.27156166757685896j),(0.012431845039052475+0.010105405567800218j),5265000000
(-0.5785249312811602-0.27113038620435875j),(0.012313988089843535+0.009971398963492152j),5265250000
(-0.576784830075009-0.270984964945761j),(0.012338674595761214+0.009974665764422j),5265500000
(-0.5773605938783913-0.26987814663342247j),(0.012199809282947822+0.009954728247405365j),5265750000
(-0.5767146045411391-0.2705649755931053j),(0.012425441208202128+0.00990655648422374j),5266000000
(-0.5786104507730523-0.26795625488740876j),(0.01238703557149785+0.009890757584092687j),5266250000
(-0.5778205856056619-0.2678004639349777j),(0.012559667617290706+0.00992462780445973j),5266500000
(-0.5762633390458249-0.2676992762767182j),(0.012390494476430567+0.009913103686878725j),5266750000
(-0.5771507153018198-0.2668310163411024j),(0.012391659774549004+0.009781040642864508j),5267000000
(-0.5758841324777139-0.2681569615019584j),(0.012376822698505196+0.009915639230784935j),5267250000
(-0.5781885225145754-0.26569902737686263j),(0.012425246027966692+0.009843719979714949j),5267500000
(-0.5764005493824675-0.2670788183829033j),(0.012369873143989981+0.009665268445266507j),5267750000
(-0.5773323932916898-0.2658370584877533j),(0.01242594076502616+0.009896351698123817j),5268000000
(-0.5772021808924255-0.26604670960759796j),(0.012337210993514541+0.009684085507485153j),5268250000
(-0.5754138356037375-0.26743299379047586j),(0.012355005626238253+0.009878434898784982j),5268500000
(-0.5774148037294317-0.26542634326226533j),(0.012283888113250853+0.009802899509816295j),5268750000
(-0.5757255942186154-0.2667128542693032j),(0.012206972650715462+0.00973182875670198j),5269000000
(-0.5760407257012061-0.2662941138956363j),(0.012273170765785699+0.009719041451193816j),5269250000
(-0.5749342232046496-0.2662513829412142j),(0.01230382039094047+0.009725332556328355j),5269500000
(-0.5770954096611157-0.263738346795349j),(0.012158940775952934+0.009846559609418928j),5269750000
(-0.5761178205044767-0.26496182238713745j),(0.01222289378783311+0.009633709746555886j),5270000000
(-0.5773732192341879-0.2635342213369425j),(0.012216852281312616+0.00971496631269714j),5270250000
(-0.5771315523720891-0.26257382621396297j),(0.012307821799530032+0.009705840166156268j),5270500000
(-0.5746012385867008-0.26376310892168237j),(0.012294560899494345+0.009719745500543166j),5270750000
(-0.5765755888451898-0.2622758568748604j),(0.012329621379304065+0.009591122216832514j),5271000000
(-0.5752333012109324-0.2640503778830498j),(0.012032758178117112+0.00967837574782416j),5271250000
(-0.5764149262718428-0.2607142852786399j),(0.012230878042875775+0.009633522670942873j),5271500000
(-0.5757415501111205-0.262597748332615j),(0.01220898801567746+0.009567694143864084j),5271750000
(-0.575738113900526-0.2616101880917169j),(0.012050687584459948+0.00958359908801809j),5272000000
(-0.5755279522199848-0.2610917073166118j),(0.012093455776847988+0.009664203570802181j),5272250000
(-0.5748972568360597-0.2612977417056202j),(0.012136533749886652+0.009600115111436503j),5272500000
(-0.5775347361888666-0.25827674608669027j),(0.012077575165896462+0.0095068508288739j),5272750000
(-0.5751387523670434-0.26106365851659746j),(0.012113743073026796+0.009685030893701263j),5273000000
(-0.574911935402941-0.26019964280683355j),(0.01207248262909947+0.009602718157695688j),5273250000
(-0.5754805806110939-0.2598946213519251j),(0.012132773572314263+0.009574647139993557j),5273500000
(-0.5770182371053392-0.25686503712105674j),(0.012127106150612141+0.009371553953673305j),5273750000
(-0.5750113656735586-0.2591931778847897j),(0.012385322690363356+0.009342269825996145j),5274000000
(-0.5765554953547494-0.2573395379825691j),(0.01220482237818038+0.009369062211338172j),5274250000
(-0.5775872866979717-0.2546995828226574j),(0.012304299086421123+0.009331518460033751j),5274500000
(-0.5757733083907984-0.2569837003402922j),(0.012362091307456321+0.009470446060617602j),5274750000
(-0.5770878873382373-0.2556052530438212j),(0.012268234682227088+0.009267614827166315j),5275000000
(-0.5753207295352072-0.25734496579372845j),(0.012390768853874324+0.009303219699386843j),5275000000
(-0.5751957822263788-0.25670324220366253j),(0.012481204477934988+0.009359317515989323j),5275250000
(-0.5769775856441416-0.25541377798135595j),(0.012424956260417478+0.009040758871160388j),5275500000
(-0.5755896349817325-0.25472154759741233j),(0.012423320787391084+0.009156701060771598j),5275750000
(-0.5763421088727629-0.25394824653290576j),(0.012426869922778177+0.00899111996025649j),5276000000
(-0.5757141802327244-0.25383654225554403j),(0.012639648689418167+0.00920167492605891j),5276250000
(-0.5750099931559959-0.25329559810827357j),(0.012362384290919544+0.009177028701378605j),5276500000
(-0.5762610172649876-0.25291798124180526j),(0.012545880886362777+0.008971844880876318j),5276750000
(-0.5744212979200648-0.2535079651422522j),(0.012382296769721057+0.009049446669423675j),5277000000
(-0.5765932337804852-0.249995291675671j),(0.012641067595280027+0.00912418426532661j),5277250000
(-0.5733491007351589-0.253449021754853j),(0.012554199178579313+0.008982863495174853j),5277500000
(-0.5760748225225977-0.25004476689072647j),(0.012717296757427268+0.008999380357536203j),5277750000
(-0.5748947367739261-0.25143377677142476j),(0.012577641219208253+0.00895499228852222j),5278000000
(-0.5743484298297054-0.2492083131602717j),(0.01272126279921002+0.00891433146286585j),5278250000
(-0.5768075835922934-0.24847135817064236j),(0.012765081481244962+0.008887517106291199j),5278500000
(-0.5761089024920922-0.2476799085244177j),(0.012661997806381936+0.008937984613235056j),5278750000
(-0.5760979342110868-0.24790552755835257j),(0.0126178591496541+0.008691018228421627j),5279000000
(-0.5746324752659457-0.24924551347422588j),(0.012672471377622022+0.008890918304309j),5279250000
(-0.5762460442953853-0.24748382762439503j),(0.012575206460585155+0.00870121604670215j),5279500000
(-0.5757184896864166-0.24725285678122708j),(0.012715823259174069+0.008807734179091333j),5279750000
(-0.5746435395652384-0.24673023078658113j),(0.012722171189197615+0.00873695223886359j),5280000000
(-0.5751511890668464-0.24517007376811714j),(0.012830197148557215+0.008761815764463204j),5280250000
(-0.5748385087596544-0.24624087180577217j),(0.012585990292505345+0.008751121200786244j),5280500000
(-0.5749702038401412-0.24629517112126156j),(0.012879317440513573+0.00878700836695161j),5280750000
(-0.574334875337269-0.2452376311754546j),(0.01267076782520292+0.008767303067101558j),5281000000
(-0.5734131092774577-0.24526169642443219j),(0.012823712754426349+0.00868025637104842j),5281250000
(-0.5734591641477745-0.24642721118549119j),(0.012621077571623073+0.008689242581799003j),5281500000
(-0.5744230423259863-0.2436154891245383j),(0.012765424230660564+0.008719525278587579j),5281750000
(-0.5738235389490404-0.24443827894447523j),(0.01263636914568492+0.008514622143378057j),5282000000
(-0.572523099716853-0.24364962248701286j),(0.012787650383412359+0.00860811795499306j),5282250000
(-0.5741709116363786-0.24099238176372004j),(0.012807455055410276+0.008505589999870205j),5282500000
(-0.5737497840985771-0.23989671640236518j),(0.012824638089605284+0.008564090480652188j),5282750000
(-0.5734732078195764-0.2405550336113001j),(0.012639036772752946+0.008462468923126687j),5283000000
(-0.5724307345256556-0.24122790193062674j),(0.012684066566199387+0.008507582541822751j),5283250000
(-0.573229085688578-0.23924601153561684j),(0.012758104668679056+0.00836187242398757j),5283500000
(-0.5724511680004131-0.23990502735173255j),(0.012848713980874723+0.008465658339151465j),5283750000
(-0.5734535382095212-0.2397722359308001j),(0.012902809247813535+0.008253757206428859j),5284000000
(-0.5724923742464634-0.2394574919554731j),(0.012779244986939357+0.008290378457728885j),5284250000
(-0.573628633656695-0.23811094683264175j),(0.012892740800170695+0.008337287319899741j),5284500000
(-0.5745298680260094-0.23868713260310775j),(0.012720716804546828+0.008233345663816958j),5284750000
(-0.5725993857971352-0.23957510646277103j),(0.012731650896824574+0.008253862851200023j),5285000000
(-0.5734772247888584-0.23708276924907004j),(0.012993474281508056+0.00808619865479987j),5285250000
(-0.5728432787493093-0.23766292401969563j),(0.012879804437274836+0.00819221577574739j),5285500000
(-0.5730637461741788-0.23751107833108523j),(0.012808517398268326+0.008289908070904916j),5285750000
(-0.5732674063058062-0.2371757719721698j),(0.012891030391167391+0.008030579000097536j),5286000000
(-0.5729757421697299-0.2362866254965102j),(0.012677311379612978+0.008212585464544156j),5286250000
(-0.5741005428390457-0.23509202422793612j),(0.012860976676561862+0.007906842848844648j),5286500000
(-0.5729493835912755-0.23678508838948648j),(0.01280672884047867+0.00801165717207124j),5286750000
(-0.5729328760456408-0.23515101540157848j),(0.012948512883910548+0.008057438285482069j),5287000000
(-0.5716379134092973-0.2355660900819107j),(0.01286514455526787+0.007946558866905151j),5287250000
(-0.5731989829087093-0.23346238487262544j),(0.012962812489051997+0.0079059444753461j),5287500000
(-0.5733716309171435-0.23446295890572644j),(0.012847392883125195+0.0077141900200091255j),5287750000
(-0.5739860318555405-0.23168931425205394j),(0.012978521097307464+0.0077831841990395716j),5288000000
(-0.5719608835650473-0.23367006592994444j),(0.013042566836492533+0.0076857675997758085j),5288250000
(-0.5720409908078826-0.2333208539728815j),(0.0129200421113905+0.007752641941157064j),5288500000
(-0.5727227947559256-0.23117191820641445j),(0.013014339640972483+0.007593803916925581j),5288750000
(-0.572092799904604-0.23146984470431153j),(0.012956162507733054+0.007647895309302665j),5289000000
(-0.5723447841288293-0.23122767073375425j),(0.012810421928993664+0.007531929379595535j),5289250000
(-0.572600373932339-0.230707201803213j),(0.013055698796082106+0.007649268801255573j),5289500000
(-0.5724377086667544-0.2305327872567963j),(0.013016638122958356+0.007622766400595766j),5289750000
(-0.5711406159437664-0.23030873800410911j),(0.012958069847193304+0.007616079717045715j),5290000000
(-0.5713920097025535-0.23023771832595955j),(0.012935723853854771+0.007648898539751067j),5290250000
(-0.5722099206296052-0.22855794102043947j),(0.012957392999367661+0.007509330116192218j),5290500000
(-0.5717574379223183-0.23095687412232968j),(0.012906414947533827+0.007696822933101027j),5290750000
(-0.5725495210410713-0.2283902976448835j),(0.013016078365801194+0.007596814193686704j),5291000000
(-0.5713815386430335-0.22938091718262016j),(0.013032245502112278+0.007668343392317424j),5291250000
(-0.570940308538645-0.22800052697249135j),(0.012890705731530394+0.007588230193242535j),5291500000
(-0.5717324548413455-0.22662487922431337j),(0.013043836245715161+0.007417928066291026j),5291750000
(-0.571722238323429-0.22549308002349916j),(0.013010432680103573+0.007491455389771968j),5292000000
(-0.5715126836592128-0.22695391606238807j),(0.012885037957691546+0.007473187195636344j),5292250000
(-0.5698409712227395-0.22774237986840168j),(0.012939499743237461+0.007529528968705418j),5292500000
(-0.5716717888210203-0.22533495608852466j),(0.012939405219983963+0.007513085213488882j),5292750000
(-0.5704461259263593-0.22632335521905966j),(0.012971495105524034+0.0074892478194018355j),5293000000
(-0.5706227357488796-0.22341157976728923j),(0.013026187776855361+0.007203155361725433j),5293250000
(-0.569982429384244-0.22546169997256169j),(0.0130986632259012+0.007357081058061352j),5293500000
(-0.5702939020318645-0.22450683784898784j),(0.0129267524287232+0.007348316888803949j),5293750000
(-0.5691717569072158-0.22367928946631907j),(0.013023165420385114+0.0072677902036622465j),5294000000
(-0.5695634243202901-0.22372950152139712j),(0.01293498049384183+0.007441947723025574j),5294250000
(-0.5702942924051916-0.22282594135596448j),(0.012867574071199265+0.00737870342456866j),5294500000
(-0.5687184199919328-0.2233006339844443j),(0.012918858128079056+0.007367960350302941j),5294750000
(-0.5700949534104076-0.22101255361647243j),(0.013097295839684749+0.007205181455412027j),5295000000
(-0.5687478916196348-0.2216212719513519j),(0.012818644191948954+0.007207724360223877j),5295250000
(-0.5700983181537954-0.21938097190382919j),(0.012834711384640669+0.007237915943682562j),5295500000
(-0.5695447167636529-0.22146837252050744j),(0.013114614208171371+0.0072641602069835436j),5295750000
(-0.5689530882372649-0.22159671035164244j),(0.013122644089917184+0.0074039074505147465j),5296000000
(-0.5698583994640951-0.21854442727687023j),(0.013086720086790215+0.0070913618561559335j),5296250000
(-0.5695038529040753-0.21889492587114392j),(0.013023104311637721+0.007274557925014081j),5296500000
(-0.5708932765752854-0.21723150339720226j),(0.013079864130429905+0.007086912116737544j),5296750000
(-0.5705488855670342-0.21740324818719714j),(0.012993282679044853+0.0072486120045627675j),5297000000
(-0.5700263158448285-0.21434992067286252j),(0.0130383295125026+0.007101086790611924j),5297250000
(-0.5687549664717118-0.21697157902701056j),(0.013044016802058134+0.00719553912043382j),5297500000
(-0.5691838133505822-0.21439794858817587j),(0.013113632054721318+0.007154399597247125j),5297750000
(-0.5687529811572597-0.21662306775064705j),(0.01301377837458179+0.0070729894495264066j),5298000000
(-0.5690952885487665-0.21451214560080156j),(0.013146831304424579+0.007001091905460956j),5298250000
(-0.5685590673173446-0.21449592151988672j),(0.013153892957203497+0.006997332299545479j),5298500000
(-0.5683739679528124-0.21399018627085561j),(0.013130114527005113+0.007103565472082439j),5298750000
(-0.5688944797172873-0.21207805998550144j),(0.013074163161713132+0.00684329433742005j),5299000000
(-0.5685463804112159-0.21127999573389125j),(0.013137167308390398+0.006939005291749938j),5299250000
(-0.5683871912446383-0.21159499955262986j),(0.013134714931121363+0.006956300782428198j),5299500000
(-0.5672402080732672-0.21168875151213298j),(0.01316539391453292+0.006969495799646544j),5299750000
(-0.5684375395975153-0.21003557501485415j),(0.013163075497481308+0.006801352365999132j),5300000000
(-0.5680625247938742-0.20846160069813977j),(0.013150383178964772+0.006868115581897203j),5300000000
(-0.5681281333193688-0.21003192269446025j),(0.013227555068368785+0.006906810640490019j),5300250000
(-0.566746662378282-0.21220681868486613j),(0.01294716004240177+0.007072605095401077j),5300500000
(-0.5677312390393878-0.21000467741790366j),(0.013079584701710292+0.006932208677274476j),5300750000
(-0.5675226881638487-0.20946968646473352j),(0.013168953878948474+0.0068006381975480685j),5301000000
(-0.5675619454081094-0.20874400978519536j),(0.013040272811331435+0.006747352256370749j),5301250000
(-0.5676103565213069-0.20952253849102973j),(0.013105474169226198+0.006694670872372781j),5301500000
(-0.5669028902209244-0.20696203601752258j),(0.01322239342958297+0.00674217156418669j),5301750000
(-0.5672012837948847-0.20690022915018055j),(0.013066229179450318+0.006703103259623502j),5302000000
(-0.5675334312447334-0.20862368175190651j),(0.013087983696422459+0.006665335786905366j),5302250000
(-0.5657078418631528-0.20719556979604387j),(0.013013184612508541+0.006715030307631162j),5302500000
(-0.5667427945316724-0.20586285638845803j),(0.01315091164312994+0.006491306140662633j),5302750000
(-0.5665299977802852-0.20661593276999388j),(0.013026395894975427+0.006480761034704547j),5303000000
(-0.5667238206903521-0.20565414476897392j),(0.013188100525257764+0.00653400656213456j),5303250000
(-0.5651666026227532-0.20628544066761828j),(0.012959375823497153+0.006795297960705913j),5303500000
(-0.5656783706450123-0.2050101153338064j),(0.013129635340530119+0.006594408127684318j),5303750000
(-0.5650681170272355-0.2062888547063543j),(0.013014501412731194+0.006624169725142666j),5304000000
(-0.5661430849636889-0.203759472183475j),(0.013077946120894326+0.0066641076947199646j),5304250000
(-0.5642067718837016-0.2050078973487041j),(0.013059456084927585+0.006421637437285152j),5304500000
(-0.5646259261921872-0.20395539567815602j),(0.012959299786186847+0.006336705203073475j),5304750000
(-0.5649774096339656-0.20329509122300002j),(0.013071291399026989+0.006234807115368221j),5305000000
(-0.5637260533864578-0.20415577643760258j),(0.012851396754747191+0.006428000486655728j),5305250000
(-0.5646057193323812-0.20202649385845073j),(0.012891696806812911+0.006492606285455323j),5305500000
(-0.5631948625550126-0.2050849015004669j),(0.013008197426543348+0.006524487850714739j),5305750000
(-0.5640793673157638-0.20074199090276326j),(0.012926586979437993+0.006483509601713384j),5306000000
(-0.564105191825835-0.20082470497368646j),(0.012989893022018835+0.0062475996843976206j),5306250000
(-0.563372026466206-0.20111158662414957j),(0.012702997584687892+0.006138279559572015j),5306500000
(-0.5635217812497976-0.20209124331323858j),(0.012786404464840303+0.006509061613856433j),5306750000
(-0.5645383496517631-0.19686983278953185j),(0.012904046898137915+0.006177929379430047j),5307000000
(-0.5642724649784698-0.19856309746938286j),(0.012913056841305193+0.006164728550123945j),5307250000
(-0.5623246735533913-0.20016548318089267j),(0.012898536816915636+0.006240671161089572j),5307500000
(-0.5638158823461213-0.19794181977017464j),(0.012994883569436434+0.006204664183273406j),5307750000
(-0.5634367498149943-0.1997139447727815j),(0.01285856433946138+0.006071898450032277j),5308000000
(-0.5622557783302005-0.2001029020132718j),(0.012919305487672618+0.00611039844769357j),5308250000
(-0.5626821876243258-0.19764322917159183j),(0.012881850194728173+0.006214001280936973j),5308500000
(-0.5622441384638569-0.1949694769638349j),(0.012922777433507967+0.0060378457518329934j),5308750000
(-0.5627575162477475-0.19574577716681524j),(0.012955755317063352+0.006110884842164196j),5309000000
(-0.5628204499300296-0.1971460689333115j),(0.012932914912492714+0.006140799320955001j),5309250000
(-0.5614916216165367-0.19436315142458643j),(0.012797868404742766+0.006022685793541925j),5309500000
(-0.5603647635262329-0.19765700948387147j),(0.012908887017659224+0.006274829935549717j),5309750000
(-0.5612327774798336-0.19458527076790527j),(0.012863360407091053+0.006112134799934363j),5310000000
(-0.5618723241518399-0.19375836279767022j),(0.0130054292673184+0.005945075505599541j),5310250000
(-0.560454717971701-0.19566582071328992j),(0.01290336430452867+0.0059895742127995255j),5310500000
(-0.5613305803103784-0.19088179003714587j),(0.012970844128568011+0.005840612655786366j),5310750000
(-0.5611423154521787-0.19146901959002216j),(0.012830956207774706+0.005951952586239598j),5311000000
(-0.5604254841833057-0.19119648160627314j),(0.013042137269141899+0.005979021776201148j),5311250000
(-0.560451421834643-0.19183897535602443j),(0.012960623639378487+0.006083501937297732j),5311500000
(-0.5604727550201728-0.18908154714544942j),(0.012949369313142662+0.005816472170942255j),5311750000
(-0.5596705417122771-0.1904578511218203j),(0.013064534204828499+0.005764937373124038j),5312000000
(-0.5603759982052944-0.18952338913510527j),(0.013188679160820586+0.0057769051029906565j),5312250000
(-0.5615687322455005-0.18822909396943457j),(0.012959784672029457+0.005788214486051949j),5312500000
(-0.5607387632856522-0.18842608892237636j),(0.013058650888362014+0.005853994360816163j),5312750000
(-0.5611141600293869-0.1869387994612207j),(0.013077028663935761+0.005675965362103124j),5313000000
(-0.5598319967692152-0.18961673251384362j),(0.012832313545976288+0.005684747439050638j),5313250000
(-0.5603702921030559-0.18693019537931152j),(0.013060548447931607+0.005594112893878075j),5313500000
(-0.5598816822796095-0.18935525060865466j),(0.013066556579324201+0.005768518050869273j),5313750000
(-0.5607660981506275-0.18217758398486425j),(0.012927456960376586+0.005430340390987867j),5314000000
(-0.5595487382185299-0.18654237412702915j),(0.013036536080975637+0.005810175169048793j),5314250000
(-0.5592539647937113-0.18587048825028776j),(0.013043048484828382+0.0056259544142116145j),5314500000
(-0.5600378069131439-0.1823022120680253j),(0.013027247282224264+0.005493556767094219j),5314750000
(-0.55962366120065-0.18464103734082343j),(0.012983381616753064+0.005509720204135005j),5315000000
(-0.5594539990177272-0.18122039487311845j),(0.01303895855461133+0.005446230505841603j),5315250000
(-0.5581050265894004-0.18235891784583716j),(0.012975897779658178+0.005406775294992608j),5315500000
(-0.5581192253130256-0.18052308859930205j),(0.012997394955489575+0.00546110744503271j),5315750000
(-0.5587482958810372-0.18096871121272998j),(0.01306992758689077+0.005395628216803338j),5316000000
(-0.5580268930527764-0.17802780719038108j),(0.013074226510044015+0.00531312443599219j),5316250000
(-0.557847372188753-0.18116038950544036j),(0.013105204466300887+0.005277809966351219j),5316500000
(-0.5576851776687252-0.1816604524429151j),(0.012976892985360693+0.0053190118085277354j),5316750000
(-0.5578770792192197-0.17876855668343136j),(0.013036131371289322+0.005401613701868678j),5317000000
(-0.55690181121928-0.1812114216761518j),(0.013113265073939402+0.005361889332483342j),5317250000
(-0.5582032234831842-0.17849575992392827j),(0.012987792079347584+0.005296723113510231j),5317500000
(-0.5566304959165617-0.18138817672329632j),(0.013046820300810289+0.005470005879684364j),5317750000
(-0.5579115284376175-0.17930678084609092j),(0.013077268177006678+0.0052297162873577345j),5318000000
(-0.5565904083076767-0.17954975180120009j),(0.013042724950324337+0.005390349343665777j),5318250000
(-0.5569311023849143-0.17899627650148497j),(0.0129326880156454+0.0054463518119720195j),5318500000
(-0.557104091830989-0.1761564826867298j),(0.013111248149680826+0.005238925302243418j),5318750000
(-0.5557438764951941-0.1817345066261399j),(0.013023004644521476+0.005384640778744764j),5319000000
(-0.5555440941370913-0.17742052013888776j),(0.013020469666341879+0.005263273723016566j),5319250000
(-0.5550424949142955-0.17975773035855172j),(0.013007615269501586+0.0052026136381912134j),5319500000
(-0.5558152481680679-0.17735960344652452j),(0.013021921118157222+0.005254727471651387j),5319750000
(-0.5548135654472496-0.1786732659951224j),(0.01295832533945996+0.005159193716061286j),5320000000
(-0.5550716031474443-0.17514021796701398j),(0.013071855569853129+0.0053766902269833305j),5320250000
(-0.5537113992551597-0.17808907426712448j),(0.013065052250979078+0.005173115004533419j),5320500000
(-0.5545621406636225-0.17573983958911787j),(0.012930113417508946+0.005154551114322018j),5320750000
(-0.5535526729740372-0.1743921554667927j),(0.013019836789807162+0.004994723419917506j),5321000000
(-0.5525262232246584-0.17769594839691022j),(0.013072216218810677+0.00534404671908929j),5321250000
(-0.5532805066988461-0.17615566774337524j),(0.012974243501619949+0.005019075306068803j),5321500000
(-0.5530448550979915-0.1755307709159872j),(0.01306958586711369+0.00507184926617599j),5321750000
(-0.5526044161770853-0.17690588913868713j),(0.01291254326971066+0.004963231754304525j),5322000000
(-0.551261625187041-0.17655575085008074j),(0.012963273351902053+0.005057082847265128j),5322250000
(-0.5516220212853937-0.17325240485750038j),(0.013222418380393952+0.004977532330308224j),5322500000
(-0.5533631167845313-0.17360633026227026j),(0.0130466051327099+0.004936047252179691j),5322750000
(-0.5521780891043746-0.1752233929872578j),(0.012970258739946831+0.005058153166658771j),5323000000
(-0.5520111597616214-0.17214752912561468j),(0.01305450748295392+0.005012795092815747j),5323250000
(-0.5517077581040566-0.17035963028551174j),(0.012944771747918925+0.004795983887847519j),5323500000
(-0.5518694948032536-0.169080103358343j),(0.013006206487828615+0.004843700440639608j),5323750000
(-0.551619927147311-0.1688713249757216j),(0.013073101284235257+0.004776755643555692j),5324000000
(-0.5529600124264112-0.16865919559124445j),(0.013133010201355051+0.0049109727044399755j),5324250000
(-0.55266380543901-0.16975050674625616j),(0.012856381450133438+0.004838616691122659j),5324500000
(-0.5514815105103006-0.16580833227948796j),(0.013006350242431705+0.004632342574948914j),5324750000
(-0.5525442567185763-0.1693210783940929j),(0.012935888672517363+0.004684877058682183j),5325000000
(-0.5521398145748531-0.1674403208968618j),(0.013004547099358879+0.004693498777303512j),5325000000
(-0.5510806241742672-0.16642892673315443j),(0.013103713750803197+0.004636298483357177j),5325250000
(-0.5513571468291256-0.16587555675412752j),(0.01293604995752597+0.004594716256158564j),5325500000
(-0.5519850513156448-0.16512594696428728j),(0.01298599055178103+0.004491033066243848j),5325750000
(-0.5506486862657574-0.16477760750075301j),(0.013029447745495462+0.004464990281494009j),5326000000
(-0.5506878105884617-0.16459646949596024j),(0.012923269831089075+0.004397462903746311j),5326250000
(-0.5510720775028101-0.1638045820432605j),(0.012919868686007627+0.004472872761281266j),5326500000
(-0.5501343744242527-0.16363652214019236j),(0.01311765376480972+0.004328059006931706j),5326750000
(-0.5505452781218951-0.16223364786858957j),(0.013081837601300904+0.0043249639633130485j),5327000000
(-0.5500215907703548-0.1594445714574959j),(0.013000752066610926+0.004224085064604584j),5327250000
(-0.5506127960775683-0.1605016760629319j),(0.012957356937280014+0.004344905874995524j),5327500000
(-0.5502441626329772-0.16091720268705723j),(0.01301127418797903+0.004348920623466244j),5327750000
(-0.5488763482623156-0.16064169735366265j),(0.012946235193767574+0.004325157093475533j),5328000000
(-0.5493912711911281-0.16036546839030083j),(0.012873899325348496+0.004218872283547481j),5328250000
(-0.5491705733309103-0.1571806316469382j),(0.013107574720390442+0.00425591839035461j),5328500000
(-0.5501314809403856-0.1592502889607123j),(0.012959270488927054+0.004227945253541763j),5328750000
(-0.5496625812875874-0.1567686819429912j),(0.012946806211644115+0.004353497851904939j),5329000000
(-0.5486431611087123-0.15759154374692239j),(0.012893902110649757+0.004125344288026468j),5329250000
(-0.5475111814711794-0.1569268998313697j),(0.013053120796689724+0.00421486226548346j),5329500000
(-0.548214750005241-0.15681330016530862j),(0.012954068800481208+0.0041895563615981166j),5329750000
(-0.5484902113670511-0.157684497012327j),(0.012882023192045983+0.0043317736479522246j),5330000000
(-0.5480531344329237-0.1555784175870738j),(0.012914261411651475+0.004224890414458509j),5330250000
(-0.5479190371624838-0.15659605386968978j),(0.012953029612273993+0.00414343114107738j),5330500000
(-0.5483709073953995-0.15386872161223217j),(0.013011516576197948+0.004115147593859652j),5330750000
(-0.5462737747488263-0.154253430665817j),(0.012932056648004281+0.004126773309083723j),5331000000
(-0.5446605297764003-0.15376833308383622j),(0.012845199411400785+0.004114919682749286j),5331250000
(-0.5466584115785623-0.15380533462619603j),(0.012865757616454742+0.00413161379583091j),5331500000
(-0.545186404899324-0.15409832504137255j),(0.012846533297306964+0.004348150762556109j),5331750000
(-0.5456470669356106-0.15161467123322608j),(0.012786262284191201+0.004145564740719397j),5332000000
(-0.5441927635560798-0.1518846873484106j),(0.012856856865629086+0.004045888801708632j),5332250000
(-0.545089570160673-0.1520657993308459j),(0.01282262064473223+0.004065041607769142j),5332500000
(-0.5447726909906487-0.15045204287068636j),(0.012762801000500895+0.0040782971768185535j),5332750000
(-0.5439921777926222-0.149656777627241j),(0.012851843780314886+0.003997589964807076j),5333000000
(-0.5451315503507635-0.1518877953089481j),(0.012773480635571976+0.0039039736115905575j),5333250000
(-0.54455316017819-0.15145963459581793j),(0.012768038038827104+0.0040589787415061945j),5333500000
(-0.5430724457295698-0.14828343827921212j),(0.012911474261660602+0.004042951192851408j),5333750000
(-0.5438890915896921-0.14888984798786123j),(0.012747657305343729+0.004029145155993058j),5334000000
(-0.5445132413039412-0.147708766928325j),(0.012887029695865065+0.004120543206429026j),5334250000
(-0.5435230958575962-0.14838760325565659j),(0.012760373498214074+0.004026981748160287j),5334500000
(-0.5437021650744612-0.14835383344324043j),(0.012972859481964548+0.003978433382845224j),5334750000
(-0.5435019090229616-0.14758796030506613j),(0.012946026931321217+0.0038291329798192564j),5335000000
(-0.5444940605724372-0.14896039565352445j),(0.01303151858640061+0.004066578742647444j),5335250000
(-0.5433182658450375-0.14537523723979368j),(0.012914596726391645+0.0038421672224655985j),5335500000
(-0.5428340353430586-0.1446312666327177j),(0.013056159400241527+0.0038733997854856605j),5335750000
(-0.543404897367909-0.14467256551106492j),(0.012911103524401373+0.003852791381586487j),5336000000
(-0.5433788477400567-0.14642544674225355j),(0.013061513685223083+0.0037066604009586774j),5336250000
(-0.5425974351571542-0.1449313510700967j),(0.012979043160079607+0.0038335775142582604j),5336500000
(-0.5426895206103296-0.1445196635384405j),(0.013052207039126684+0.003751694191930094j),5336750000
(-0.54282297529739-0.14649823343752166j),(0.013017818371674818+0.0038970572676862137j),5337000000
(-0.5425312173514458-0.14257086429397128j),(0.013012811909243352+0.0037449923786733764j),5337250000
(-0.541535648516265-0.14344174105019683j),(0.013017165978269673+0.0037639049468897283j),5337500000
(-0.5377882922804685-0.1393243743330339j),(0.012787574301188492+0.0034640679039773577j),5337750000
(-0.5422309634779913-0.146828099347111j),(0.013138714300433193+0.003883983965187733j),5338000000
(-0.5409144058336911-0.13958069757429648j),(0.013111437306486996+0.0036198097477255576j),5338250000
(-0.5386579571770926-0.14019127400331155j),(0.012734516332866711+0.0036719312266867855j),5338500000
(-0.5377802045638557-0.1418104389759336j),(0.012767141308760863+0.0037492337525440182j),5338750000
(-0.542860313146688-0.14548728971338493j),(0.013130298666114282+0.0037941661457160394j),5339000000
(-0.5398146440402553-0.14083708202398448j),(0.013109959667120025+0.003715517948408808j),5339250000
(-0.5401659775411141-0.13950736778986703j),(0.012997276498208702+0.003400621884764493j),5339500000
(-0.540066969228764-0.1393427650530403j),(0.013170791614846447+0.0035784059221029094j),5339750000
(-0.538509714736598-0.13594811218202257j),(0.013099277934264696+0.003377273696268707j),5340000000
(-0.536902976223783-0.13833569701808743j),(0.012742111713621928+0.003362177273244331j),5340250000
(-0.5407672883253251-0.14524118536369984j),(0.013041954663229997+0.0036999624129353064j),5340500000
(-0.5394182845516393-0.13953055990285357j),(0.012923771212694448+0.00347155317807067j),5340750000
(-0.5400042674368817-0.14029439040084074j),(0.013016696347404651+0.0035372072639691366j),5341000000
(-0.5392212290338325-0.137994312237847j),(0.013001683409864401+0.0035858652590319614j),5341250000
(-0.5339011395727626-0.13653442433422663j),(0.012913389002447852+0.003332763481129411j),5341500000
(-0.5408109198622124-0.14175988690500602j),(0.013186183611885385+0.003723688018163378j),5341750000
(-0.538937582723104-0.13787622629732788j),(0.013085272661427581+0.0035886888526391724j),5342000000
(-0.5335296287473803-0.13523999715625107j),(0.012923196215514328+0.0033488138517706145j),5342250000
(-0.5341257292350173-0.13886946794567018j),(0.012653828447985046+0.0035836938004094325j),5342500000
(-0.539512605490002-0.14039698009962107j),(0.01300854899577862+0.003769744336032506j),5342750000
(-0.536598291605598-0.13616430863342688j),(0.013097010439951082+0.0035312151856341993j),5343000000
(-0.5358878591532799-0.13497985271812227j),(0.013121730319539436+0.003382974259749901j),5343250000
(-0.5303593899902702-0.13195437468134127j),(0.012773671554441268+0.0032791393495422323j),5343500000
(-0.5382332079679425-0.14055540259657034j),(0.013054279324582436+0.0035661625108419125j),5343750000
(-0.5296694762263958-0.1314996022374099j),(0.01279102012897617+0.0032548698030576704j),5344000000
(-0.537730753974556-0.1410319585445198j),(0.012915331429454151+0.003565156456891319j),5344250000
(-0.5353673280084115-0.1321655295004772j),(0.013050871624818784+0.003370757071188903j),5344500000
(-0.5307899535405618-0.13041579326820743j),(0.012954487016759312+0.003006895266236865j),5344750000
(-0.5370555201824585-0.1350463755687565j),(0.012855436486179721+0.0035900859517958602j),5345000000
(-0.531135371256197-0.128852665153365j),(0.012661367108851292+0.0031895986283328173j),5345250000
(-0.5371802876795073-0.13501786867779506j),(0.013037874212378928+0.0035587227862457853j),5345500000
(-0.5356124372547466-0.12875210362191647j),(0.012919636698536482+0.0032945918248418775j),5345750000
(-0.53623159393344-0.129964661928387j),(0.012881360271566536+0.0033097190833921235j),5346000000
(-0.5302196262932091-0.12584780143494753j),(0.012725558560209006+0.002975086307788772j),5346250000
(-0.531985250955332-0.1289596911500595j),(0.012805225290817469+0.003112935658230759j),5346500000
(-0.5319739729492392-0.1274543833281749j),(0.012590463443018536+0.003298200698498401j),5346750000
(-0.5322572089653489-0.12918435779340254j),(0.012583878175400352+0.0031656821507193436j),5347000000
(-0.5317856393820204-0.12638591455228654j),(0.012857046800859261+0.0030766700255309525j),5347250000
(-0.5365605730649602-0.12717769581795674j),(0.01288677509210036+0.003242810777924533j),5347500000
(-0.5308188848225077-0.122334092140268j),(0.01271062238562242+0.0029694182101868503j),5347750000
(-0.5312131934918194-0.12458374237767386j),(0.012702183300595539+0.0030097848437435548j),5348000000
(-0.5322246844998108-0.12390761129480402j),(0.012672353070583958+0.0031349366397110993j),5348250000
(-0.5316488933936472-0.12434175709001893j),(0.012550048737720088+0.0029775240060897932j),5348500000
(-0.5358196803053835-0.12644729027403337j),(0.012788915825092503+0.0030936677690036954j),5348750000
(-0.5292797828607642-0.11884850486616523j),(0.012562094584947305+0.003027592164572449j),5349000000
(-0.5358031458248554-0.12398376394634882j),(0.01286168711350173+0.0032232206470356756j),5349250000
(-0.5298400367756646-0.1185418306938083j),(0.012588009892819463+0.002896008169638881j),5349500000
(-0.5308207313003702-0.12003230164891832j),(0.012564032550743134+0.0027742349956048663j),5349750000
(-0.5308361043766231-0.12077476864641458j),(0.012597676678546998+0.0028860636008008656j),5350000000
(-0.5378473355939732-0.12647681596560742j),(0.012914244312645902+0.003205077113176988j),5350000000
(-0.529934313447272-0.11986238389261392j),(0.012525114082340475+0.0026251993336332577j),5350250000
(-0.5364275568589717-0.12370325373699625j),(0.012951195776621259+0.002979805091024679j),5350500000
(-0.5299163639456927-0.11989576476007203j),(0.012828873281100751+0.00278960474335595j),5350750000
(-0.5369796105419072-0.12335941434491306j),(0.012899153561014735+0.0031305885121993434j),5351000000
(-0.5366024610722407-0.1191150650564618j),(0.012990584372511386+0.0028162188224197743j),5351250000
(-0.5340350547398289-0.1199613663963114j),(0.012890123983654979+0.002874668830721593j),5351500000
(-0.5284262581957483-0.11671721676845324j),(0.012837164866610767+0.002546148077804426j),5351750000
(-0.5309544296767815-0.12041458667449847j),(0.01298614468550675+0.0027667040623068464j),5352000000
(-0.5300278276078386-0.12012156213490409j),(0.01292805065814598+0.002550021973592011j),5352250000
(-0.5299167284132951-0.1218826138380405j),(0.012817445537114584+0.0026535170817272246j),5352500000
(-0.5361884554436137-0.12538461813176616j),(0.01302954591814495+0.0029340811494131887j),5352750000
(-0.5335927260358782-0.11836047676758767j),(0.013116263615002049+0.0026583651773402603j),5353000000
(-0.5348891382310063-0.11961047263502791j),(0.013141488454543139+0.0027587679159353446j),5353250000
(-0.5284989182781665-0.11551154912143503j),(0.012736154975456295+0.002418909951429867j),5353500000
(-0.5289609877275997-0.12090150951748355j),(0.012955514151401873+0.002606996880909807j),5353750000
(-0.52814995237448-0.11911319279734188j),(0.012821553031901821+0.0026873817077232476j),5354000000
(-0.5289546168525949-0.11999432323143643j),(0.01290098361238531+0.0025949934453574877j),5354250000
(-0.5271033574825087-0.11930085101848954j),(0.012817564238823138+0.002794825200681505j),5354500000
(-0.5288579212407882-0.11954129402774255j),(0.012898917926815742+0.0026776655099392463j),5354750000
(-0.5286802731137238-0.12100299564905473j),(0.012930002622457745+0.002666623604010869j),5355000000
(-0.5268639206153135-0.11802757504836506j),(0.012875808910130765+0.0025732198578511303j),5355250000
(-0.528230527844587-0.120397041767181j),(0.012882599955740431+0.0023696203994044204j),5355500000
(-0.5270065579267811-0.11521940587179186j),(0.012798721761763847+0.0022456062932746713j),5355750000
(-0.5286619415468093-0.11935852186588851j),(0.01276456186622213+0.0023889942353929497j),5356000000
(-0.5279479439069932-0.11752237896984156j),(0.012882086456830791+0.0024132606606063777j),5356250000
(-0.5276227358612695-0.11567424873721914j),(0.012796547360999595+0.002386143881986738j),5356500000
(-0.5279976814615697-0.1151895127068021j),(0.012919689854894287+0.002251789140224799j),5356750000
(-0.5271901984702857-0.11495010511040965j),(0.012765887937283574+0.0022496627138778084j),5357000000
(-0.5275315619577255-0.11654474101142727j),(0.012732278688257123+0.0023303877184264418j),5357250000
(-0.5246771207558892-0.11009163523368082j),(0.012748816993314593+0.0022238563977989086j),5357500000
(-0.5259200721142692-0.11092813479000069j),(0.0129374494172837+0.0020901114810908815j),5357750000
(-0.5264867391602273-0.11218082977909634j),(0.012663561190439234+0.0020665681231672992j),5358000000
(-0.5256902988209738-0.11016755542602222j),(0.012739696267313314+0.002091795348457626j),5358250000
(-0.5270069450322179-0.11346565231317074j),(0.012864945572565886+0.0021537194892644763j),5358500000
(-0.5261065249210974-0.10913612396763135j),(0.012666049490802604+0.002118599374777206j),5358750000
(-0.5250103367143113-0.10970006224139864j),(0.012723353718134047+0.001727941877010392j),5359000000
(-0.524220747461553-0.10757874276351317j),(0.012765212687354158+0.002041395930880448j),5359250000
(-0.5248423671623139-0.10593649899980451j),(0.01279102126479996+0.00178808884100798j),5359500000
(-0.5235755315684802-0.1056044247262126j),(0.01267116382109595+0.001724630854095831j),5359750000
(-0.5241421725035093-0.1055898448498809j),(0.012873833463961077+0.001793268212535736j),5360000000
(-0.5244716311416077-0.10734317254670014j),(0.012638874171748977+0.001608590929675401j),5360250000
(-0.5234868626721569-0.1035741281615394j),(0.012696604285954732+0.0016598183665705473j),5360500000
(-0.5246953841117098-0.10359875396626335j),(0.012730366514256394+0.001642729277201391j),5360750000
(-0.5242429400385177-0.10596165196993383j),(0.012621933840729118+0.0015894339383228798j),5361000000
(-0.5234391630233505-0.1026828662944764j),(0.012747214686860688+0.0017180913729200463j),5361250000
(-0.5252961834682404-0.10651717738200346j),(0.012613027780282018+0.001510964458385878j),5361500000
(-0.5251965081524983-0.10420843516459119j),(0.012567615185900395+0.0017249426518222307j),5361750000
(-0.5241070819441757-0.10243111320758776j),(0.012571740608667422+0.0015886742271850826j),5362000000
(-0.5234730670330053-0.1041753736764933j),(0.012454764600639072+0.001646670736249331j),5362250000
(-0.5251053707297696-0.1036884937566438j),(0.012809612902037106+0.0016530505977865604j),5362500000
(-0.524583201279068-0.10340257495497465j),(0.012912493386233768+0.001683788837937523j),5362750000
(-0.5230238443579667-0.09932165376716143j),(0.012599445058319288+0.0015636007311519468j),5363000000
(-0.5212457895959107-0.10070575465729906j),(0.012848866332018498+0.0014633572052110432j),5363250000
(-0.5221736267435086-0.09941942030391783j),(0.012778339378467968+0.0014621444565434453j),5363500000
(-0.5200794267361941-0.0975222708231727j),(0.012764728357857018+0.0015846077357435674j),5363750000
(-0.5231512186927032-0.10068147428560627j),(0.012676933476799816+0.0016651775031395258j),5364000000
(-0.5221972408969429-0.09779457363874405j),(0.012638184656192914+0.001455503103827953j),5364250000
(-0.5229949632273717-0.09814176399963509j),(0.012734077127664998+0.0013606674378484113j),5364500000
(-0.5211953013794938-0.09844224480844985j),(0.012628770019629698+0.0015784973434366527j),5364750000
(-0.5207696831358547-0.09756556561507003j),(0.012728164816311987+0.0012330252229646862j),5365000000
(-0.5215495038408873-0.09866095616963819j),(0.012743379075622304+0.0015964956131403426j),5365250000
(-0.5202367958293047-0.09682657785386418j),(0.012745797531932033+0.0013825494970353743j),5365500000
(-0.5217948511328618-0.10028853824973057j),(0.012841721032748677+0.0016223900987291488j),5365750000
(-0.5202317455050967-0.09531913924733022j),(0.012791855943015663+0.0015405683001539082j),5366000000
(-0.5206855360705844-0.0947139637837245j),(0.012680557212197706+0.0014671275440365397j),5366250000
(-0.5203314238112643-0.09593618267771693j),(0.012702481040504143+0.001394917399243298j),5366500000
(-0.5204404459413493-0.09429350086910475j),(0.012883494502099743+0.0014028768446478668j),5366750000
(-0.5204707289122303-0.09350978559925321j),(0.012698858071884554+0.0013624929081839582j),5367000000
(-0.518834025280382-0.09117529700390549j),(0.012831761946270446+0.0014033609817767877j),5367250000
(-0.5216417811951191-0.0920002699704495j),(0.012714087221641714+0.001306729703192385j),5367500000
(-0.5205942240706694-0.09368537415575617j),(0.012896101743544665+0.0013674450881347282j),5367750000
(-0.5196729855003166-0.09131235632050257j),(0.012723285208373418+0.0010977410691779014j),5368000000
(-0.5203089488835886-0.09207880809416712j),(0.012707073303075094+0.0012417783094313094j),5368250000
(-0.5189553644105629-0.08862654747700136j),(0.01256507092038175+0.0011712357929651608j),5368500000
(-0.5201348128476585-0.0908334613515323j),(0.012791166686121222+0.0011118694705230965j),5368750000
(-0.5192874736291876-0.08668233275242936j),(0.01282150113427708+0.0011628763774210764j),5369000000
(-0.5198178738287558-0.08986214896027168j),(0.012812964566840494+0.0011955753059944554j),5369250000
(-0.5198619264615272-0.08835163327507224j),(0.012844385445809918+0.0011838259128702734j),5369500000
(-0.5180235049409-0.08693735218006379j),(0.012780684113528926+0.0009185199509636993j),5369750000
(-0.5199252673247148-0.08774131971599489j),(0.012856129140758298+0.001213891526186623j),5370000000
(-0.5186238386229973-0.08597013457625158j),(0.012675800819574666+0.0008639174461984414j),5370250000
(-0.5195027110074709-0.08644728302789999j),(0.01273228784998028+0.0012269079487916507j),5370500000
(-0.5179837859611913-0.08483219510343336j),(0.012747265319629468+0.0010421736237192474j),5370750000
(-0.5197680443550563-0.08644884333887368j),(0.012825984604842916+0.0010526388078181677j),5371000000
(-0.517856557021371-0.08418087605443292j),(0.0128912537134477+0.0009514972188686943j),5371250000
(-0.516888267692629-0.08281488510314541j),(0.012756916811658223+0.0008844865872254124j),5371500000
(-0.5195878680030537-0.08907206090576436j),(0.012800575852650157+0.0009622145973500449j),5371750000
(-0.5190683041206674-0.08219372739951214j),(0.012782030897821442+0.0009945584130736237j),5372000000
(-0.5173436743856574-0.08135812707172779j),(0.012871836451325967+0.0007865215023693912j),5372250000
(-0.518362989795404-0.0826491960290277j),(0.012630805393456393+0.0009162134035871583j),5372500000
(-0.5174294029641078-0.08063999401886646j),(0.012606536929409327+0.0008733149114267695j),5372750000
(-0.5167520649403572-0.07797946184390557j),(0.012738408177700335+0.0007600900603224815j),5373000000
(-0.5163893808846631-0.0767405640531242j),(0.012720966906331248+0.0007637213843611359j),5373250000
(-0.5199748795801458-0.08018120442846569j),(0.012607748428010393+0.0007900215804862187j),5373500000
(-0.5174365068067172-0.07861700525045749j),(0.012765780125351994+0.0007473674864279412j),5373750000
(-0.5162339602793992-0.07499048108892829j),(0.012622243905429665+0.0007492143268378572j),5374000000
(-0.5172909915962555-0.07646139461307624j),(0.012826698013788135+0.000669678727908585j),5374250000
(-0.5165842138861042-0.0751844622522989j),(0.012708326270257047+0.0007383992774587132j),5374500000
(-0.5188652206845936-0.07680541365411343j),(0.012623874826665117+0.0006541115210887831j),5374750000
(-0.5155244071570113-0.07485016479730006j),(0.012451825116949887+0.0004978680537089152j),5375000000
(-0.5180923167316289-0.07534413525576197j),(0.012451961186346804+0.0005857977263704322j),5375000000
(-0.5152675180760132-0.0719842576286349j),(0.012761276433401266+0.00037211293267283465j),5375250000
(-0.5179190808440427-0.07416081304703072j),(0.01272398103781335+0.0005437002269724684j),5375500000
(-0.5175580479173302-0.07244466398540048j),(0.012636077080462023+0.00032975167996984473j),5375750000
(-0.5178232224223746-0.07474725477531823j),(0.012638462261384369+0.0004489332420715624j),5376000000
(-0.5170971977460526-0.07076510507028413j),(0.012458643189342674+0.0004799623247247053j),5376250000
(-0.514164289897389-0.06834777709162478j),(0.012642717018913901+0.0002705879289391583j),5376500000
(-0.516972373671663-0.07080266341148861j),(0.012680551318006987+0.00030341736449848765j),5376750000
(-0.515451618671239-0.06844099205316247j),(0.012684225384808338+0.00029395340785055894j),5377000000
(-0.5169986175313162-0.07273057987435648j),(0.012534393827189676+0.00021596856823750715j),5377250000
(-0.5157322190471698-0.06672592911838687j),(0.012580127637115832+0.00017798440313572254j),5377500000
(-0.5151866775313683-0.06730351207519343j),(0.012435660265260976+0.00014535157647587986j),5377750000
(-0.5138460190666087-0.06627203246153357j),(0.012612443750974147+5.793964753500664e-05j),5378000000
(-0.5154506087744012-0.06650004226998019j),(0.012501879371481771+7.172238266165318e-05j),5378250000
(-0.5123837727071827-0.06079563173298757j),(0.012443905357255904-4.201075239350138e-05j),5378500000
(-0.514840677169729-0.06570148890610014j),(0.012534054082257353+8.799829017146438e-05j),5378750000
(-0.5143105781385579-0.06606596310743897j),(0.01251255305595685+3.2692011791003955e-06j),5379000000
(-0.5149114254213407-0.06698578879802894j),(0.012567705097102196-0.0001485050204887052j),5379250000
(-0.5130555950115454-0.0633855086796861j),(0.012409511392088936-2.191943399664612e-05j),5379500000
(-0.5148595410563113-0.0671700304486294j),(0.012430728367162865-0.00014888639302065447j),5379750000
(-0.5123205228382045-0.06292521970156602j),(0.012585588279324917+3.119107659640692e-05j),5380000000
(-0.5140488134430024-0.06489842515392757j),(0.012466634306592948-9.845872038524244e-05j),5380250000
(-0.5128335065832083-0.06314976805674617j),(0.012525503246086032-1.8006298232654193e-05j),5380500000
(-0.5125984887543994-0.06261293492100638j),(0.012345055719020677+5.1230323912900065e-06j),5380750000
(-0.5136275616101689-0.06439023893373723j),(0.012239534725175666+4.134711949798175e-05j),5381000000
(-0.5132675964227015-0.06379951529820561j),(0.012362132679760216-0.0001354734916201993j),5381250000
(-0.5116509196344432-0.06307766747496191j),(0.012355283960563878-7.87554231647471e-05j),5381500000
(-0.5098837660809984-0.05996141955257742j),(0.012330827071861455-8.873390084464602e-06j),5381750000
(-0.51087219719478-0.061958382458389735j),(0.012365541277040957-0.00010159437339113872j),5382000000
(-0.5113514921239753-0.0630939496448967j),(0.012434725261298416+0.0001461843952971226j),5382250000
(-0.5083514818569531-0.0568348612156013j),(0.012242781017056732-0.0001498509584067849j),5382500000
(-0.5103811142012792-0.061810785090105874j),(0.012255357763645773-0.0002297305161891127j),5382750000
(-0.5091818911225876-0.058666834775901205j),(0.01224604245667047-0.0001301155444968944j),5383000000
(-0.5113715471996497-0.061438548117588816j),(0.012256660103980821-5.066864657556891e-05j),5383250000
(-0.5075295519556018-0.057716190933073584j),(0.012250846415431968-0.0002743251670864867j),5383500000
(-0.509230765168458-0.05659765448904728j),(0.012219504164813643-0.00033423413988437983j),5383750000
(-0.5091670476805088-0.05653689079517127j),(0.012300208231034702-7.211855531910947e-05j),5384000000
(-0.509133528157125-0.05572391079053845j),(0.01226445485411304-0.00029312149397643726j),5384250000
(-0.5093792152727151-0.057322696826987214j),(0.012371527859805104-8.880092202893431e-05j),5384500000
(-0.5067345951113306-0.05369281442921331j),(0.012243224669403628-0.0004064467607736859j),5384750000
(-0.5092024585296334-0.054226977365186675j),(0.01219220979394282-0.0004653333062484608j),5385000000
(-0.5077033479350631-0.053743353700825565j),(0.012099598679939512-0.0003563124437834615j),5385250000
(-0.5088087780562867-0.05425692591587254j),(0.012333722654174236-0.0003454269253689784j),5385500000
(-0.5069108104346461-0.0531948841235845j),(0.012126465919468171-0.0004004878415309318j),5385750000
(-0.5076496480154219-0.04959935421394247j),(0.012205302599852634-0.000416775317629399j),5386000000
(-0.507453670522747-0.05174555396461983j),(0.01221674681285955-0.00028438014047972647j),5386250000
(-0.5048221618561103-0.04684728633378553j),(0.012204363423350142-0.00046753215035333205j),5386500000
(-0.507560292362216-0.05015524915924557j),(0.012214604144340172-0.000247343012890367j),5386750000
(-0.5045907696070896-0.046112562694619684j),(0.012236834886108038-0.0003265003306886125j),5387000000
(-0.5054348264032813-0.0473451992217615j),(0.01231696618519692-0.0005810315698448991j),5387250000
(-0.5061944281609856-0.04899257991182194j),(0.012195649894805202-0.00039252526709267785j),5387500000
(-0.5035732749211231-0.044996316926258655j),(0.012110150447680776-0.0007185762809853407j),5387750000
(-0.5053491694996971-0.04949887765032625j),(0.012245533682865885-0.00042022214920623985j),5388000000
(-0.5032403581487828-0.04255862819613037j),(0.01208212462091062-0.0007928686975392745j),5388250000
(-0.5068402990616862-0.04874564851243158j),(0.012266869553782858-0.0004900096263082865j),5388500000
(-0.5045131688443811-0.04571537624932883j),(0.012167324928914097-0.0006381333051859543j),5388750000
(-0.5033768502913669-0.04198730251839691j),(0.012100527144430533-0.0007937724421480546j),5389000000
(-0.5047156282938018-0.04436315836921731j),(0.012288038944616697-0.00043930832245693064j),5389250000
(-0.5017773706505136-0.039250899124199934j),(0.012215356577686512-0.0007730418087240232j),5389500000
(-0.5040394935381218-0.04387753802930304j),(0.012091542965560148-0.0005655343830345762j),5389750000
(-0.5038691406229491-0.04244160455932921j),(0.012184500668497874-0.0006240888692740779j),5390000000
(-0.5040840280204942-0.04216256423061044j),(0.012135855778974294-0.0008586175455861915j),5390250000
(-0.5038360849065291-0.041687558451710106j),(0.012155609219433304-0.0006560877184739677j),5390500000
(-0.5036013740755932-0.0409604264828585j),(0.012102056027099378-0.0007135549138033376j),5390750000
(-0.500902653139302-0.038052751558201064j),(0.01220826223266909-0.0007389585079888698j),5391000000
(-0.5033587152524722-0.040931931522405096j),(0.012238887251181123-0.0007520821696975961j),5391250000
(-0.501813328501062-0.03968694523468433j),(0.012069663886807754-0.0008247925457728629j),5391500000
(-0.49734326079400387-0.03213948384378712j),(0.012105932727597624-0.0008446744784471882j),5391750000
(-0.5016545509281166-0.03749387023368747j),(0.012113821725123238-0.000811208037793899j),5392000000
(-0.5027076474360467-0.04111388003632661j),(0.012032125341199065-0.0007349679175670719j),5392250000
(-0.4990211650837469-0.03620953972319911j),(0.012047125667100362-0.0010021009707408904j),5392500000
(-0.5017916382169075-0.04067183164492597j),(0.012196497976861316-0.000826580680288168j),5392750000
(-0.4999267959538308-0.03461425831140591j),(0.012074909990635742-0.0010827917637850177j),5393000000
(-0.49971493001300266-0.034860110743324846j),(0.011951937197568612-0.0005727668306053678j),5393250000
(-0.4986573741324834-0.03477712294496577j),(0.01206117496169374-0.0007225805474589423j),5393500000
(-0.4992324136012914-0.032795187443160186j),(0.01190599489085232-0.0008347987759763812j),5393750000
(-0.5005418876261218-0.03726433714076303j),(0.012162883491960635-0.000799716426513023j),5394000000
(-0.49745603137986605-0.029900804387588444j),(0.01196879593560151-0.0007982914497433299j),5394250000
(-0.4982693824724526-0.03107703081368405j),(0.011902107633504043-0.0009600150790287816j),5394500000
(-0.499947201920089-0.03519859956078972j),(0.012065842477118364-0.0008859866296420803j),5394750000
(-0.49785233378011834-0.02928902119691213j),(0.011907626471081187-0.0009273349784121926j),5395000000
(-0.4993811488455036-0.03234863198434395j),(0.011965643001096865-0.0008566262952463741j),5395250000
(-0.49766099724456886-0.02874649185249654j),(0.01181185960828554-0.0008000048923946783j),5395500000
(-0.4998627593801137-0.03369995948076421j),(0.011850859613410678-0.0006720656255207753j),5395750000
(-0.49688041452400045-0.02669900077490146j),(0.011877896468086353-0.0009890852957594987j),5396000000
(-0.49950724129540935-0.03149704942411375j),(0.012076371097309305-0.0011450668143662955j),5396250000
(-0.49651975815240784-0.026528275054874456j),(0.011930692051702323-0.0009674998231866546j),5396500000
(-0.49660783279332776-0.026668883516781577j),(0.01195810798724692-0.0010595830330049857j),5396750000
(-0.4972903659486894-0.027024699219849655j),(0.011809140621058225-0.0011171309177587705j),5397000000
(-0.4963561841633527-0.025801199731683176j),(0.011964181098659616-0.001176534755128653j),5397250000
(-0.49750387067668655-0.028430702454117118j),(0.011907960616968603-0.0011485787013523928j),5397500000
(-0.4979346404412738-0.029022530136142054j),(0.012063007520718465-0.0010947011998979498j),5397750000
(-0.49503325648040625-0.021454407190418447j),(0.011841622502298218-0.0014093425352428466j),5398000000
(-0.49672646152189925-0.026119535424831242j),(0.011829621009692782-0.0011421500013485304j),5398250000
(-0.49760242435279106-0.028010384065468692j),(0.011900789221084965-0.0012588311777647011j),5398500000
(-0.4949678724264711-0.022962702989907612j),(0.011940419336662645-0.0011304346624085933j),5398750000
(-0.49339018912824356-0.021056610803671327j),(0.011806019176216239-0.0012259414578387928j),5399000000
(-0.4938612608715731-0.022747975823292715j),(0.011924260728705477-0.0014668373026131961j),5399250000
(-0.4951545033671571-0.024586334293420147j),(0.011820262520065856-0.001338884081667558j),5399500000
(-0.49696935719500174-0.0253562372532576j),(0.011810466040853446-0.0011783041477626583j),5399750000
(-0.4958318029553308-0.025956207843296435j),(0.011952805886924742-0.0012224682189162775j),5400000000
(-0.4934045531526574-0.02044465114069421j),(0.0118216519543134-0.0014061168288801843j),5400000000
(-0.49409539138733827-0.021706066438981726j),(0.011954139130171598-0.001382075471988502j),5400250000
(-0.4959142306592911-0.026595438195637987j),(0.011862689192689558-0.0012346457804809407j),5400500000
(-0.49172512517911926-0.020788790499490988j),(0.012029688490661881-0.0015657283616050351j),5400750000
(-0.4912183177443246-0.01730801880541063j),(0.011780468794449144-0.0014740775400003524j),5401000000
(-0.4910857929436833-0.02030069273700045j),(0.01175031472600789-0.0014619298027158019j),5401250000
(-0.4925572739809241-0.020161116093542805j),(0.01175170852178119-0.0015188537422349006j),5401500000
(-0.49019204286444706-0.019170754471677275j),(0.011860165316308457-0.0016083721649446442j),5401750000
(-0.48959169367864736-0.016849887567722314j),(0.01185363365099051-0.001448360339462915j),5402000000
(-0.48887544177257597-0.017571361518447542j),(0.011769389719077056-0.0014314210181199287j),5402250000
(-0.4887568504530604-0.01643856202448457j),(0.011918801452003901-0.0017337042037434151j),5402500000
(-0.4900490063150874-0.018888108555896232j),(0.011945625463730698-0.0016928672680158645j),5402750000
(-0.4882295189719685-0.014511224077999088j),(0.01173878457139519-0.0016339533059433874j),5403000000
(-0.48885365919062346-0.017338700359716224j),(0.011707570014251146-0.0015716372489334995j),5403250000
(-0.48628159243873553-0.013584715203303361j),(0.011860521853917536-0.0015414934584454926j),5403500000
(-0.4859795097215054-0.014024236695654916j),(0.011770945064322658-0.0015402096474747642j),5403750000
(-0.4853625469105279-0.011931846479576697j),(0.011814267273728295-0.0015798725499509615j),5404000000
(-0.48634049248542066-0.01472573308995763j),(0.011824336858079322-0.001577543164988524j),5404250000
(-0.48579520967750006-0.014191773175439959j),(0.01175944463442802-0.0017758492192582712j),5404500000
(-0.4834268547183188-0.010369505935348303j),(0.011783502029588479-0.0018801414308632657j),5404750000
(-0.4859098866989398-0.014278886515713372j),(0.011877390265274441-0.0018404146319705953j),5405000000
(-0.4832934721093508-0.010665419896833154j),(0.011812474486800608-0.0018277477099132634j),5405250000
(-0.4845263963424454-0.012968311616822421j),(0.011626825397309578-0.0018297541144246606j),5405500000
(-0.48477271900199564-0.012425342655455323j),(0.011724342669638132-0.00184061842412878j),5405750000
(-0.4824197682831397-0.00680646138924416j),(0.011658177902072865-0.0018326069176075035j),5406000000
(-0.48373048194440915-0.01163918716498266j),(0.011798132154606135-0.0019121550741568313j),5406250000
(-0.4820327644024671-0.006888393888840785j),(0.011612516002708344-0.0018989635601994487j),5406500000
(-0.4851635773563384-0.012846320620456056j),(0.011854650256925314-0.001792149030540674j),5406750000
(-0.4815823106959097-0.005732011825841874j),(0.011540220685164746-0.0020311861787276346j),5407000000
(-0.4826796888716486-0.007390163608933227j),(0.011612898586169899-0.0021587303633274885j),5407250000
(-0.4821109876034475-0.006669546674583252j),(0.011821873106949961-0.0020431094496808325j),5407500000
(-0.4822470394535787-0.006952037208138967j),(0.011713917633425403-0.0020981774269119378j),5407750000
(-0.48162372218038496-0.006459976137620727j),(0.011595309215783993-0.002032816149512243j),5408000000
(-0.48073709886465127-0.004768690523512885j),(0.011773618943536396-0.0019859204694395415j),5408250000
(-0.4820284223710529-0.007452833898919397j),(0.011737601802478195-0.0021798138480410203j),5408500000
(-0.4793752827828644-0.00287080419737624j),(0.01171207856870839-0.0021581718143484975j),5408750000
(-0.48079633662391413-0.0024723069898344805j),(0.011713764123046038-0.002262740424709573j),5409000000
(-0.4775809467223288-0.0013753155717072453j),(0.011660534671764113-0.0020598093940769014j),5409250000
(-0.4799379138414851-0.0016481014512901677j),(0.011626703084486293-0.002312070310144316j),5409500000
(-0.4803050519301694-0.005043195369200386j),(0.01171411586856021-0.0021442177443945034j),5409750000
(-0.47835113391665496-0.0008831733731642632j),(0.011562834408125267-0.0021100405493803846j),5410000000
(-0.4784278273544005-0.001607881088262561j),(0.011599603309479777-0.002198517065862945j),5410250000
(-0.47824462834288245-0.0021395288115994408j),(0.011556100391392493-0.0022221231162203284j),5410500000
(-0.4774501763549845+0.0011855003584021406j),(0.01156929250505328-0.002375368735624143j),5410750000
(-0.47597755307240047+0.0023525068366135504j),(0.01150450749804394-0.0021038351247807457j),5411000000
(-0.47637245031387476+0.0025955256297850106j),(0.011471301703480928-0.0022933625658969276j),5411250000
(-0.4771964428597432+0.0012899989324968713j),(0.011549124399404698-0.0022462031931775647j),5411500000
(-0.4767960769202565+0.002642664184103107j),(0.011529914987007906-0.0021978934834462065j),5411750000
(-0.47922288135349644-0.0006148964411727766j),(0.011534550439495497-0.0022071636219762308j),5412000000
(-0.47616493610125193+0.0029128997340363985j),(0.011402145709228194-0.002373499098020075j),5412250000
(-0.4755601953419775+0.005606111203044462j),(0.011480516079411864-0.002349550997371462j),5412500000
(-0.47654206762982565+0.0033181799444069607j),(0.011474155261421128-0.002263763638638596j),5412750000
(-0.4743502181949984+0.006977372096018129j),(0.01151106508497953-0.0023638715176031743j),5413000000
(-0.4737798349790429+0.00774318109989169j),(0.011562167246731786-0.002400209143285012j),5413250000
(-0.47360662513257923+0.005440502876509318j),(0.01143528890621973-0.0023376837881210074j),5413500000
(-0.47471450528431236+0.007206965433828264j),(0.011321124939406887-0.0024066864086774997j),5413750000
(-0.4743034734313984+0.00682600651658859j),(0.011284518647273459-0.002357382049437095j),5414000000
(-0.47075249649760387+0.0116854006377729j),(0.01136344287072217-0.00264587587135417j),5414250000
(-0.4748770737059844+0.00675669842786325j),(0.011421398709089616-0.002544041788930366j),5414500000
(-0.47075698326859294+0.013321637697454796j),(0.011289610224598144-0.0026139059032597393j),5414750000
(-0.47361836804126994+0.008037666205933333j),(0.011335130378416542-0.002402967385025759j),5415000000
(-0.47000124019204237+0.009164349852845054j),(0.011417269500861908-0.0025097399307259932j),5415250000
(-0.4703602216737322+0.01189903650915877j),(0.011255418165538697-0.0025274680021168815j),5415500000
(-0.4715809335545564+0.010968109606641041j),(0.011446156424613503-0.0026791594009608994j),5415750000
(-0.4712519581585886+0.011317158448597514j),(0.011289717175172968-0.002563574554501591j),5416000000
(-0.4702149799539165+0.011660258002540485j),(0.011294229473092988-0.0024262813988207167j),5416250000
(-0.4702064090349143+0.013308531731429965j),(0.011320243060245939-0.0024224610627993043j),5416500000
(-0.4715144195900371+0.011061399486748119j),(0.01125306050516864-0.0024773348125539585j),5416750000
(-0.46961663778378415+0.013111332887429836j),(0.011405992297311386-0.0025592225956362407j),5417000000
(-0.4673972278332482+0.018477918528351598j),(0.01112726402898876-0.0028446864418013055j),5417250000
(-0.46842155389959306+0.013331544624887311j),(0.011189314401000175-0.002587755444564259j),5417500000
(-0.46947087350239164+0.0145789781670997j),(0.011175866835625091-0.0026416764757067612j),5417750000
(-0.4703259901718491+0.013652934082381149j),(0.011184405492613658-0.0027200374480330467j),5418000000
(-0.46861249499765845+0.014754815367173203j),(0.011011399500855341-0.0026926006862523456j),5418250000
(-0.4692994046458516+0.016409235260580232j),(0.011036497521662492-0.00259979641481146j),5418500000
(-0.4696165047941845+0.014449270905033767j),(0.011211050328980147-0.002649904585705595j),5418750000
(-0.46760575251759706+0.01778899577097249j),(0.01104154270551623-0.0026415368648817013j),5419000000
(-0.46910171324122835+0.01348159696663427j),(0.011195702195736408-0.002627896519208887j),5419250000
(-0.467114612978646+0.01763875722695832j),(0.011142577920293498-0.0026471466734210216j),5419500000
(-0.4680829771646117+0.018321370182272645j),(0.011315238576170243-0.0027812930334511704j),5419750000
(-0.4659852770937972+0.020110467861697668j),(0.011151123112708588-0.0027194093601711987j),5420000000
(-0.46643714809014264+0.020517216156084473j),(0.011078026092577787-0.0027590404226833895j),5420250000
(-0.46678143827522134+0.017325792749228564j),(0.011109162086790343-0.0026387248361380905j),5420500000
(-0.46603106470049105+0.0190513497153049j),(0.011017711782205421-0.002727713378476648j),5420750000
(-0.4658175357146296+0.019457014174408364j),(0.011171192550566205-0.0026921714301690013j),5421000000
(-0.465756704662448+0.018031799299724992j),(0.011015544941475636-0.002817093654668912j),5421250000
(-0.46535710373358763+0.020576581879876363j),(0.011219735966526624-0.0027819623094059017j),5421500000
(-0.46403138500168034+0.018857180194482365j),(0.011323650367462156-0.0028910712163372028j),5421750000
(-0.462076939422997+0.023810452450147086j),(0.011094881555751376-0.0028969605489351756j),5422000000
(-0.4667355750932135+0.02005682950943617j),(0.010986669931219231-0.0027959491691688402j),5422250000
(-0.4612739670894657+0.02556321668820581j),(0.011202357851095445-0.0028104440079893735j),5422500000
(-0.46378902613965356+0.02168371816585791j),(0.01106690387951495-0.002902428027688062j),5422750000
(-0.46322982654795275+0.02141620323203025j),(0.011107059606438542-0.002745319733877681j),5423000000
(-0.4628085379042162+0.026338819409366408j),(0.011219852129495665-0.002998540007652169j),5423250000
(-0.46332236904024854+0.02109931238878975j),(0.011192022211725439-0.0029861143590994635j),5423500000
(-0.46296337408093235+0.022578163353948653j),(0.011171416763907099-0.0028687749627802532j),5423750000
(-0.46255541660815397+0.02550457896595721j),(0.01111128026301974-0.002858291058100885j),5424000000
(-0.4598838948231457+0.027503614588375313j),(0.011193722294864976-0.002970998897923187j),5424250000
(-0.4619489140403487+0.02462678761993889j),(0.011128066697029527-0.003130947696084207j),5424500000
(-0.4610614978939474+0.027430370522788697j),(0.011159330304855969-0.0029174881943298927j),5424750000
(-0.45910560217247354+0.03231330288480236j),(0.011327272701376331-0.0029403881736080432j),5425000000
(-0.4552145191859245+0.03882305624331267j),(0.010879410410564564-0.003312190397102565j),5425000000
(-0.4591239014023747+0.029176980108826557j),(0.011135565178269503-0.0031675597074968228j),5425250000
(-0.45723092734277937+0.03199776394723968j),(0.011062615733084126-0.0029910723929260944j),5425500000
(-0.4602774794368785+0.028145118426628424j),(0.011210083592409785-0.003151218166059618j),5425750000
(-0.4591263117398959+0.028913709646732302j),(0.011136980529101231-0.0031867858927989478j),5426000000
(-0.4573162071996592+0.03316341101897271j),(0.011066977948971003-0.003276123263514643j),5426250000
(-0.4575894598896141+0.0282759044572139j),(0.011182992661622641-0.0032571430746509626j),5426500000
(-0.455967681688797+0.03127908434350582j),(0.011029493758864256-0.003252566820236285j),5426750000
(-0.45809219490353087+0.029354401799186268j),(0.011220011825202587-0.003208192409272452j),5427000000
(-0.4577762110520626+0.03077703599311431j),(0.011091580278211785-0.0031828229631989343j),5427250000
(-0.4574990576539225+0.03137321323886302j),(0.011032063529105192-0.0034294665125998215j),5427500000
(-0.4570600824757329+0.03283694046996801j),(0.011152917149475687-0.0033081419200041194j),5427750000
(-0.45701132971720404+0.03245533798678101j),(0.01098889058429953-0.00323493706244834j),5428000000
(-0.4556818711701924+0.0340091691533707j),(0.011090056474188315-0.0033228925277471277j),5428250000
(-0.4553092319959901+0.03480778505612477j),(0.011183072987683155-0.0033714004957905077j),5428500000
(-0.4549216393605085+0.03480849560505994j),(0.011057082950527486-0.0033802012630141267j),5428750000
(-0.4539921969954064+0.03744856395375531j),(0.010910513042356258-0.0036049364109294194j),5429000000
(-0.45576392857562653+0.033999060189883884j),(0.01110576928932544-0.0035544562917570227j),5429250000
(-0.4563658869827521+0.03137693169809076j),(0.01115692120508592-0.003473237506159134j),5429500000
(-0.4537733644608528+0.036530246320409916j),(0.010845468963314609-0.0037161500821086017j),5429750000
(-0.4534227749968593+0.035502248097714004j),(0.010913965421071542-0.0035242927484343154j),5430000000
(-0.4522860886492151+0.03939403797557056j),(0.0109730451412907-0.0035404695039093033j),5430250000
(-0.4537649699162365+0.03934660450839888j),(0.010930584999584169-0.0035006629161134684j),5430500000
(-0.451603574340152+0.040454292992396945j),(0.01108137104159163-0.0036133407834835875j),5430750000
(-0.4514420945292615+0.03831494148167169j),(0.010898874894535206-0.0036538839957449224j),5431000000
(-0.45157737716255597+0.03769769662499977j),(0.011076089723973347-0.0036085716137255557j),5431250000
(-0.44982034631965545+0.04095814348201674j),(0.010883940179403143-0.003817517072122805j),5431500000
(-0.45137580995441196+0.03881209305226639j),(0.010917339012589941-0.0038227749178789236j),5431750000
(-0.4501830581997718+0.039521777729480075j),(0.010791641740736574-0.003736231540113966j),5432000000
(-0.4487690935550168+0.043913983803007796j),(0.010885120655193939-0.00372258880994214j),5432250000
(-0.4497219057489678+0.03971606442650919j),(0.010943953062183046-0.0037425143245532213j),5432500000
(-0.4494502386510036+0.041679448191143616j),(0.010749792449456437-0.003895927562312407j),5432750000
(-0.4493764901483552+0.04102446267120743j),(0.010808502097267228-0.003805004735058518j),5433000000
(-0.4475124129217732+0.04495022189550309j),(0.010854938216464528-0.0038448747112034788j),5433250000
(-0.4510039497103031+0.038425931633371484j),(0.010920755457876455-0.003761841844368497j),5433500000
(-0.44765005040726413+0.04761015543811188j),(0.010788042983801958-0.0039004641849715773j),5433750000
(-0.4468521444848732+0.048096052142059434j),(0.01070232040115347-0.004023686695630671j),5434000000
(-0.4483727331613605+0.04504423592978088j),(0.010694362003206297-0.003946785184992277j),5434250000
(-0.4463084709009319+0.050610280397661196j),(0.010492952084349388-0.004227149607408913j),5434500000
(-0.4437837361924584+0.05262576829873283j),(0.010777961048028804-0.00395535338213671j),5434750000
(-0.442859355504998+0.05332944738945392j),(0.010594018332575913-0.0041813877204616j),5435000000
(-0.4457398427547865+0.04707757173432671j),(0.010557284298422707-0.004080427707915839j),5435250000
(-0.4475597546326824+0.04297371006157535j),(0.010803414535509892-0.003977233794920663j),5435500000
(-0.4386537685296754+0.06534114352072697j),(0.010508241217020386-0.004440848530788968j),5435750000
(-0.4434012518282729+0.05093181806004581j),(0.010476539936392866-0.0043207495829854685j),5436000000
(-0.44157891984663794+0.05660196614912694j),(0.010675833596394525-0.0042483325841848035j),5436250000
(-0.44481439171920995+0.04614412070237824j),(0.010882389644918741-0.0038356869316680284j),5436500000
(-0.4376652871509009+0.06627838900835507j),(0.010465040553075863-0.004411074333398248j),5436750000
(-0.44099498758667227+0.056670569318332455j),(0.010678661938953284-0.004344069075623736j),5437000000
(-0.4397555863562772+0.05792979357673983j),(0.010558835358542476-0.004143768360772246j),5437250000
(-0.44034849465238146+0.05811283439519169j),(0.010610250863626727-0.004378960916981937j),5437500000
(-0.4404770731057444+0.05468594144059551j),(0.010626078152062521-0.00413387153567456j),5437750000
(-0.4399970062708359+0.0590790609771361j),(0.010550027049366657-0.004365177536676831j),5438000000
(-0.444461439518274+0.04485577904296349j),(0.010742673381162825-0.004010468274420738j),5438250000
(-0.43638033003039883+0.06625587807207414j),(0.010154045759372761-0.0044419646115825846j),5438500000
(-0.43779918134709456+0.06082936434325156j),(0.010426462761707025-0.004452674680212023j),5438750000
(-0.43921409698607866+0.05602271823557738j),(0.010541286872155947-0.004453656497771079j),5439000000
(-0.44166639957373+0.051079867434099945j),(0.010432662475553354-0.004092529783082055j),5439250000
(-0.43960827294858545+0.058031809307024264j),(0.01044982732974558-0.004388357260418574j),5439500000
(-0.43485832740293084+0.06420913381286993j),(0.010198718285000363-0.004630100866697354j),5439750000
(-0.4382536039182632+0.058841903878482j),(0.010173327728336132-0.0046460667508281175j),5440000000
(-0.43938563407948955+0.056992400766735424j),(0.010430949233659465-0.004425548859675529j),5440250000
(-0.4425018319040023+0.04740469718257265j),(0.010438201257854354-0.004287613441840593j),5440500000
(-0.4340725170814078+0.06572331502918957j),(0.00989031790506761-0.004879826663462996j),5440750000
(-0.43661681932338575+0.06019044757334997j),(0.010049289880960932-0.004667165519409253j),5441000000
(-0.43817059108308243+0.056655632269719855j),(0.010145329710415294-0.004776047087559902j),5441250000
(-0.436549251741742+0.060477652656776223j),(0.01018099195080668-0.004658339366707719j),5441500000
(-0.43804309674538017+0.05503989361076826j),(0.010031052914060878-0.0048236331017312995j),5441750000
(-0.43742820021731943+0.05324544143371529j),(0.010044458207257466-0.004621370223290561j),5442000000
(-0.43628723974511524+0.05718204638554045j),(0.009997256736452388-0.004621526449993362j),5442250000
(-0.4389952488830416+0.05035425428457392j),(0.010195510065545853-0.004775485355647433j),5442500000
(-0.4335255857888009+0.06429402510607571j),(0.00981233811522567-0.005029256263835486j),5442750000
(-0.4389882638382691+0.04813450366945153j),(0.010173690172206724-0.004607318301933447j),5443000000
(-0.43596213027483643+0.05591547356838391j),(0.010112202733017299-0.00477117333199499j),5443250000
(-0.4330314275166549+0.0662934254728778j),(0.009860056960747937-0.005042909097228399j),5443500000
(-0.4342380529355277+0.05740550213187128j),(0.009959509536274527-0.004764085243329184j),5443750000
(-0.4347013551200074+0.06188882823433487j),(0.00999482643499429-0.004813379603198325j),5444000000
(-0.4370479985013692+0.05064266333209306j),(0.010134598265942443-0.004715134934923008j),5444250000
(-0.4346657049941249+0.059881258088600765j),(0.0099390549613833-0.004811422002355857j),5444500000
(-0.43193793273858627+0.06762820056805588j),(0.0098436754657327-0.005049832878063425j),5444750000
(-0.43415659580668914+0.0621867921223686j),(0.009867434846387378-0.004795961376133017j),5445000000
(-0.4373856399559858+0.04963514749151728j),(0.010179126116066813-0.0046225683974945074j),5445250000
(-0.43454243059722986+0.06020743875920489j),(0.009994356291661413-0.0046117035384785j),5445500000
(-0.43126050487178014+0.07558467087264956j),(0.009620633211847135-0.005040352171208541j),5445750000
(-0.43626055621284054+0.05319068614247832j),(0.01009446810355377-0.004536259583899717j),5446000000
(-0.4314731979734346+0.0742418137371583j),(0.00974494209574265-0.0049285184409344675j),5446250000
(-0.43301142765411327+0.0660845919284205j),(0.00992084664267143-0.004863726964763045j),5446500000
(-0.4331231306771028+0.06216995984436592j),(0.009778480844441315-0.004782969323043677j),5446750000
(-0.43657917379663463+0.04991139469931527j),(0.00989621902964951-0.0043962534399625535j),5447000000
(-0.43246946978755346+0.05858801609136955j),(0.009874437759276131-0.004753402926199426j),5447250000
(-0.4276298637270011+0.08214046786499546j),(0.009643140278914825-0.005209914307752243j),5447500000
(-0.43468318149103014+0.05066922918651536j),(0.01002387509822264-0.004388793305461213j),5447750000
(-0.4305846937717343+0.06967393561783504j),(0.009833816804811902-0.004746863804093714j),5448000000
(-0.4316617455037416+0.06383133386701749j),(0.009995887693848448-0.004778399051659378j),5448250000
(-0.4316089908811568+0.0635741617904775j),(0.009879643371868481-0.004730661419939695j),5448500000
(-0.4322224308746624+0.06278542381691268j),(0.009772769104394882-0.004814144679452714j),5448750000
(-0.43061900200520814+0.06900806379125451j),(0.009739839835227972-0.005033998705620981j),5449000000
(-0.429824416620032+0.06879845244285303j),(0.009745919835990815-0.004961764147355111j),5449250000
(-0.43006655134655514+0.06488698752271224j),(0.009708402010930718-0.004978624891449397j),5449500000
(-0.42763798895895794+0.07433781579961078j),(0.00971587945246215-0.004948585773239154j),5449750000
(-0.4295867001394656+0.06525522288275316j),(0.009723956068542563-0.004862310206679953j),5450000000
(-0.4286466105109741+0.0686599458316241j),(0.009811544431504435-0.0050156427062551185j),5450000000
(-0.4279604804158037+0.07044471143896266j),(0.009649875593977343-0.005073785484567573j),5450250000
(-0.4284923760257138+0.07292479503341821j),(0.00971733727148404-0.0050017049828198065j),5450500000
(-0.42807115008750457+0.07142782606856451j),(0.009683509664733896-0.0051369065508254175j),5450750000
(-0.4256889389905036+0.07757394948252289j),(0.009584068683816558-0.005086466301871151j),5451000000
(-0.4252987189817188+0.0724529644422108j),(0.009542549308355968-0.005361328217955068j),5451250000
(-0.4254363662998217+0.07554259729609283j),(0.00958847349531206-0.00532265065163847j),5451500000
(-0.42752287660138716+0.06935968209257423j),(0.009576580609105831-0.005299887432462376j),5451750000
(-0.4237072631328608+0.07852324401459979j),(0.00972689849097973-0.005382690715473133j),5452000000
(-0.42552392017072366+0.07253857259066189j),(0.009424002549754527-0.005442399317519814j),5452250000
(-0.4223687613297191+0.07846066287991607j),(0.009496723151345443-0.0055043886696020655j),5452500000
(-0.4223152719959585+0.07731025753782766j),(0.009445763782201458-0.00545307494955218j),5452750000
(-0.4213083699776154+0.0761655529399989j),(0.00948566418893859-0.005436690801069606j),5453000000
(-0.4233080136329084+0.07681854309813402j),(0.00963628488257146-0.005478801616591415j),5453250000
(-0.42031691636669427+0.07939116233706878j),(0.009451929849393614-0.005653053609113879j),5453500000
(-0.42061770240864954+0.07878665376543187j),(0.00941045424239035-0.00567048031338228j),5453750000
(-0.41982428900188534+0.08032695595745759j),(0.009448701298909805-0.005669406049367458j),5454000000
(-0.4198754261212389+0.07974045364625969j),(0.009481017205001413-0.005706375643779306j),5454250000
(-0.4211260154726+0.0778316595719198j),(0.00955688560547218-0.005723303677284108j),5454500000
(-0.41837145035602835+0.08410525944560142j),(0.009502046808060065-0.005702542268989696j),5454750000
(-0.41817649859624856+0.08460905910729176j),(0.009311703269200696-0.005768757676735212j),5455000000
(-0.41958921088087686+0.07495223887202118j),(0.009643233096353758-0.0057189291936753355j),5455250000
(-0.41625534845519624+0.08629275504419923j),(0.009425733700145439-0.005919858517188672j),5455500000
(-0.41850185818706725+0.08105345793003539j),(0.00929766035558906-0.005761680312667479j),5455750000
(-0.4183855788544611+0.08060283824207291j),(0.009357870317706364-0.005663180751404787j),5456000000
(-0.4184533500675846+0.08430960966088925j),(0.00906100115206385-0.0059422131122033005j),5456250000
(-0.4178093426488113+0.08588044897992564j),(0.009290623771879203-0.0058975504003824135j),5456500000
(-0.4165527164049821+0.08161828543517409j),(0.009094968872951702-0.005769815337896897j),5456750000
(-0.41635223481977907+0.0842186280346137j),(0.009216356854878491-0.005796703189956879j),5457000000
(-0.4155824388716392+0.08672795605375135j),(0.009258692359929805-0.005908291926067525j),5457250000
(-0.4154681669017444+0.08223711550708486j),(0.009245511443635532-0.005961070249847349j),5457500000
(-0.4152342292447296+0.08305206181273554j),(0.009189734988804087-0.0059851999360761255j),5457750000
(-0.41573532119695117+0.08338065800410424j),(0.00919726484456693-0.005958838352848161j),5458000000
(-0.41500341389034295+0.08613229461565185j),(0.009118077874237122-0.006052364658596713j),5458250000
(-0.4140784223504471+0.08610729881680387j),(0.009077634838499344-0.005989650870758776j),5458500000
(-0.4146617744501528+0.08328821445915537j),(0.009114388851307347-0.006036106018417641j),5458750000
(-0.4121471765407308+0.08988804227502382j),(0.009098591428419794-0.006043858725313105j),5459000000
(-0.41327930420529624+0.08530784298969785j),(0.009132184612437243-0.0059758828161482905j),5459250000
(-0.4119601013035551+0.08643625146501908j),(0.009022883195436116-0.006044796605820651j),5459500000
(-0.41230036331105807+0.0863178632158614j),(0.00896699413512967-0.006092966635982202j),5459750000
(-0.41150799678179006+0.08718521089676505j),(0.008967109142532324-0.006170811725668139j),5460000000
(-0.4121754519454638+0.08936909626788836j),(0.0089216876269103-0.006226856050938843j),5460250000
(-0.41202342100458933+0.08689124248460002j),(0.008861854297945537-0.006156392089845841j),5460500000
(-0.411107623321583+0.08910615858658773j),(0.008755500984579622-0.006292169848634253j),5460750000
(-0.4118254132058998+0.08605355220939903j),(0.008760083633360317-0.006259563496390999j),5461000000
(-0.41080088224993255+0.0896218103573226j),(0.008806651416177284-0.006304250078100439j),5461250000
(-0.40901383779253464+0.09220252106754888j),(0.008694175018706469-0.006394603047666119j),5461500000
(-0.41113985124275365+0.09140222393102825j),(0.008659516123823442-0.006536209379305684j),5461750000
(-0.4108933443953308+0.08898337462356762j),(0.00863750815969881-0.006447083981267465j),5462000000
(-0.41112026146356834+0.08858970897690903j),(0.008614306090184322-0.006279261022849616j),5462250000
(-0.4087739055229818+0.09439479681480449j),(0.008703729563208777-0.006482913959815285j),5462500000
(-0.4083550952381474+0.08979048053919583j),(0.008634046203002805-0.006473637913678026j),5462750000
(-0.40879058629952647+0.08994291938774333j),(0.00843549145383079-0.006502799818585859j),5463000000
(-0.4083160032649484+0.09278372425563958j),(0.00840891910546507-0.0064803188036341944j),5463250000
(-0.4070784030837696+0.09406336616332002j),(0.008536569811511015-0.006495627295389296j),5463500000
(-0.4089997455140858+0.0958294560867275j),(0.008431556783457495-0.006561640597981885j),5463750000
(-0.40868433294510476+0.09335740775402732j),(0.008352261635059149-0.00668661179912625j),5464000000
(-0.4060685302452404+0.10002460248093825j),(0.008340699446986325-0.006643775761200976j),5464250000
(-0.4069637300192558+0.0949477291901734j),(0.008245469840349186-0.006796103595788361j),5464500000
(-0.406359382656828+0.09863260297995079j),(0.0081716815172905-0.006730991916539836j),5464750000
(-0.40614939882388884+0.09584507552882227j),(0.008327248652092068-0.006797041025088643j),5465000000
(-0.4070866812572391+0.09621586859543256j),(0.008255718192537426-0.006715849727194269j),5465250000
(-0.4046697653537966+0.09703530556480502j),(0.008235107998290477-0.006733453173457169j),5465500000
(-0.40573003214718073+0.0975801031292699j),(0.008151987251615696-0.006729500602297545j),5465750000
(-0.4051209926875506+0.09724081105653165j),(0.008151106111688457-0.00679192620289569j),5466000000
(-0.40439888103325405+0.09481798962538482j),(0.008144582969690863-0.006645080363643939j),5466250000
(-0.4053745885226577+0.09650313518663517j),(0.00805421816033861-0.006812458979818876j),5466500000
(-0.40497737812563067+0.09588566674382813j),(0.008133712418081153-0.006806676315469195j),5466750000
(-0.4042881876093083+0.09559666481398739j),(0.008218377027439903-0.006790150950536516j),5467000000
(-0.40300850434750257+0.0970219842851081j),(0.008010572502278903-0.006877261327154783j),5467250000
(-0.4012765891562876+0.10105390045741694j),(0.007993247902354393-0.006749214570823315j),5467500000
(-0.4040057771775373+0.09839842059733034j),(0.00800661938025274-0.006927262589450631j),5467750000
(-0.403076909587665+0.0969185790016666j),(0.008024018176298438-0.00676298596504945j),5468000000
(-0.40067937398855236+0.10316194000451784j),(0.007869542093627464-0.006807369706727156j),5468250000
(-0.40138630652619456+0.0978221285485087j),(0.007858622293311709-0.006811885795938201j),5468500000
(-0.40214621428889+0.10140229984971706j),(0.007848064294112821-0.006929920490436231j),5468750000
(-0.40033541667517875+0.09804686027675093j),(0.007894289509462566-0.006959735565053886j),5469000000
(-0.39945833120547863+0.10047340779154472j),(0.007793936212056081-0.006947573544317599j),5469250000
(-0.4002134788427167+0.10016161708964183j),(0.007790261881881988-0.007056696157556209j),5469500000
(-0.4001236595563325+0.09996177533141021j),(0.007785385551903042-0.006863364935354313j),5469750000
(-0.39954861839572137+0.10043290740895432j),(0.007794240560502411-0.006881529461710282j),5470000000
(-0.3979096608054214+0.10072636513477741j),(0.007693652856752516-0.007033818837841172j),5470250000
(-0.3976427430366172+0.10451790254602807j),(0.007644569390216101-0.006912456378527027j),5470500000
(-0.3980059813710414+0.0988308546542445j),(0.007754808859898028-0.006957383759465151j),5470750000
(-0.39674441666138494+0.10086863541073085j),(0.007579469016237238-0.006952316256759959j),5471000000
(-0.3979966690760265+0.10012232079415546j),(0.007564902260815066-0.006852200970655029j),5471250000
(-0.39665394615831884+0.10504360834111576j),(0.007529690041007617-0.006969482044141447j),5471500000
(-0.3958152671408682+0.10285545364438853j),(0.007388354458480893-0.006986184683581544j),5471750000
(-0.3961240772260025+0.10132455481969013j),(0.007378394987054571-0.007073319290558993j),5472000000
(-0.39687915644792093+0.09805963673614537j),(0.007297808394886926-0.006935816110300668j),5472250000
(-0.3958299615764116+0.10273864518050513j),(0.007365890667380041-0.006957301247448978j),5472500000
(-0.3968013499500139+0.10694600871537008j),(0.0072085203695866455-0.0068889005077295866j),5472750000
(-0.39602171975898476+0.10237315843066326j),(0.007141244226973747-0.006881032209874269j),5473000000
(-0.39500033820581704+0.10451468979397796j),(0.007161582008273481-0.007062581349662689j),5473250000
(-0.39435767490334983+0.10958975315808818j),(0.006964925962113363-0.006980775534284866j),5473500000
(-0.3954776563434843+0.10571099731389644j),(0.007240780673512742-0.006966306582917693j),5473750000
(-0.39427216658708736+0.10472219115394353j),(0.007063396381742611-0.0069470743488360956j),5474000000
(-0.3953055687463751+0.10492126041821304j),(0.007089457488264083-0.006991664351847634j),5474250000
(-0.394335522855646+0.10850458068930868j),(0.007009676498208921-0.006931213180593117j),5474500000
(-0.39412248626682905+0.1064749816942878j),(0.006906527184202149-0.006975114917502559j),5474750000
(-0.39275014002022485+0.10859946810401978j),(0.006751038199149423-0.006923873824873904j),5475000000
(-0.39334206613870387+0.10881774670865063j),(0.0066553496848510115-0.0070493847535636495j),5475000000
(-0.39326260780096706+0.10622903801666432j),(0.0068373509951846-0.007064564812036457j),5475250000
(-0.39306425719534593+0.10747403157158146j),(0.006526403503384985-0.007016065641799265j),5475500000
(-0.39089817670426646+0.10881666232417998j),(0.006657749598665604-0.006981622942300726j),5475750000
(-0.3912992059809447+0.10653243583047922j),(0.0067185607660248-0.006820223906653021j),5476000000
(-0.3913918465734322+0.10836825182561893j),(0.006423745527538062-0.007084315444780691j),5476250000
(-0.39139819751854404+0.10560232945246499j),(0.006533463658620174-0.006911242149094195j),5476500000
(-0.3920174843577098+0.11223528433120465j),(0.006617670530505844-0.007069124933943939j),5476750000
(-0.39162261592738035+0.10779742888956771j),(0.0064859513469342645-0.007077619231626583j),5477000000
(-0.39204698002769217+0.10899914506672737j),(0.006481224174160079-0.0069923798035029785j),5477250000
(-0.3901081627605821+0.10899645738263862j),(0.006417908845239699-0.007006329620180487j),5477500000
(-0.3895266079478215+0.10952474118056786j),(0.006293246955205606-0.007008579682831793j),5477750000
(-0.38926341899217354+0.11219443687538384j),(0.006191138168472739-0.007088938982579117j),5478000000
(-0.3879137633303094+0.11192600332377747j),(0.00614113988790093-0.006894111594956099j),5478250000
(-0.3878279868061254+0.11104579993435923j),(0.006061293064288081-0.006966902780654539j),5478500000
(-0.3884185871986326+0.10737257239101526j),(0.006239833890333933-0.006914032394430378j),5478750000
(-0.3878018136167293+0.11281680831702716j),(0.006030562068650211-0.007019357582574351j),5479000000
(-0.3874788563144613+0.11035185830663646j),(0.005981785235513274-0.006893912438324301j),5479250000
(-0.38529061117011987+0.11009749646039067j),(0.006000636384628173-0.0069090225880496904j),5479500000
(-0.38659052779027375+0.11291667915978348j),(0.0059816771981022025-0.0070281871715774215j),5479750000
(-0.38553388218729656+0.10875513296265277j),(0.006069393273747447-0.006863292486828823j),5480000000
(-0.386316840260398+0.1128083682541178j),(0.005693431174660106-0.007092082926796215j),5480250000
(-0.385334091559752+0.10992553819904122j),(0.005978052616965037-0.006801625262623193j),5480500000
(-0.38646512926525667+0.11668947298105738j),(0.005745603279434515-0.007027045375194736j),5480750000
(-0.3839733062524397+0.11086165953570966j),(0.005720888785227219-0.00696923118089689j),5481000000
(-0.3833017734151691+0.11365265471780797j),(0.005589550202672421-0.006915835058998918j),5481250000
(-0.38324859030112934+0.11209131752500974j),(0.005591308520260753-0.006887217942120018j),5481500000
(-0.3834913962533178+0.11620221297677606j),(0.005555509993449248-0.006871701476496827j),5481750000
(-0.3830635336398505+0.11420931596386989j),(0.005559568404226173-0.006877131202735086j),5482000000
(-0.38398975031056226+0.10782437933564881j),(0.005586778937831706-0.006776559006431719j),5482250000
(-0.38240693520159824+0.11499804735439072j),(0.005465419867157994-0.006765712939506379j),5482500000
(-0.3824216585858995+0.11504714803215539j),(0.0055203443625916225-0.0068124528449356085j),5482750000
(-0.3809203960266386+0.11904229511337974j),(0.005327295216395675-0.006787067033164019j),5483000000
(-0.3832139997647002+0.11385609819365282j),(0.005580712358028399-0.006623443057379167j),5483250000
(-0.3811348135365632+0.11927753182443737j),(0.0052974458595755215-0.006548120883354154j),5483500000
(-0.3819600571306657+0.11477112851684394j),(0.005274344357575942-0.00655696182775029j),5483750000
(-0.3808527810692024+0.11551448930371058j),(0.005308462218469472-0.00664920042494915j),5484000000
(-0.3804670265778761+0.11897102549324108j),(0.005191119098392806-0.00660602670077827j),5484250000
(-0.3791453860806535+0.1162926717093195j),(0.005212708553616062-0.006414714834550109j),5484500000
(-0.378891406008357+0.11782653150175533j),(0.005061659168126812-0.0064952883443052485j),5484750000
(-0.3791893444277609+0.11491167195838167j),(0.005295269615762811-0.006522027483321491j),5485000000
(-0.3787660872377201+0.1156607129729866j),(0.0050360294406700395-0.006383525164866066j),5485250000
(-0.37848692419175994+0.11852486069367121j),(0.00513453640348816-0.006313323254306198j),5485500000
(-0.377900739472257+0.11727854001396723j),(0.0051068731678573075-0.006406101289895587j),5485750000
(-0.37721790573685293+0.11815079799789731j),(0.004956196676584903-0.006316630936695481j),5486000000
(-0.37711078733702+0.11612988428577217j),(0.005112430985761944-0.006177111677400638j),5486250000
(-0.376468822721143+0.11842691093840109j),(0.005011953989352551-0.0062593429772379045j),5486500000
(-0.37795448628079975+0.11988975914682963j),(0.00508159280031159-0.006198312935302013j),5486750000
(-0.3756737686444607+0.12198302728070368j),(0.004862396453559576-0.006241703804874215j),5487000000
(-0.37561771915425235+0.11661928258929612j),(0.005094271458906971-0.006075366635187306j),5487250000
(-0.37543147700089546+0.12428374103510996j),(0.004883592628974607-0.006160507843700517j),5487500000
(-0.37710303642536147+0.11985379033559912j),(0.005049568491512766-0.006079404940695666j),5487750000
(-0.37516656048590175+0.11965646601441396j),(0.00486701839818995-0.006040477680041155j),5488000000
(-0.3749750247213592+0.11992254504323593j),(0.004898776443921188-0.006039931083733481j),5488250000
(-0.37362232201152146+0.1162371175807985j),(0.004941913576758115-0.005922633941862916j),5488500000
(-0.3738593874580552+0.12458254328436316j),(0.004846559929228682-0.006188610701592545j),5488750000
(-0.37414790812632015+0.11920778252819385j),(0.005076640459841136-0.005855040327490708j),5489000000
(-0.37271798929096034+0.12387844925169927j),(0.004823650372115695-0.0060783810814136535j),5489250000
(-0.3730229743430689+0.11949230512974925j),(0.00494004327719455-0.005952676495276369j),5489500000
(-0.3726504758093887+0.1220665440424977j),(0.004834155426955015-0.005831481591643363j),5489750000
(-0.37151148556467983+0.12529369980650445j),(0.004771170437856838-0.005999851263781164j),5490000000
(-0.3716362039995795+0.11814342676677189j),(0.004905774479862007-0.00590661536431767j),5490250000
(-0.37169646188406585+0.12293141405248081j),(0.004740098534970231-0.005957943196989338j),5490500000
(-0.3702960716145637+0.1212127480547716j),(0.004641729021794447-0.005814596438309039j),5490750000
(-0.370608808086827+0.12215808852530438j),(0.0046085107896996005-0.005922580075687137j),5491000000
(-0.3702204148482642+0.12106150173382689j),(0.004818225390005678-0.0059475330156322165j),5491250000
(-0.3709060831058268+0.1283973975921863j),(0.004660525765998469-0.005794766328414555j),5491500000
(-0.36918909764398405+0.12179204500423065j),(0.004809505964434687-0.005786245156829128j),5491750000
(-0.36929923244456825+0.12377169281255361j),(0.0044448676397469845-0.00579443294250332j),5492000000
(-0.36855838512523026+0.12096711586614793j),(0.004667442897258391-0.005759337238644853j),5492250000
(-0.3680965393679745+0.1230516722357543j),(0.004563975413463124-0.005815711362950998j),5492500000
(-0.3681785730771821+0.12461015740696073j),(0.004669524176902722-0.005877938668068991j),5492750000
(-0.3675977043784714+0.12655072324584277j),(0.004633815699611885-0.005813452261888296j),5493000000
(-0.3673555080051832+0.12314066522118737j),(0.00469846723985624-0.005719578044180702j),5493250000
(-0.3680613650084242+0.12537295636136195j),(0.004724295680905162-0.005672359245636592j),5493500000
(-0.366550946503416+0.1256605112710773j),(0.004648575666726794-0.005598208101348909j),5493750000
(-0.3657135852555629+0.12249486979020537j),(0.00470870921274034-0.0056776318913414735j),5494000000
(-0.3663742692284207+0.12646954253700793j),(0.004644605272208522-0.005663475895031076j),5494250000
(-0.3665583250381884+0.12832537588454943j),(0.004593029845631521-0.005667802085065396j),5494500000
(-0.36587030388228226+0.12890557269864514j),(0.004599734807272689-0.005611127320350708j),5494750000
(-0.36492394462620953+0.12383826261325229j),(0.004739327259448602-0.005454998396766356j),5495000000
(-0.3664876367334112+0.12881966823429658j),(0.004674392085161641-0.005481138708090685j),5495250000
(-0.3652038991376077+0.12713342111389256j),(0.004524509731550944-0.005277283893563534j),5495500000
(-0.3652980752155872+0.13001163433623697j),(0.004768807600979631-0.005419025324541317j),5495750000
(-0.36367566254755157+0.12663591090342713j),(0.004692281925224444-0.005415473049441148j),5496000000
(-0.36429371457921383+0.13173651054210417j),(0.004570661402652395-0.005366124724444278j),5496250000
(-0.36501611459581335+0.13225720848082378j),(0.004699524370561752-0.005332306767879855j),5496500000
(-0.36401113370623817+0.13304606701035737j),(0.004662832005314196-0.005145780468318918j),5496750000
(-0.36384798550230757+0.12983442870721315j),(0.004726920318071207-0.005274205441641413j),5497000000
(-0.36227124897727514+0.12715284230349827j),(0.004749152491948572-0.005141301994949572j),5497250000
(-0.36377947202911837+0.13625121997502554j),(0.00452630101364227-0.005158785595620084j),5497500000
(-0.36124344587398705+0.12860664715872186j),(0.004666973940020612-0.005173845325386163j),5497750000
(-0.3613193609793812+0.130492121958009j),(0.0046356538208078835-0.005000592063068108j),5498000000
(-0.3619254401146849+0.12907270628715423j),(0.0048459826353387065-0.004894555685980619j),5498250000
(-0.36039521453034223+0.13323972016365496j),(0.004790404801956458-0.005098880624697843j),5498500000
(-0.361901254105461+0.13173986223269293j),(0.004805597390581281-0.005141135985950311j),5498750000
(-0.35960796775813014+0.12969220255187783j),(0.004821506318398923-0.004879239657681229j),5499000000
(-0.36094470854032246+0.13370458124543502j),(0.0046588354263483464-0.00505928018998087j),5499250000
(-0.36028350323326425+0.12966898973019206j),(0.004766806629718303-0.0049549436304418435j),5499500000
(-0.35934466274473165+0.13463582192786655j),(0.0046735332362971985-0.004947979600224361j),5499750000
(-0.35916155697975793+0.13338653693701j),(0.004638944637317245-0.004865227684059294j),5500000000
(-0.3592708710978604+0.13336347614237826j),(0.004597848841690025-0.0048465222871367465j),5500000000
(-0.3574256115558327+0.13093277504991535j),(0.004614693847769348-0.004831604658328806j),5500250000
(-0.3593183536298181+0.13325472659217752j),(0.004722268098869747-0.0048018590472246984j),5500500000
(-0.35786965245665525+0.13436743797959985j),(0.004585251422419469-0.004658756465364532j),5500750000
(-0.3573637966651568+0.13131180917715982j),(0.004690500210924564-0.0047930774051585575j),5501000000
(-0.3587089779892567+0.13323807564186085j),(0.004749107879407732-0.004804916168749153j),5501250000
(-0.35766706345452554+0.1356881906044672j),(0.004689986807435011-0.004732899940886231j),5501500000
(-0.35691075665045685+0.13425547504959343j),(0.004697710505999015-0.004771306023564428j),5501750000
(-0.35658080718427965+0.13379491272096422j),(0.0045955639988168005-0.004741738774774216j),5502000000
(-0.35492890748933836+0.13080326443957885j),(0.004779066561622141-0.004704000773823352j),5502250000
(-0.3542569376998143+0.1333934094678168j),(0.004701036493149018-0.004646023031157199j),5502500000
(-0.3548049673323026+0.13413508027735083j),(0.004638713800788536-0.004671743998998603j),5502750000
(-0.3534939445783844+0.13099152081480606j),(0.004728832675690244-0.004471792738233114j),5503000000
(-0.35446015241671663+0.13390697114090933j),(0.004563104116124354-0.004724690824917624j),5503250000
(-0.3537152369398512+0.1340768249642196j),(0.004614252065300358-0.004522744550893639j),5503500000
(-0.35356146273702443+0.13743880991332183j),(0.00465637420977656-0.004619280298459528j),5503750000
(-0.3532690246444338+0.13565535665981454j),(0.004581414567641066-0.004582379995276247j),5504000000
(-0.3526897547812159+0.13443876239029098j),(0.004674569035145482-0.004681256288298543j),5504250000
(-0.35203127728170286+0.13510942199372544j),(0.004804279822872393-0.004597290000147352j),5504500000
(-0.3528048753603599+0.13443833571753905j),(0.00474620132822731-0.004442035104889367j),5504750000
(-0.35293356442137264+0.1373552934026427j),(0.004903100522850292-0.00446567184480872j),5505000000
(-0.35164053854805205+0.13401727577300687j),(0.004776998448474285-0.004404750140637478j),5505250000
(-0.3521182427674914+0.13833310351689881j),(0.004895875828171507-0.004615029764750107j),5505500000
(-0.3506500411204584+0.13148673630803837j),(0.00492681005747103-0.004511049808464741j),5505750000
(-0.3521614147474465+0.1398296070248961j),(0.004934728287356591-0.004561632378005824j),5506000000
(-0.3509885150289963+0.13390989264391975j),(0.005119626710596044-0.004562357865285082j),5506250000
(-0.35119846954685247+0.13752821682528893j),(0.005033870060853402-0.004624913381279355j),5506500000
(-0.3504641233389049+0.13392797481411226j),(0.005144185020223548-0.00458065725238685j),5506750000
(-0.351235297662198+0.13829866788527084j),(0.005180007153981185-0.004440746107596931j),5507000000
(-0.3507895655085319+0.13429920084304592j),(0.0051357662747760074-0.004641628681542811j),5507250000
(-0.3510767419065864+0.13661871922486865j),(0.005125397572263405-0.004595984441260237j),5507500000
(-0.35014591076341106+0.14039993204327217j),(0.005118877356902079-0.004640688405094475j),5507750000
(-0.3500521049006527+0.13742278170124597j),(0.005218930326529982-0.0046693283699024484j),5508000000
(-0.3495817544136093+0.137735374881091j),(0.005278531934700265-0.004600890311048955j),5508250000
(-0.34861450808046+0.1358368452833379j),(0.005452408238031273-0.004713852995963747j),5508500000
(-0.3498778560459597+0.13921386466162414j),(0.005370024414127312-0.004525489168471072j),5508750000
(-0.3493377258173649+0.1391517239935905j),(0.0053400931031959385-0.004563657223310866j),5509000000
(-0.3482412784523637+0.1376353571160539j),(0.005379934365024878-0.004623433250247208j),5509250000
(-0.34787499891808815+0.13994353521497555j),(0.005461501467552025-0.004663168029966143j),5509500000
(-0.34756246999546947+0.13823594106973477j),(0.005379134371500209-0.004614151126000618j),5509750000
(-0.3476287797249628+0.13882393883268276j),(0.00543299840353798-0.00468383197042831j),5510000000
(-0.3479823821080162+0.14031437151639817j),(0.005406291343773715-0.004674755121459739j),5510250000
(-0.34658391287453827+0.13531215262704127j),(0.005521454442699599-0.004564325626364483j),5510500000
(-0.34700559556683513+0.1409675908759247j),(0.005390953725258799-0.004876627728999866j),5510750000
(-0.34702060322573897+0.13980922191124803j),(0.005433607697174917-0.0046815888958872355j),5511000000
(-0.3472982364791663+0.14037681724334786j),(0.00548122707296179-0.004684474429422371j),5511250000
(-0.34626355715092466+0.1398253723438797j),(0.005366896003456846-0.004866687712966902j),5511500000
(-0.34599572455713423+0.14202201098823808j),(0.005371046885659464-0.0046536094868136965j),5511750000
(-0.346260885705531+0.1413526492382733j),(0.005493809396656024-0.0046690989218553915j),5512000000
(-0.3450396728403016+0.13853344930619244j),(0.0056526418731781825-0.004655929962455393j),5512250000
(-0.3459782523510213+0.14084538578067649j),(0.0055319317278666085-0.004682175920177157j),5512500000
(-0.34500547399793086+0.1381057644472693j),(0.005405679146703337-0.004754050190944399j),5512750000
(-0.3438409369139015+0.1403484920570385j),(0.005544493814880602-0.004866227376024369j),5513000000
(-0.34348898994346294+0.13907119360230352j),(0.005482754751025199-0.004804564126100422j),5513250000
(-0.34368766666719114+0.14052370196099429j),(0.005514996110387362-0.004892323624428132j),5513500000
(-0.343198394335804+0.14169012088179628j),(0.005361487212089003-0.004830226286528565j),5513750000
(-0.34249657624288377+0.13990266260957313j),(0.005561261046099084-0.004750170095567717j),5514000000
(-0.343008952231647+0.14180340406992484j),(0.005312544048007611-0.0048632668885311165j),5514250000
(-0.34194754365621466+0.13916805779843522j),(0.005564521222273331-0.004836068600003227j),5514500000
(-0.34208280680139896+0.14285988753528625j),(0.0053566952627946175-0.00502818346477893j),5514750000
(-0.34131562402800414+0.1398706656015579j),(0.0052486269361821415-0.005060531203471729j),5515000000
(-0.34060052211653385+0.1407693264251012j),(0.005511262811376053-0.0049500085856282365j),5515250000
(-0.3416518676786283+0.1434200817285182j),(0.005487247020580089-0.004940375352888206j),5515500000
(-0.3407639285676621+0.13916833277570628j),(0.005457673959052809-0.0049811333495354305j),5515750000
(-0.34076750697179947+0.14170923838961705j),(0.0054673694037155095-0.0049874098315414285j),5516000000
(-0.33979047292820597+0.14144084124868964j),(0.005564760687811907-0.004947677310556228j),5516250000
(-0.33999790375453526+0.14308894218611698j),(0.005593624073547884-0.005044765433426521j),5516500000
(-0.3387102950733983+0.14122332440486773j),(0.005517129768048446-0.005078021345626636j),5516750000
(-0.3391138255551518+0.14507830258565318j),(0.005641494865735541-0.005162728821946352j),5517000000
(-0.3389666925163857+0.14298357318871363j),(0.005616081150207567-0.00507833768240365j),5517250000
(-0.33793636954825035+0.14265128430537247j),(0.005696569555767838-0.005059496444290761j),5517500000
(-0.3372971825133736+0.1433377548686023j),(0.0054559389578680215-0.005214272208612175j),5517750000
(-0.3374921212464177+0.14224915597177204j),(0.005617589552202414-0.005264881935973689j),5518000000
(-0.33662806924102956+0.14418366747182518j),(0.005590081620914968-0.005134891732225568j),5518250000
(-0.33640893242099384+0.1422927914055933j),(0.005645436743965389-0.005196413429333162j),5518500000
(-0.3359249487736985+0.14482386302915082j),(0.005649631502241483-0.00521082431798077j),5518750000
(-0.3356315791264048+0.14262592521976944j),(0.005601088142695773-0.00542279554105502j),5519000000
(-0.3349061625106252+0.1442839469790201j),(0.005691935038602864-0.005360321177951361j),5519250000
(-0.3341565158937179+0.1443795030582961j),(0.005666986068834513-0.005377744025599245j),5519500000
(-0.333747305137456+0.1423297445857527j),(0.005708937902003751-0.005283799016833751j),5519750000
(-0.3342092563300336+0.1452218207512678j),(0.005535622137858133-0.005326077408638737j),5520000000
(-0.3330121494514767+0.14343646788456382j),(0.0056670637632476395-0.005548873518058274j),5520250000
(-0.33346685618989763+0.14611489851182177j),(0.0056247744043423495-0.005376586480057357j),5520500000
(-0.3324517959720973+0.1452133030374061j),(0.0055939654042260305-0.005525946288991573j),5520750000
(-0.3331395583278285+0.14624505398208065j),(0.0056210528955442565-0.00547527559588887j),5521000000
(-0.3327359592632061+0.14594171093898695j),(0.005590861400516381-0.005633209302108991j),5521250000
(-0.33203943494298727+0.14455133297703693j),(0.005665311293726165-0.005372795391291091j),5521500000
(-0.33212470322491733+0.14707230140092584j),(0.005498825450620949-0.00568967210282934j),5521750000
(-0.33169493987886634+0.14646575341920254j),(0.005616228769371039-0.005392879291309704j),5522000000
(-0.33277545701032346+0.14758477869998787j),(0.0054051300823206826-0.005579350893486741j),5522250000
(-0.33098157621578966+0.1469543289679168j),(0.005410496241146299-0.005564054419163515j),5522500000
(-0.3311481016445782+0.1466332038074879j),(0.005444495104038106-0.005592030132744019j),5522750000
(-0.33165722478668225+0.14920924090951984j),(0.00528890595801482-0.005672133577826615j),5523000000
(-0.3307974464170849+0.14684043548060752j),(0.005380629523849882-0.005693210912773602j),5523250000
(-0.330681192166931+0.14794860994255696j),(0.005312137773382944-0.005498179587124786j),5523500000
(-0.33022188731250945+0.14857814077548107j),(0.0052757703982202015-0.005669954413645866j),5523750000
(-0.3305182252066712+0.1489025900096315j),(0.005328501760007255-0.0056599689000060155j),5524000000
(-0.3293278712552233+0.14670868582410307j),(0.0052808586704175264-0.0056085419246355624j),5524250000
(-0.3296095893269763+0.1486358385803567j),(0.005373888664925743-0.005777000395513187j),5524500000
(-0.32891609757505236+0.1490098993644506j),(0.005347279921688035-0.00569543940327167j),5524750000
(-0.32798220341843837+0.1468253086091807j),(0.005315668928657316-0.005568975202002801j),5525000000
(-0.3292677180970386+0.15082549643998078j),(0.005144718521793299-0.005921633445001405j),5525000000
(-0.3293503486910151+0.14940479608786097j),(0.005344963482598827-0.005814079520793568j),5525250000
(-0.3276031359881942+0.14714188755082153j),(0.005229949320256368-0.005679829589689944j),5525500000
(-0.32788515097191395+0.14903211955767373j),(0.005000909801096205-0.005641819258183411j),5525750000
(-0.32741398459320514+0.15120911439783666j),(0.0051391289310843075-0.0056084458197156895j),5526000000
(-0.32640022999538154+0.14938938013966233j),(0.005271175375358306-0.005832304526023227j),5526250000
(-0.32620576690297204+0.14888034051645324j),(0.00508267151689587-0.0057905893299662935j),5526500000
(-0.3254993820784438+0.1492745506841446j),(0.005124656579602982-0.005741005723618487j),5526750000
(-0.32628443696532594+0.14958561995319627j),(0.005142282435178772-0.005917982865776297j),5527000000
(-0.325498565154049+0.14848675689690258j),(0.005189499220304424-0.00572656063378454j),5527250000
(-0.3263008949870711+0.15177448005934546j),(0.005025354330994023-0.005813655329241473j),5527500000
(-0.32518054236741784+0.14963983106334564j),(0.004958586114211398-0.005601518613456284j),5527750000
(-0.3241094050673756+0.14980905247995255j),(0.005173402005584227-0.005784245172763989j),5528000000
(-0.3244680780989476+0.15007889467040328j),(0.0050348574992993295-0.0056743843785138776j),5528250000
(-0.32431615666386276+0.15017976664631047j),(0.005062584419163498-0.0058839690324851745j),5528500000
(-0.3224993854451125+0.14976422446860738j),(0.004999483457862396-0.0058802145370086545j),5528750000
(-0.3223438155635434+0.14976457733611487j),(0.004997352216896396-0.005651491793689668j),5529000000
(-0.3229602439841038+0.15148387900714314j),(0.005066152267824933-0.0057932432043869084j),5529250000
(-0.3213024895473724+0.14977808745475563j),(0.004965935565364171-0.005717899469774762j),5529500000
(-0.32167082034314226+0.15164853239738474j),(0.005063898122356369-0.005806975681233219j),5529750000
(-0.3211367745493467+0.15189216798777788j),(0.0050585850686838095-0.005792476550218935j),5530000000
(-0.3205139643502369+0.151013427299755j),(0.004883039081967691-0.0056729990873294325j),5530250000
(-0.3197846950348979+0.14979410389293707j),(0.004863154710094557-0.005618334031922615j),5530500000
(-0.31939455963139257+0.15048285014682705j),(0.004848209539103646-0.005712451602408218j),5530750000
(-0.319328787768661+0.1514971462860672j),(0.004880973926530354-0.005734561619072742j),5531000000
(-0.31815638950877995+0.1494137058285251j),(0.005000138738514697-0.005673454340441996j),5531250000
(-0.31886601807334575+0.15210789961234958j),(0.004823682396012877-0.005829762862100919j),5531500000
(-0.31720846542741427+0.15094281929227046j),(0.004879454779714312-0.005594560101731095j),5531750000
(-0.31777292291007253+0.15303683017949518j),(0.004799722675231485-0.005762967983758622j),5532000000
(-0.31708040125534864+0.15121209693849846j),(0.004959263758454163-0.005786584324134613j),5532250000
(-0.31681661867013466+0.15220384391862027j),(0.004792423561421027-0.005845383967735511j),5532500000
(-0.316684708757038+0.1528285280488539j),(0.00481435946822375-0.005878176859241444j),5532750000
(-0.3163635663525748+0.15293202888366564j),(0.004873106370598996-0.005846420272690144j),5533000000
(-0.3172058179520067+0.15405311820622455j),(0.0048475329677489295-0.0057703957945378056j),5533250000
(-0.31483103557205006+0.15322177262652875j),(0.004808492491443275-0.005694534903000824j),5533500000
(-0.3156644655490994+0.1545676336838836j),(0.004918279013880892-0.0058361952851535715j),5533750000
(-0.314350114507281+0.1527668710932519j),(0.004756504201701953-0.005684440723592799j),5534000000
(-0.31490355277556303+0.15491117045626226j),(0.004753607842139813-0.005841167957896781j),5534250000
(-0.31432740670486636+0.15423080680002976j),(0.004954393237172988-0.005760438188955111j),5534500000
(-0.31370285389722347+0.1546926873815095j),(0.004758459053291851-0.0058999656122298745j),5534750000
(-0.3133569207841767+0.15513959876259634j),(0.004882197803883447-0.005810774188978408j),5535000000
(-0.31200029698489296+0.15566563211810414j),(0.004957236055805398-0.0057179905608472255j),5535250000
(-0.3126495843744393+0.15644106760658177j),(0.00489726506254104-0.005922866949360209j),5535500000
(-0.3119058609341739+0.15489904432316698j),(0.0048107335239489036-0.0058211493939601235j),5535750000
(-0.31195993978740244+0.15717210833995923j),(0.004697405464280674-0.005897470856096723j),5536000000
(-0.3105596250923018+0.15689028521901688j),(0.00468218537243408-0.005913115903452532j),5536250000
(-0.31077437732308455+0.1579988789149239j),(0.004677281674763875-0.005962296090833798j),5536500000
(-0.3101276956921923+0.1574022384666932j),(0.004757393265640382-0.0060044987682218364j),5536750000
(-0.3102122286505346+0.15727111189185766j),(0.004674004943412636-0.005919245780329555j),5537000000
(-0.31042233804094493+0.1577945428576292j),(0.004683608369026599-0.006125043985788719j),5537250000
(-0.3089084979285579+0.15733573516500876j),(0.00473731576877504-0.005924139976945724j),5537500000
(-0.30895198048302336+0.15792378616623526j),(0.004761191899418319-0.00608711366240396j),5537750000
(-0.3085306407829352+0.1578178021590827j),(0.0046689014614962835-0.005991665102712333j),5538000000
(-0.3092099786185648+0.15868283713283468j),(0.0045873867121667975-0.006168215827176466j),5538250000
(-0.3085952521196793+0.15700379629311037j),(0.004836110337459572-0.006133875853422946j),5538500000
(-0.30809451307986996+0.15867053049870733j),(0.004849698403558337-0.006069317282061022j),5538750000
(-0.3080193548386616+0.15863544975120913j),(0.004686369254063254-0.0061288324705807236j),5539000000
(-0.30738841297368313+0.15857983983292923j),(0.00481959439218341-0.006158639481118779j),5539250000
(-0.3068603211609873+0.1585379790440711j),(0.004633077414579849-0.006262791950957573j),5539500000
(-0.3067488087157324+0.15802782889624847j),(0.004813666621182357-0.0060162229831630665j),5539750000
(-0.30692387285547157+0.15833191697026017j),(0.004657283340410556-0.006191323615566898j),5540000000
(-0.30577405207594277+0.15809749615899946j),(0.004508505240255666-0.006094842812804117j),5540250000
(-0.3061372948926088+0.15901869323698317j),(0.004671599041852179-0.00621393633067196j),5540500000
(-0.3044307136067958+0.1586578028906558j),(0.004702197870374369-0.0059954864541300985j),5540750000
(-0.30499048693674435+0.15904308049302818j),(0.00462538223671094-0.006185132716780799j),5541000000
(-0.3047522066191854+0.1593676277647995j),(0.004627191243217462-0.006069269179214211j),5541250000
(-0.30338255563086103+0.15818406564546622j),(0.004676250292636648-0.006322416929491119j),5541500000
(-0.3037007899857503+0.159621251322293j),(0.0044602615750991975-0.00636370734329122j),5541750000
(-0.30197626927660154+0.1580408224574236j),(0.00452393028673206-0.005974442455870833j),5542000000
(-0.3028075054398207+0.15964503739154934j),(0.004500924121217148-0.006138776293818041j),5542250000
(-0.3021340158406612+0.15893363313972003j),(0.00458067121138225-0.006184088260213365j),5542500000
(-0.30256221479438533+0.1606510888258785j),(0.004359620922752239-0.006323737970508195j),5542750000
(-0.3010979557123007+0.15865108228519922j),(0.004665113470145723-0.006166220169642071j),5543000000
(-0.30059345366242524+0.16142660948920856j),(0.004335670466552533-0.006184079102063825j),5543250000
(-0.30073682700205323+0.16024239928344342j),(0.004442746819021543-0.006241346174792132j),5543500000
(-0.30087027617169904+0.1611752537287191j),(0.004580173419774299-0.0062773186176667784j),5543750000
(-0.29950845389695047+0.15968184208440572j),(0.004415463770434339-0.006256603109339782j),5544000000
(-0.29967717034283475+0.16088130916588514j),(0.0044138866974471475-0.006105582944879775j),5544250000
(-0.30006057630133964+0.16225878772670652j),(0.004399365438023361-0.006227409823307979j),5544500000
(-0.2986379784597511+0.16033570868074268j),(0.004503061282241707-0.006404163787530141j),5544750000
(-0.29851668121349445+0.16198363181825606j),(0.004407915008094964-0.006292252774928734j),5545000000
(-0.29830282099879857+0.1611352901821841j),(0.004333329648593477-0.006262141330973468j),5545250000
(-0.2978933736353065+0.16183457699940132j),(0.004387879585706507-0.0061118996837531275j),5545500000
(-0.297467775054688+0.1621551831129688j),(0.004365210576337014-0.006165170764995403j),5545750000
(-0.29796777959532045+0.16314752540054792j),(0.004255422453216408-0.006331871376252134j),5546000000
(-0.2958918496458601+0.16090499786472043j),(0.004242542054785352-0.00618963892796109j),5546250000
(-0.29548279723214854+0.1635514400478169j),(0.004237516788949733-0.0062164185359419j),5546500000
(-0.2957842975603239+0.1625850370525115j),(0.004211385945641844-0.00624583266672522j),5546750000
(-0.29510920341447+0.1627989973299464j),(0.004182140701259314-0.006354418144357974j),5547000000
(-0.2942341915869525+0.1614300874950667j),(0.004301525749950368-0.006182153476514085j),5547250000
(-0.29428030398505983+0.16304912335181831j),(0.004239099488070188-0.006500191433875868j),5547500000
(-0.2936786398401684+0.16316605522314764j),(0.0041448988682511075-0.006426510109001004j),5547750000
(-0.29299420134218734+0.1623794470234574j),(0.004239581168568923-0.006395946368083613j),5548000000
(-0.2929951779452755+0.16321532518055137j),(0.003968418681927061-0.006342274663066669j),5548250000
(-0.29292922650911896+0.1644494327450331j),(0.004059422812416729-0.006586199667958503j),5548500000
(-0.29266192810041325+0.16401146097372307j),(0.004118386397037996-0.006472207622806152j),5548750000
(-0.2917794032459402+0.16394758764957035j),(0.004136272604884663-0.006472379367364164j),5549000000
(-0.29208729300269415+0.16425568261358148j),(0.0040995448071596665-0.006561243276298925j),5549250000
(-0.2908634940290372+0.16345565750929467j),(0.003939851625135112-0.006560694669789737j),5549500000
(-0.28997512052175445+0.16354270040753316j),(0.004025723328456647-0.006529449894208705j),5549750000
(-0.2899596170261266+0.16501932734858488j),(0.004046976397143896-0.0065219969223571815j),5550000000
(-0.29003414698885854+0.1638122719138117j),(0.0038888993583898997-0.00645178729381855j),5550000000
(-0.2899378387436485+0.16539902071919488j),(0.0039116048196121515-0.0064603658187657766j),5550250000
(-0.2892820723417511+0.16362702789932013j),(0.00389585666220719-0.006623535944886549j),5550500000
(-0.2889483890375168+0.16531833706232185j),(0.003935757788709171-0.00666407270123869j),5550750000
(-0.28839779990334596+0.16427778202228796j),(0.003982586489666224-0.006499035109301387j),5551000000
(-0.2886125435412343+0.16519417941276796j),(0.003937936880882206-0.00654033662817085j),5551250000
(-0.2876272589851751+0.16466693349204092j),(0.003966812874740325-0.006775133481984092j),5551500000
(-0.2876113356765273+0.16558855711275983j),(0.003801358525504539-0.00651183863141661j),5551750000
(-0.2864693448525463+0.1648580955592097j),(0.003920428378162494-0.006429158442750224j),5552000000
(-0.28583979565619044+0.16513367176811614j),(0.0038643266174566483-0.0064966240125592205j),5552250000
(-0.2857358297202697+0.1656103949948511j),(0.003783174623113341-0.00662737763893336j),5552500000
(-0.2853364771715326+0.16559251821954385j),(0.0037958737593858215-0.006317509348237043j),5552750000
(-0.2847152731498599+0.16600693354356794j),(0.0036441788989870043-0.006677215396619666j),5553000000
(-0.28386958472810586+0.16554412768818053j),(0.003596930319378767-0.0066787473632187325j),5553250000
(-0.2835865908528561+0.1666408299038121j),(0.0037051901514078872-0.006485316774180494j),5553500000
(-0.2820486418099907+0.166489075447526j),(0.0037516274294789585-0.0065408770636247475j),5553750000
(-0.28198669987474384+0.16756869441458433j),(0.003612366089261185-0.006731794753739518j),5554000000
(-0.280813455272525+0.1665185157384286j),(0.003703282495287502-0.006461851164631651j),5554250000
(-0.2815130440401559+0.1680998130916141j),(0.003527526203319539-0.006618125813755593j),5554500000
(-0.28020432198839346+0.16878968196557093j),(0.003575376995236943-0.006692184916528313j),5554750000
(-0.2797857107221035+0.16873037085117246j),(0.0035131508619485803-0.006543848192913163j),5555000000
(-0.2787991905178916+0.16982355788999817j),(0.003510288698710889-0.006681134850084939j),5555250000
(-0.27850016046117604+0.16941090024430863j),(0.0035421183526983258-0.006721670708202508j),5555500000
(-0.2779406047792595+0.1697360101465218j),(0.003485775547698603-0.0065128277710505885j),5555750000
(-0.27703168232165426+0.17024242026692063j),(0.00363972376219977-0.006679445738946428j),5556000000
(-0.2765068288985731+0.17052319130498697j),(0.003519572972268183-0.006647997315706045j),5556250000
(-0.2756911108160478+0.17129112199105065j),(0.003390521150753971-0.006754862178276293j),5556500000
(-0.27578831907913004+0.17167215841410838j),(0.003551090546416603-0.006785897024161325j),5556750000
(-0.27444335097217926+0.17239931301472666j),(0.003469205895739909-0.00661911641693944j),5557000000
(-0.2736297264214271+0.17241759119654612j),(0.003410595401642126-0.006616295653654763j),5557250000
(-0.27347147463376925+0.17278884130407626j),(0.0033609078277775616-0.006574039408822985j),5557500000
(-0.2726352509303201+0.1728361714581225j),(0.0033366782813956234-0.0064106893111933j),5557750000
(-0.2726432623420559+0.17296030045196542j),(0.0033459604335553204-0.0064646202439981905j),5558000000
(-0.27044855012973273+0.1740828593987223j),(0.0033170574435674436-0.006558735578007682j),5558250000
(-0.2704359805491687+0.17427619899056984j),(0.0035026245029544144-0.006540018861595571j),5558500000
(-0.2699168162305839+0.17435212207709908j),(0.0033057856957035845-0.006590911190039479j),5558750000
(-0.26935026805718804+0.17386680424639886j),(0.0034268413977082673-0.0065890461527349994j),5559000000
(-0.26905152312503805+0.17432172496988874j),(0.0032614195144330797-0.006411151767937057j),5559250000
(-0.26956813824480647+0.1755400311703876j),(0.003271484656695669-0.006590893091337439j),5559500000
(-0.26892143850281935+0.17476000671059516j),(0.0032431911189161563-0.006645617855466444j),5559750000
(-0.2681556635976481+0.17561463872556485j),(0.0033210542248297455-0.006587157937230235j),5560000000
(-0.2675496564176699+0.1753159102295605j),(0.003282003741285427-0.006524985897442052j),5560250000
(-0.2681513310879111+0.1756773896544976j),(0.003387313126587649-0.006649318698874187j),5560500000
(-0.2669541223755196+0.17564001583647704j),(0.0030811384462345716-0.006574509491978206j),5560750000
(-0.267124108151524+0.17592017445383504j),(0.0030422423512809754-0.006616355283783484j),5561000000
(-0.2672869923049853+0.17613338751381505j),(0.003239672758883489-0.006570858326213166j),5561250000
(-0.2655760285744457+0.1758538379790214j),(0.002986078208232474-0.0066688534246608835j),5561500000
(-0.26565328727645543+0.1761758768956032j),(0.0031915916151400605-0.0065953831318729126j),5561750000
(-0.264808806149124+0.17584108951339714j),(0.0031606649571551204-0.0064459864203660015j),5562000000
(-0.26496856839170324+0.1759082520294408j),(0.0030480582823122293-0.006543385265090321j),5562250000
(-0.2640367086061991+0.17600947154803984j),(0.0029147738711152336-0.006744945463092112j),5562500000
(-0.26350181111867893+0.17623096668587562j),(0.002930079174767502-0.006453699107098856j),5562750000
(-0.26306798003152665+0.17636879385423923j),(0.0028421654070607105-0.0064911598664037975j),5563000000
(-0.2624612404270166+0.1758986434931059j),(0.003051888241640105-0.006513724152360734j),5563250000
(-0.26228718546464486+0.17583193854168738j),(0.0028963181696355987-0.006740892182818156j),5563500000
(-0.26149484297478415+0.17672010526459522j),(0.0029547266211672088-0.00647473019925636j),5563750000
(-0.2611603474861747+0.1766003934977409j),(0.0030648494710207013-0.0065421491521059725j),5564000000
(-0.26061595894629985+0.1766039003366447j),(0.0028313848378390782-0.006615319379244861j),5564250000
(-0.2602431373566423+0.1772544129769593j),(0.0028337592566225157-0.0065207136375077315j),5564500000
(-0.25949144146651537+0.17762667591828418j),(0.002817154657349854-0.006685363489140188j),5564750000
(-0.25957139856892414+0.17684828640488318j),(0.002756411120944355-0.006649743259743394j),5565000000
(-0.25883104411924573+0.17729151204008312j),(0.002982919993791651-0.006514159947343112j),5565250000
(-0.2586575268041863+0.17790965046700338j),(0.0028289212598663336-0.006568378913700044j),5565500000
(-0.2573562003158983+0.17795630446311106j),(0.0026775324273625926-0.0064414073240981595j),5565750000
(-0.258108741472966+0.17719024638314498j),(0.002593796518206802-0.006407057388509807j),5566000000
(-0.2568177476198018+0.17813267137438213j),(0.002648348546906457-0.006356749439250832j),5566250000
(-0.25643450177969945+0.17725044823466082j),(0.0026460797292160256-0.006506435394696306j),5566500000
(-0.2560047080961963+0.17795998812920794j),(0.0027018633916474698-0.006482371444377259j),5566750000
(-0.25557363017798207+0.17839273284244972j),(0.002357842696101882-0.006509917413573362j),5567000000
(-0.2542055860861294+0.17829058027949632j),(0.002397606943965184-0.0062862723331689j),5567250000
(-0.2542717752146484+0.1786679417964093j),(0.0025763862156564185-0.0062495375907379806j),5567500000
(-0.25305501980493555+0.17865494397535456j),(0.0026518647301185774-0.006458136519763826j),5567750000
(-0.25318462095861616+0.17924009562129756j),(0.0023580001190596075-0.006510642308247196j),5568000000
(-0.25316923270338765+0.17893878870375982j),(0.002646924828773344-0.006387787108203505j),5568250000
(-0.2512935000145781+0.17853320974828504j),(0.00245691284359962-0.006429168156367821j),5568500000
(-0.25159622101219115+0.17800388030655714j),(0.0025878175129467537-0.006278439647849854j),5568750000
(-0.2511960575949722+0.17923425824354527j),(0.0023708039885335652-0.0062811014383849775j),5569000000
(-0.2503619645097495+0.17867048531639204j),(0.002420081302472819-0.006294180755479273j),5569250000
(-0.2491795441906035+0.17894184809535066j),(0.002324081894658138-0.006309293931485374j),5569500000
(-0.24868688485713772+0.17849055050475596j),(0.002350656041801819-0.0064729181046764995j),5569750000
(-0.2486771773512316+0.18015073442424476j),(0.0024703325965600882-0.006294556630655912j),5570000000
(-0.24811687659572662+0.17980390477934946j),(0.002375303941769711-0.006366905921297913j),5570250000
(-0.24834030549314512+0.18012854117728191j),(0.0025374271140647794-0.006206056269149834j),5570500000
(-0.24673282509349465+0.1797296820853694j),(0.002547185992394324-0.0062514940536844525j),5570750000
(-0.24667878101660176+0.1810286644806766j),(0.002262725281980513-0.006345063622617064j),5571000000
(-0.2465976963148725+0.1803438990934528j),(0.0024867674518552056-0.006391974756144009j),5571250000
(-0.24614983508808827+0.18074483823306764j),(0.0024256381018278343-0.0063796884501940865j),5571500000
(-0.24523232648465287+0.18162303240304775j),(0.0026220866279277628-0.006164020142281161j),5571750000
(-0.24465218646368564+0.18086171825730957j),(0.0024545348802713293-0.006254053895879532j),5572000000
(-0.24347810177219387+0.1811460128594877j),(0.0023969407239297245-0.006209485992818929j),5572250000
(-0.24316758227013419+0.18174041392864357j),(0.0026219752465596606-0.00621018145477809j),5572500000
(-0.24218755153606633+0.1815869704396827j),(0.002583905498059621-0.006332561259507779j),5572750000
(-0.24229787664799393+0.18287850929605468j),(0.0023698564904942876-0.006304601318936686j),5573000000
(-0.24155326118225104+0.1818974761637383j),(0.002382792813499-0.006276003208847129j),5573250000
(-0.2413106854646096+0.18248716981295224j),(0.002531421377714147-0.006190087649548935j),5573500000
(-0.2409346056447803+0.18264236132038297j),(0.002644641328020508-0.006230677404449804j),5573750000
(-0.23988398837680722+0.18364726733240952j),(0.002249846669936828-0.006215141896687167j),5574000000
(-0.2397636684830472+0.18394237967345656j),(0.0024400053160985205-0.0062711918410654115j),5574250000
(-0.2389673255946302+0.18339293421143113j),(0.0023096938948923475-0.006209039147005387j),5574500000
(-0.2391449548891718+0.18368236170904761j),(0.002457359026207158-0.006312042120590595j),5574750000
(-0.23768909851195244+0.18331644077053422j),(0.002422889736803501-0.006339774088444104j),5575000000
(-0.2383381153054585+0.1834483300021018j),(0.0025659202470787274-0.006167435098138341j),5575000000
(-0.23754321914868365+0.18363416073156216j),(0.002340648014211818-0.0061006469249941745j),5575250000
(-0.23713145336614233+0.18377283793124063j),(0.002540316050301734-0.0063373336018562j),5575500000
(-0.23630782851705076+0.18471688354763952j),(0.0024129581348824635-0.006373079011616298j),5575750000
(-0.23628444402429585+0.18467936970539278j),(0.0024825574674225-0.006161986503500201j),5576000000
(-0.23546227453035676+0.18435167553932372j),(0.002433972877314422-0.00632569282556336j),5576250000
(-0.2351612995401916+0.18487297637157935j),(0.0025391824006564907-0.006164523008796587j),5576500000
(-0.23478607453495223+0.18459245109304664j),(0.0025935837535415412-0.006147885449816291j),5576750000
(-0.2340364289802115+0.18521108669019237j),(0.002385297913732478-0.0059796879284423005j),5577000000
(-0.2334627874291081+0.18456259609497677j),(0.0024305899282583655-0.006031612786962066j),5577250000
(-0.23386459730814982+0.18525940337892802j),(0.0023216156021274945-0.005967531067138978j),5577500000
(-0.23409134557223646+0.18510886391476655j),(0.002373253197763361-0.006114238561004126j),5577750000
(-0.23255658682349759+0.18571069125490772j),(0.0023824421018350224-0.00615928237048082j),5578000000
(-0.2322980258950616+0.1855957039251504j),(0.002389172244452149-0.006074721560599557j),5578250000
(-0.23087447333241212+0.18575624782464734j),(0.002161927380688798-0.006185534077491752j),5578500000
(-0.2312985010903226+0.1869851340808586j),(0.002320578023711248-0.006132426772529315j),5578750000
(-0.23071797167145894+0.18567675747786203j),(0.002344611896302958-0.00630575944922988j),5579000000
(-0.23087225783164345+0.18645840533090205j),(0.00238354625777242-0.0064018612676367765j),5579250000
(-0.2295766797225578+0.18576260333457015j),(0.0022749305246175244-0.006019683837337963j),5579500000
(-0.22922738011407376+0.18665077003385178j),(0.0024072365165180845-0.006134511117877785j),5579750000
(-0.2290245099143989+0.18616507678976668j),(0.002210737853763823-0.006153036185760877j),5580000000
(-0.22873123651912017+0.1863597819001056j),(0.002218843940784963-0.006133718725511722j),5580250000
(-0.22768032293071824+0.18572447358461117j),(0.0021180190873357715-0.005955000161673466j),5580500000
(-0.2268234195949795+0.18704324844597306j),(0.002344419992030136-0.005925316071826523j),5580750000
(-0.2272690548922067+0.18694346008202561j),(0.0023028602288159053-0.006165029559717236j),5581000000
(-0.22595104693118684+0.1864060292674323j),(0.00212758686331957-0.005926824223737186j),5581250000
(-0.22686152249254116+0.18791645095921525j),(0.00222546485415496-0.006045375973153658j),5581500000
(-0.22492563834923462+0.1872836651229976j),(0.0020667008506369015-0.006099932838360837j),5581750000
(-0.22558982119476426+0.18797034084926742j),(0.002336905827791675-0.006138671065659206j),5582000000
(-0.22413000357208446+0.18763261566236317j),(0.002273331582586224-0.006046332070496301j),5582250000
(-0.2238175658837933+0.1880157154129326j),(0.0020763188720647565-0.0060649876622344105j),5582500000
(-0.22392220449826766+0.18834377334273092j),(0.0022651303522553397-0.006103130436855852j),5582750000
(-0.2230095788523645+0.1884077721603015j),(0.002120361246096142-0.006122513225943649j),5583000000
(-0.22269448621148144+0.18815280648015703j),(0.002239561226103499-0.006113970802732337j),5583250000
(-0.22168587946423593+0.1877756378207235j),(0.0022904173596881663-0.006208326443616165j),5583500000
(-0.22161883425780882+0.1877953048204058j),(0.002211035106426568-0.006071569180491486j),5583750000
(-0.22137927573209856+0.1892653205762625j),(0.00207287166789387-0.006114596194161082j),5584000000
(-0.2191574303294849+0.18887246522035508j),(0.001966195938136962-0.006276886108926272j),5584250000
(-0.21943328732519016+0.18934882438999043j),(0.0022683813688707645-0.00596969990421083j),5584500000
(-0.218196549289516+0.1886576194368664j),(0.002197447071780051-0.00602545945020473j),5584750000
(-0.21959350485031143+0.18927021570377714j),(0.0021801435225073727-0.0061114853607780175j),5585000000
(-0.21692240266286694+0.18881074539668083j),(0.00211759308853017-0.005992640666774647j),5585250000
(-0.21840574770134047+0.1899871933354408j),(0.0020620951230600807-0.006018678435429645j),5585500000
(-0.21682506333836088+0.18982081994584696j),(0.002257133780804221-0.006003073739214522j),5585750000
(-0.21607977438419904+0.18907654559805728j),(0.0019905575469315907-0.006012626968032034j),5586000000
(-0.2161691740525226+0.1904450683393159j),(0.0020490048432097317-0.00585776494695432j),5586250000
(-0.21561941300822976+0.19003247845836274j),(0.002155336286402313-0.005823433860103934j),5586500000
(-0.21500028259224616+0.1907611829127113j),(0.0021880332809690035-0.006057057730060618j),5586750000
(-0.214467370023524+0.1904366448352232j),(0.002115590422870505-0.006010944428359704j),5587000000
(-0.21677800287029172+0.19255936498452209j),(0.0021813093477904984-0.0059701360428741045j),5587250000
(-0.21302092764690211+0.18923191858230362j),(0.0020955498498536076-0.0059126589782288255j),5587500000
(-0.21337588031107163+0.19038940403225987j),(0.0020470060379319294-0.0059211125429152476j),5587750000
(-0.21362973650909114+0.19048316401192883j),(0.0021271501593314707-0.005941594575460273j),5588000000
(-0.21172049540086085+0.18987917785117991j),(0.002075048379886504-0.005894865819238294j),5588250000
(-0.2110234906012399+0.18992104424873257j),(0.002016703130540569-0.006023855473148567j),5588500000
(-0.21196528364752507+0.18985045496206285j),(0.002055701846793057-0.005764402551965939j),5588750000
(-0.21130341896714655+0.19089583474943222j),(0.002016264747026823-0.005778070809664628j),5589000000
(-0.21136297715968064+0.19156914951627269j),(0.0021245391191774213-0.005794741653685283j),5589250000
(-0.210320196099985+0.19076427016117778j),(0.001972405002044658-0.005978551702988019j),5589500000
(-0.21014977341096153+0.19092103830074023j),(0.002221005371868888-0.005854035788061281j),5589750000
(-0.20880552066977043+0.19007008710115197j),(0.00206151510018532-0.005813560420581987j),5590000000
(-0.21024585125276496+0.1917863534410936j),(0.002050242851590516-0.005709739612969115j),5590250000
(-0.20809550265987664+0.190320070710787j),(0.002047737898584789-0.005750155322791627j),5590500000
(-0.20809959411744924+0.19048775264979664j),(0.0018771090781925831-0.005777819237158772j),5590750000
(-0.20881626122756058+0.19056595844295804j),(0.002094799992257748-0.00576178220764533j),5591000000
(-0.20835258413552238+0.19164555078768125j),(0.0019043538800942441-0.005681790495218j),5591250000
(-0.20684480009810002+0.1902787561553625j),(0.0020466332636501026-0.005705411746897814j),5591500000
(-0.20570294616270024+0.1904974615601786j),(0.001943560133593664-0.0057163185678533665j),5591750000
(-0.20615043323390222+0.1903899886566734j),(0.002078354571121707-0.005642091234243511j),5592000000
(-0.20479991748136261+0.18983411248631848j),(0.002056700646760009-0.00562764414471358j),5592250000
(-0.20194004115937275+0.18816845150563105j),(0.0021275543408835777-0.005623061729666492j),5592500000
(-0.20484367983297588+0.19032834641281834j),(0.0019377689501086219-0.0057014440844411676j),5592750000
(-0.20473491165098628+0.19110811085853047j),(0.0019250838136457482-0.005891972144726953j),5593000000
(-0.20330864629306966+0.19073420116504133j),(0.0019424054416974138-0.005817150818643673j),5593250000
(-0.2012974893168589+0.1893461226593548j),(0.001974148622229336-0.005747406110895098j),5593500000
(-0.20227969034598028+0.19054258549916278j),(0.002004752616817775-0.0057509792691658596j),5593750000
(-0.20168674505863296+0.1898263365315983j),(0.0018018972570432682-0.005609595171657528j),5594000000
(-0.2009158905820829+0.19003652404695026j),(0.0018514342547278862-0.005858675465431147j),5594250000
(-0.20183729305182965+0.19074283411720905j),(0.0020922046351809225-0.005779538729326012j),5594500000
(-0.1964998131381305+0.18817062878415552j),(0.0018665062385603338-0.005909351313138147j),5594750000
(-0.1993684099418317+0.19039972127991878j),(0.0019105467070921892-0.005699693244392438j),5595000000
(-0.19887279105526634+0.18987181586497942j),(0.0017956619203013536-0.005826418738946724j),5595250000
(-0.19749964412338117+0.18908116754373822j),(0.0020352766153788233-0.005765630902415034j),5595500000
(-0.19660236424316024+0.18850828849897522j),(0.001909384675305499-0.005665747368093879j),5595750000
(-0.1965260282519803+0.1889339710771045j),(0.0018363527308447292-0.005610587909840071j),5596000000
(-0.19574635412857655+0.189455623624247j),(0.0018905984713487646-0.005577807853805496j),5596250000
(-0.19367218369325975+0.18755284806042624j),(0.0018952292310895414-0.005636419810980061j),5596500000
(-0.19374848921436277+0.18825415697462683j),(0.0018158834912365106-0.005648257300813816j),5596750000
(-0.19381362851370323+0.18844183551622795j),(0.0019294443414247316-0.005688690313131082j),5597000000
(-0.19474345371960528+0.18849557799500796j),(0.0020259379795948885-0.005678910598424778j),5597250000
(-0.19315999401143522+0.18851127755281677j),(0.0019117653031665888-0.005781888067484656j),5597500000
(-0.19234593374405523+0.18904315920982107j),(0.0017656552460045935-0.0056095644205937075j),5597750000
(-0.19188235836095652+0.18932849347820674j),(0.0018827604208978544-0.005571059955116476j),5598000000
(-0.19284056153304305+0.19023683213004705j),(0.0019579615838677174-0.005732079367178272j),5598250000
(-0.1912735657495053+0.18990440669122022j),(0.0019408478529836016-0.005613834466296584j),5598500000
(-0.19036569907263928+0.18988047426757865j),(0.0018667905136122034-0.005781473932087276j),5598750000
(-0.19246273449690385+0.19278583603948587j),(0.0018774488092443377-0.005679205613775577j),5599000000
(-0.18920679166695217+0.19079599019457083j),(0.002081030588327383-0.005759590339763877j),5599250000
(-0.1885820993120975+0.18980017540436098j),(0.0019489999467320325-0.00575973430928751j),5599500000
(-0.18889857442575256+0.1915661139408013j),(0.0019248156569271059-0.005663933277028846j),5599750000
(-0.18779526005139857+0.19101013714501036j),(0.0018793172867803776-0.005894095111048685j),5600000000
(-0.19200144325862378+0.19421447768684907j),(0.002013961704697902-0.005675343681858847j),5600000000
(-0.18975150575974295+0.19271512360281137j),(0.0020264998275626297-0.005792664607555199j),5600250000
(-0.18769372683689142+0.19244681084251714j),(0.0018761760097916972-0.0059212790676111396j),5600500000
(-0.18722397132321134+0.19213103696468897j),(0.0019329481173460132-0.005707692810589021j),5600750000
(-0.18630503184795796+0.19219804956133038j),(0.0021174679237476513-0.005846846388350224j),5601000000
(-0.18741885283403828+0.19305141756931915j),(0.002073526910759442-0.00561109927874696j),5601250000
(-0.18828394917515687+0.1941654557599866j),(0.0021296600189399-0.00581214780437661j),5601500000
(-0.1852949906236088+0.192985781882501j),(0.0019370473925605586-0.0060831682244787575j),5601750000
(-0.1880177233288328+0.1955307141757911j),(0.0020417422178572054-0.005782754889364709j),5602000000
(-0.18695914013535028+0.1950397337467523j),(0.0020158539204608978-0.005721219972125405j),5602250000
(-0.1846889264971292+0.19330492629521798j),(0.002084267627102793-0.005888045481585134j),5602500000
(-0.1827731225483391+0.19415757159134425j),(0.001964060200006416-0.005890632315437046j),5602750000
(-0.18596746921017138+0.19561984525836376j),(0.0020780741462871695-0.005906308615122936j),5603000000
(-0.1850326529335065+0.196414447634075j),(0.002031047080252847-0.005899282519467455j),5603250000
(-0.18378553673472692+0.19537560598418532j),(0.0019018099882612922-0.005890240490852471j),5603500000
(-0.18176726170862714+0.1934185377792094j),(0.002079957055006264-0.005625573882216341j),5603750000
(-0.18232372398609784+0.19488596010891737j),(0.002069074639918743-0.0059324892829143465j),5604000000
(-0.18298081524975826+0.19512819905559403j),(0.0020467566346239405-0.005756957117981855j),5604250000
(-0.1759100303570654+0.19225059062388353j),(0.0018050882622138483-0.005869083701459879j),5604500000
(-0.17847885873172434+0.19288553971039912j),(0.0020920831363787-0.00564657102928007j),5604750000
(-0.18226114079686803+0.1960860798672552j),(0.002089541320048467-0.0056745297949048566j),5605000000
(-0.17819772319890229+0.19386512318452515j),(0.002014075551547416-0.005656835915388527j),5605250000
(-0.1786539433216297+0.1942479846637498j),(0.0020972418719492395-0.005916900075366995j),5605500000
(-0.17565357187194822+0.19248184864927576j),(0.001914848471871702-0.005689937641525915j),5605750000
(-0.18099049132715975+0.19621752038947354j),(0.001893654315544917-0.005666053776560039j),5606000000
(-0.17625180835071147+0.1933886855425887j),(0.001982481364247758-0.005709721024057637j),5606250000
(-0.17682184220121394+0.19342674095805537j),(0.0020657191035585304-0.005504699293384725j),5606500000
(-0.17373415291342323+0.1923832805159783j),(0.0019012132190961816-0.00579359320633874j),5606750000
(-0.17663864872655266+0.19386654902428405j),(0.002197405074261634-0.005765020518249197j),5607000000
(-0.17442874694366534+0.19445175341888035j),(0.0021008619623636184-0.005597664951714334j),5607250000
(-0.17062605395636815+0.19137640992725236j),(0.0020044929141978564-0.005760309952622592j),5607500000
(-0.17523688971561432+0.19372735240584357j),(0.0019988012613379267-0.005648435547856487j),5607750000
(-0.17140522067702865+0.19280975863476144j),(0.0020106506225126765-0.005597473969407508j),5608000000
(-0.1720049383903274+0.1923914045791444j),(0.0022183400750867247-0.0056741824012237615j),5608250000
(-0.17100272238245937+0.19139347386208358j),(0.001988573344104098-0.005818563260094124j),5608500000
(-0.1752878621570861+0.19445967755156046j),(0.002221136652471497-0.0055247287498869395j),5608750000
(-0.16947697154316166+0.19174557799784056j),(0.0020047104812809437-0.005711877320843599j),5609000000
(-0.17096801762692013+0.19329091186281383j),(0.001946262334149879-0.0057062212785333345j),5609250000
(-0.1696318140601029+0.19297230890707812j),(0.0021373036976843696-0.005608219524643902j),5609500000
(-0.16644227259099365+0.1918360629063316j),(0.0020691292336605517-0.00590038381979606j),5609750000
(-0.17157588754445285+0.1948492768407439j),(0.0020288792168716165-0.005568134659027939j),5610000000
(-0.17047964690073103+0.19397070632868588j),(0.002116747417206048-0.005558484440713512j),5610250000
(-0.16938845686527818+0.19368663660131807j),(0.0019992470302030232-0.005861097081692391j),5610500000
(-0.1691510096574534+0.19536118787810197j),(0.0020948121557402945-0.005742183833035284j),5610750000
(-0.16587490488466358+0.19286476676482928j),(0.0019530286621706329-0.005729528156439212j),5611000000
(-0.17042517269896057+0.19506551742946684j),(0.002123775449872512-0.0057917267860155665j),5611250000
(-0.16589721901455756+0.19311509525523884j),(0.0019246507560467811-0.005794716914478771j),5611500000
(-0.1682179474377328+0.1943742833465183j),(0.002185511942814507-0.005776621998464511j),5611750000
(-0.16488336994217104+0.19307423099345802j),(0.002049818197710158-0.005828838500178098j),5612000000
(-0.17050885769410493+0.1962949323356498j),(0.0023039565798528873-0.005592451410304016j),5612250000
(-0.1647683989124294+0.1934668578651643j),(0.002081551722924683-0.0058529418783652525j),5612500000
(-0.16396804629488992+0.19353336087695894j),(0.0020860074284802976-0.005959834306046948j),5612750000
(-0.16334789879519251+0.19295532777639615j),(0.002017163501712675-0.00575421708785414j),5613000000
(-0.165449222879521+0.19510685823995735j),(0.002193921394028887-0.005779170809102746j),5613250000
(-0.1648877134741438+0.19453901416457875j),(0.0019920044037881716-0.005786444446074944j),5613500000
(-0.16275807953811944+0.1946306291327905j),(0.0021040263522435123-0.005850976260884618j),5613750000
(-0.15968649869514076+0.19270982162179492j),(0.002077717942478529-0.005786712168844089j),5614000000
(-0.1606688587339494+0.19440172508257003j),(0.0019380880897753802-0.005928468209217453j),5614250000
(-0.1617832042445682+0.19483821930434428j),(0.0019538840211513905-0.0059640687069959135j),5614500000
(-0.16255187141385014+0.19536967950718223j),(0.0020899704457413007-0.005837626978826469j),5614750000
(-0.15951014983634862+0.19398348701296284j),(0.001861886296191509-0.0059375427904308975j),5615000000
(-0.1616034123637877+0.19510796788790863j),(0.0019538921037285414-0.005935085471304251j),5615250000
(-0.16107134754964314+0.19597186637159936j),(0.0020217845942635893-0.006024487025512468j),5615500000
(-0.15641459200718003+0.19384563118365705j),(0.001988944309293306-0.006173029151655085j),5615750000
(-0.15788102547847863+0.19494951083657586j),(0.001975414575756222-0.0060186141390418295j),5616000000
(-0.16092108668871077+0.19683427822316j),(0.0020962034384291372-0.005951972763940818j),5616250000
(-0.15595435748940698+0.19326340412957707j),(0.0016942807572089907-0.006081735222404912j),5616500000
(-0.15739976138801584+0.194931021750483j),(0.001961311474275434-0.006120457543960167j),5616750000
(-0.15468904526214278+0.19495089511019878j),(0.001954341768434272-0.0060785474960765125j),5617000000
(-0.15737585840503618+0.19530926994984707j),(0.0018832626136048457-0.00597837427461077j),5617250000
(-0.15411261493869158+0.19417228073616j),(0.0017092004806905418-0.0061440522760308845j),5617500000
(-0.15430221981341188+0.19466191376638248j),(0.001737041673324363-0.00600378018816561j),5617750000
(-0.15600261193185125+0.19585220185225297j),(0.0017891151093928138-0.006250914986914843j),5618000000
(-0.15520327368472484+0.1954771534026602j),(0.0016947246215323107-0.006065769026119447j),5618250000
(-0.15146211841547952+0.19377309045528493j),(0.001765256577958472-0.006172155131843216j),5618500000
(-0.14936581474534474+0.1934150732097654j),(0.0016291088155105389-0.006188786027883472j),5618750000
(-0.1530214900854696+0.1948090944260673j),(0.001660412041723627-0.0061684725367651275j),5619000000
(-0.14987447335197598+0.1938579745207269j),(0.001547673480401083-0.006133621957160644j),5619250000
(-0.14997089040028402+0.1944691210662385j),(0.0014926908089874721-0.006232980462756606j),5619500000
(-0.15103979131644635+0.19563718220510262j),(0.0015681890308598396-0.006269835526188909j),5619750000
(-0.14773689372176452+0.19341335815022068j),(0.0016709642886322614-0.005992390514979377j),5620000000
(-0.15038403107099896+0.19579241319217794j),(0.00167439339798545-0.00620989433766427j),5620250000
(-0.14838562496983623+0.1938764370900406j),(0.0015589970473268583-0.006117134171052917j),5620500000
(-0.15094495565461358+0.1963175567187256j),(0.0014823736216130897-0.006114334851213687j),5620750000
(-0.14717772175123572+0.1941527256594012j),(0.0015333271173946926-0.006197090407210352j),5621000000
(-0.1485521890550611+0.19494580547944768j),(0.0013766469978472333-0.006268786922190433j),5621250000
(-0.14837628819506096+0.19489585763459116j),(0.0014090371870506327-0.006229533855930214j),5621500000
(-0.14622675094856089+0.19432618905326562j),(0.0015950460951046743-0.0061990865379967725j),5621750000
(-0.1493254608779648+0.19650948509755423j),(0.0014807581204203614-0.0061962950038491j),5622000000
(-0.14646444813447154+0.1954872311906072j),(0.0014797934577926149-0.006245772496413677j),5622250000
(-0.14699164895770017+0.19554986158369392j),(0.0016742098804000244-0.006056457068810923j),5622500000
(-0.14504546522640127+0.19478319393374477j),(0.0015071132367441712-0.006190956497278696j),5622750000
(-0.14580978518948823+0.19562267462311791j),(0.001518375312675463-0.0062512230449264j),5623000000
(-0.1448167855156765+0.19479424425586123j),(0.0014139977895589455-0.006142484659854943j),5623250000
(-0.14404310346431035+0.1943233471711683j),(0.0015681132997922642-0.006215257315302853j),5623500000
(-0.14586360692252995+0.1961107674187747j),(0.001413923801774275-0.006104322311718773j),5623750000
(-0.14135049232001407+0.19419503852843736j),(0.001291861685791726-0.006255108951273861j),5624000000
(-0.145110531898321+0.19563098703759746j),(0.0014075018518816232-0.00615954452493439j),5624250000
(-0.14416707390943748+0.19528566163294342j),(0.001329616327076631-0.006175779609421034j),5624500000
(-0.14336204898224028+0.1958920420525605j),(0.0013891521189198534-0.0061559004722714855j),5624750000
(-0.14397016479704614+0.19597753708766408j),(0.0014984632534790637-0.005978200797492652j),5625000000
(-0.14381744092718354+0.1956880898365839j),(0.0014525278776075996-0.006138095059468992j),5625000000
(-0.14158932645560043+0.19512864247080886j),(0.0014673528563026643-0.006083944290685129j),5625250000
(-0.14066555012947438+0.19536260764483135j),(0.001406879744774036-0.0061260727018300825j),5625500000
(-0.14435086758949067+0.19695881291272932j),(0.0014071962732781702-0.006084422851815195j),5625750000
(-0.1401805955877429+0.1954574107130266j),(0.001319964045248779-0.006214170531707437j),5626000000
(-0.1407772450482898+0.19591320813910434j),(0.0013557763523471802-0.0061213204900151625j),5626250000
(-0.13918447545888685+0.19683272093381032j),(0.001319676368785046-0.005992670747074028j),5626500000
(-0.14148336554176083+0.19743597433871057j),(0.0012563983485459843-0.005967630419299368j),5626750000
(-0.13859109115761506+0.19648373594508955j),(0.0012685501295236449-0.005864823555034223j),5627000000
(-0.13755378578980945+0.19626174557109027j),(0.0012793993726493865-0.006075532331141745j),5627250000
(-0.1385819614767764+0.19616335244088526j),(0.0013394747473574938-0.005884778697581511j),5627500000
(-0.1368184596955984+0.19630570022948604j),(0.0010995118551832377-0.006110687487102116j),5627750000
(-0.14014988491739497+0.1970827254682258j),(0.0013496058863825444-0.006190955575511467j),5628000000
(-0.13563429672991967+0.19620367924611506j),(0.0011819757132572977-0.006105790122718186j),5628250000
(-0.14041574509665086+0.19859545428956354j),(0.001192788917191712-0.005895060051396884j),5628500000
(-0.13473088665841676+0.19644454125771538j),(0.001102940772661453-0.006021723521039353j),5628750000
(-0.135610635804115+0.19682573376451476j),(0.0012008417397136103-0.005842289998429777j),5629000000
(-0.13582480594167085+0.19748114163976627j),(0.001200801676907487-0.005974446442209812j),5629250000
(-0.1313972820243516+0.19618484581225168j),(0.001101946020522595-0.006017261714174022j),5629500000
(-0.1316696113651822+0.19505418192622254j),(0.001052401901564843-0.005832088798499403j),5629750000
(-0.13250256521419043+0.19683405364683815j),(0.0010885890201311383-0.0058042793578509805j),5630000000
(-0.1334636629317944+0.19757599268470058j),(0.0009452086595735327-0.00585862423572209j),5630250000
(-0.13196048303543234+0.19688717362577338j),(0.001174878307189357-0.005802651750359083j),5630500000
(-0.13182931366268683+0.1977495491709701j),(0.0008931602459563054-0.005778845741319995j),5630750000
(-0.13240578467978187+0.1984120922650847j),(0.0010251318789323025-0.005866306164274325j),5631000000
(-0.13093475686643755+0.1972068735562848j),(0.0010663517961888053-0.0057894710843049285j),5631250000
(-0.13184143154803832+0.19698720707624515j),(0.0008196811422554602-0.005804520185808773j),5631500000
(-0.12838789787657134+0.19659340459789842j),(0.0010888598607519235-0.005850088581290424j),5631750000
(-0.13200256887787506+0.19795353028989118j),(0.0008211883925311911-0.005953469219663238j),5632000000
(-0.12923080921953445+0.1974593654345108j),(0.0008958140269502714-0.005843728307983887j),5632250000
(-0.13311273850717031+0.19809768311193562j),(0.001017591260450558-0.005896416457289779j),5632500000
(-0.12851132852881655+0.19597016037579781j),(0.0010874817412982398-0.005787782407367262j),5632750000
(-0.1275734055938901+0.19619130872933796j),(0.0008554055272232662-0.005856750756340291j),5633000000
(-0.12895826172600525+0.19655197782834888j),(0.0008416568661065874-0.006081737407655063j),5633250000
(-0.12697325985629854+0.19655073788837596j),(0.0009901426294485777-0.005835621866851112j),5633500000
(-0.12367198089470531+0.19470278178755657j),(0.0009545271009708889-0.005954708075399454j),5633750000
(-0.1271122704040181+0.19626985004277508j),(0.000894662539616426-0.005940054972462216j),5634000000
(-0.1263493130524814+0.19631755768063233j),(0.0008221302118514559-0.005901252571174598j),5634250000
(-0.12733984117147973+0.19754956981588384j),(0.0009905499491710858-0.005772755111607796j),5634500000
(-0.12296313974288199+0.19483359452921842j),(0.0009699799068815022-0.00585894819508153j),5634750000
(-0.1269607761074726+0.1971846624858626j),(0.001131353623390173-0.005847319221280184j),5635000000
(-0.12402406943058018+0.19586159521550067j),(0.0008235656028758177-0.005806305306210062j),5635250000
(-0.12263253431996217+0.19595532143498934j),(0.0008604478094421836-0.005926149093455074j),5635500000
(-0.12319634688771312+0.1960636282430422j),(0.0008905473509551515-0.005882012701349799j),5635750000
(-0.12270046028273135+0.1958711344241056j),(0.0009586112522030459-0.005881850968751828j),5636000000
(-0.12471871710970352+0.196103380137899j),(0.0010484209213592578-0.005678174247920419j),5636250000
(-0.12225981950062008+0.19634303372224826j),(0.000742185559174516-0.005862016660585427j),5636500000
(-0.12281689395531625+0.19776571692873296j),(0.000977812570446925-0.005864237872654929j),5636750000
(-0.12155438447224119+0.19602335702409496j),(0.0010289498062434643-0.00589785384372411j),5637000000
(-0.12280653843072475+0.19704987033912963j),(0.0008693405806305289-0.005936225028323531j),5637250000
(-0.12072566700037161+0.1965432667994867j),(0.0011666731356081961-0.006015195238286454j),5637500000
(-0.11664258176520911+0.19515333104278648j),(0.0009175902754361958-0.005777869410518245j),5637750000
(-0.1208287557913865+0.19621626997484123j),(0.0011770446118479557-0.005628166118415432j),5638000000
(-0.11707924143672845+0.1958879607961861j),(0.0009969175075577397-0.005852345109793824j),5638250000
(-0.12139926221270922+0.1974689023791006j),(0.001019979347879359-0.005790552345012299j),5638500000
(-0.11784093584956568+0.19603397668310196j),(0.0011044917441512642-0.005844253150289016j),5638750000
(-0.11619756605030718+0.19570573643149136j),(0.0011146999054490445-0.0058705590839731895j),5639000000
(-0.11663982511210055+0.19653340205623326j),(0.0012181593044486194-0.0056863072576089375j),5639250000
(-0.11700662855533576+0.19602788158966056j),(0.0011493259504213717-0.005911626256994733j),5639500000
(-0.11700373657535995+0.19520146679733097j),(0.0012284285590129134-0.0058085676851009115j),5639750000
(-0.11418564510533988+0.19544390986394145j),(0.0011320508981260138-0.005882683038726467j),5640000000
(-0.1171931134908575+0.19677282402860735j),(0.0009818480960498174-0.00592692278396404j),5640250000
(-0.11174582394410426+0.1955383120841397j),(0.0012055037785896978-0.005862467033720105j),5640500000
(-0.11556484581114233+0.19582086499740503j),(0.0012181757275915024-0.005875133789797994j),5640750000
(-0.11434634011497696+0.19593843682721496j),(0.0011418564016163432-0.00582688269141892j),5641000000
(-0.11256383796510595+0.19557300477457587j),(0.0012515123585897132-0.0058323171397299586j),5641250000
(-0.11352829174153577+0.19672928186677302j),(0.001187933642962753-0.005696454984816481j),5641500000
(-0.11592387516069766+0.19740580869903368j),(0.0012092430955699732-0.005681333521906974j),5641750000
(-0.11503907333847824+0.19704503082394206j),(0.0012044374112500685-0.005797180468456757j),5642000000
(-0.10970453148401121+0.1971355636735194j),(0.0012632263914492943-0.005942479190015609j),5642250000
(-0.11483617889331915+0.19824137085279073j),(0.001178575642152592-0.005754297331139217j),5642500000
(-0.1109245370667233+0.19701468377706616j),(0.0011406567874983518-0.005817608756568172j),5642750000
(-0.10785516695085057+0.19679356548148516j),(0.0011570458972039236-0.005948312090929509j),5643000000
(-0.11102786606200381+0.19701175058035011j),(0.0012525011033438604-0.005665923130176977j),5643250000
(-0.10946682132007433+0.19782369664958796j),(0.0013712573863740498-0.005776140519868058j),5643500000
(-0.11379748284507821+0.19926908753788117j),(0.0011744185020918414-0.0060296006122580615j),5643750000
(-0.10695216682221652+0.19820415648636727j),(0.001224260038573188-0.005737978345403792j),5644000000
(-0.11055790492229678+0.1988908393183959j),(0.0009716337650211485-0.005895590955064991j),5644250000
(-0.10829220637740426+0.19921854205810013j),(0.0011372531589933061-0.005911044437059468j),5644500000
(-0.10920664803693843+0.19964942779731307j),(0.001210223233217585-0.005886630909954068j),5644750000
(-0.11014771147393314+0.1991070641114317j),(0.0011462732415922696-0.005940337620357599j),5645000000
(-0.1074605408216676+0.20005567195995877j),(0.0011405750684545866-0.005873086511234471j),5645250000
(-0.11052569713288456+0.19884024126929314j),(0.0011876927861731387-0.005757622571148201j),5645500000
(-0.11414863855790489+0.2004445323295384j),(0.0013178394239666304-0.005772263438648729j),5645750000
(-0.1053859201409089+0.19897612680027604j),(0.001142526720275255-0.0058691306357608695j),5646000000
(-0.10823884524475547+0.20021151822767433j),(0.0013563950138980345-0.005859444360188997j),5646250000
(-0.1096923718053753+0.20043055689641276j),(0.0013520385090074727-0.005792517995822393j),5646500000
(-0.10424978374702415+0.1997902109848849j),(0.0010834579565536318-0.006003296701836895j),5646750000
(-0.10074589504877064+0.19923050074714474j),(0.0012158749569828047-0.006028751091017914j),5647000000
(-0.1054297029485799+0.20042996309788197j),(0.0012332349250860355-0.005898511174358652j),5647250000
(-0.10411930048108287+0.20040746976316615j),(0.0010726928789585003-0.0059506579347344225j),5647500000
(-0.10424349714882891+0.20058830276337014j),(0.001337090310559048-0.005999983691382831j),5647750000
(-0.10503467202984425+0.2007515026497229j),(0.0009163750896455517-0.006084001576857197j),5648000000
(-0.10544741403294305+0.2018664265129159j),(0.0009684059056645968-0.005974531003822472j),5648250000
(-0.10356696204009265+0.20144258123751305j),(0.0012151555595096408-0.006097971135715669j),5648500000
(-0.1054501410995633+0.20090136153668484j),(0.001018445000874599-0.005973694879906481j),5648750000
(-0.1024299740399413+0.20025848693799234j),(0.0009690551370048452-0.006117567637873348j),5649000000
(-0.09921035577480328+0.19964423939531226j),(0.0009032093277402794-0.006347319502133239j),5649250000
(-0.10459357605866107+0.20162957631941178j),(0.0009518637998142375-0.006124548501351051j),5649500000
(-0.10415615908114276+0.20087735290013445j),(0.001023136440869427-0.00629272429138171j),5649750000
(-0.10026729680704301+0.20102051536166718j),(0.0009539474741961598-0.00617145508667898j),5650000000
(-0.10556540414631596+0.20124394176792063j),(0.0009689153661204921-0.006182718279187082j),5650000000
(-0.10252714546561574+0.20039520116549955j),(0.0010272622400336637-0.0062942498638605265j),5650250000
(-0.09555771944067061+0.19988764500305542j),(0.0010007441300810362-0.00626824616515694j),5650500000
(-0.10009453527026077+0.20021800494556563j),(0.0010067786536979008-0.006290309347622492j),5650750000
(-0.09945660627620782+0.20068562208678942j),(0.0009695405803216079-0.006354719316240836j),5651000000
(-0.09624898975338354+0.20043676175038994j),(0.0008156552692417838-0.006437904136108784j),5651250000
(-0.09948563801267012+0.20106272089938362j),(0.0009200645248295771-0.006441239288919779j),5651500000
(-0.09646310398558962+0.20092492622882452j),(0.0008009378559402661-0.0064685564579014514j),5651750000
(-0.10479788195675964+0.20189062516536146j),(0.0009353075318146703-0.006414371442582276j),5652000000
(-0.09445147341302472+0.20008232393857003j),(0.0008265848079680541-0.006481515395729527j),5652250000
(-0.09169341566894793+0.2000134748857396j),(0.0009141382253891317-0.006464252814993992j),5652500000
(-0.10177140063885068+0.2023902471353095j),(0.00085068651484976-0.006381954379003213j),5652750000
(-0.09268955044664927+0.2004358292129041j),(0.0008441230514494142-0.00635383513009374j),5653000000
(-0.09885148009910767+0.20092079044118907j),(0.000930556462369623-0.006373982461274739j),5653250000
(-0.09080934069868418+0.19969454718686838j),(0.0008237930718355205-0.006430459275660784j),5653500000
(-0.09369703768693455+0.20090824754035924j),(0.0009731446117209703-0.006395953587381933j),5653750000
(-0.09145256161052065+0.2004567983563191j),(0.0006525997104794318-0.006524239252091358j),5654000000
(-0.09591859345705903+0.20318005059393499j),(0.0008514246717759102-0.00644974319368175j),5654250000
(-0.08699401710305954+0.2005135569520739j),(0.0007822957196080191-0.006444940344575265j),5654500000
(-0.0977242897133465+0.20392580335502977j),(0.0008325048331518287-0.006521918145125711j),5654750000
(-0.09451366063441392+0.20217849314537606j),(0.0008369099800568798-0.006426926922564396j),5655000000
(-0.09088218626571146+0.20250385013182604j),(0.0008876360661396381-0.006404333253451799j),5655250000
(-0.09251648867882914+0.2027259887491047j),(0.0008540719713615907-0.00669608151026203j),5655500000
(-0.09227619292878712+0.20265333002920374j),(0.0008687173073590952-0.006552444508718401j),5655750000
(-0.08791244152303962+0.20250490996185894j),(0.0007486163661146772-0.006564368837000723j),5656000000
(-0.09114346960825495+0.20246348402285716j),(0.0008330909943164124-0.006592750925399888j),5656250000
(-0.0930489837846085+0.2036793988457663j),(0.000819380582758957-0.006357599622109994j),5656500000
(-0.09316985213512977+0.2045331903162298j),(0.0008155725897530577-0.00653096614944451j),5656750000
(-0.08757553993099632+0.20319722486341008j),(0.0007299168616682188-0.006533925664289562j),5657000000
(-0.09155012517701282+0.2031232815485288j),(0.0007140954475078428-0.006496677970733817j),5657250000
(-0.0783396399563034+0.20170309816085988j),(0.0006785766573414949-0.0066104707045263845j),5657500000
(-0.09040042394748497+0.20322199037482658j),(0.0006059760071717354-0.00638642722625882j),5657750000
(-0.08514934483653394+0.20373926243205429j),(0.0007911235899882697-0.006572204324770236j),5658000000
(-0.08493711787749267+0.2032422107717499j),(0.0005928337335282191-0.006668560138444722j),5658250000
(-0.09083145318866524+0.20437340582592153j),(0.0008505672511096615-0.0066618078291686336j),5658500000
(-0.08442437370754005+0.2033356371147926j),(0.0006368850367188578-0.006703693988250108j),5658750000
(-0.08779885877684657+0.20405120666191542j),(0.0006274363519583765-0.006375102333417788j),5659000000
(-0.08282206988572005+0.20366756915661646j),(0.0006218607197377261-0.006431884047229758j),5659250000
(-0.09194888761805226+0.20449528414446122j),(0.0008256886713062677-0.006562059184993896j),5659500000
(-0.08206473839302596+0.20427127069716117j),(0.0005569314900686029-0.006653945607084451j),5659750000
(-0.08795718726618054+0.20545456376177124j),(0.0005240574815753865-0.006735074368918725j),5660000000
(-0.08790773689623939+0.2045452929791577j),(0.0006127646876721095-0.006679510147924312j),5660250000
(-0.08252206514197759+0.20462630859331404j),(0.0006561996464250815-0.006600864414218494j),5660500000
(-0.08566518726806342+0.205630064750362j),(0.0007554072254739262-0.00653362267552247j),5660750000
(-0.08102268567964904+0.20508725431176655j),(0.0005578181053617516-0.006647536316465366j),5661000000
(-0.08714524895215166+0.20560070646731216j),(0.0007702798707558074-0.006530388064892264j),5661250000
(-0.08119036402809204+0.2046795478602377j),(0.0006440480431477648-0.006667900726118268j),5661500000
(-0.08355940636124604+0.20594054234109938j),(0.000554567069391028-0.006602623385617663j),5661750000
(-0.087877519103654+0.20602626768494822j),(0.000543378531843126-0.006714011103861057j),5662000000
(-0.08261588155004525+0.20523717409143064j),(0.0004758657585913332-0.006696089127208361j),5662250000
(-0.08810047848729358+0.20609048996209173j),(0.0006834199079547357-0.006722670230533607j),5662500000
(-0.08032486840122866+0.20511528726276623j),(0.0006517563722102711-0.006768251668648818j),5662750000
(-0.08190091970558129+0.2055580718479444j),(0.0006453654279070171-0.006779938245135663j),5663000000
(-0.08039841705612963+0.205547847974126j),(0.0007110148422420673-0.006815315322839778j),5663250000
(-0.08133025404214372+0.20622610691733956j),(0.0005476090853329948-0.006733466853573325j),5663500000
(-0.08611767149355425+0.20676805933281373j),(0.0006348763174576236-0.006756018458827914j),5663750000
(-0.07793484686704195+0.20638644896588795j),(0.000500461371012488-0.006840895783917409j),5664000000
(-0.07805283256488162+0.20770332133282116j),(0.00027364871992737046-0.00680542674574243j),5664250000
(-0.08066743222664004+0.2068934315184618j),(0.0005180924483474272-0.006925443035511592j),5664500000
(-0.0846294511661118+0.20739058292182896j),(0.00047613005245798474-0.0069124621024383584j),5664750000
(-0.08076396924760516+0.2070886453702921j),(0.0003709047971046499-0.006661647384327919j),5665000000
(-0.07617723060034486+0.20781279467506433j),(0.0002303256248007658-0.006830859566021862j),5665250000
(-0.07794019357252341+0.2070292808395613j),(0.00041011304486142396-0.006891023322417331j),5665500000
(-0.08347969799870118+0.20706700561764016j),(0.0004889992509668569-0.0068480825918381125j),5665750000
(-0.07995066412006196+0.2075182013303116j),(0.0003442865231066449-0.006775632914206052j),5666000000
(-0.07450674193220293+0.2083417285483894j),(0.0001825121044182991-0.006904920727118048j),5666250000
(-0.07750016194059833+0.20815758677406052j),(0.00014505832450771765-0.006724032087959037j),5666500000
(-0.07887911138875688+0.20795015122847987j),(0.00020621950015465781-0.0069397227687075375j),5666750000
(-0.07684682908406976+0.20942219705610676j),(0.00020526912199135902-0.0067414636682921435j),5667000000
(-0.07134789909320706+0.20886882795947198j),(0.00023652170173501-0.007023665811563367j),5667250000
(-0.06973762500014327+0.2093933377900949j),(1.5386234156586934e-05-0.006853479876059907j),5667500000
(-0.077147842045839+0.20971992792096006j),(0.0002429778733266504-0.006937920732668051j),5667750000
(-0.07835799343929965+0.20882026211751045j),(0.00023632093591828784-0.0069177557898645135j),5668000000
(-0.07036742349576852+0.21020646389290074j),(-2.0689782516189058e-07-0.006959285521921134j),5668250000
(-0.07207862188410676+0.20913476321545932j),(6.780741403185947e-05-0.006971677839259494j),5668500000
(-0.07495979642302004+0.20864645327778072j),(0.0001013620976286448-0.006981670071421238j),5668750000
(-0.07150766457213836+0.20935073861569242j),(-5.5120512693230996e-05-0.007120790923197281j),5669000000
(-0.06741911106393278+0.20905178549379327j),(4.8276456643242435e-05-0.0070680912632599055j),5669250000
(-0.07066956224711698+0.20901374845863782j),(0.00013164445895782413-0.007150382129287092j),5669500000
(-0.07027556045031846+0.20964713110284078j),(-0.0001575183643511145-0.006998068311559171j),5669750000
(-0.0740319137276494+0.210063549435815j),(0.00011247995482694593-0.006917361829848781j),5670000000
(-0.06989847657487096+0.21005916839627672j),(-9.456910084205478e-06-0.007155210186286861j),5670250000
(-0.06411997230330391+0.2109135261210395j),(-8.176038797703315e-05-0.00706810410486257j),5670500000
(-0.07020613880152218+0.20970734274561115j),(9.250744298529878e-05-0.006958315900518682j),5670750000
(-0.06963469217663623+0.21059019543672325j),(6.393746731807225e-05-0.007146423721624536j),5671000000
(-0.06647360128040772+0.21068297934711902j),(-0.00022483024514371273-0.007154486421817929j),5671250000
(-0.06438648734292414+0.20947559502388877j),(1.5022547083603144e-05-0.007183141613221843j),5671500000
(-0.06377287698867201+0.2103491718178065j),(-0.0002484453502207333-0.0071146652585152926j),5671750000
(-0.06620896704620503+0.21009494953260574j),(-6.233000987026726e-05-0.0070366597895582j),5672000000
(-0.06443940093329235+0.21015419213279174j),(-6.520214555170097e-05-0.007147687778050985j),5672250000
(-0.06000161022305754+0.20999139429745964j),(-4.876969386237646e-05-0.0071685200787993605j),5672500000
(-0.0633224053106907+0.20924231344239463j),(-0.00015898349223300074-0.007236028458250324j),5672750000
(-0.06454927909335127+0.2094316538510233j),(-5.152849098401748e-05-0.007198119544930617j),5673000000
(-0.06295292572035135+0.21032022678037393j),(-0.00031905531102011385-0.007237094633871139j),5673250000
(-0.06481409401656547+0.2106050941660605j),(-0.0002267870557920587-0.0072938431785557955j),5673500000
(-0.05999707309567974+0.20979875636242326j),(-0.00022848607201437514-0.007184599807235309j),5673750000
(-0.05849045357930322+0.21042586618635337j),(-0.00037000394398086975-0.007352896185257841j),5674000000
(-0.0618371794138221+0.20980423816123117j),(-0.0003081698528280619-0.007239460180045967j),5674250000
(-0.056963127089166725+0.20994600538440755j),(-0.0002584556564557164-0.007038056145572451j),5674500000
(-0.05844435173216828+0.2093498298844668j),(-0.0002616006804610657-0.007318732606996183j),5674750000
(-0.05959943002593005+0.21039006813553848j),(-0.0003909348848284411-0.007174008648941828j),5675000000
(-0.060608271134929954+0.21109574548164453j),(-0.00039653127368383616-0.007221411092947977j),5675000000
(-0.05860120547627283+0.21097945651062167j),(-0.0003113112454093746-0.0073385774135867375j),5675250000
(-0.051718804029063516+0.21196965094742756j),(-0.0004159560339132384-0.007253106833668294j),5675500000
(-0.05808007223970843+0.21131425867971063j),(-0.0004139238199093987-0.007139298227603231j),5675750000
(-0.052383686448890535+0.21241070845703727j),(-0.0005262537942305184-0.007146449428490545j),5676000000
(-0.0571563171506252+0.2106387893860423j),(-0.0003373433359152449-0.007293535215839904j),5676250000
(-0.05359459504240631+0.21132564474101884j),(-0.0004032179873785099-0.0072292004574703705j),5676500000
(-0.05119590333159107+0.2133984678608586j),(-0.0006057411439330147-0.0071856061973231185j),5676750000
(-0.05253294704695361+0.21266236236782907j),(-0.0006668360931857756-0.007229270307856136j),5677000000
(-0.05211656997313841+0.21289359211843467j),(-0.0006110171558216572-0.007216781068222887j),5677250000
(-0.052992905230735604+0.21231976243905243j),(-0.0005886460817900051-0.007320600111372775j),5677500000
(-0.04906073840113237+0.21181750633661717j),(-0.0007683658405148817-0.007224020455075737j),5677750000
(-0.05268320448132494+0.21283857053547728j),(-0.0006471525725132337-0.007252771878804217j),5678000000
(-0.05126468511898932+0.21325241052791302j),(-0.000730606125908763-0.0072899158739196095j),5678250000
(-0.04950092513269367+0.21267177003354074j),(-0.0007475495926813209-0.007387823689054355j),5678500000
(-0.050385506996101434+0.21375239893795983j),(-0.0007352865718812205-0.007226068601435299j),5678750000
(-0.046597082119201834+0.21376056437495206j),(-0.0008434686905534985-0.007189594543131875j),5679000000
(-0.05112764781326661+0.2128173598594428j),(-0.0007253614994915193-0.007192645176052208j),5679250000
(-0.045750590845507214+0.2132912297317461j),(-0.0010237478467948792-0.007132460596531207j),5679500000
(-0.047109659332748806+0.21280263311465733j),(-0.0010221337687158275-0.007304105768189131j),5679750000
(-0.043568441905328166+0.21264764372281425j),(-0.0008806921813748206-0.007127747418212166j),5680000000
(-0.04582719719399686+0.21374552419827425j),(-0.0009441528156491584-0.0069432709436898455j),5680250000
(-0.047637175459867676+0.21347041059427643j),(-0.0008398353841955694-0.0071685211885748066j),5680500000
(-0.04038621526986525+0.2126664410939561j),(-0.0010183327916208453-0.007227434307775234j),5680750000
(-0.046847542864206816+0.21361119769370485j),(-0.0010803832802623178-0.00725123383388172j),5681000000
(-0.04250625585580663+0.21460116047976244j),(-0.0010740213250334386-0.006931499634518017j),5681250000
(-0.04310664519864645+0.21289244783306524j),(-0.0012580288104156758-0.006957741992806872j),5681500000
(-0.04158662844642447+0.21377903221566288j),(-0.0012864699383934538-0.006763442109651747j),5681750000
(-0.04218774500008046+0.21415384499825213j),(-0.0009534561951649388-0.007024437706213512j),5682000000
(-0.043795467587703835+0.21399666931344644j),(-0.0011074130842432185-0.006885838257336607j),5682250000
(-0.04085924534543407+0.21509549265184144j),(-0.00115199397203848-0.006903631409232773j),5682500000
(-0.04245784024674132+0.2136680790704934j),(-0.0011538585071448994-0.007037453600895943j),5682750000
(-0.03925551699070304+0.21448111093181668j),(-0.0013533923904051745-0.0068790897667611595j),5683000000
(-0.04200502004435422+0.21466250646374774j),(-0.0012754683170950734-0.007029428431814881j),5683250000
(-0.04081946277960965+0.21536774408328596j),(-0.0012190123917997136-0.006903546106280053j),5683500000
(-0.0395605888196985+0.21433366008380508j),(-0.0012450091882378544-0.007153419773668252j),5683750000
(-0.03976943127192652+0.2137597082209157j),(-0.0012225771537751875-0.006811591324679795j),5684000000
(-0.03692833336167237+0.21432620665019067j),(-0.0013520831549998643-0.006857594335534094j),5684250000
(-0.0392328090530447+0.21427213605488332j),(-0.001207860736814192-0.006661437841210445j),5684500000
(-0.0360426123441163+0.21311705869433728j),(-0.0013366143812057383-0.006759850394034948j),5684750000
(-0.03979244867144188+0.21325695770284342j),(-0.0013154951311139718-0.006813906082975596j),5685000000
(-0.03381005327760177+0.21357841900998872j),(-0.0013474789398806354-0.006774204386354294j),5685250000
(-0.03879579986400463+0.21410427280850344j),(-0.0012648910925621732-0.006812801725627127j),5685500000
(-0.0332316305400591+0.2134927553900914j),(-0.0013681504146617943-0.006718364662306257j),5685750000
(-0.03625955271854801+0.21498362283943426j),(-0.0015206143816605963-0.0067392793842257475j),5686000000
(-0.03343549674016649+0.21477376524241942j),(-0.0015564218526423917-0.006864308701522695j),5686250000
(-0.0329915909688264+0.2147829125224896j),(-0.001374564457835395-0.006868504415273171j),5686500000
(-0.03409979404618115+0.2140163351900566j),(-0.0015439474732256426-0.00669677780345637j),5686750000
(-0.03141865519907587+0.21538489998681312j),(-0.0013041878858281934-0.006815870190916823j),5687000000
(-0.037103242548994886+0.2124873346040675j),(-0.0014407745337483302-0.006727069981495457j),5687250000
(-0.03579908034475327+0.21465399830617143j),(-0.001312279504813871-0.006710479876842644j),5687500000
(-0.03371509372938274+0.213592270414494j),(-0.0012782735860760854-0.006716557471089388j),5687750000
(-0.031138150536856358+0.2155790336474477j),(-0.0015630097476207882-0.006820599561082818j),5688000000
(-0.03040602327706141+0.21471822013464245j),(-0.0015026940777062609-0.006736119343838134j),5688250000
(-0.03207411834251129+0.21366989077639625j),(-0.0012698945667670982-0.006745032013442218j),5688500000
(-0.022837822793218263+0.21657169233819948j),(-0.0014623379074994506-0.006763601755560275j),5688750000
(-0.027674500621327782+0.21351967963449464j),(-0.0014664959321421-0.006867146328651046j),5689000000
(-0.025958904683160148+0.21544768525609123j),(-0.0014331630499957967-0.006681717350867745j),5689250000
(-0.03142148143427665+0.21605668887851065j),(-0.0014310826858474944-0.0067800577834185955j),5689500000
(-0.027165127953021583+0.21509790835416812j),(-0.0016054717793101982-0.00673253303199076j),5689750000
(-0.028328773506860857+0.21488780406332267j),(-0.0014586880827843528-0.006531280667244964j),5690000000
(-0.026335530399013436+0.2159132108450133j),(-0.0013394873395889974-0.0067474516669857754j),5690250000
(-0.026371255770500576+0.21427249096177794j),(-0.0016270337827809327-0.006535386917653936j),5690500000
(-0.024785136922080387+0.21527645938135864j),(-0.0015107190864426636-0.006727692493685848j),5690750000
(-0.02542525666387278+0.21432497083511598j),(-0.0014897549853057847-0.0066783000544413836j),5691000000
(-0.025735588799050673+0.21488306466269347j),(-0.001483296740368336-0.0065985140598654604j),5691250000
(-0.026251202101862204+0.21603063466327077j),(-0.0015967701743688915-0.006743706357846534j),5691500000
(-0.02514561548650209+0.21461884863589598j),(-0.0016518556351876358-0.006760273551820292j),5691750000
(-0.024813897869763752+0.21568342157349843j),(-0.0015545476080307105-0.006779517219782815j),5692000000
(-0.024273436411723956+0.21503116269746705j),(-0.0016140695434369813-0.00674843954975493j),5692250000
(-0.024157632375289374+0.21564626509380977j),(-0.0016200349844974703-0.006694501810503974j),5692500000
(-0.0262638009244922+0.2140882986956652j),(-0.001676789367194485-0.006732204144714363j),5692750000
(-0.02213405935308991+0.21705938822985274j),(-0.0015868125043169692-0.006763142643871119j),5693000000
(-0.02511347297272707+0.21533279007379127j),(-0.0016137488053109856-0.006713434137526664j),5693250000
(-0.020715301956442146+0.21711356678016747j),(-0.00170841378190337-0.006692785287837411j),5693500000
(-0.024619011383375394+0.21604729315656115j),(-0.0016744621554759412-0.006649454450065306j),5693750000
(-0.018421053641660728+0.21683899822249286j),(-0.0016353552319073497-0.006781785022005786j),5694000000
(-0.023617596046539315+0.21644825441611643j),(-0.001836684257868103-0.006672667330370234j),5694250000
(-0.02164937678897396+0.21638928852006228j),(-0.0016416476405352372-0.006613985074296281j),5694500000
(-0.019951166215807753+0.21765674416838862j),(-0.0016419487529653579-0.006891739190008075j),5694750000
(-0.021495874833802227+0.21681521949990876j),(-0.0016601531408669914-0.006736153442459464j),5695000000
(-0.019182049416212234+0.21795465004870762j),(-0.0016162350977380509-0.006639642311334555j),5695250000
(-0.02178743527894482+0.2160084023686909j),(-0.001568531267084734-0.006812782952792679j),5695500000
(-0.019759325404502166+0.2184159860255843j),(-0.0016323222686225598-0.006651100989630154j),5695750000
(-0.023297918660812888+0.2168914895488962j),(-0.001760519824647878-0.006775309528347292j),5696000000
(-0.017070176046358264+0.21789342338295922j),(-0.0018908075169296835-0.006746567386896278j),5696250000
(-0.018216265540640337+0.21789338832462518j),(-0.0017543678625961858-0.006608851083535719j),5696500000
(-0.020213884327524634+0.2158733689847185j),(-0.0016059632898127534-0.006508415252633577j),5696750000
(-0.020047206226033218+0.21765237928231368j),(-0.001778236151971094-0.00642979277498933j),5697000000
(-0.016171603780442342+0.21750231185373106j),(-0.0017645571288908376-0.006657720044543471j),5697250000
(-0.020418704392747965+0.2172493181920165j),(-0.0016740536609052754-0.006854213389855623j),5697500000
(-0.01945771825437601+0.21715546068959618j),(-0.0018566143162826274-0.006881894021473968j),5697750000
(-0.00985452844438254+0.21932109673752154j),(-0.0018469246087097746-0.006579702196069131j),5698000000
(-0.018056055704273186+0.21817701923791707j),(-0.0018882727929593634-0.006639662934402036j),5698250000
(-0.010925341864587141+0.21818938504149962j),(-0.0018693920135861265-0.0066563416149752605j),5698500000
(-0.013665227034051902+0.21716585394272436j),(-0.001876531896130767-0.00663820364589935j),5698750000
(-0.013277471683658608+0.21834153288889194j),(-0.0018047420237061445-0.006725956837503228j),5699000000
(-0.011832413426202256+0.21751841812833986j),(-0.0018092764151377576-0.006774353015205246j),5699250000
(-0.011453223734227162+0.21870153434281045j),(-0.0017958204906196465-0.006648588642273946j),5699500000
(-0.011226077708699033+0.2183641159745263j),(-0.0021136488605760662-0.006860478987499255j),5699750000
(-0.013312355224327017+0.21722801956319207j),(-0.0020155070668350272-0.006719354339830463j),5700000000
(-0.006121254616066058+0.21963915853561075j),(-0.0019663867754283505-0.0067529923306979215j),5700000000
(-0.011412350142751469+0.21810135839563446j),(-0.0017797498735855006-0.006783144995043222j),5700250000
(-0.006398691373480973+0.21889424686386588j),(-0.0019139891818593607-0.006643844273931627j),5700500000
(-0.009221394243690948+0.21877991257161628j),(-0.0020500591000594463-0.006718380185465491j),5700750000
(-0.0073944011484284285+0.21954994789392887j),(-0.0020461789732187556-0.006779420366521857j),5701000000
(-0.00827192793123859+0.21817267542744237j),(-0.001990421146969395-0.006813197626009485j),5701250000
(-0.0036226996212009115+0.22008227172401992j),(-0.002034196185371378-0.006798438229374502j),5701500000
(-0.005223706006824118+0.22074972039252033j),(-0.002118972902362611-0.006682826148401502j),5701750000
(-0.004418105926789914+0.21969648263914116j),(-0.0022089715679919734-0.006709974836424796j),5702000000
(-0.010734259716077155+0.21932763039086386j),(-0.0019378463556335307-0.006736501457655173j),5702250000
(-0.001853535005974634+0.22088276980028532j),(-0.002031111654698386-0.00684174564612979j),5702500000
(-0.0020983707430256467+0.21969455712782054j),(-0.002111838813724963-0.0066719202796144735j),5702750000
(-0.0041223638816078835+0.21868712616731836j),(-0.002176795563304857-0.006734648038420269j),5703000000
(-0.003730508770481504+0.2200372177692867j),(-0.001983687674963345-0.006834958958502937j),5703250000
(-0.004190760408322142+0.21886922448680618j),(-0.0021775441281099432-0.0068200873937202516j),5703500000
(-0.0009710282452577257+0.21934772884644038j),(-0.002248617409381783-0.006744354862704053j),5703750000
(-0.0019923312599477187+0.22005035039606j),(-0.002373586204128244-0.006801143923063108j),5704000000
(-0.0028922285863020696+0.21889493784116243j),(-0.0023161334468055853-0.006787915487050678j),5704250000
(-0.007708775697769316+0.2179608245189634j),(-0.0021015283312187123-0.006923088568111235j),5704500000
(-0.00024303238388387595+0.2200596555450697j),(-0.0022412023791158787-0.006796369011076855j),5704750000
(0.0015305640883307718+0.2209585970316219j),(-0.0023301316210217874-0.006784533536358025j),5705000000
(-0.0032814531509713176+0.22041454067916977j),(-0.0020697070193139867-0.006638893807105061j),5705250000
(-0.002982952156279117+0.22016802991638806j),(-0.0022493337252680857-0.006725832157023022j),5705500000
(0.007833153626945226+0.22370350559307187j),(-0.0022668642050109114-0.006703344398193169j),5705750000
(0.0010629056404845504+0.22053039373012023j),(-0.0021681676538469782-0.006575816907871037j),5706000000
(0.002649484042000787+0.22116391194515228j),(-0.002367741812434668-0.006650847506159579j),5706250000
(-0.0002781537641069029+0.2200771058190054j),(-0.002204738935861119-0.006559611265592439j),5706500000
(0.0026451663951301426+0.22117771448096754j),(-0.002228786093025983-0.006652635595696688j),5706750000
(-0.0021301056090837008+0.21839719210730357j),(-0.002406636407006104-0.006742821547191587j),5707000000
(0.004659072405765185+0.22021248142160313j),(-0.002308026314745404-0.006768861738340699j),5707250000
(0.00960379553302725+0.22241551833552917j),(-0.0025443850749108958-0.006649993608535752j),5707500000
(0.0016501152679112212+0.2197679968425209j),(-0.002473878365367299-0.006571039774688188j),5707750000
(0.00241375586871048+0.22034293538567168j),(-0.002380427602299559-0.006753802672225236j),5708000000
(0.004860358743521217+0.22138066094617947j),(-0.00255551452311651-0.006763004298745885j),5708250000
(0.003954309925187158+0.22182315216695736j),(-0.002415703662085177-0.006733858089812486j),5708500000
(0.005984542704719412+0.22170431698109833j),(-0.002531214003779474-0.006571394141354347j),5708750000
(0.006548306770941754+0.22191902815068523j),(-0.0024582939200897985-0.006845663141479761j),5709000000
(0.0059958256159201055+0.22172474510292292j),(-0.0023828104354211327-0.006769941144408315j),5709250000
(0.002789532228550965+0.2211200379619251j),(-0.0024150039819403886-0.0068524745852440805j),5709500000
(0.01508048072875149+0.22476820823529922j),(-0.00271506164332571-0.00678775484059434j),5709750000
(0.004793314433497317+0.22192446094057955j),(-0.0025219454479527767-0.006672039535811364j),5710000000
(0.013728776999830437+0.226492699245462j),(-0.002702523688957696-0.006637941095376326j),5710250000
(0.0071921924375081105+0.2232002172762991j),(-0.0025000068334156845-0.006646865864259296j),5710500000
(0.012805861675921385+0.224869985481616j),(-0.002541323550957838-0.0066431826977283665j),5710750000
(0.012539748141490129+0.2259233441262151j),(-0.002636381334007123-0.006624715306307096j),5711000000
(0.007819690161890483+0.2241838423619091j),(-0.002585611014525412-0.0067480841127993026j),5711250000
(0.017169422908836534+0.22747983470506758j),(-0.002799616596672298-0.0068209558926780435j),5711500000
(0.010507174698542262+0.2235620201989086j),(-0.002774813047776536-0.006702566697145974j),5711750000
(0.011199518960641804+0.22552212029841118j),(-0.002524151127822544-0.006633876998838202j),5712000000
(0.012770360471642992+0.22514103159207377j),(-0.0027234458347765826-0.0065869045424529335j),5712250000
(0.015282363311871213+0.226580121175281j),(-0.002813989971470451-0.006672837793979432j),5712500000
(0.017641545412062434+0.22731378005317776j),(-0.002683468385901859-0.006589856598768299j),5712750000
(0.010406264428150765+0.2246000992123152j),(-0.002601704318587063-0.006771600749846171j),5713000000
(0.015206467621570388+0.22685122067679048j),(-0.002949459230282148-0.006665303429402766j),5713250000
(0.011840686702594456+0.2236480313426539j),(-0.0028689654919722453-0.006851058653117896j),5713500000
(0.010236096139465162+0.22366481741552038j),(-0.002782801041782967-0.006762338997592301j),5713750000
(0.014702221013376251+0.22433627052234895j),(-0.0027683832068633317-0.006903223096508811j),5714000000
(0.018785471504299534+0.226278655665751j),(-0.002865097906166074-0.006624167119850758j),5714250000
(0.016355896531446715+0.22467279609609916j),(-0.0027213393293375517-0.006784187555413927j),5714500000
(0.01644768613922473+0.22256714996926563j),(-0.0027566766274773526-0.006753665362828669j),5714750000
(0.017865373144949955+0.22522601904127698j),(-0.0027485355044072576-0.006623721001399545j),5715000000
(0.022174348399502608+0.22659653657612425j),(-0.002957045949678525-0.006835389481692189j),5715250000
(0.015081114918532116+0.2238932282621738j),(-0.0029832963837063387-0.006758927834023457j),5715500000
(0.015172284181746015+0.22213864082214974j),(-0.0029653634089211378-0.006796985846264144j),5715750000
(0.023646236270662774+0.2263637373512456j),(-0.002977370301728818-0.006707274160300179j),5716000000
(0.014410145920831207+0.22254945377370663j),(-0.0030353761915170234-0.0067898491447895845j),5716250000
(0.020997476630537804+0.22423176424109292j),(-0.002876144916770182-0.006750685158888496j),5716500000
(0.0185987750835239+0.22326258383541114j),(-0.0030263198365384682-0.006757354428439464j),5716750000
(0.01931644406487059+0.22369893247083256j),(-0.0029882079403260675-0.0067202911187297185j),5717000000
(0.02452036548733788+0.22562248844510222j),(-0.0031096947544542054-0.006785930768968537j),5717250000
(0.016439331537598224+0.22190843200256247j),(-0.00311204396498964-0.006942001938672372j),5717500000
(0.01862029094342476+0.22256253026588332j),(-0.0030909226157754145-0.006937873877354804j),5717750000
(0.02654201490680698+0.2246953028653599j),(-0.003155526270068616-0.006746987914546999j),5718000000
(0.01578975605839267+0.22056342471762025j),(-0.0031601214931958493-0.006878944864977399j),5718250000
(0.027397312374816917+0.2256822727252921j),(-0.00329619185351982-0.006843342748702793j),5718500000
(0.017975430537837546+0.22075773115006786j),(-0.0029305394681776163-0.006876691815278062j),5718750000
(0.023670533719478557+0.22407563073744405j),(-0.003100107805238122-0.00690901878875224j),5719000000
(0.02251987371577543+0.22274534577847122j),(-0.0030412176328130833-0.006679937896038923j),5719250000
(0.027877758797388554+0.22607901162855526j),(-0.003411927842931845-0.006608221100669008j),5719500000
(0.018896831575464467+0.22138217442448477j),(-0.0032250487368083764-0.006889973411705594j),5719750000
(0.024339031302973362+0.22316195929801708j),(-0.0032858390924967932-0.006762581925228054j),5720000000
(0.02175289480504362+0.22231966045095178j),(-0.003330643029385128-0.006764320968105325j),5720250000
(0.02605452671292492+0.22370283253180087j),(-0.003328134752082524-0.006672493272769283j),5720500000
(0.02190745716445897+0.2230297834965916j),(-0.0032571271046221146-0.00675065206694611j),5720750000
(0.025675882671618435+0.22512785006366143j),(-0.0031122639841306417-0.006636267184146652j),5721000000
(0.02222956184704417+0.22356605996452436j),(-0.0031853394608213847-0.006577463396860951j),5721250000
(0.025033995816224515+0.2246428582293504j),(-0.0031369351537239042-0.006775072625252817j),5721500000
(0.017921991707988895+0.22089237990037383j),(-0.00316364591125391-0.006608700304629384j),5721750000
(0.0271773372307168+0.22437222617557634j),(-0.0033862246919546066-0.006692298375322946j),5722000000
(0.021829405764906815+0.22168674289061985j),(-0.003375260906520279-0.00665666318856616j),5722250000
(0.022525123512030135+0.22324525821473754j),(-0.0034059834917967635-0.00650819288023305j),5722500000
(0.02914828840726916+0.22493800953338766j),(-0.0032755615918317505-0.006594774941639929j),5722750000
(0.021344484069672348+0.2212810820895542j),(-0.003283223375415041-0.006589876929115139j),5723000000
(0.028912521944787956+0.22254856898822084j),(-0.0034501496991353985-0.0065677829159760705j),5723250000
(0.022047452545771777+0.22094049916469202j),(-0.0032387089799283-0.00661071524123388j),5723500000
(0.02760613225524508+0.2234578012169448j),(-0.003369352010606093-0.006579515000498331j),5723750000
(0.024965373878868345+0.2229818670670547j),(-0.003611187894127395-0.006667301043890418j),5724000000
(0.029263493730661498+0.22548276947829288j),(-0.0035409336802492476-0.006478074194727014j),5724250000
(0.027403310719015975+0.22262605743813743j),(-0.0037097029077220577-0.006422643303835846j),5724500000
(0.026641206396043803+0.22296971304366994j),(-0.0034721858417560026-0.006384256509983295j),5724750000
(0.03047768496350745+0.2252230093849035j),(-0.00350010266062698-0.0063509104421245206j),5725000000
(0.026370421661520364+0.22299118583285743j),(-0.003566946432362042-0.00642312088797882j),5725000000
(0.026048234625309915+0.22246261399693182j),(-0.0034614673462190957-0.006370196962496451j),5725250000
(0.03275727837754279+0.2255999972435614j),(-0.003562038342586468-0.006269732076344309j),5725500000
(0.027580651156229152+0.2216967177278454j),(-0.003558866017984898-0.006439517040598176j),5725750000
(0.02810350055254429+0.22384950618292004j),(-0.0034078886569106474-0.006426149572486046j),5726000000
(0.02486093391348676+0.22087698242362422j),(-0.0035935328132299773-0.006584888218262056j),5726250000
(0.03030616099660146+0.22561797626486388j),(-0.0035824344835247986-0.006399262327603429j),5726500000
(0.03416812595932015+0.2261729948594892j),(-0.0037038904766186253-0.006316791702886179j),5726750000
(0.030169453714795343+0.2229277161846502j),(-0.0034923724855815785-0.006317384774103988j),5727000000
(0.03258948162543996+0.22545514787883436j),(-0.00369005820711299-0.006132479656319124j),5727250000
(0.02893850705549001+0.2237714724839025j),(-0.0036127025397152636-0.006342317741446125j),5727500000
(0.03117262137693907+0.22593697982057398j),(-0.003691216744854959-0.006358881059616001j),5727750000
(0.03366248852693478+0.22555783343787505j),(-0.0036877004482348073-0.006306630033546068j),5728000000
(0.03032052237421816+0.2227914168072129j),(-0.0036872190481919576-0.0063002669507118865j),5728250000
(0.032330357625521056+0.22469866591030538j),(-0.0037583221937459665-0.006226924045782282j),5728500000
(0.03343600215426873+0.22560227653969897j),(-0.0038836352740446367-0.006266905176450483j),5728750000
(0.034793225274637136+0.22557159470417842j),(-0.00371075492039613-0.006189413453864102j),5729000000
(0.033295848282940424+0.2250031130310821j),(-0.0037464504053107022-0.006257681982694957j),5729250000
(0.03199307052124054+0.2241582429474529j),(-0.003894025016139479-0.006140448450089595j),5729500000
(0.0362817498487217+0.22558831958941264j),(-0.004010070937830564-0.006294574473551339j),5729750000
(0.034230910056040814+0.22364973014989256j),(-0.003667839211637382-0.00617223239489465j),5730000000
(0.03381635646204926+0.22263826914676985j),(-0.003733920086827998-0.006053837483009032j),5730250000
(0.03530283911152505+0.2246775718729607j),(-0.003915702501059566-0.006289032398864122j),5730500000
(0.03645581129166862+0.22531014254027154j),(-0.0038841005980825025-0.006193599202473264j),5730750000
(0.034509909208834365+0.22261964924210362j),(-0.0037649266441969077-0.006272919591150331j),5731000000
(0.035580460118206654+0.22342892778006562j),(-0.0038480088944405034-0.006080871749264644j),5731250000
(0.03467906867468729+0.22232978447068233j),(-0.0038630809534436097-0.006246530001422932j),5731500000
(0.03832689254703777+0.22429898864656936j),(-0.003810326850943439-0.00618874554928209j),5731750000
(0.040015538849375934+0.22690467299881167j),(-0.0037922501896614207-0.006067273423584294j),5732000000
(0.038521324020055786+0.2241961839788354j),(-0.0038044599560253765-0.0061490810128362145j),5732250000
(0.040733360171861445+0.22565387808368062j),(-0.0037863821078213435-0.006049982560085483j),5732500000
(0.04047845555962609+0.22638941982608557j),(-0.003829120207428114-0.006112666371467465j),5732750000
(0.03962914565969861+0.22457649382994618j),(-0.0038953390687029034-0.005971249019065349j),5733000000
(0.03908065813130352+0.22349880458059201j),(-0.004190346294994961-0.006132466650725187j),5733250000
(0.041852043964368306+0.22437954496378257j),(-0.00399088802937968-0.0060772629066154615j),5733500000
(0.04192704197816679+0.22598240356927812j),(-0.004016006601452692-0.005893520169393283j),5733750000
(0.0415975057455329+0.22370773357467322j),(-0.0039026182478461265-0.005960688594956999j),5734000000
(0.04323921943374268+0.2242551566047167j),(-0.0040927968346328005-0.006023811440786293j),5734250000
(0.043606124329291354+0.22424243151619633j),(-0.003939911406773019-0.005997282453724538j),5734500000
(0.04414147669577478+0.22444790532762332j),(-0.003928622568821472-0.0060309481654748295j),5734750000
(0.04288854491592719+0.22278456729137638j),(-0.003948518309973881-0.006102073751743716j),5735000000
(0.042008026981921034+0.22169462108492938j),(-0.004029379387989331-0.005992686670253551j),5735250000
(0.04579256936964171+0.22452768256722158j),(-0.0040322717452917585-0.006028217834792113j),5735500000
(0.044911975345534705+0.2265984560715493j),(-0.00413530049884756-0.0059116214822105195j),5735750000
(0.0440205882457291+0.22322515795905948j),(-0.003965700901753636-0.005874345241679876j),5736000000
(0.045305575660862955+0.22513549496279464j),(-0.0042211575135797956-0.00601328144540906j),5736250000
(0.046747325430233376+0.22643334798926976j),(-0.0043570818606106084-0.0059535501610540435j),5736500000
(0.0478400806100668+0.2277005167969385j),(-0.004227302924016862-0.005920291425817672j),5736750000
(0.045708807992404725+0.2241634101944324j),(-0.004277449128942892-0.006017189001052116j),5737000000
(0.04806118328268195+0.22626491918314454j),(-0.004079035523859093-0.0058868475923033944j),5737250000
(0.04887886830984441+0.22679245064703668j),(-0.004300054146834777-0.005965966405621658j),5737500000
(0.04747213274703482+0.22387847394838736j),(-0.004321925869544297-0.005854642020288811j),5737750000
(0.04940184239709223+0.2260894137091857j),(-0.004356266199144341-0.005662519593043631j),5738000000
(0.04801878161149004+0.22515460630264048j),(-0.004389353351670319-0.005913702193481903j),5738250000
(0.049952585436060286+0.22759571857198424j),(-0.0045184368037561925-0.005839539367674111j),5738500000
(0.047901032910890436+0.22559475907040982j),(-0.004501055534343749-0.0058503802488349774j),5738750000
(0.048638166129363516+0.224632074678044j),(-0.0044438941543081-0.005818380891350563j),5739000000
(0.04827396728328571+0.2245684997124643j),(-0.004473946758195378-0.005889926920777815j),5739250000
(0.05019720739220163+0.22469985947959556j),(-0.004442093375720943-0.005633789867118612j),5739500000
(0.05181587754598925+0.22708534102267672j),(-0.004260608655512709-0.005714325838279552j),5739750000
(0.05017272185417271+0.22454066859739305j),(-0.004555827047625366-0.00558973115430732j),5740000000
(0.05361366009882532+0.22765305937568578j),(-0.00472056715135555-0.0054838522581164215j),5740250000
(0.05454170640671481+0.22829929267122365j),(-0.0044975339786492525-0.00565336330079099j),5740500000
(0.05305147291754948+0.22629973872729833j),(-0.004761847168804063-0.005582200788852726j),5740750000
(0.05326219947379112+0.22599444055972398j),(-0.004488249462897644-0.005618732572146012j),5741000000
(0.054171361642377076+0.22657922939476421j),(-0.004645852696401982-0.005528380140505685j),5741250000
(0.05242825030923661+0.2254678740871042j),(-0.004668564829604392-0.005609883428536599j),5741500000
(0.05163615665200155+0.22379680627272197j),(-0.004580189618007449-0.005538421481418472j),5741750000
(0.055251578529070144+0.22705996483009164j),(-0.004782722382754599-0.005510274820392761j),5742000000
(0.05233852771451062+0.22430365011936268j),(-0.0045631315919616566-0.005552980305899801j),5742250000
(0.05481827223839905+0.22572654362143504j),(-0.004685770299661315-0.005466937854512104j),5742500000
(0.053646111317547485+0.22548334035322606j),(-0.004564020958815993-0.005649345803675707j),5742750000
(0.0547066015624868+0.22522224174539815j),(-0.004720743293837254-0.005672971583477871j),5743000000
(0.05417605027220106+0.22479326779538988j),(-0.0048289400615621715-0.0056697381201303515j),5743250000
(0.054341104895750024+0.22361129992177375j),(-0.004767000334018711-0.0055925942670119085j),5743500000
(0.05637416525769681+0.22518728896961146j),(-0.004901233345470486-0.005372669385189158j),5743750000
(0.056054931299893515+0.22490907278063155j),(-0.0049222240293090875-0.005367917228623199j),5744000000
(0.056157259445889215+0.22514539420740687j),(-0.0047068566468139615-0.005598312680213562j),5744250000
(0.05532459675453646+0.2244489217589962j),(-0.004799177847859014-0.005462946990648592j),5744500000
(0.05834278386130186+0.225880617954134j),(-0.004728932902969981-0.005309089948660021j),5744750000
(0.056796901786059735+0.22231817063137665j),(-0.004759082632742319-0.0055784396198832725j),5745000000
(0.057835926372949216+0.22439626294784673j),(-0.004750638870655126-0.005434197397517148j),5745250000
(0.05715414567304132+0.22374765643516997j),(-0.004808524861384424-0.005501794824704242j),5745500000
(0.059419597076550625+0.22720030144227094j),(-0.004774553434020211-0.005378732804428355j),5745750000
(0.05719211893359427+0.22557719318080668j),(-0.004900496163697714-0.005382368248418298j),5746000000
(0.05982693605400712+0.2241050672396161j),(-0.004824394418757047-0.005250451793667785j),5746250000
(0.05916700066048104+0.2246229713781342j),(-0.004995700577397505-0.005422190579023045j),5746500000
(0.056703458663994365+0.22190324124745636j),(-0.004807836916283657-0.005383727612689666j),5746750000
(0.05925475509197195+0.22567234381354548j),(-0.004855468013968687-0.005333981224144027j),5747000000
(0.058139599197719334+0.2208319333967037j),(-0.0049436600861851214-0.005462716162978471j),5747250000
(0.062119327315027825+0.22564821689978076j),(-0.004768761279891695-0.005356013273623327j),5747500000
(0.06113998582832633+0.2238324491405588j),(-0.004768303521520422-0.005280469123664564j),5747750000
(0.06078952615637531+0.22512523442360352j),(-0.004917353820135153-0.005247028849398921j),5748000000
(0.060834143358865965+0.22606672465579894j),(-0.004968404908501906-0.005375177366539875j),5748250000
(0.061670878897549235+0.22562402244638435j),(-0.0047906170506597755-0.005208239813506692j),5748500000
(0.06332800926923758+0.2275074861240676j),(-0.004970563824666105-0.005187519269143948j),5748750000
(0.06086038313631158+0.2233581222201815j),(-0.005039768918226312-0.005426161221124436j),5749000000
(0.06330741922805001+0.22679039708158402j),(-0.005024739822058914-0.005276301799079383j),5749250000
(0.06225047904134921+0.22437157529335774j),(-0.004894658696256508-0.0051519082595373866j),5749500000
(0.06425432972426572+0.22564277375012856j),(-0.00490061047760852-0.0055089423000951555j),5749750000
(0.06316996742868457+0.22574761949538852j),(-0.004876704301084395-0.00506147283941485j),5750000000
(0.06404146587180545+0.22697439421847393j),(-0.004941082421574912-0.005073049739339983j),5750000000
(0.06464708930445512+0.22567175523803376j),(-0.005059774820968942-0.0051188374034747495j),5750250000
(0.06370531157093186+0.22489438524360733j),(-0.004924066061617132-0.00529593186841933j),5750500000
(0.06454140450920723+0.22648224307914588j),(-0.004956191492036735-0.005114059597400162j),5750750000
(0.06439043278232234+0.2249320422124469j),(-0.004998332099510035-0.0052320279121683645j),5751000000
(0.06467177641389606+0.2249344098886802j),(-0.004792939326345002-0.005103506374414325j),5751250000
(0.0628618050617868+0.22354502407722346j),(-0.004776150079732349-0.005260171656821325j),5751500000
(0.06473281535648799+0.22470549860711378j),(-0.005018164015733086-0.00527214049754978j),5751750000
(0.06735674473671648+0.22600091713230597j),(-0.005069825085726812-0.005072291204935192j),5752000000
(0.06630659114076033+0.2255806720028664j),(-0.0050992248664249555-0.00503477160115084j),5752250000
(0.06740678248528842+0.22660380710193342j),(-0.005210275107473179-0.0051881627169691365j),5752500000
(0.06862483561696874+0.22954792284525283j),(-0.004973691271138187-0.005157553441846903j),5752750000
(0.0664990491072826+0.2237223265405264j),(-0.004916125508635983-0.005159740405962517j),5753000000
(0.07060967949419131+0.2273598760497689j),(-0.00506456428352457-0.004961371207267499j),5753250000
(0.06848644131203668+0.22404689772005193j),(-0.0049327724850028905-0.004990639093984637j),5753500000
(0.06776326469960772+0.2257640306091193j),(-0.00486724194741816-0.005051661726625855j),5753750000
(0.06955136075126336+0.22517257304474292j),(-0.0048843892252848405-0.004905012499268559j),5754000000
(0.06984298039940169+0.22702915570758272j),(-0.004955542273208322-0.004927084741229345j),5754250000
(0.0693661130062261+0.22490799515423054j),(-0.004934434938101128-0.004813831806594735j),5754500000
(0.07017043177792216+0.2258657792533496j),(-0.005061372389491209-0.004866208963231194j),5754750000
(0.07072557965135416+0.22623076764746702j),(-0.0049252084938411905-0.004920165749720452j),5755000000
(0.06957119793960294+0.22396862978962936j),(-0.0050615008238172185-0.004980776844840978j),5755250000
(0.07102355539147964+0.22464162474839452j),(-0.004883243624341141-0.004844866299923191j),5755500000
(0.07032530629074538+0.22307500053419277j),(-0.005143588321514743-0.004930036762160558j),5755750000
(0.07424194862473328+0.22788469845558088j),(-0.005033162048295638-0.0048424287199795935j),5756000000
(0.07214900472170875+0.2254192562685041j),(-0.004967687303453475-0.0048416361257281465j),5756250000
(0.07251694102544431+0.2237128147971793j),(-0.005121841954324036-0.005009712219267899j),5756500000
(0.07465287971296032+0.22872768009922317j),(-0.004952696490009355-0.004643409008129341j),5756750000
(0.07339519389843865+0.22565263522253087j),(-0.005022680928576537-0.004615431107311852j),5757000000
(0.07374428030967542+0.22532537604923983j),(-0.004982131887399625-0.0048978777932011325j),5757250000
(0.07228438657693145+0.22326128855438582j),(-0.005317608839560948-0.004719767900371885j),5757500000
(0.07474380362320623+0.22734760779216412j),(-0.004892293562299942-0.004750321242568155j),5757750000
(0.07278544049430827+0.2235541056860768j),(-0.00494162950512322-0.004532630398946981j),5758000000
(0.0744475256573728+0.22484481709369522j),(-0.00502348985206099-0.00477537700585483j),5758250000
(0.07482838920070717+0.2239046779986986j),(-0.0050947190203069-0.004866786667613807j),5758500000
(0.07394292427762057+0.2236531105935862j),(-0.0050164098586477765-0.004657855125281601j),5758750000
(0.07620568491065322+0.2255663514826379j),(-0.005120134555728578-0.004743717784134588j),5759000000
(0.07424560972324805+0.22379641847757423j),(-0.005173191734514788-0.0045854413895713535j),5759250000
(0.0757251881264813+0.2246913003854506j),(-0.005096957683521008-0.004756634393110652j),5759500000
(0.07530068348071739+0.22263372103311496j),(-0.005251088664805405-0.004628798959563108j),5759750000
(0.07669730305205909+0.22598973125268365j),(-0.005193400101616937-0.004735018257376484j),5760000000
(0.07647627156094253+0.2259196080538737j),(-0.005141649576599901-0.004681543898381491j),5760250000
(0.07510540891635964+0.22193244036779317j),(-0.005227943602983625-0.004604063408938627j),5760500000
(0.07851867646719697+0.22683413290992643j),(-0.005137036499740456-0.00452275829482164j),5760750000
(0.07629374996802339+0.22183995326904138j),(-0.004897234136064678-0.004644755308147356j),5761000000
(0.07699773965161771+0.22478937566005652j),(-0.005071562832779964-0.004688691374378377j),5761250000
(0.0785366796867884+0.22645391352550145j),(-0.005172912817796337-0.0045225398868370004j),5761500000
(0.07671730506294387+0.22020853336073712j),(-0.004984031338046388-0.0048178203092460745j),5761750000
(0.07872492940023823+0.22354423677620386j),(-0.005243108753977707-0.004828617911360861j),5762000000
(0.07761068971046395+0.22295443449635305j),(-0.005316602870036594-0.0047000050804422j),5762250000
(0.07858952852921991+0.2235904467149124j),(-0.005039088585163224-0.00475872987030401j),5762500000
(0.07710825609642459+0.22303495679802898j),(-0.005249901764797376-0.004628266217718884j),5762750000
(0.07857828777501329+0.22104026848994657j),(-0.0052333227672799335-0.004541800783607327j),5763000000
(0.0812603405613168+0.2259761569633583j),(-0.005180037676429901-0.004674431339163301j),5763250000
(0.0787261322720116+0.22100416864956798j),(-0.005125283291701095-0.004687086891948421j),5763500000
(0.0803997803674759+0.22569547550801083j),(-0.005200817269742053-0.0046716734025497j),5763750000
(0.08021601203621123+0.2216727664343931j),(-0.0052350253663406374-0.004636443965297728j),5764000000
(0.0807153618781274+0.22298673115288248j),(-0.0054383792430559895-0.004808918972882155j),5764250000
(0.07999651460691996+0.22273093561972743j),(-0.005415820302353293-0.004720248981741431j),5764500000
(0.07981048634573717+0.21867244929528953j),(-0.005468770648794545-0.004799004196430757j),5764750000
(0.08206937529293344+0.22446290732843036j),(-0.005589589022777494-0.00461631818777869j),5765000000
(0.08132542141187447+0.22132387336419287j),(-0.005490614947982577-0.004647794226997055j),5765250000
(0.08252702128155773+0.22456052681577102j),(-0.005475208618554242-0.004494679544183086j),5765500000
(0.0804898614676507+0.21860365886273783j),(-0.005292165277460108-0.004808989951102972j),5765750000
(0.08402490608131956+0.2237321354600604j),(-0.005441348437915457-0.00464556440769032j),5766000000
(0.08329310901551296+0.22347957787235023j),(-0.00526931249389118-0.0044917197405772834j),5766250000
(0.08227167237119812+0.219048734466297j),(-0.005489920241156714-0.00435187020837358j),5766500000
(0.08324581483166023+0.2230225734909191j),(-0.005599144300282477-0.004523851503290495j),5766750000
(0.08279445698996189+0.21952655487699668j),(-0.005453949802002706-0.004438435339877483j),5767000000
(0.08408140042224188+0.22217142930915657j),(-0.005582321040347036-0.004510611358800498j),5767250000
(0.08379759280059768+0.21869763388829308j),(-0.00526833959502288-0.004440794244060609j),5767500000
(0.0850195032850175+0.2215841238032173j),(-0.005507368465260039-0.004505479426212502j),5767750000
(0.0852124010324858+0.22423894434134287j),(-0.005449763804413784-0.0044162776892411795j),5768000000
(0.08421325555125685+0.21780489756163304j),(-0.005502465545880491-0.004649695705114975j),5768250000
(0.08399618192018257+0.2223979257033788j),(-0.005504802974672559-0.00465260593592187j),5768500000
(0.08469192745982207+0.22050319960386974j),(-0.005609142225052919-0.004820140986408322j),5768750000
(0.0842823094049514+0.22083265037631572j),(-0.005555317889884236-0.004555777741863133j),5769000000
(0.08484960026979173+0.22020675956856495j),(-0.005406326064198003-0.004570919410611115j),5769250000
(0.08558489094926927+0.2226656594708682j),(-0.005635556868616109-0.004551666835369526j),5769500000
(0.08631888552586882+0.22334346869346544j),(-0.005531456924091828-0.004566033019259718j),5769750000
(0.0867067387035387+0.22064554823673052j),(-0.005551600427254043-0.004685210406217662j),5770000000
(0.08604620102738518+0.22115108461228467j),(-0.0056490069974116635-0.004541786885856917j),5770250000
(0.08702886185517435+0.22048176212770582j),(-0.0054954873778195615-0.00457049185186701j),5770500000
(0.08667002496859903+0.22145862929774524j),(-0.005554347020910634-0.004518643936355546j),5770750000
(0.08662146659586233+0.22133901065357184j),(-0.005543098817211555-0.0044419642109289935j),5771000000
(0.0881788570789134+0.2220839161510347j),(-0.005593528264212715-0.004584629214453343j),5771250000
(0.088196457948421+0.22123375469097784j),(-0.005391857007703235-0.0047397113012393206j),5771500000
(0.08632971240860915+0.2231524937196092j),(-0.00567589105993436-0.004637017401886488j),5771750000
(0.08903168712041691+0.22294898985605865j),(-0.005705291783872857-0.004437563597188739j),5772000000
(0.08736312340981307+0.22023451369199087j),(-0.005570821365807035-0.004463185824163849j),5772250000
(0.08784914383899844+0.2227129850344949j),(-0.005635930249251719-0.004335225438344836j),5772500000
(0.08840885889941001+0.22221851597557057j),(-0.005592382067553239-0.00463111868149707j),5772750000
(0.08898252772776315+0.22185262265536096j),(-0.005646736841955263-0.004539232091997939j),5773000000
(0.08869162093319137+0.22068445340956477j),(-0.005423163558618261-0.004600674491732443j),5773250000
(0.08865621223145512+0.2212074755992821j),(-0.005795302347091421-0.004669334646512024j),5773500000
(0.08917764497338046+0.22153098032537902j),(-0.005519006913099602-0.00433705398030863j),5773750000
(0.08988932067237453+0.2200516485486055j),(-0.0056286445739336085-0.004573100667496149j),5774000000
(0.09082772639807314+0.2211492441386055j),(-0.005613753626042469-0.004352587740786936j),5774250000
(0.09169566843029794+0.22136872359473198j),(-0.005618395925645783-0.004288998267356173j),5774500000
(0.09090147368799564+0.2185884219616134j),(-0.005881800325778248-0.004341411662873173j),5774750000
(0.0915960017903191+0.2200533613155227j),(-0.005685140397216887-0.004389764540503213j),5775000000
(0.09197689605508665+0.21790725308299774j),(-0.005676861537073343-0.004145873279591457j),5775000000
(0.09140817832527687+0.2219193763730745j),(-0.005791012395080405-0.004194100216830433j),5775250000
(0.09281963595532623+0.22022844430650754j),(-0.005588585860539812-0.0041306091760052845j),5775500000
(0.09356516926309098+0.22037745994706268j),(-0.0059530678861656906-0.004114517615297975j),5775750000
(0.09422197637699903+0.2198838079796382j),(-0.005632043249679392-0.004174496113263797j),5776000000
(0.09354396317182864+0.21981554144736165j),(-0.0058561080880122395-0.004021066483433123j),5776250000
(0.0941193724578529+0.21965080468033515j),(-0.0058134777212715425-0.003978053112841879j),5776500000
(0.09483363914226996+0.21989466774981975j),(-0.0057247160697480705-0.0039976018611389075j),5776750000
(0.09562694158359139+0.21771218818820495j),(-0.005858815637252873-0.004058649233001705j),5777000000
(0.09513035862985247+0.21852292892740796j),(-0.005840614763290144-0.0041128679875468204j),5777250000
(0.09520071976882512+0.21874306271996005j),(-0.005814509485599296-0.003994574723135607j),5777500000
(0.09541199702466945+0.21645380032253195j),(-0.0057841245711930675-0.0040550132506061405j),5777750000
(0.09594074533499114+0.21623163560077402j),(-0.005804596265891161-0.004003015694977501j),5778000000
(0.09596243178277908+0.2165498880157049j),(-0.006047935985863205-0.0038266999692026134j),5778250000
(0.0970746212113889+0.21731148163152936j),(-0.005903544772368338-0.0038940724547819466j),5778500000
(0.09663600001056462+0.216898333959454j),(-0.0060967992655073305-0.003751111940077218j),5778750000
(0.09706456468344925+0.2166082566583546j),(-0.005916607454065674-0.003888418622893515j),5779000000
(0.09823038875829823+0.2174335574854353j),(-0.006006720113151952-0.0037549529590885874j),5779250000
(0.09801971434421758+0.2176585139589167j),(-0.005879032291600325-0.0038347536222540202j),5779500000
(0.09893295642242166+0.21804962667170863j),(-0.00600504550884108-0.003638724678537106j),5779750000
(0.09920508406821103+0.21669877688232214j),(-0.00612419480490971-0.0036466520274228953j),5780000000
(0.09999796544527101+0.21931991776400214j),(-0.006013679230765664-0.003634912900545268j),5780250000
(0.10010509700473887+0.21428373919727156j),(-0.006151477193939149-0.0036096719401277995j),5780500000
(0.1001181085754532+0.2156636259654588j),(-0.006086797594081561-0.003614178706519142j),5780750000
(0.100156944422667+0.21464399508546286j),(-0.005987400866076824-0.003580172333383695j),5781000000
(0.10167322465324402+0.21613339463813766j),(-0.006154976367312479-0.0035638907664573088j),5781250000
(0.10102941745847159+0.21685110988845838j),(-0.006135032952556214-0.003505942915964744j),5781500000
(0.10080852903441709+0.21564960489629087j),(-0.006240384141680244-0.0034756186261395007j),5781750000
(0.1008358240578106+0.216614046824663j),(-0.006274146076155114-0.0034472161354669145j),5782000000
(0.10197860700078579+0.21480536976598827j),(-0.006270789419927921-0.00331883002583043j),5782250000
(0.10204221566020628+0.2165125068557668j),(-0.006443175457630102-0.0033836008694804387j),5782500000
(0.1026038680873803+0.21621037297648552j),(-0.0064022337086423265-0.003332083156982363j),5782750000
(0.10370228660052469+0.21344681613401587j),(-0.006107272369277572-0.0032297691353184257j),5783000000
(0.10307157444879538+0.21287738173065973j),(-0.006368737828143506-0.0033105772719792767j),5783250000
(0.10315016761000168+0.21508004722069587j),(-0.006487381926022941-0.003402532441101272j),5783500000
(0.10308788683930065+0.2154829834637847j),(-0.00642904315984728-0.003057302740096141j),5783750000
(0.10435740622056552+0.2123226340966643j),(-0.006158675457266832-0.0030313102202386695j),5784000000
(0.10398989099667467+0.21427994958079424j),(-0.006368202740155867-0.0031331534236097975j),5784250000
(0.10458511951158692+0.21711474006902762j),(-0.006387095843884922-0.002892519655621678j),5784500000
(0.10513193091726387+0.2141544063713214j),(-0.006318968482179987-0.002981441128460191j),5784750000
(0.10555747316315284+0.21176649172724576j),(-0.006508741588946627-0.0031724359460800137j),5785000000
(0.10566688930224613+0.2140045585039229j),(-0.006113681431815195-0.0032426702002227065j),5785250000
(0.10515959181874791+0.21430258959542325j),(-0.0063212030235398585-0.002864684470386551j),5785500000
(0.10510202024912912+0.21264902316073947j),(-0.006361555738869485-0.0029521414116379743j),5785750000
(0.10601234646910884+0.21464935333380594j),(-0.006352215959670982-0.0029658727367058804j),5786000000
(0.10675265221550971+0.2143115850298973j),(-0.006292171617698916-0.002993340439479479j),5786250000
(0.10753569224419862+0.2129203404970165j),(-0.006214047830269536-0.0030604902217697175j),5786500000
(0.1074816100075488+0.2128257614258689j),(-0.006306867261557415-0.0029126809467713084j),5786750000
(0.1081228572238869+0.21284224007250122j),(-0.006327750667375416-0.0030178638498392202j),5787000000
(0.10826774325169232+0.21248003717071945j),(-0.006130462116011181-0.003066882018919402j),5787250000
(0.10863112547028059+0.21320258362771446j),(-0.006288070043309467-0.002873788308585117j),5787500000
(0.10883152765668845+0.21153910268731513j),(-0.006225719703448258-0.00287945768570182j),5787750000
(0.1083251500141529+0.21100162744740883j),(-0.006284940052718285-0.0030938406342471483j),5788000000
(0.10955278432796357+0.2108430152342338j),(-0.006144448471948584-0.003050532184265281j),5788250000
(0.10914184642255689+0.21415168549782007j),(-0.006403892305108086-0.0027463266298300105j),5788500000
(0.10980877606957602+0.21292517993628618j),(-0.006137688655497196-0.002673583980630719j),5788750000
(0.11030739163655777+0.21089608243619198j),(-0.006127474532071141-0.002904643103885367j),5789000000
(0.1104578106523784+0.21226525682895483j),(-0.005990112155373766-0.0029885230175946726j),5789250000
(0.10964356841636587+0.21250170591790832j),(-0.005951019204096504-0.003053608652621916j),5789500000
(0.1104804260296111+0.21159319994194004j),(-0.0061096286110787525-0.0027476017910152903j),5789750000
(0.11008466508487692+0.21092276167414364j),(-0.006002039725044947-0.0030963480584938435j),5790000000
(0.11165739346791322+0.2110863400477207j),(-0.006090680713683026-0.0029173845303862283j),5790250000
(0.11104372449074025+0.21122213942873194j),(-0.005961981678550289-0.002811014644168108j),5790500000
(0.11129570385745578+0.21198980545381005j),(-0.005799028908135602-0.0028791164020503246j),5790750000
(0.11087330279030604+0.21224776514825983j),(-0.006056585330290336-0.002669303453137393j),5791000000
(0.1119499681894598+0.21150006854490086j),(-0.0057586497285960795-0.0029494886350377343j),5791250000
(0.11116502822769272+0.21269245787893748j),(-0.0060190476893489985-0.0026544183860754177j),5791500000
(0.1122113539888119+0.21349817008678826j),(-0.005983358468087673-0.0026698133618209513j),5791750000
(0.11183519452902477+0.21292524795078616j),(-0.005910324630289913-0.0028900888012657095j),5792000000
(0.11143730168880697+0.21344645669745102j),(-0.005982737522309448-0.002862573721387703j),5792250000
(0.1118166590461121+0.21436432628465893j),(-0.00603062561271928-0.002939302367022666j),5792500000
(0.11207583449725136+0.2138663904384524j),(-0.005878332817473291-0.0027932137591323127j),5792750000
(0.11201812468562108+0.21414073099322908j),(-0.005887373241071631-0.0027527343281744457j),5793000000
(0.11095879586448451+0.2144081372569505j),(-0.005942074969537193-0.0028717657096985123j),5793250000
(0.11353168586685122+0.21303937282397445j),(-0.005756021216110776-0.0028121888359846983j),5793500000
(0.11077389311131458+0.2139113131913689j),(-0.005848111704630367-0.002728104080775699j),5793750000
(0.11327166711329294+0.21194330790979996j),(-0.005807184043340789-0.0029829506936926717j),5794000000
(0.11048882280108409+0.2154831835067316j),(-0.00583953578962843-0.002624722684292951j),5794250000
(0.1118027120842046+0.2141015659323451j),(-0.0059171386276267645-0.00278031723527035j),5794500000
(0.11193014372702238+0.21434843914318014j),(-0.00585767655749517-0.0028425745746836744j),5794750000
(0.11169663871315506+0.21452447706307734j),(-0.006036603715896327-0.002644146644703416j),5795000000
(0.11227095419262492+0.21424371511158993j),(-0.005763711109715794-0.0029571131596783343j),5795250000
(0.11179544955371382+0.21466821708742345j),(-0.005942434513450874-0.0026429880677009783j),5795500000
(0.11403691639123639+0.21227675825907175j),(-0.005774529581547426-0.0028213748445741565j),5795750000
(0.11307254479086214+0.21436065589833783j),(-0.00574554992922604-0.0026481695123813684j),5796000000
(0.11408058053766372+0.2137581539915445j),(-0.005779750965612161-0.0025892187220471112j),5796250000
(0.11552347309558235+0.21264055816155383j),(-0.005891627177491811-0.0028901742520604447j),5796500000
(0.1137129178929414+0.21430809585630864j),(-0.005759235545151907-0.002650371393742888j),5796750000
(0.1162503487523327+0.21330409935529507j),(-0.005982280420831451-0.002944046699573731j),5797000000
(0.11556542234543153+0.21386644948727007j),(-0.005809218208113066-0.002847552101438958j),5797250000
(0.11814814204465726+0.21328901988446813j),(-0.005614521991699521-0.002804869104367857j),5797500000
(0.1171544956665258+0.2128869868193316j),(-0.005992153298249937-0.0026169677515688505j),5797750000
(0.11763722750977226+0.21220282571352414j),(-0.005953474941578506-0.0027193711746481305j),5798000000
(0.11864338058830241+0.2129188916212547j),(-0.005767074606387944-0.002631041940857939j),5798250000
(0.11879879683910773+0.21301157303915946j),(-0.0060238554694836905-0.0026547326640676107j),5798500000
(0.1213645396393837+0.21055869575640523j),(-0.005762381673246218-0.003008715832421771j),5798750000
(0.119222336501239+0.21319918473661265j),(-0.006023903885836533-0.002456545671382236j),5799000000
(0.12056483396436739+0.2119936404433606j),(-0.005925599678650269-0.0027644677345135447j),5799250000
(0.12049145644466867+0.21186587520190409j),(-0.005992411195115151-0.0025622848181883822j),5799500000
(0.12189642246301319+0.21146498077627632j),(-0.005979808942754851-0.0026466432919452546j),5799750000
(0.12224538366517744+0.2116054887829687j),(-0.00589552534364468-0.0026895338817627913j),5800000000
(0.12174597446851826+0.21148923482093226j),(-0.005878122149148979-0.0025855328381650658j),5800000000
(0.12120641037581305+0.2114746924423355j),(-0.006024036542553213-0.002654274311174606j),5800250000
(0.12354269795270788+0.21050692073030788j),(-0.005841621881137657-0.0025207435398643947j),5800500000
(0.12356047559690257+0.21122561840802268j),(-0.005981425782334745-0.0027058346113178764j),5800750000
(0.1243773741987653+0.20961699837287345j),(-0.005919779068564807-0.002748733301597321j),5801000000
(0.12437664410497425+0.21037165449084144j),(-0.0059307505845583985-0.002461742853527902j),5801250000
(0.12303645213838943+0.21028501671714048j),(-0.005968688772204809-0.002585479680622798j),5801500000
(0.12451048696219075+0.20963531806037233j),(-0.005949020696588033-0.0025336462537291467j),5801750000
(0.12508103217910835+0.21030601441343655j),(-0.005911558574858173-0.002365987011644745j),5802000000
(0.1260179015617119+0.21054915580662226j),(-0.005948788295466136-0.002507931613528185j),5802250000
(0.1264406209346672+0.21008759804969546j),(-0.00580666551366615-0.002425849708952466j),5802500000
(0.12696739572134658+0.2100601591970624j),(-0.005888859575326517-0.002529795416347869j),5802750000
(0.12715462460051785+0.20976456151294812j),(-0.005986475786619821-0.00233651148168724j),5803000000
(0.12625067477220075+0.2094462083647859j),(-0.005873687401888593-0.0024628573810146935j),5803250000
(0.12729504549174858+0.20992575745175765j),(-0.00595641756392525-0.0023941160511906814j),5803500000
(0.12790377745120216+0.20929971039545803j),(-0.006023610338969345-0.002248676638805417j),5803750000
(0.1278102456204591+0.2095561846367513j),(-0.006063469413453812-0.0023382998936222936j),5804000000
(0.12967911310687427+0.20831862588948086j),(-0.006069584723303757-0.00247684813405185j),5804250000
(0.12808139906344562+0.209606347577835j),(-0.0060694716773742685-0.0024265350087053325j),5804500000
(0.12775996717457522+0.21025857433047312j),(-0.0059749915328194-0.0023050714291111382j),5804750000
(0.12883893714308656+0.20978406722722343j),(-0.00599825952109961-0.002223805482812436j),5805000000
(0.12947286266722882+0.209197206309415j),(-0.005913687361694224-0.002419943312532796j),5805250000
(0.12756649143627186+0.2089681460550986j),(-0.0058060454028011285-0.0021419537912305843j),5805500000
(0.13021088241338036+0.20880562222219656j),(-0.006089108049485647-0.002365150481671882j),5805750000
(0.13001807967370413+0.20800448074411518j),(-0.006012906789967031-0.002244481320066213j),5806000000
(0.13029527531025376+0.2081156259153676j),(-0.005842752109728089-0.0023556486167968333j),5806250000
(0.13114127923216143+0.2091406729643116j),(-0.005841238962965662-0.0023304956339301286j),5806500000
(0.13159072880379236+0.207590132926067j),(-0.0057712478422731394-0.002242662160057792j),5806750000
(0.13078143849068968+0.20861377640901657j),(-0.005819680985376014-0.0022739749592113j),5807000000
(0.1324243799246289+0.20894323042103624j),(-0.005967574463511552-0.0023057911773541303j),5807250000
(0.13129405795900412+0.2089608681503195j),(-0.005937220660078546-0.002359775382721895j),5807500000
(0.1304342076196184+0.20949455630198693j),(-0.005839897475879278-0.0021477505341448108j),5807750000
(0.13129977878647528+0.20859030735610234j),(-0.005945602405682204-0.0025968848492211078j),5808000000
(0.13294051246990723+0.20931676465951687j),(-0.005598907100579069-0.0024966710229273564j),5808250000
(0.13155909746198519+0.2092061249311157j),(-0.005787753759915909-0.0024475466199839983j),5808500000
(0.1319737149860519+0.20935206170009438j),(-0.005830502315319963-0.0023654971900516153j),5808750000
(0.1334967780410447+0.20869927764369892j),(-0.005731973162328893-0.0025628980082404375j),5809000000
(0.13198088709416853+0.2087779876687794j),(-0.005614623686249303-0.0024284515376305103j),5809250000
(0.13126651340504875+0.2089925720741001j),(-0.005602532691891605-0.0023121422540123534j),5809500000
(0.13307719140155858+0.20929317950768267j),(-0.005853082592983662-0.0024364118003211248j),5809750000
(0.13262916266978048+0.20845881288879362j),(-0.00581273199882439-0.0025125763593066212j),5810000000
(0.13379444234731094+0.209509424349387j),(-0.0056190063438799915-0.0027464991039715197j),5810250000
(0.13269701325852906+0.2094051669733599j),(-0.005570712454892402-0.002611362843787873j),5810500000
(0.1329125571924676+0.2087090865251761j),(-0.005591399557537673-0.0024570695605953038j),5810750000
(0.13324768649871033+0.20933812419336145j),(-0.00559651570349335-0.00247891935840564j),5811000000
(0.13347928594715855+0.20915539331610433j),(-0.005668217597965907-0.0024471195527853303j),5811250000
(0.13364685711328386+0.2091610370849634j),(-0.005625724158854763-0.0026759948221876093j),5811500000
(0.1340087405524718+0.20938496829669842j),(-0.00560638981054662-0.0025682923935359415j),5811750000
(0.1343242557136537+0.20951345985553244j),(-0.005688447344394555-0.002593783660519206j),5812000000
(0.1372209715769706+0.20780608830004274j),(-0.0056549159415453625-0.002551340595833081j),5812250000
(0.13651963185469468+0.20909424179959443j),(-0.00550386258043323-0.002415454035657517j),5812500000
(0.13575639832131425+0.20854746220851536j),(-0.0057207372266585305-0.0023935057680627217j),5812750000
(0.13685747883494476+0.2085422869517864j),(-0.0057980693370081205-0.002504109530754861j),5813000000
(0.13623523791200218+0.20944482712156767j),(-0.00580158262506227-0.002567381038812421j),5813250000
(0.13537964453676324+0.20953215077586998j),(-0.005836933146112641-0.002316308797534169j),5813500000
(0.13742421210040856+0.2092156890582132j),(-0.005812495017379311-0.00270946090536493j),5813750000
(0.1380873928225922+0.20876408886443845j),(-0.005773586314557173-0.00244446603200416j),5814000000
(0.13730400739142648+0.2093962507762932j),(-0.005881195609252159-0.002426885643898308j),5814250000
(0.1388181080918076+0.2091802588790458j),(-0.005891326681179082-0.002630182772381238j),5814500000
(0.14062598052374112+0.2094003793376551j),(-0.005558957155614004-0.0025273204393407946j),5814750000
(0.1391742603713551+0.20853028357557785j),(-0.005664672605373794-0.0023976652544502276j),5815000000
(0.14224388582552194+0.20901038559370183j),(-0.006034264502233-0.002784361481358363j),5815250000
(0.14026073672504122+0.20788515373037356j),(-0.005918472441278649-0.002476865309432554j),5815500000
(0.14142733302729063+0.20843433397969516j),(-0.005962020923696673-0.0024215979244945024j),5815750000
(0.1417215945945305+0.20846083451957087j),(-0.0059244936348651495-0.002487899817858981j),5816000000
(0.14287470350671275+0.20830768470823455j),(-0.006181239256293681-0.0023900885934074793j),5816250000
(0.1436219428203923+0.20866077996668825j),(-0.0059311895429676915-0.002189398897740882j),5816500000
(0.143469409283975+0.20809982600651514j),(-0.005850838726033984-0.0022957359698294465j),5816750000
(0.1450099730526093+0.2087791445438099j),(-0.005836309673357686-0.0023165089717042007j),5817000000
(0.1444519445316019+0.20762062020025435j),(-0.005960454130713013-0.002197607353983897j),5817250000
(0.146047977722022+0.20887189505946346j),(-0.005850728415679041-0.0023658206687127733j),5817500000
(0.14530264359631548+0.20761268220353007j),(-0.006049865107539005-0.002493573462312661j),5817750000
(0.14474070058551655+0.20762826351298078j),(-0.006043013537404775-0.00241905911555191j),5818000000
(0.1460995224215463+0.20745481820266085j),(-0.0057803923536304406-0.0023365694594817427j),5818250000
(0.14753246956028823+0.2075006722826031j),(-0.00595607051949347-0.0024078557720864117j),5818500000
(0.14561912436585045+0.20737389803495895j),(-0.005952388451283802-0.002545044814616374j),5818750000
(0.14644071343266432+0.20796911152583597j),(-0.00589430604322383-0.0022146405334903087j),5819000000
(0.14783859493050472+0.20727616175123298j),(-0.005949893941898942-0.002390634520293283j),5819250000
(0.14792762977865784+0.20737318528999396j),(-0.0059411969774099205-0.0022485041099936974j),5819500000
(0.15179990252024195+0.2080959296317205j),(-0.005876856475469498-0.002234173980705351j),5819750000
(0.1475574463604473+0.20706506518738388j),(-0.006005580238275187-0.002429343720276905j),5820000000
(0.15038249603029058+0.20703092905410747j),(-0.005918377482744475-0.0025142436028562955j),5820250000
(0.14788949965339007+0.2063135785938857j),(-0.0061528814152182615-0.002307627140284323j),5820500000
(0.15151249457566565+0.2074769114254753j),(-0.0058719016771789315-0.002439733311210969j),5820750000
(0.1502275943351246+0.20607549506857237j),(-0.005917714135738003-0.002417018125122747j),5821000000
(0.15022037302513364+0.20695705120969127j),(-0.005839071315895171-0.0024102713772394284j),5821250000
(0.15287664665246728+0.20776927344720328j),(-0.005871880584812324-0.002183705840461164j),5821500000
(0.15196732341244046+0.20573893030663665j),(-0.005927626895266724-0.0022781161411562986j),5821750000
(0.15395675069996473+0.20631515725648j),(-0.00593414966251494-0.0026831985852365002j),5822000000
(0.15059935938102534+0.20493775622232618j),(-0.005906027805094963-0.0023685156388317872j),5822250000
(0.1527681403054808+0.20530590003399238j),(-0.005821107580445447-0.0023495173851088135j),5822500000
(0.1534206619965414+0.20488120235368454j),(-0.005858119217258877-0.002493042654901166j),5822750000
(0.15620849611037071+0.20568173851216157j),(-0.005922603662514973-0.0023793408999426002j),5823000000
(0.1534438867604301+0.20556232266892335j),(-0.005774482682049103-0.0024021987812446223j),5823250000
(0.15204591233446146+0.20514130139078926j),(-0.005794974745330157-0.002464171430691088j),5823500000
(0.15611220064908093+0.2065073379947959j),(-0.005958493415127588-0.0026825725994377883j),5823750000
(0.153488963432318+0.20379016066040279j),(-0.005793819554657905-0.002284863722459274j),5824000000
(0.15691174251327628+0.20625554324574727j),(-0.005782647038754814-0.002230013279222369j),5824250000
(0.15381123921299525+0.20469169451183417j),(-0.005947422356996247-0.0024620690367637512j),5824500000
(0.15800299758532887+0.20662956185349085j),(-0.005874078527746723-0.0022097352890336486j),5824750000
(0.15490679404462154+0.20524439525886423j),(-0.00590418685651321-0.0023420698658662372j),5825000000
(0.15513805073080433+0.20527373474212832j),(-0.0060557602266304794-0.0022659132783978105j),5825000000
(0.1563299712720649+0.2061097204542886j),(-0.006145597632693315-0.0024046606017426968j),5825250000
(0.1548685971744892+0.2042795997436096j),(-0.005972274504677008-0.0021689675505463008j),5825500000
(0.1546809793843373+0.2037447505394823j),(-0.005937631470579249-0.002347081202718291j),5825750000
(0.15804310091507867+0.20606305820866083j),(-0.006070150476785265-0.002390002669174407j),5826000000
(0.15578809449230357+0.2036523807548076j),(-0.00602618136753835-0.002245270329073563j),5826250000
(0.1573250223709458+0.20584701685655607j),(-0.0061610828607356494-0.0023736690021789403j),5826500000
(0.15428399796419814+0.20318071230779497j),(-0.006042864905970673-0.002259820820287684j),5826750000
(0.15973895803933463+0.20674690460949413j),(-0.006211263524987405-0.0022938438097396324j),5827000000
(0.1571205897017486+0.20351458091749827j),(-0.006174172602359717-0.002188256899470821j),5827250000
(0.1589391021329363+0.2045016138603339j),(-0.006339599038440429-0.002273326913468899j),5827500000
(0.157716243258638+0.2035046613245008j),(-0.006122371580503236-0.002088766798261853j),5827750000
(0.1585520876660439+0.20241693934172442j),(-0.006122030821619271-0.002335252816070068j),5828000000
(0.15851338402810145+0.2031079459432192j),(-0.0062263938338087904-0.0022777223149140014j),5828250000
(0.15942468811020694+0.20397776070452908j),(-0.006205806013220197-0.0021900517118275445j),5828500000
(0.1601794418480771+0.20351595860789207j),(-0.006224618932447199-0.001982043792555095j),5828750000
(0.15762494673479166+0.20126835393988407j),(-0.006281742362079415-0.002167089243222471j),5829000000
(0.16062336517759118+0.20393064155498505j),(-0.006259605269182337-0.0022806853706382204j),5829250000
(0.1610912686805253+0.20333580577631902j),(-0.006032574782360962-0.0023582830243563274j),5829500000
(0.15810083226936292+0.19923021084424267j),(-0.006192315841239081-0.0021953881199411537j),5829750000
(0.16110638012059636+0.20175284948863947j),(-0.0060416927956666614-0.001939733161958991j),5830000000
(0.1622431336362651+0.20277520890442274j),(-0.00613243101350803-0.002023289411190628j),5830250000
(0.1621040048633889+0.2007753723242665j),(-0.005918993437341829-0.0019746998690167526j),5830500000
(0.16375454816869575+0.20123758641930187j),(-0.006261125709130741-0.0019909111590157547j),5830750000
(0.16355684676107016+0.20127560445980552j),(-0.006263487702969095-0.0022098644988512877j),5831000000
(0.16466970538842235+0.2010442743524703j),(-0.005791891078083465-0.002145198783515811j),5831250000
(0.16567821615270217+0.20283104965478485j),(-0.005920027015592748-0.002021440711202285j),5831500000
(0.1660795287001775+0.20158128580783471j),(-0.005848243529932272-0.00210492944763105j),5831750000
(0.1637236156665551+0.19976470472431695j),(-0.006051086983915005-0.0020468048131046194j),5832000000
(0.16677881386939625+0.20056639683923197j),(-0.006315524013310482-0.0020504291836643423j),5832250000
(0.16819220503659177+0.20133454690800445j),(-0.005998193771657707-0.002066114785628194j),5832500000
(0.1659436015301459+0.19897237972271167j),(-0.00599257958260843-0.0020750528895474955j),5832750000
(0.16991653753185879+0.19966101755996835j),(-0.005936536327363423-0.0021047890229849864j),5833000000
(0.1681688472009535+0.19913720871049065j),(-0.0060674386660643865-0.00214604594641952j),5833250000
(0.16735559134872569+0.1997090899027951j),(-0.005995220140031263-0.002213551382952438j),5833500000
(0.16902720974166396+0.19798005642220912j),(-0.00591732096933055-0.0021333416857890106j),5833750000
(0.1675978119793043+0.1960540721208319j),(-0.0060647902618016225-0.0020025930749370474j),5834000000
(0.17228506855677622+0.2008437737141336j),(-0.005978331158278383-0.002238926982181905j),5834250000
(0.1673177133569988+0.19544132792467936j),(-0.006051948736440339-0.0019979295982311975j),5834500000
(0.1719742025699528+0.19914354182608118j),(-0.005988130042842988-0.0019986691973870713j),5834750000
(0.17265855795138682+0.19954545527581702j),(-0.006058498145035384-0.0020177442592182308j),5835000000
(0.17039575392309722+0.1976387199651503j),(-0.0060466830535781885-0.002018293846873961j),5835250000
(0.1717696201782264+0.1986337916980612j),(-0.005950210160929828-0.002305227029450758j),5835500000
(0.17103752424332216+0.19675188354999285j),(-0.005939707448327234-0.0019756897435719454j),5835750000
(0.17322314179757373+0.19776086247654331j),(-0.006027484772074417-0.0022754323472811535j),5836000000
(0.17148614195193376+0.1963716224509599j),(-0.006037654988917263-0.0019211588948257654j),5836250000
(0.17296322827720315+0.19818467461161088j),(-0.0060392473131659265-0.002188178580780071j),5836500000
(0.1721843240861553+0.196959610920486j),(-0.006053854877266897-0.002214776810966993j),5836750000
(0.17464821732333619+0.19806128052805477j),(-0.006026805130243303-0.0023282861503538953j),5837000000
(0.17387829957696607+0.19794230191839995j),(-0.0060309061404978555-0.0023902494767841583j),5837250000
(0.1739696129348519+0.19662236021350463j),(-0.005947490030140651-0.0021726337202022613j),5837500000
(0.17626899233270735+0.19868188105648407j),(-0.006131542151494725-0.002210765769804407j),5837750000
(0.17527263162396714+0.1966645523469374j),(-0.0059810089634689196-0.0022667781587973417j),5838000000
(0.17597708038504292+0.19770472581956391j),(-0.005885987178455914-0.0021873463699544327j),5838250000
(0.1743128277335665+0.19552122057878102j),(-0.006067420145543307-0.002263015064402136j),5838500000
(0.17603568495606034+0.19652724795541054j),(-0.00609286642387698-0.0023016682271309323j),5838750000
(0.17467895383640525+0.19370453133899482j),(-0.0061192783333055495-0.0021684587028504934j),5839000000
(0.17727999283405257+0.19580700851178717j),(-0.005888640469445536-0.0023346028393508994j),5839250000
(0.17631732604357953+0.19594854333348818j),(-0.005947034082695937-0.0021856220431435503j),5839500000
(0.17736017591603273+0.19437938468337523j),(-0.005896939990643372-0.0023262235565065102j),5839750000
(0.17731153273711017+0.19585651875178237j),(-0.006038506875579042-0.002260185376734922j),5840000000
(0.17664397011632274+0.1938126785187971j),(-0.005966548235863292-0.002178785521848338j),5840250000
(0.1773909307116261+0.1949737133468068j),(-0.006141584135676932-0.0023948257991667945j),5840500000
(0.17849251517130968+0.19457745990337205j),(-0.006034245587553476-0.0021780558416344842j),5840750000
(0.17720910197030526+0.19444241878335466j),(-0.005884388440941855-0.0023966078734145736j),5841000000
(0.17725794346513077+0.19466597574746153j),(-0.006021140278298024-0.0023698989546474883j),5841250000
(0.17960961356112987+0.19502284758375188j),(-0.006084052360272503-0.002080984182301647j),5841500000
(0.1788992684646769+0.1948795802102906j),(-0.006124551281315462-0.0024020951786708623j),5841750000
(0.17820010263768288+0.1929799625901427j),(-0.0062387458910999494-0.0023544973577854116j),5842000000
(0.17824398479679512+0.19255782056490664j),(-0.005797925731341157-0.0022280021624717906j),5842250000
(0.1791588277889582+0.19380081835519725j),(-0.0059133122178848035-0.0022106476758986496j),5842500000
(0.17978731222058167+0.19314966367281028j),(-0.005928322131171625-0.00250666197375419j),5842750000
(0.17724173849094585+0.18925506840903628j),(-0.006092841752212926-0.0023500163908872548j),5843000000
(0.17863152187370532+0.1921149950083749j),(-0.006171965993915371-0.0023455335920979895j),5843250000
(0.17980226393159968+0.19140853195007804j),(-0.006033635623964055-0.002247022339979098j),5843500000
(0.179959728902167+0.1915588364865466j),(-0.005994065411036092-0.002339217730476236j),5843750000
(0.17992634463415272+0.18873156578501377j),(-0.006168926461873725-0.002224797953812786j),5844000000
(0.18054989421114115+0.19192120469346619j),(-0.006017237452582847-0.0021474850280000343j),5844250000
(0.1790799323069697+0.18842190042184973j),(-0.006188470780631112-0.002131230664298577j),5844500000
(0.18042883667914061+0.19012689555163553j),(-0.006101958443496903-0.002506291927893183j),5844750000
(0.18053887565703375+0.18869970561689275j),(-0.006245620762621402-0.0022666728010427425j),5845000000
(0.1820632620080544+0.18964473499924717j),(-0.006230487895595693-0.0024015720482085732j),5845250000
(0.1815892704996245+0.18859092309256897j),(-0.006083810394422808-0.0024218590423708878j),5845500000
(0.18155427264838106+0.18977607052366308j),(-0.006135136138383637-0.0022170642853372737j),5845750000
(0.18230367450983503+0.1906361487912655j),(-0.006145993939177398-0.0024220838429210097j),5846000000
(0.18349405515121972+0.1904241945972336j),(-0.006122407573678537-0.0024200987528052733j),5846250000
(0.18411095020926238+0.19110456915407323j),(-0.006179760147766324-0.002576444054165269j),5846500000
(0.18379227081338043+0.18860868431140998j),(-0.006082866408749797-0.002540319601822559j),5846750000
(0.18596432220639494+0.19138872858661476j),(-0.0061279573522498585-0.002360079292709308j),5847000000
(0.18511542272970444+0.1914810986464633j),(-0.006202783634387582-0.002283611914202465j),5847250000
(0.184702638580706+0.19047141702361475j),(-0.006360225072188336-0.002318396042753876j),5847500000
(0.1837947162845634+0.1856246514758662j),(-0.006226146067887604-0.002229043943097686j),5847750000
(0.18662210310174013+0.19091647961089106j),(-0.00603491190140998-0.0024855471892516684j),5848000000
(0.18681958694641784+0.18920613304504394j),(-0.006220153700654967-0.0024132052570078194j),5848250000
(0.18698111372863183+0.1913551186426042j),(-0.006162709786623134-0.002312874503454722j),5848500000
(0.18563595843690037+0.18792237094854397j),(-0.0061374330674905195-0.0024770781191376726j),5848750000
(0.1860773688680468+0.1878612816587134j),(-0.006104603942155864-0.002251624077027076j),5849000000
(0.18759408248244863+0.19252213893348552j),(-0.006350055993280501-0.0024799468625134923j),5849250000
(0.18812853657918593+0.18845642193757248j),(-0.006231354640040983-0.002375814681331098j),5849500000
(0.18987657258107057+0.19386772986133546j),(-0.006180073261533395-0.002391676310286352j),5849750000
(0.18837888215028267+0.18915762109413845j),(-0.006244642495955609-0.0022636171403078442j),5850000000
(0.1897174272140435+0.19442078660965129j),(-0.006159307490108445-0.0024481597997680804j),5850000000
(0.18971554057378534+0.19010421087762708j),(-0.005986564505523322-0.0023742817415541282j),5850250000
(0.18806585120306235+0.18619117470904895j),(-0.006197888728402171-0.002095863646465854j),5850500000
(0.19120646976991126+0.19355220722380978j),(-0.006179236571125272-0.002253457732404212j),5850750000
(0.18905589043152943+0.18614359032657016j),(-0.006044622303589109-0.002395381731326932j),5851000000
(0.1931567982360126+0.19257840960469227j),(-0.00623937980663535-0.002233753483893555j),5851250000
(0.19015201583801503+0.18444285656475537j),(-0.006138254880913825-0.002223186603868353j),5851500000
(0.19296090248092068+0.19212529503661913j),(-0.0061280178844116285-0.0023130587021996363j),5851750000
(0.19118662958764884+0.18569471278154645j),(-0.006222255346327678-0.002356792235069111j),5852000000
(0.19454569902144106+0.18967725545290312j),(-0.006254963672267136-0.002357265706980341j),5852250000
(0.192183909469493+0.18307755227831166j),(-0.006255573704496551-0.002441400302332873j),5852500000
(0.19297032203078113+0.1847934124237015j),(-0.006472451857914928-0.002339933991475568j),5852750000
(0.1958465211953373+0.18891336169316875j),(-0.006165906232426019-0.002525560817610561j),5853000000
(0.1924909744432637+0.18137109259315817j),(-0.006381296037724351-0.002267406057473463j),5853250000
(0.19646966176775152+0.19072024914842708j),(-0.006254314472907811-0.002559781155629458j),5853500000
(0.19502502297143018+0.1837181525629807j),(-0.006345757167485455-0.002435868854450682j),5853750000
(0.19496659721633577+0.18239096837031937j),(-0.006522124101545022-0.002377238029890555j),5854000000
(0.1956650762926455+0.1839427136850574j),(-0.006620697857810218-0.002588862017905928j),5854250000
(0.19693484365524838+0.18335086917170504j),(-0.006345518378454344-0.0025153595816890455j),5854500000
(0.1954401408627623+0.18204098388198003j),(-0.006406354879675637-0.0023775017768694084j),5854750000
(0.196780742924747+0.1813143815552655j),(-0.006405144971675299-0.0023527041549945634j),5855000000
(0.19770312576170013+0.18302865380185127j),(-0.006304135065081532-0.0025879225894846008j),5855250000
(0.19730860866477393+0.17675757899950628j),(-0.006593211525095208-0.0025045742749135926j),5855500000
(0.19897765353141045+0.18504220697615203j),(-0.006374630378170532-0.002399523139327214j),5855750000
(0.19846481806272911+0.1772679035041989j),(-0.00652194705602964-0.002231399312083061j),5856000000
(0.19857262424850924+0.18064588350751737j),(-0.00661361754461597-0.002418637584278482j),5856250000
(0.20013838866833528+0.1824044405842969j),(-0.006359652582614312-0.002456708157950247j),5856500000
(0.2008603801108093+0.18226110732920067j),(-0.006641931432819836-0.0023984846332559644j),5856750000
(0.2000389860573051+0.17598615988122174j),(-0.006542436959514413-0.002248225357004675j),5857000000
(0.20134767756130612+0.1831593800054192j),(-0.006433407505786262-0.002559228320282133j),5857250000
(0.20253576906834314+0.18624842087267024j),(-0.006547414860683939-0.0023963828912225756j),5857500000
(0.2006321659865659+0.1782167097877859j),(-0.006539467631427688-0.002280975321631728j),5857750000
(0.20232825372240054+0.1836307828804255j),(-0.006525465598312422-0.00228893964164042j),5858000000
(0.20321368118540378+0.1813488329574984j),(-0.0063736875270184465-0.002155517017206389j),5858250000
(0.20350048642322066+0.18059423828541543j),(-0.006546571594133123-0.0022879864446667376j),5858500000
(0.20077124505457855+0.17681160486160952j),(-0.0064674073664148695-0.0023815523034961144j),5858750000
(0.20472862494975433+0.18414285797965207j),(-0.006378228875921902-0.002465388611867323j),5859000000
(0.20380680279654642+0.18180262774006364j),(-0.006605962724127025-0.00237261467888614j),5859250000
(0.2036661627053586+0.18138014704226815j),(-0.006318304009862559-0.002223000028260441j),5859500000
(0.20519049757683178+0.18413884028875466j),(-0.006621014993692246-0.0023271035759524277j),5859750000
(0.2047501644981349+0.18335554433941872j),(-0.0064261681734398566-0.002392685067069161j),5860000000
(0.20494578262324703+0.1827020752344949j),(-0.006465267562394258-0.0022795523476273716j),5860250000
(0.2061291559731999+0.18252093188885174j),(-0.0064635929469353546-0.0023036664535443312j),5860500000
(0.20785318584293194+0.1893030294565995j),(-0.006529083911138012-0.0024711128715449796j),5860750000
(0.20627331414002967+0.18251068348394467j),(-0.006248269479594979-0.002339832583770026j),5861000000
(0.2049268177606763+0.1779762145125568j),(-0.006375117762152495-0.002316228959727825j),5861250000
(0.20681139962218234+0.18604102320729582j),(-0.006559696110386693-0.002347565227523716j),5861500000
(0.20667027463101723+0.1803504735015253j),(-0.006537244390187319-0.002336842740165094j),5861750000
(0.20717360991803246+0.1823701320519873j),(-0.006193525785773889-0.0024283457425230315j),5862000000
(0.20674698039976255+0.18274134384912874j),(-0.0062898349570767835-0.002384738908892138j),5862250000
(0.2059178535477536+0.1775856869736037j),(-0.006544518137587758-0.0023334247401472896j),5862500000
(0.20764738798405183+0.1781794206923911j),(-0.006457908094871127-0.00227413190302423j),5862750000
(0.20920649857683074+0.1834099382648026j),(-0.006336045677850042-0.002236835401122685j),5863000000
(0.2078620498807036+0.17736794246622126j),(-0.00649996727556324-0.002354661384769205j),5863250000
(0.20922840072192994+0.1855259786551838j),(-0.00654322415628915-0.0023654202801238282j),5863500000
(0.20747233737471515+0.1770641186232247j),(-0.006573202524842624-0.002317567122271216j),5863750000
(0.21021093592874093+0.18157688236370065j),(-0.00654864008681854-0.0021101145529918274j),5864000000
(0.2080719890720352+0.17649123673745692j),(-0.006575492766060052-0.002278093133293032j),5864250000
(0.20966344708076626+0.18020869901651068j),(-0.006573357163458748-0.002321612389425071j),5864500000
(0.20851197957319517+0.17997879009386716j),(-0.006616219147631449-0.0023213033684272174j),5864750000
(0.20859671227986468+0.17405368430288434j),(-0.006561172066404333-0.0021292172784101015j),5865000000
(0.20835871198347555+0.17854092395718363j),(-0.006610886359300117-0.002168335415913626j),5865250000
(0.20955112682852295+0.17630863742823605j),(-0.006838687862968236-0.00226519495612887j),5865500000
(0.21023529904380742+0.17779689252593192j),(-0.0066790899631134345-0.0023970790015931565j),5865750000
(0.209133266803618+0.17434375322354134j),(-0.006591606526337275-0.002177785741825229j),5866000000
(0.20943594219670866+0.1743842816514587j),(-0.006609399133078271-0.0021707468703036636j),5866250000
(0.20960931210636458+0.17532215422873204j),(-0.006683722900622518-0.002406695022741581j),5866500000
(0.2103835028361537+0.17549784634917542j),(-0.00676825646444787-0.0023867858409361495j),5866750000
(0.2103208100512399+0.17536426215507886j),(-0.006833679380303021-0.0025282866748698157j),5867000000
(0.2104414412817277+0.1732187663247696j),(-0.006895900702153087-0.0023619609071181607j),5867250000
(0.21282028386676885+0.17662304434495j),(-0.006716717511615655-0.0024352347769393246j),5867500000
(0.210557439365794+0.17289005535666285j),(-0.0067704321560611335-0.0024529935917184617j),5867750000
(0.21051158037276735+0.1709391159553576j),(-0.006827707861403433-0.0025198130599917096j),5868000000
(0.2117553539695589+0.17143675949168036j),(-0.006837339645002015-0.002245344299849095j),5868250000
(0.2133821409022596+0.17531857745850546j),(-0.0067723568954139715-0.002722181790304426j),5868500000
(0.21317319301546336+0.17366512958835917j),(-0.006761543748488546-0.002653990854133012j),5868750000
(0.2144425463994138+0.1728077147342527j),(-0.006829499439883211-0.002736733434621369j),5869000000
(0.21453460469219307+0.17408176348890278j),(-0.006817643253240902-0.002684308566357289j),5869250000
(0.21461285138064393+0.17088343406667178j),(-0.006772346671012628-0.0026717611589058203j),5869500000
(0.21495071390927517+0.17259288177197354j),(-0.00691510194318165-0.0026884307488829603j),5869750000
(0.21518684033777452+0.17050860061818418j),(-0.006993918075152847-0.0028342100150638583j),5870000000
(0.21619903468554477+0.1774943959661622j),(-0.0068822791356272-0.002671583946293579j),5870250000
(0.21639034401592436+0.17254043680706294j),(-0.006983610356725702-0.002811730545161992j),5870500000
(0.2176890514006414+0.17645875131112745j),(-0.006790720727401223-0.0028371146954793915j),5870750000
(0.2163487421780669+0.17086495814935992j),(-0.006906481313573598-0.0026815890658463447j),5871000000
(0.21710448681215772+0.1700067945392212j),(-0.006963459410146907-0.002799635532189045j),5871250000
(0.21867338957219026+0.1740925185531396j),(-0.006904152228323946-0.0028481212820488503j),5871500000
(0.218364944548677+0.17098363661029287j),(-0.007023363400258679-0.003237859289194462j),5871750000
(0.21796754352500972+0.1695387246288228j),(-0.007234581045362383-0.0029592873780960043j),5872000000
(0.21846026637564928+0.16981864138767877j),(-0.007320165330640632-0.003077665147494284j),5872250000
(0.21970407628154748+0.17109806687564005j),(-0.0071500508156676496-0.0027416998608863485j),5872500000
(0.2201952234827844+0.16909550884444183j),(-0.00720785991946648-0.0030168073478960126j),5872750000
(0.2180296745020312+0.16939688411231366j),(-0.00722647461934355-0.003021436801903832j),5873000000
(0.21984731994205056+0.1703834352025826j),(-0.007360162145480289-0.0029419269588503434j),5873250000
(0.22071613839106005+0.17009491005164987j),(-0.007157116302172154-0.0026749687290068035j),5873500000
(0.22146049841108462+0.1693692619612792j),(-0.007271678375079396-0.0029459637547490486j),5873750000
(0.2208080296863031+0.1698742012857225j),(-0.007320017699363167-0.002988909621966399j),5874000000
(0.21992927648168656+0.16916899340277858j),(-0.007354257353258161-0.003066992925604958j),5874250000
(0.22097398661189324+0.16623960871610136j),(-0.007320681951100107-0.002964551807646356j),5874500000
(0.2204242664080217+0.1622328981136197j),(-0.007613499300393679-0.002971691281995073j),5874750000
(0.220900518032012+0.16750016792742864j),(-0.007653553488758362-0.0028930304371385124j),5875000000
(0.2201956849491163+0.15986756073714825j),(-0.007546619974135038-0.0027812962331146807j),5875000000
(0.22222889926779085+0.16799349735209984j),(-0.007632757745869546-0.002740926464055126j),5875250000
(0.22162599420529913+0.16835159688813095j),(-0.007414708928807121-0.002989729091459512j),5875500000
(0.2226404493056233+0.16373877931509356j),(-0.007537473271749435-0.00293622598845244j),5875750000
(0.22222172705183696+0.1656833388523504j),(-0.007489338844489786-0.0029093369530356124j),5876000000
(0.22285235360693753+0.16215151322228438j),(-0.007679300280635408-0.0028706214977203045j),5876250000
(0.22415451479553408+0.1680751677448485j),(-0.007535588196031885-0.0028445443088814084j),5876500000
(0.2230659408576205+0.15879508915452545j),(-0.007918025892210976-0.0027024850054793046j),5876750000
(0.22267379283471855+0.16626340982673435j),(-0.007626687949579747-0.002815057525320551j),5877000000
(0.22348591678518184+0.16343190649860775j),(-0.007733908008263224-0.00291396226898235j),5877250000
(0.22262488881358403+0.16464163592865744j),(-0.00792036712529607-0.0028840991085181803j),5877500000
(0.22080828742023215+0.1603858381920836j),(-0.0077030016148870156-0.002620004627555697j),5877750000
(0.22396608964369472+0.1624374968412807j),(-0.00781633318822197-0.0028399575762047984j),5878000000
(0.22337509323065463+0.16175181109278894j),(-0.008059863364027977-0.002787408945977186j),5878250000
(0.22341654392394705+0.15546723565137993j),(-0.007840582052089996-0.0027605355154177377j),5878500000
(0.22479777893274575+0.16584459176428684j),(-0.007897109040694928-0.0026870854765761675j),5878750000
(0.22517809688140064+0.15940209939228586j),(-0.007891219956564695-0.0026570327427369125j),5879000000
(0.22434817106958196+0.1645326616225407j),(-0.00803726886752718-0.002853049830458932j),5879250000
(0.224587795435003+0.15903269412071364j),(-0.007992055032667034-0.0027862600049892027j),5879500000
(0.22429305249287967+0.16081913255303645j),(-0.007944277548255408-0.002780725948685622j),5879750000
(0.22506601833861847+0.1595561633675009j),(-0.008025952088265943-0.0029295157305933377j),5880000000
(0.22681992904817858+0.1617433588647878j),(-0.008167140236466742-0.0029453090330117814j),5880250000
(0.22544944862985755+0.1613284840301542j),(-0.00808029611207176-0.002987000093854427j),5880500000
(0.22690600568910424+0.15786852272461657j),(-0.008280763847093357-0.002830786334270473j),5880750000
(0.22493529346106098+0.16247106440844458j),(-0.008384314782630261-0.002670027573270061j),5881000000
(0.22792864157611303+0.1673689640561383j),(-0.008294452709026123-0.002974383064658951j),5881250000
(0.22648082497720384+0.15874306403473537j),(-0.008199522972188926-0.002937132529063349j),5881500000
(0.22705944385027987+0.15997064154666443j),(-0.00840585897382696-0.0028587317211954595j),5881750000
(0.2270009466746913+0.16204390680823189j),(-0.008351487420520614-0.003059958538836629j),5882000000
(0.2285865042714384+0.1592794917395242j),(-0.008386628889552196-0.0028053305820130428j),5882250000
(0.2285891525926727+0.1538551824594446j),(-0.008295363986978038-0.002831415627147393j),5882500000
(0.2282912402649439+0.1569452841507477j),(-0.008479307719067445-0.002670786565146972j),5882750000
(0.2284860641080105+0.16324074621010412j),(-0.008281487715037906-0.0026600421684877616j),5883000000
(0.2273699532007877+0.15961958642094157j),(-0.00845060358187298-0.002968602952108666j),5883250000
(0.2278219608959364+0.1584455459730254j),(-0.008504439645879018-0.002824016384866951j),5883500000
(0.22951780211831968+0.15997242296534633j),(-0.008413536474435206-0.0028050525572055306j),5883750000
(0.22947693218157753+0.15499932548722833j),(-0.00864132204829089-0.0028115227904887755j),5884000000
(0.22963527622002416+0.15872690657491814j),(-0.008507995366998608-0.0029842644511405363j),5884250000
(0.22965516040906744+0.15959148156335998j),(-0.008550264156933433-0.0028275694852667806j),5884500000
(0.23003241599438343+0.15425843217674232j),(-0.008601906961265534-0.0026784795527181183j),5884750000
(0.22959392660243214+0.15702499228983494j),(-0.008465738402770965-0.0026862015997614376j),5885000000
(0.23003217999376124+0.15797500751520183j),(-0.008755570343921716-0.002890721068361572j),5885250000
(0.23056621339307617+0.1587033512484014j),(-0.008670874447542028-0.0026691347481625316j),5885500000
(0.23167444776718563+0.1580011621841298j),(-0.008714036526421406-0.0025975774121359645j),5885750000
(0.23103054831733266+0.15892404430009915j),(-0.008685015515702409-0.0026575279758991985j),5886000000
(0.23171452230633152+0.15505450538055454j),(-0.008771231305730945-0.0025025544464059787j),5886250000
(0.23192412136412063+0.16668715000508827j),(-0.008733000147995064-0.0029120434013237342j),5886500000
(0.2324412424611493+0.15087134893852305j),(-0.008854930863225917-0.002709799607653707j),5886750000
(0.23261515024727572+0.15837469945814198j),(-0.008748654009336812-0.0025091027879884627j),5887000000
(0.23343355307518812+0.15026338589175434j),(-0.008878668112452972-0.002499176655852243j),5887250000
(0.2336670338227794+0.1613424607286516j),(-0.008831587956609214-0.0025789258173429907j),5887500000
(0.23467264943006919+0.146917458668836j),(-0.00868032760990899-0.0023405597846197813j),5887750000
(0.23213531854958075+0.1563457109099571j),(-0.00881450797006885-0.002465498322113215j),5888000000
(0.23228719018321076+0.1536441855214199j),(-0.008987511049756368-0.002490456058846288j),5888250000
(0.23222671072760023+0.15218671910825843j),(-0.008893116995872242-0.0025186994971300183j),5888500000
(0.23401144121995468+0.15442962604494492j),(-0.008853892371704423-0.002594599440724401j),5888750000
(0.23424387165057658+0.158522568390477j),(-0.008940518131617106-0.0024574648989019476j),5889000000
(0.23539408371592563+0.1497651245481619j),(-0.008950509021349463-0.0022414455594785333j),5889250000
(0.23417851316568813+0.15006313052408618j),(-0.00903251939960404-0.002463569962957165j),5889500000
(0.2354285017296917+0.15199779936291194j),(-0.009053522128541007-0.002354640807720366j),5889750000
(0.23479632291962238+0.14969948805588018j),(-0.009087141559632896-0.0024695032553431807j),5890000000
(0.23667961196450207+0.15078816204717288j),(-0.009154286181184083-0.00228924369053851j),5890250000
(0.23527519679613554+0.16084825399315617j),(-0.00917104992796762-0.002713711851922861j),5890500000
(0.23671915527238693+0.1516471101880049j),(-0.009146358943236206-0.0023777699217599384j),5890750000
(0.23709155868122064+0.14728735571599358j),(-0.009233984288112758-0.00224902735959546j),5891000000
(0.23519068398122042+0.1477686325009143j),(-0.009241149810927727-0.0024404801040521103j),5891250000
(0.23583963603660962+0.15017222506182928j),(-0.009338077917911504-0.0022700294845873j),5891500000
(0.23801218554728173+0.14440986539653758j),(-0.009138348916846747-0.002545045968961287j),5891750000
(0.23877352896316695+0.14884048602723096j),(-0.009368804316326649-0.002529112482835542j),5892000000
(0.23766651158417332+0.15404942661594975j),(-0.009190300952005015-0.002580523684901117j),5892250000
(0.2410519044850376+0.1441022076016671j),(-0.009429321337824956-0.0022371434028991806j),5892500000
(0.2393180951978456+0.15204454514203847j),(-0.009297859846143678-0.0024338322790119025j),5892750000
(0.23850355825461797+0.14561515434346284j),(-0.009488421393566556-0.0022592802240525003j),5893000000
(0.24017779694466326+0.14854971787260016j),(-0.009540585709758525-0.002412069023986697j),5893250000
(0.24051553995356817+0.1443696175426136j),(-0.009504301412024721-0.002351410433180654j),5893500000
(0.24114928951648554+0.13737021309667743j),(-0.00944173824276787-0.0020678089030333555j),5893750000
(0.2394466749012501+0.1489507900779379j),(-0.009500997889074757-0.002362854180511351j),5894000000
(0.23961355824705446+0.142159149202401j),(-0.009407210494855774-0.002348083840289755j),5894250000
(0.23919560135470083+0.14317072316865392j),(-0.009777803519837912-0.0023214714086604964j),5894500000
(0.24079037006317344+0.14689950820300918j),(-0.009288243235470093-0.002359103476907611j),5894750000
(0.24177678373151718+0.14641222817838784j),(-0.009686774077219743-0.002413135947374346j),5895000000
(0.2423205182596901+0.14253129908885437j),(-0.009877300586492018-0.0020338024111766525j),5895250000
(0.24283249963710588+0.14167215363971852j),(-0.009812090417009369-0.0022886191848076904j),5895500000
(0.24184813687297338+0.14957252971203774j),(-0.009593765404326337-0.0024645184492980213j),5895750000
(0.2427632942573847+0.15205041543605452j),(-0.00977809534142234-0.0021812651346879374j),5896000000
(0.24367475096748292+0.14145874199234643j),(-0.00982604920676004-0.0022017975796794777j),5896250000
(0.24238213090277316+0.147870926062344j),(-0.009782361885658905-0.0023081270131457216j),5896500000
(0.24132016657194805+0.15601244284119614j),(-0.00983860762135564-0.0026011815254084985j),5896750000
(0.24362173303224766+0.14335875025014289j),(-0.010017923507162057-0.0021728178897638018j),5897000000
(0.24531661694348655+0.15108410577492626j),(-0.009885658260451912-0.0021361617285378j),5897250000
(0.24389838807292014+0.14937086573790684j),(-0.010200881549047846-0.002249508964290729j),5897500000
(0.24293966116903473+0.15187309066152824j),(-0.01024635478477133-0.0022248572622465507j),5897750000
(0.24425545559956002+0.1518317050804526j),(-0.01012081551802917-0.0022035514314681518j),5898000000
(0.24479905220388037+0.15144448185969403j),(-0.010165412835978741-0.0021383560921159057j),5898250000
(0.2448020285667015+0.15473413897726745j),(-0.010224643481665277-0.0021729465775981206j),5898500000
(0.2453725756039443+0.1523580650760781j),(-0.010221884627093857-0.002098445034824401j),5898750000
(0.24529248077438487+0.14569225414690917j),(-0.010418548284067304-0.0020128683734162533j),5899000000
(0.24482523699320516+0.15493249320421026j),(-0.01040569735216706-0.002132519648928953j),5899250000
(0.24584274568161746+0.15507715295442004j),(-0.010469210406924672-0.002061653436410514j),5899500000
(0.24377548306076022+0.15549471810840712j),(-0.010416682470492492-0.0020507845924256692j),5899750000
(0.2458016525311253+0.14705087035174266j),(-0.010621202177202334-0.0018779849519041407j),5900000000
(0.24437318964819998+0.15946368731654606j),(-0.010375354394155477-0.002102160926570096j),5900000000
(0.24554628084486224+0.15206439010839207j),(-0.0106427936706716-0.00210080487014175j),5900250000
(0.24360560346930574+0.15998724408778747j),(-0.010723934367067405-0.0021348205895779216j),5900500000
(0.24763233850130856+0.15309802127504657j),(-0.01077157635574428-0.0019948019225943924j),5900750000
(0.24607650356147054+0.15060037193796416j),(-0.010736795894957915-0.0020605261304672867j),5901000000
(0.24835422503396237+0.14864889850286447j),(-0.010799653619511537-0.001964756247209765j),5901250000
(0.24634346799174642+0.1555145439672602j),(-0.010858432575442091-0.0022431163012752837j),5901500000
(0.24871835602813183+0.14938434516244273j),(-0.010879412254145961-0.0020445659699554106j),5901750000
(0.24746735408471973+0.14483075838481535j),(-0.010792224863638-0.001948161649838722j),5902000000
(0.24662573459875958+0.14833821882316248j),(-0.010918223101552793-0.0019708706937426545j),5902250000
(0.24548566124978055+0.15304674202492602j),(-0.01105201486893624-0.0021278005500687805j),5902500000
(0.24826711299459095+0.1430542432357022j),(-0.010886872359220201-0.0019594514169723907j),5902750000
(0.24939399944386592+0.1468082462662731j),(-0.010992836395615184-0.0019362645775588706j),5903000000
(0.24667773368419343+0.14702742465845708j),(-0.010870519375923692-0.0020372985045982823j),5903250000
(0.24877597278284258+0.14487400903490938j),(-0.011204450548668468-0.0018462519297486636j),5903500000
(0.24848990263337595+0.1493428330982585j),(-0.011027280489128358-0.002152647256865861j),5903750000
(0.2496754664742289+0.14539703521734051j),(-0.011185395572134528-0.0018575391803818833j),5904000000
(0.2491038896309699+0.14436051940767783j),(-0.01115235838137235-0.001758557243189754j),5904250000
(0.2501147709301659+0.14421043864524571j),(-0.011129903255539678-0.001861662868545567j),5904500000
(0.2511666315051491+0.1408918355552524j),(-0.011081179557537069-0.0016739802100308805j),5904750000
(0.24957877282578664+0.14405719980866244j),(-0.011311924102562761-0.0017596850184166107j),5905000000
(0.25101649362283557+0.13707735229471057j),(-0.011142725233166098-0.0016862344725528079j),5905250000
(0.2495125101835975+0.14157874208606053j),(-0.01141848490052719-0.0017216376060366768j),5905500000
(0.2505116102189912+0.13878275867544418j),(-0.011328742230584632-0.001669120159035795j),5905750000
(0.2501219145174923+0.13945382908605586j),(-0.011509610524368-0.00179566882088457j),5906000000
(0.2532739517075924+0.13681121802154367j),(-0.011316249653666175-0.0015524816619103148j),5906250000
(0.25274114935842773+0.1383865135523508j),(-0.01138894554099942-0.0014779950363439775j),5906500000
(0.25136250978193136+0.1426434809481203j),(-0.011383414466022038-0.001683028074258468j),5906750000
(0.2525739572799598+0.13958636774187128j),(-0.011614963960921664-0.0014804500133615121j),5907000000
(0.252424819563806+0.1375562286155478j),(-0.011606687821263971-0.001760328905001416j),5907250000
(0.2532928547496498+0.13868442138285017j),(-0.011637618277501921-0.001657318926855253j),5907500000
(0.25206505865168394+0.14099225830723486j),(-0.011545010740996288-0.001552438413025561j),5907750000
(0.2546382689587989+0.13646538176840095j),(-0.011839806940125463-0.001396301738348883j),5908000000
(0.25344874027449826+0.14132546053541753j),(-0.011822569312750891-0.0015297394653540825j),5908250000
(0.2546578416731473+0.14033610531910265j),(-0.011827972738930794-0.0015501616496364605j),5908500000
(0.25368208301096573+0.13777230336603824j),(-0.011443649803223212-0.001371253884324144j),5908750000
(0.25368493533227643+0.1385993670443149j),(-0.011851181503823718-0.001763180005582368j),5909000000
(0.2574862030140162+0.13691232240821738j),(-0.01188105718584255-0.0014427023002841757j),5909250000
(0.2543295437357275+0.14205247371902754j),(-0.011593567558255479-0.001489309284788106j),5909500000
(0.25574090800628946+0.13731511163352983j),(-0.011885449035969914-0.0013108748469826505j),5909750000
(0.25540145863107966+0.13954858855485325j),(-0.01205777916175205-0.0012389447358642498j),5910000000
(0.2573562447745322+0.13158585246945223j),(-0.011904337057653128-0.0013721988114114353j),5910250000
(0.25325734434869934+0.14275424562106098j),(-0.012271767228724858-0.0014965665400313846j),5910500000
(0.25565927580335174+0.14061571817806492j),(-0.012011620939921305-0.0014610154944749484j),5910750000
(0.25640350819003804+0.14171403781902073j),(-0.012199225453799404-0.001405772923355372j),5911000000
(0.25608136505801254+0.13762606032216684j),(-0.012036346095808016-0.0013071572109955663j),5911250000
(0.2567771118827265+0.13909489255658117j),(-0.012198082199983393-0.0011900193529928585j),5911500000
(0.2570940938170614+0.1401948161623746j),(-0.012282749074268176-0.0012829061068287346j),5911750000
(0.257418291423578+0.13838719625030044j),(-0.012402580317612514-0.0014106167979553825j),5912000000
(0.25666809512773725+0.14056917684954867j),(-0.012391685117772899-0.0014039986103565397j),5912250000
(0.25903918456854286+0.13730191144421658j),(-0.012348609671635254-0.0012565569779553402j),5912500000
(0.25706187778214046+0.14028207595659664j),(-0.012393998503294798-0.0012653387736252658j),5912750000
(0.2589647806277986+0.13895214283351826j),(-0.0127021145534699-0.0010746304114854902j),5913000000
(0.25886543223022435+0.13864824304142387j),(-0.012694538830308038-0.0009822433741226487j),5913250000
(0.26009074374123325+0.1371291633294155j),(-0.012482532081169836-0.001032665052400626j),5913500000
(0.2591469950519189+0.14011127499992193j),(-0.012778090937636107-0.001103098807125762j),5913750000
(0.26003833655841296+0.13876851369471757j),(-0.01260841302584675-0.001293978604023986j),5914000000
(0.2593746044464025+0.13724367367659615j),(-0.012646450339143005-0.0011274662241578053j),5914250000
(0.2611229925105526+0.13801997472317826j),(-0.012660014740621795-0.0011560837017429559j),5914500000
(0.26325924971412856+0.13040665358301695j),(-0.012846114379113389-0.0008123245219807421j),5914750000
(0.25936452481065175+0.1430045163500354j),(-0.01297533117120754-0.001043112717122895j),5915000000
(0.264502968581187+0.13319303340679908j),(-0.012967409403862002-0.0008638284561769377j),5915250000
(0.2597416667650749+0.14058723766964026j),(-0.013135400973579528-0.0011337879164127263j),5915500000
(0.2656302629047909+0.13262897990150027j),(-0.012837046928715908-0.0008892049779970037j),5915750000
(0.25878630330709684+0.1414895471243175j),(-0.01312654106405859-0.0010381922644566307j),5916000000
(0.2634984027604353+0.13461938315854022j),(-0.013189215798125525-0.0008048274177430352j),5916250000
(0.2619711041353008+0.13910107057763202j),(-0.013012184733118451-0.0007470944282684207j),5916500000
(0.2616615756496707+0.14141585740192633j),(-0.013117556161496496-0.000610599135714455j),5916750000
(0.26312469869154625+0.13733282490940044j),(-0.013216021698635517-0.0005933559365894235j),5917000000
(0.262072008846592+0.13807098327484185j),(-0.013334906990708441-0.0009782177753948989j),5917250000
(0.2625353837463706+0.13737946705829238j),(-0.01317507340208335-0.0005562626399895037j),5917500000
(0.26242993076987176+0.13995500974511338j),(-0.013291671735297385-0.0007941548960426312j),5917750000
(0.2667101414239303+0.13174670772794042j),(-0.013160529324938476-0.00038947031656031095j),5918000000
(0.2650385725982716+0.13800052881681008j),(-0.013291452227059927-0.0006307923062396094j),5918250000
(0.2612984907223513+0.14335811596301848j),(-0.013463787466255539-0.0007431141385773464j),5918500000
(0.26744631269292835+0.13537863973196773j),(-0.01331574723685426-0.0004422455901688989j),5918750000
(0.26437388705557124+0.13910387232614363j),(-0.01340656605736825-0.00069872872006444j),5919000000
(0.2629963402517872+0.14308185362023032j),(-0.013442083185864248-0.0005461169169273495j),5919250000
(0.2638577241464592+0.14388132423275102j),(-0.013380588699056957-0.0005360635732682101j),5919500000
(0.2662722356268624+0.13521026973373867j),(-0.013690133181531023-0.0006893375032150169j),5919750000
(0.2617261092777146+0.14500018267523954j),(-0.01365906700362766-0.0005168415558001973j),5920000000
(0.2627936567754182+0.14393667688330977j),(-0.013634857669239574-0.0003914687889473237j),5920250000
(0.2663304292432971+0.1387550431012385j),(-0.013431172024919617-0.0003133212656175453j),5920500000
(0.2682188553285161+0.13636052871337817j),(-0.013488290794941666-0.00030896556616882154j),5920750000
(0.2627071260244219+0.1450683853435705j),(-0.013710625911703921-0.0004049703067874986j),5921000000
(0.26354431494305025+0.13842353091140175j),(-0.013637092844387374-0.0002916628110868005j),5921250000
(0.26857885490608063+0.1333525989666857j),(-0.013609403428831036-0.00022337864235439894j),5921500000
(0.2653703484295266+0.1440533383066402j),(-0.013637867277597157-0.00018723941240921367j),5921750000
(0.2658464200629387+0.140024080290039j),(-0.013600879976235734-0.00028039257290157174j),5922000000
(0.2645517777398844+0.14387649141353034j),(-0.013739948649421246-0.00018249178744533936j),5922250000
(0.2643778431481645+0.14287425193738257j),(-0.01392239589719296-0.00014867238378438278j),5922500000
(0.2697602593641998+0.1354440152789586j),(-0.01380104630804487+0.00017541105828794456j),5922750000
(0.26456284299597715+0.14582997859739796j),(-0.013891722876207642-0.00032631729816570454j),5923000000
(0.2698731607237312+0.13743199112463841j),(-0.014011889102256883+5.484378092771464e-05j),5923250000
(0.2658288142738933+0.14125638053550169j),(-0.014119468437623442-9.456828427839066e-05j),5923500000
(0.2720333496135681+0.13428008960723797j),(-0.01392699808262081-0.0002294791397331951j),5923750000
(0.26782253156549923+0.14284157333947803j),(-0.014006666388676986+3.8705144096659345e-05j),5924000000
(0.26597246125754453+0.1437967328459339j),(-0.013938946202471462-0.00011902152465465877j),5924250000
(0.27060463713929195+0.13700230737514113j),(-0.014041818861131311+0.00013996518760422873j),5924500000
(0.2712606003792993+0.13531130244965608j),(-0.014162225191974397+7.040422271967727e-05j),5924750000
(0.271730028040761+0.1360370321913445j),(-0.014410894230566679+3.645242052007842e-05j),5925000000
(0.27371751675927625+0.13344744604900793j),(-0.014174398204583901+0.0002582287245575288j),5925000000
(0.2714163240120445+0.13461239709210165j),(-0.013970488361786786+0.00024905105781600136j),5925250000
(0.27528393815103713+0.13141804317911032j),(-0.01436730282138728+0.0001975745420368645j),5925500000
(0.271575467737951+0.134957623751467j),(-0.01441699243306352+0.0003781492144213635j),5925750000
(0.2738200307493072+0.13566524887968354j),(-0.014285898838627737+0.00026024828345121615j),5926000000
(0.2701636782083397+0.13960880200390527j),(-0.014633788603710961+0.00011755835573678744j),5926250000
(0.28075355412632996+0.12532346538900752j),(-0.014355408310713021+0.0006059180856195667j),5926500000
(0.27500367977221574+0.13549451014473232j),(-0.014678131959002827+0.0007817099158998176j),5926750000
(0.27633418553800115+0.1309863451166173j),(-0.014583798495547012+0.0005489792494444287j),5927000000
(0.27401373402106033+0.13537391556392261j),(-0.014716347788538125+0.0005178434511661676j),5927250000
(0.27595469951893686+0.13196187507362137j),(-0.014550566886274477+0.0007106990472140909j),5927500000
(0.27723610461221443+0.12861942661166206j),(-0.014636447998666913+0.0006368870630335789j),5927750000
(0.2773353402629781+0.13204015566279625j),(-0.014736477439241776+0.0006640941868040366j),5928000000
(0.27520402468496274+0.13581414406663683j),(-0.014727002612766249+0.0007588955405292287j),5928250000
(0.27329505501718465+0.13825282488910345j),(-0.014926835372699662+0.000573789777385391j),5928500000
(0.27789295126870955+0.1296317065886206j),(-0.01480311021956449+0.0009205145450283168j),5928750000
(0.27845549227960936+0.13238849365234448j),(-0.014935002348818692+0.0009247318900257684j),5929000000
(0.27802784150123744+0.13366031589845237j),(-0.0148521232707618+0.0008570032715943491j),5929250000
(0.2835911390722968+0.12382062405978243j),(-0.01515954859579161+0.001194562335480043j),5929500000
(0.2767610071833192+0.13263626586537977j),(-0.015345157414683093+0.0010179637689329128j),5929750000
(0.28027400994694723+0.1334230471883905j),(-0.015369244052101128+0.0012168835467297051j),5930000000
(0.2768239742837431+0.13623227686899478j),(-0.015046563083896293+0.0011315800131058563j),5930250000
(0.2813314942794933+0.13108294778769164j),(-0.015325367547171447+0.0012900468393812394j),5930500000
(0.28131165760234245+0.13345757727253046j),(-0.0154530286661012+0.0016261095672008207j),5930750000
(0.278142940791619+0.1357343641233468j),(-0.015522838920621958+0.0015849035531981127j),5931000000
(0.27849541204321565+0.13758154752032684j),(-0.015355859509352855+0.0014742195220339902j),5931250000
(0.27849544774913015+0.13527761605504737j),(-0.01551951797372924+0.0013232254906494652j),5931500000
(0.28396625468991243+0.13148493270657308j),(-0.01582319959346444+0.0018120970218603858j),5931750000
(0.2774023489051525+0.13631036230362314j),(-0.015654419773874485+0.0018163618438074183j),5932000000
(0.27842366435273275+0.13587006874723886j),(-0.015632931009883198+0.0016008362651605606j),5932250000
(0.27881986685790533+0.13457600097999572j),(-0.01591018803139324+0.0017764479612549927j),5932500000
(0.28087297182478455+0.13361090145487667j),(-0.015798926410510897+0.0020496744078085283j),5932750000
(0.27880169052993814+0.13539942014797293j),(-0.015883016169656622+0.0018531442409181528j),5933000000
(0.27814639067816266+0.13665483369424206j),(-0.01576124799744821+0.002212615064979392j),5933250000
(0.27967265878648356+0.1344339059650384j),(-0.01579325831287248+0.0021058115378272896j),5933500000
(0.279869852736152+0.1351038475198028j),(-0.01588320711570473+0.0021462897270423612j),5933750000
(0.2806078470867006+0.13640445785171304j),(-0.01600962328379974+0.0023637065650127824j),5934000000
(0.28122395058368405+0.1362369811875828j),(-0.016307261215800506+0.0023193473406417594j),5934250000
(0.2830785629108134+0.13411326943045263j),(-0.016174792640849943+0.0024183511043023823j),5934500000
(0.28692952956592926+0.12925493022549164j),(-0.016143450080811566+0.002399953652031277j),5934750000
(0.2853676040556864+0.13118889044859633j),(-0.016107689654866784+0.0024426405114335876j),5935000000
(0.2841006331248746+0.1336187864498534j),(-0.0160703999339901+0.0025360608402427345j),5935250000
(0.28534965009319685+0.12896100439659816j),(-0.016166273353631574+0.0027965841037137086j),5935500000
(0.2827357263133367+0.13469485983494056j),(-0.016175994000738714+0.002992128716097906j),5935750000
(0.286277254386296+0.12984641519402793j),(-0.01622423873819854+0.0027922987364357673j),5936000000
(0.28607087146793714+0.13012151146134843j),(-0.0162223380895249+0.002933446452221618j),5936250000
(0.28906522578310867+0.1292893682308258j),(-0.01637031948819445+0.0031363666580023117j),5936500000
(0.28509025611028393+0.13536980081683117j),(-0.016263735452053826+0.003040487906934425j),5936750000
(0.286215918258947+0.13175502910420464j),(-0.016130919412469844+0.0031401624407423378j),5937000000
(0.2891919242077087+0.12863356858301025j),(-0.016429498352516426+0.0033875526218086417j),5937250000
(0.284464193205034+0.13588033582624273j),(-0.01619162083224403+0.0031986257604238967j),5937500000
(0.29246328872375843+0.12752155771033832j),(-0.01641091203881346+0.0036253550207916386j),5937750000
(0.2911300483380114+0.12915887529810585j),(-0.01645427841237342+0.003625525056120751j),5938000000
(0.2904353179527021+0.12715297320285104j),(-0.016340230427982407+0.003639516945154181j),5938250000
(0.29024239304077626+0.1298870954183099j),(-0.016446165192313338+0.0036120865662021043j),5938500000
(0.2932570008482145+0.1266021678532781j),(-0.016405166938954927+0.0037398789168649276j),5938750000
(0.29248113925441+0.12664151915077201j),(-0.01629711128713769+0.003951999793438166j),5939000000
(0.29279192349666605+0.12779008749780865j),(-0.016493135809143064+0.0036849138565903687j),5939250000
(0.2914411286403946+0.12920956654315843j),(-0.016580379480530625+0.003871136265589583j),5939500000
(0.28828604424741555+0.13118536469190642j),(-0.016486222839270915+0.003847547395856308j),5939750000
(0.29379441825437774+0.1272006613726964j),(-0.016396940986031117+0.004068247407118105j),5940000000
(0.2923054687162506+0.13021894120034652j),(-0.016398861806985368+0.004196155598876526j),5940250000
(0.29577308959997684+0.12512762903911362j),(-0.016372282721215794+0.00422561332035191j),5940500000
(0.29306231921702325+0.12966895198033782j),(-0.01644037444280365+0.004466681307581065j),5940750000
(0.29472722445182536+0.12772636794317496j),(-0.016437329381098736+0.004588216710597781j),5941000000
(0.2965629519030141+0.12754266425542124j),(-0.016552650491089813+0.004674409182876283j),5941250000
(0.29136773936820415+0.1304983416914795j),(-0.01665657998579307+0.004806602261171458j),5941500000
(0.2967580268028216+0.12921728590579443j),(-0.016568346951041105+0.004619836924480291j),5941750000
(0.2941174770931223+0.12917025679981634j),(-0.01661494296226431+0.004828243632167497j),5942000000
(0.29719269092085593+0.12916726396828157j),(-0.01671145435157328+0.004790013883959475j),5942250000
(0.29519778601728486+0.1290497577792932j),(-0.01682914982270796+0.004655959041436172j),5942500000
(0.2963269770780203+0.12714974431148338j),(-0.016615205608862208+0.004924942589118983j),5942750000
(0.29644804028745175+0.1289590031784373j),(-0.01679953282316727+0.005054556255800321j),5943000000
(0.29564559573493443+0.12993084046712444j),(-0.016652066726577913+0.005354652765319133j),5943250000
(0.298442753479065+0.12559255909575437j),(-0.016568725334845467+0.005426172371631123j),5943500000
(0.2938833190090244+0.13145832506099792j),(-0.01694678429890068+0.005399344880721103j),5943750000
(0.29684868297682526+0.12785904979238388j),(-0.016848073696209952+0.005637269629801155j),5944000000
(0.2972795923913677+0.13042606803612955j),(-0.017025029716261367+0.005400558625253993j),5944250000
(0.30052891361475353+0.12708475245697198j),(-0.016774553190195374+0.00542496446015435j),5944500000
(0.29772494897160245+0.1298306522724375j),(-0.01683134595138389+0.005585319315104452j),5944750000
(0.29504304789812963+0.1304531602069505j),(-0.016925673706839534+0.005581208110327339j),5945000000
(0.3032421608685781+0.1275956015649954j),(-0.01679960831990087+0.005887281459522446j),5945250000
(0.297837325558711+0.13221772522660397j),(-0.01675929355934148+0.005796620968373408j),5945500000
(0.30173728579366277+0.12826222278903615j),(-0.01681280648981852+0.005777832682731727j),5945750000
(0.2998177400067715+0.1290088932538882j),(-0.016846343556919646+0.005951196671993417j),5946000000
(0.3001412007125964+0.12823860936877457j),(-0.01713026327333562+0.005968326078599735j),5946250000
(0.30326462152880235+0.12734041060399776j),(-0.016890629963373323+0.006137553918544883j),5946500000
(0.2979324545638861+0.1323899687910494j),(-0.017016390415823646+0.005973056280106562j),5946750000
(0.3050846470068491+0.12585256798726413j),(-0.016967927367454536+0.006078862499354842j),5947000000
(0.3005130520810976+0.1290664802481943j),(-0.01681180502718418+0.006280576436966896j),5947250000
(0.30563862533139746+0.12278234436005188j),(-0.016659095341157438+0.00618998453723245j),5947500000
(0.29850683863525374+0.13025229840555874j),(-0.016838465752649252+0.006491092952662154j),5947750000
(0.3039727711263139+0.12572019400838028j),(-0.01662485166990542+0.006428164319181889j),5948000000
(0.30263367167799604+0.12807054891923234j),(-0.016739132013451178+0.0067131846863578695j),5948250000
(0.3018007375030405+0.1279275425812069j),(-0.01680393371889511+0.0066962248188198814j),5948500000
(0.3055627885913752+0.12493379732462695j),(-0.01670779607660362+0.006871590080417968j),5948750000
(0.3012016530812731+0.1298192130877074j),(-0.016888585668349405+0.006563504576520058j),5949000000
(0.30385731339569083+0.12720245986780374j),(-0.01678368057800107+0.0067040063989996035j),5949250000
(0.302625059736374+0.1297488900812681j),(-0.016803393001650565+0.006616478717940476j),5949500000
(0.3058792570899947+0.12269821324540751j),(-0.016892846279241855+0.006736176866549707j),5949750000
(0.3072590026423975+0.1243503875208436j),(-0.01659078906414637+0.007041245800993258j),5950000000
(0.30723613734211863+0.12416744512193867j),(-0.016911453260791638+0.007035673813911033j),5950000000
(0.3124956099891433+0.12219252045984269j),(-0.01679784764931911+0.00715872144977576j),5950250000
(0.30578407055688656+0.1287742452479074j),(-0.016894309821378975+0.007048086073403911j),5950500000
(0.3064394471019255+0.12714793541532565j),(-0.016732716103837898+0.007208478848992195j),5950750000
(0.3101175730221821+0.12148010874468465j),(-0.016934876300755988+0.007293719042069512j),5951000000
(0.3119333967444375+0.12475551651750869j),(-0.016785451900599144+0.007327188655906287j),5951250000
(0.30909089441001986+0.12578732656968433j),(-0.016965902449496487+0.007450759078710473j),5951500000
(0.3099081208421123+0.12422524687318615j),(-0.01673494281896694+0.007423508922435558j),5951750000
(0.3145905968304541+0.12163888003297972j),(-0.0168457752240921+0.007517250312037723j),5952000000
(0.309321437684365+0.12765085294099388j),(-0.016805860693281337+0.007788763019795337j),5952250000
(0.31270531888965125+0.122992785923427j),(-0.01667912292005232+0.007683121197007919j),5952500000
(0.31247558176964274+0.12426419432739312j),(-0.01687143021409905+0.00798303863367788j),5952750000
(0.31560922343752434+0.12230507255176619j),(-0.016895268152462773+0.007745840550644995j),5953000000
(0.31549666281183375+0.12231926952652294j),(-0.01699774558651445+0.008086559518923333j),5953250000
(0.31404466089391797+0.12330360723180135j),(-0.0168508727650821+0.007764925652252791j),5953500000
(0.31549878054617203+0.1213798787208945j),(-0.016706150424089617+0.008256262937641727j),5953750000
(0.3100567653772498+0.12841115840030365j),(-0.01677326012600866+0.00785045593158795j),5954000000
(0.3203877758965136+0.11932658990210164j),(-0.01651643783508134+0.008291784716591134j),5954250000
(0.3163786288803919+0.12377730058892839j),(-0.016832232420396626+0.00839837583278424j),5954500000
(0.31447553155747165+0.12134600654496405j),(-0.016619627739790564+0.008222885243658513j),5954750000
(0.3185347049138637+0.12367455997886671j),(-0.016682044366622604+0.008628926106494001j),5955000000
(0.32021000605034106+0.12143191317554893j),(-0.016798991700024437+0.008448049106199777j),5955250000
(0.32036142587580063+0.12097224866703626j),(-0.016401762322797848+0.008823636011860259j),5955500000
(0.32019061176060254+0.12051251958040628j),(-0.01662555684401111+0.008836590491554842j),5955750000
(0.31869444200321345+0.1245513575786845j),(-0.016736780132945807+0.00886175765706836j),5956000000
(0.32172856859086857+0.11978117576699955j),(-0.0167428881463649+0.008726654009732547j),5956250000
(0.3232967178970072+0.11912107955063897j),(-0.016543983489099183+0.00925529705598966j),5956500000
(0.325479973916774+0.11820860455044245j),(-0.016697101990518787+0.009123808739756526j),5956750000
(0.3162412613568925+0.12421110236157978j),(-0.01653149420344246+0.009019861410022723j),5957000000
(0.32396493078522937+0.11844788915045026j),(-0.016547751910940788+0.009169327002138041j),5957250000
(0.3236845879461116+0.11788432961305398j),(-0.016466224980881124+0.009352140683788843j),5957500000
(0.32571470698148997+0.11881824697551815j),(-0.01640267196624584+0.009378322252924832j),5957750000
(0.32440269451874426+0.11944720270408637j),(-0.016325129872270305+0.009680676475069034j),5958000000
(0.32373406281330774+0.11896928900755728j),(-0.016555584358342645+0.009153412566070756j),5958250000
(0.3273590337710184+0.11890761036440674j),(-0.016233192034481758+0.00984392853812588j),5958500000
(0.3240574373081189+0.119601776870791j),(-0.016340065530595048+0.009452409398961553j),5958750000
(0.31713310077627355+0.12763692919569183j),(-0.016576448335609065+0.009633956678058614j),5959000000
(0.32585808557199386+0.11972161929046739j),(-0.016105328059996687+0.009668046191715908j),5959250000
(0.32426730556535804+0.11869969284045942j),(-0.01622329180974345+0.010102154275744603j),5959500000
(0.3242904705196898+0.11658012414296688j),(-0.01609609628458501+0.01019268924488462j),5959750000
(0.32979614852594685+0.11524555820683699j),(-0.01597815936112896+0.010230889969583719j),5960000000
(0.32741373131213475+0.11773030799332523j),(-0.0162929585147088+0.01011469212660305j),5960250000
(0.32848835341294264+0.1165643018450163j),(-0.0161368914191828+0.010330510978235587j),5960500000
(0.3277812171026383+0.11779848181417965j),(-0.016162771135007362+0.010269485272604373j),5960750000
(0.32200224921318266+0.12230327919055296j),(-0.016105674198047194+0.010079661567112512j),5961000000
(0.3307614795864827+0.11724050357124279j),(-0.016056793411364807+0.010565312879680317j),5961250000
(0.32570837288309856+0.12075428681768206j),(-0.016109740594087284+0.010730707888122807j),5961500000
(0.3268385030156314+0.11846055047415134j),(-0.01603055743957245+0.010487768184772036j),5961750000
(0.3231773861765475+0.1233655699023462j),(-0.016119029302014164+0.010629442407342522j),5962000000
(0.3305402620954618+0.11790825300877122j),(-0.016008721761037032+0.010726795304099658j),5962250000
(0.32821409643856275+0.11792111673861261j),(-0.016028417403170927+0.010893122340253242j),5962500000
(0.3249748191860199+0.12310423161416559j),(-0.015957555574427962+0.011026912948938056j),5962750000
(0.3331167764320097+0.11629523559718112j),(-0.015658761568196386+0.011005151657921595j),5963000000
(0.32570696431455975+0.12284159444991365j),(-0.016108519009638306+0.010810137903108903j),5963250000
(0.3345506517555502+0.11608565324178122j),(-0.015902726600045207+0.01106683577096805j),5963500000
(0.3262773822409004+0.12226345636452185j),(-0.015778848641227722+0.011089833360049274j),5963750000
(0.3281798706853334+0.12302442073197305j),(-0.01600235317969591+0.011354930970493388j),5964000000
(0.32727143654893626+0.1218959045673753j),(-0.015806098926910865+0.011245299912073986j),5964250000
(0.3259203412746373+0.12359756257767979j),(-0.016235834027880057+0.011194815577161487j),5964500000
(0.3356733327918456+0.11780586190831659j),(-0.01565525618081902+0.011561633848086459j),5964750000
(0.3288178170404548+0.12110695869453283j),(-0.0158834962382159+0.011383651892418183j),5965000000
(0.3278536932592087+0.12346923126408497j),(-0.015705288213676675+0.011490938601014258j),5965250000
(0.33780840969582315+0.11645074093263873j),(-0.015517192350050307+0.011749251019602905j),5965500000
(0.3286750607433654+0.12264019125954105j),(-0.015545012432566367+0.01178233376023516j),5965750000
(0.32822670546528876+0.1220309554839428j),(-0.015758658232840558+0.011591342286116876j),5966000000
(0.33029515089713996+0.12269403654075475j),(-0.015652118735477207+0.011745147886620866j),5966250000
(0.336965336347947+0.11900630494413234j),(-0.015615311890999939+0.012118490736782984j),5966500000
(0.32627073311706095+0.12565564754859448j),(-0.015846896338725464+0.0119701152930748j),5966750000
(0.33549153835767537+0.11768366596224801j),(-0.015634470169233923+0.012248871062893994j),5967000000
(0.33679218888584145+0.1167614090999537j),(-0.015708499326925304+0.012160075344089418j),5967250000
(0.3332128149035852+0.12177680733301353j),(-0.015888407583811024+0.01228724647626043j),5967500000
(0.3297819614922135+0.11946796976916778j),(-0.015536378317923661+0.012096766328653415j),5967750000
(0.3351543521713491+0.11901152258844866j),(-0.015305999906787642+0.01236498856584981j),5968000000
(0.33172541254963644+0.12128257984750707j),(-0.015627167802472072+0.012383361028728323j),5968250000
(0.34170768261800405+0.11476330211462865j),(-0.01544678262103261+0.01243296279812177j),5968500000
(0.3302865460710704+0.12044172916743295j),(-0.015423022553692853+0.012543717783040718j),5968750000
(0.33582612661446526+0.11809463354182032j),(-0.015402429754054758+0.012669504684027657j),5969000000
(0.3389283057307099+0.11680897521289232j),(-0.015219675074819835+0.012945463226972011j),5969250000
(0.34196540950030124+0.11513428446798248j),(-0.015435178904508679+0.012828695569725554j),5969500000
(0.3430979279879607+0.11406383676012186j),(-0.015083187951955459+0.013135776898926768j),5969750000
(0.3336028466963236+0.11970724310909649j),(-0.015447969852536174+0.013058407061438078j),5970000000
(0.3392001741157514+0.11566339026534099j),(-0.015139489208735186+0.012716334991032833j),5970250000
(0.3420139542938127+0.11508791981006192j),(-0.014910199562511228+0.013215698550254222j),5970500000
(0.33986956728879525+0.11477265039599449j),(-0.01504624989981423+0.01323388229723401j),5970750000
(0.3421424503649776+0.11373666874945826j),(-0.015010804197556007+0.013449456165609901j),5971000000
(0.3424346429808776+0.11406232452362558j),(-0.015096605975054135+0.013091740423530326j),5971250000
(0.3469539493745874+0.11144085060564175j),(-0.015026350511760015+0.013716019257746969j),5971500000
(0.34377746989137503+0.11404010544999452j),(-0.015064482572682973+0.013672298052164538j),5971750000
(0.34285923051780154+0.11446237602607646j),(-0.015021575204804986+0.013714300420887959j),5972000000
(0.3404154427883214+0.11604239227342239j),(-0.015094950892167041+0.01384939871112263j),5972250000
(0.3436399941932562+0.11411760887108778j),(-0.014990959141178917+0.013574179370546443j),5972500000
(0.3458822597326096+0.11132656180914315j),(-0.014651192410060191+0.013902950304502526j),5972750000
(0.3442886205878089+0.11414420428837233j),(-0.014932984586491217+0.013964778797739257j),5973000000
(0.3455511223096396+0.11392969306677218j),(-0.014910350448019168+0.013883432659438219j),5973250000
(0.3469215434726708+0.11010051799391347j),(-0.014994722385357937+0.013893472580438779j),5973500000
(0.3493033836708708+0.11140814408581257j),(-0.014744015920179094+0.01415672773936564j),5973750000
(0.345817653849941+0.1135278141493329j),(-0.014948425027531636+0.014386866965933425j),5974000000
(0.3465013391931581+0.11343745926893746j),(-0.014829097187427634+0.014297439709738175j),5974250000
(0.3481217541712133+0.1115198214416374j),(-0.014707533390206666+0.014444675946846865j),5974500000
(0.34569201049661014+0.11438813331501664j),(-0.014723111843767763+0.01471946812003199j),5974750000
(0.34932696406956154+0.11150128897795028j),(-0.014782001360481198+0.014499208516108777j),5975000000
(0.3441541762296939+0.1149427337240524j),(-0.014858344849767082+0.014229963238808305j),5975000000
(0.3486325564845713+0.11344249169725336j),(-0.014532093697199771+0.014768071560399804j),5975250000
(0.34812582557977306+0.11334759069685953j),(-0.014520670024319038+0.014680349337260139j),5975500000
(0.35241367758927095+0.11156533782292308j),(-0.014387445615801377+0.014658503255466807j),5975750000
(0.3493348786626865+0.11118870528289773j),(-0.014678238714525131+0.014753688719965007j),5976000000
(0.3508516510842547+0.1107448525085274j),(-0.014456209739923231+0.014829053202583665j),5976250000
(0.3472356859582599+0.11392598786421614j),(-0.014559511935649475+0.015115987671863257j),5976500000
(0.35124922219013077+0.11039699288651922j),(-0.01420237865849038+0.014967604256057674j),5976750000
(0.3505570302905869+0.11291713595422731j),(-0.014381353805451157+0.015398082215329869j),5977000000
(0.348889215383884+0.11244001697252604j),(-0.014456085265603914+0.015293549853361482j),5977250000
(0.3547175239412202+0.10978610223692335j),(-0.014008973761843492+0.015504415517189304j),5977500000
(0.34844229772854013+0.11231994105918651j),(-0.01431974630184478+0.015296941442951751j),5977750000
(0.3509461125987331+0.10970690610091802j),(-0.014143240351870721+0.01550867688420022j),5978000000
(0.350933647499838+0.11196562562131732j),(-0.014076865874444257+0.01571076651218148j),5978250000
(0.35613423068643557+0.11169726876669325j),(-0.014159246093982478+0.015560118990627375j),5978500000
(0.34391569870912325+0.11240583701174012j),(-0.014270962267797786+0.015374954509895811j),5978750000
(0.35455962990169965+0.10954584307353397j),(-0.013990524145433674+0.015873047121371286j),5979000000
(0.3570858089453871+0.10926061246168184j),(-0.01375327186912115+0.016066191250049777j),5979250000
(0.3512902380043231+0.11116639699951561j),(-0.013885349770641596+0.015804189377265843j),5979500000
(0.35353820812813697+0.10893871591627398j),(-0.013902074748145539+0.015856274019107337j),5979750000
(0.3569418020983714+0.11005920851406362j),(-0.013779623167013092+0.015949305934646284j),5980000000
(0.35379765474847796+0.10918340301566427j),(-0.013883026363646035+0.01595215027074184j),5980250000
(0.3520641528472856+0.1101870915854274j),(-0.013693890283089045+0.016011931814291787j),5980500000
(0.357970049030933+0.1073745561594634j),(-0.013626283848279658+0.016487835966311606j),5980750000
(0.35656233961891853+0.10853538463762373j),(-0.013561056337484294+0.01646302583022057j),5981000000
(0.3548576925676001+0.1064330177330719j),(-0.013346458243739513+0.016418481285899334j),5981250000
(0.35665573329193023+0.10905042179492412j),(-0.013377102182965377+0.016601881180947065j),5981500000
(0.3541848564048089+0.10907781232369271j),(-0.01382178364084587+0.016481203398154145j),5981750000
(0.35860447418446534+0.10876922993887302j),(-0.01348314936102845+0.01691454431792172j),5982000000
(0.3529938570414826+0.10930918994678296j),(-0.013316458253846293+0.016689389755875295j),5982250000
(0.3615525747719027+0.10545382312354566j),(-0.013177824176968212+0.016739399066195846j),5982500000
(0.34657915871863143+0.1121446041003916j),(-0.013400299954935713+0.016790799539870196j),5982750000
(0.3559340376672339+0.1069442989150008j),(-0.013146742514150005+0.01665028648435075j),5983000000
(0.3566178827552492+0.10833994375030052j),(-0.01316891894451024+0.01686168523720986j),5983250000
(0.35841901651072877+0.10576752848689538j),(-0.012866037867969485+0.01675835749373368j),5983500000
(0.36067086745575716+0.10779268625380302j),(-0.012870057654587883+0.01718953180668305j),5983750000
(0.35272243292728095+0.10920741385732502j),(-0.012997048614091303+0.017213793761039427j),5984000000
(0.35897170026521086+0.10844057438948884j),(-0.012717488105710651+0.01722362775812089j),5984250000
(0.3557306671429317+0.10845798734618123j),(-0.013088352642020967+0.017392657766398884j),5984500000
(0.36404003149884384+0.1069878572737169j),(-0.012539298397260734+0.01751969004919242j),5984750000
(0.3557174045661233+0.10873174325298886j),(-0.012600224785491266+0.017639314113185287j),5985000000
(0.3594371189369483+0.1070252396954811j),(-0.012637611992842962+0.017535474356753088j),5985250000
(0.3595086020319552+0.10739894993575926j),(-0.012620010991098198+0.017520057655279208j),5985500000
(0.35908285576426097+0.10543857163220374j),(-0.012501592594263224+0.017542090707457367j),5985750000
(0.3580102446110602+0.10591475396923325j),(-0.012476570668141505+0.01758960609120257j),5986000000
(0.3592916909439365+0.10627799580875026j),(-0.012543282148027104+0.01765498571776798j),5986250000
(0.3653090599305797+0.10523082307361875j),(-0.012106298073380145+0.0179623605190845j),5986500000
(0.35591648785296054+0.10732994598956677j),(-0.012463588710321306+0.017769139261892244j),5986750000
(0.3639282299678548+0.10548777973184897j),(-0.012198359920415215+0.018180138450779062j),5987000000
(0.3598724419157433+0.10533075197119204j),(-0.01219285969606774+0.017884931629015985j),5987250000
(0.3663477450476723+0.10413902435059842j),(-0.012046396750082298+0.01811285688725133j),5987500000
(0.36272012615570853+0.10588539412744552j),(-0.011803718049830521+0.01813591191649519j),5987750000
(0.35554452583639057+0.10889742099856309j),(-0.012280642675054729+0.017984821747272794j),5988000000
(0.3645835590412576+0.10517305473333406j),(-0.011800548951939688+0.018112642253644166j),5988250000
(0.36438888352843135+0.10445153113695879j),(-0.011839857298253533+0.018196170868580643j),5988500000
(0.36754293791459275+0.10382369534742011j),(-0.01153907256735949+0.018259495519714813j),5988750000
(0.36062369271171896+0.10690914530832182j),(-0.011776416575788269+0.018159058661625625j),5989000000
(0.3669219362662701+0.1039259607248698j),(-0.011430247549475334+0.01837705106840357j),5989250000
(0.36267697831686857+0.1058806403154774j),(-0.011708689465552107+0.018408123766313383j),5989500000
(0.3660634414628619+0.10432885201763323j),(-0.011405804019147056+0.018359199749086157j),5989750000
(0.36342751378840044+0.10485176886960529j),(-0.011281753101648775+0.018457798489303665j),5990000000
(0.36360441097896345+0.10241056794970176j),(-0.0112036537982325+0.018480871745065748j),5990250000
(0.3611990780477042+0.10449371479564694j),(-0.011247984447711978+0.018828462717187893j),5990500000
(0.3703500182717598+0.10146022267438398j),(-0.010910245995173207+0.01849140417673726j),5990750000
(0.36778279131578306+0.10355290728082708j),(-0.010774621332949133+0.01866595805416363j),5991000000
(0.3641646529175315+0.10219100896143557j),(-0.011021616841003492+0.018877100356835246j),5991250000
(0.3689183117402808+0.10276955147772805j),(-0.010819031247558028+0.018735136365491904j),5991500000
(0.3672496771380303+0.10245104758297018j),(-0.010920169448887343+0.018592211565323577j),5991750000
(0.3598887959211067+0.10522717871295613j),(-0.010885635498233296+0.018590269276609336j),5992000000
(0.3668692553176688+0.10207627140587279j),(-0.010643465091690202+0.01902389945260071j),5992250000
(0.37257107905502224+0.10094187620738163j),(-0.01054945096229928+0.018977247054710135j),5992500000
(0.37087524221624146+0.10244866329486285j),(-0.010493674740252356+0.018770148685966905j),5992750000
(0.36870007885719763+0.10130116000854578j),(-0.010699493146653844+0.018708468356543075j),5993000000
(0.3725476816671353+0.09860856533845462j),(-0.010320515201481802+0.01886000535633043j),5993250000
(0.3684045373733653+0.10228243428964266j),(-0.010454213659015145+0.01872143527650175j),5993500000
(0.36835227374740476+0.1019390983665353j),(-0.010259413076288451+0.019257296037784477j),5993750000
(0.3692310289118125+0.10034352617463435j),(-0.01013389063009621+0.018994160875150837j),5994000000
(0.3729458942341432+0.10006322625016408j),(-0.010329596673746+0.01918608381317319j),5994250000
(0.36471973647078615+0.10237599446210441j),(-0.010187183311318546+0.019203823279293403j),5994500000
(0.3760880732436401+0.09996244711191624j),(-0.00999031399617201+0.019363074022491163j),5994750000
(0.36602773193740845+0.10309401742585109j),(-0.010117909889590956+0.019237523532926407j),5995000000
(0.37550419231507837+0.10021770116516965j),(-0.00979268198544577+0.019290954407782685j),5995250000
(0.3696319358580249+0.10248976328993786j),(-0.010077800407622631+0.019502309955697215j),5995500000
(0.37506676905089165+0.100994158307821j),(-0.009627905208818297+0.019461290427586944j),5995750000
(0.37507632625041337+0.09944823539282022j),(-0.009596916783376442+0.01958736601299831j),5996000000
(0.36882714647292303+0.10087747596595881j),(-0.009904295839169588+0.019447885045940166j),5996250000
(0.3783481989394223+0.09881123771174788j),(-0.009335517422762795+0.019448597232610998j),5996500000
(0.369583997743093+0.10120846508261684j),(-0.00955063060372442+0.019440171315297752j),5996750000
(0.3738689838453946+0.09861820078550564j),(-0.009405508136358395+0.019469382765824137j),5997000000
(0.37508888568306153+0.100615672421901j),(-0.009189939394692235+0.019995877842105398j),5997250000
(0.3758080884821118+0.09954294019250827j),(-0.009312377711211508+0.019750426478217103j),5997500000
(0.3764703475725754+0.09938140798041056j),(-0.008888694028302297+0.01986030177696882j),5997750000
(0.37405603020353195+0.0986169123168008j),(-0.00907708756484734+0.019691721111404627j),5998000000
(0.37918290736866117+0.09841147783264304j),(-0.009118798163357165+0.01991350218535963j),5998250000
(0.37274190797124745+0.09854468004645538j),(-0.009027239508575802+0.019876019622814985j),5998500000
(0.3793216541151172+0.09675425176270973j),(-0.008774105872372026+0.019936672192565928j),5998750000
(0.3737013523030706+0.09870512070366236j),(-0.008820225846715445+0.019921505898399458j),5999000000
(0.3761001879724157+0.09722847208238121j),(-0.008671647239324249+0.01960419213736158j),5999250000
(0.37994351232855894+0.09744864029908341j),(-0.008498914449868371+0.02017043601145599j),5999500000
(0.376426609795366+0.09727132897094105j),(-0.008529920837648941+0.019762955921576987j),5999750000
(0.37676306212178534+0.09707487392156426j),(-0.008483848026880217+0.0201560993003076j),6000000000
(0.37890609977829015+0.09631646941724463j),(-0.00842844165719371+0.020034522619429857j),6000000000
(0.38080206615484746+0.09597686640276236j),(-0.008066432448984858+0.020112904006073032j),6000250000
(0.37787590029230567+0.09742398576368437j),(-0.008269235431241346+0.020283303824261276j),6000500000
(0.38113358342763876+0.0983898594561847j),(-0.008395429641414034+0.019949092249217593j),6000750000
(0.37880190725233276+0.09662496338020034j),(-0.008140564518507795+0.020289813176002883j),6001000000
(0.3785003556704923+0.09724105559947688j),(-0.008398242008023861+0.019993841627220867j),6001250000
(0.3787094900145792+0.09588487406921566j),(-0.007744530944795071+0.020032303959459492j),6001500000
(0.3803623402280323+0.0973080933422035j),(-0.008053861888882746+0.020103876359110262j),6001750000
(0.3832106008563976+0.09618543856552879j),(-0.00738128278961275+0.020389726898685515j),6002000000
(0.38127492440846694+0.09783156978179294j),(-0.0073714263373245315+0.020714458052917703j),6002250000
(0.383828256492575+0.09632467589649873j),(-0.007280200359087613+0.020532118193128092j),6002500000
(0.38583083593323414+0.09703549847511218j),(-0.007148902844208341+0.020507416736255977j),6002750000
(0.3808978517228198+0.09687603885724347j),(-0.007441219534361168+0.020571972536472402j),6003000000
(0.38714343458305267+0.09586275477447811j),(-0.007046662335385987+0.020498546306800782j),6003250000
(0.37953723579490944+0.09648055777821077j),(-0.007055462826904866+0.020554562534223674j),6003500000
(0.3871996770639512+0.09539023270111435j),(-0.006820734653894388+0.02038048347944243j),6003750000
(0.38387579866864757+0.09481876984031436j),(-0.006715983857232832+0.020728090535381816j),6004000000
(0.3864211630030917+0.09543319530635153j),(-0.0065127066654039134+0.020503904564604485j),6004250000
(0.38571589085462255+0.09514153313512304j),(-0.006388505002002611+0.020523498283063175j),6004500000
(0.38251361523566335+0.09490096842725187j),(-0.006504061883686842+0.020585324250889603j),6004750000
(0.3854622801386024+0.09428722786059414j),(-0.006657021369190194+0.02068546948388751j),6005000000
(0.3861927733711043+0.09645249680223908j),(-0.006549213704232788+0.0206612671737277j),6005250000
(0.38222746482109743+0.09443029213871787j),(-0.006641137957973531+0.020624311608838757j),6005500000
(0.38508652469771126+0.09440231049277008j),(-0.006421725496864412+0.02083062944910063j),6005750000
(0.383248257398568+0.09374102550158493j),(-0.006494775295847181+0.02063356508548832j),6006000000
(0.3862292733004781+0.09365388676375509j),(-0.006305298439579628+0.02057965244936308j),6006250000
(0.38342972726095526+0.0934021146547619j),(-0.006123530450058913+0.02087918819803547j),6006500000
(0.3830036692454014+0.09380338806358157j),(-0.006260966315804431+0.020740045120619995j),6006750000
(0.38850222695560804+0.09247629902962737j),(-0.0059819849527797085+0.020667093231415277j),6007000000
(0.3855583140231042+0.09382878014694017j),(-0.005908790098618737+0.020900045130998066j),6007250000
(0.38644507519521354+0.09450012138193993j),(-0.005896434313824787+0.02097687913154937j),6007500000
(0.38448790750364975+0.09329853697032953j),(-0.00601945865402726+0.020821312334027054j),6007750000
(0.38846270799157284+0.09264182458452906j),(-0.005931753285319784+0.020668794033503045j),6008000000
(0.3873274643917542+0.09268906197019618j),(-0.005909661038055715+0.020763847619549237j),6008250000
(0.3872238842145303+0.09215679139185266j),(-0.005843292657658835+0.021030407893366167j),6008500000
(0.388977383130818+0.09009128688439008j),(-0.00560363083918219+0.02089137211145124j),6008750000
(0.38337553504061195+0.09174784188656278j),(-0.005644133314713697+0.020774249622436392j),6009000000
(0.38905640056585294+0.09046757483479793j),(-0.005296362664779622+0.020635971531673125j),6009250000
(0.38702392702341204+0.09107756451346538j),(-0.005294485051424229+0.020585858951593435j),6009500000
(0.3865630027762027+0.09034138366686405j),(-0.005481677977356171+0.02105098278325238j),6009750000
(0.3888906688726374+0.0912518726869442j),(-0.005200630964265268+0.021001837584467168j),6010000000
(0.3854056568461931+0.09096600329312049j),(-0.00560828275342592+0.020825357742735744j),6010250000
(0.38935537103991136+0.08972344835934541j),(-0.005222667343459186+0.020851185748561152j),6010500000
(0.38550875099776477+0.08915556335369489j),(-0.0054266051137407435+0.020856386457985522j),6010750000
(0.3889537999519013+0.09004989215651892j),(-0.005148337793800453+0.02069531443789842j),6011000000
(0.3897390080657173+0.09163884026344604j),(-0.0047134938795968155+0.020920498106139895j),6011250000
(0.38699254178851583+0.08964943522610018j),(-0.005142862197502281+0.02089703486816159j),6011500000
(0.39126497671467964+0.08975049867394486j),(-0.004954226625050864+0.020948918618532417j),6011750000
(0.39796929186360347+0.08909119645114809j),(-0.004545424503162622+0.02122075912048079j),6012000000
(0.39283669425205847+0.09024573108937198j),(-0.004607602090142951+0.021214001848481222j),6012250000
(0.39382555106290307+0.09051407398153771j),(-0.004455552223477398+0.021314819765965956j),6012500000
(0.39125469784982514+0.08949955062815343j),(-0.004345186143339534+0.020828256625672566j),6012750000
(0.39317345829258965+0.09002279694748314j),(-0.004138952736439398+0.021163464335167203j),6013000000
(0.39491423099450995+0.0903913266718086j),(-0.003981152728451809+0.021248798352776866j),6013250000
(0.39282625513642166+0.09011512786821148j),(-0.003942840211565751+0.021366101880778268j),6013500000
(0.3960284218337475+0.08968285143915648j),(-0.0038339587091905684+0.02131483586422485j),6013750000
(0.39387287817003747+0.09027130646098432j),(-0.003819752074938205+0.021431525343596547j),6014000000
(0.3979404183015006+0.08999176994867146j),(-0.003769584388909563+0.02107450378246226j),6014250000
(0.396108131824112+0.089490714924029j),(-0.0035934988692616645+0.02143194779683101j),6014500000
(0.3967290174063579+0.08959559641479493j),(-0.0035516138942415566+0.021065939904900306j),6014750000
(0.3977889872660455+0.08987541143811703j),(-0.0034189681043177607+0.02121132132705132j),6015000000
(0.395084961055768+0.08971183418291029j),(-0.0033813668228752773+0.021326753432829276j),6015250000
(0.39960174627216494+0.09022342895738247j),(-0.003205118989984371+0.021208328922901126j),6015500000
(0.3991924177040009+0.09084033269296043j),(-0.0028429079085291646+0.02121505960877135j),6015750000
(0.3956447298500232+0.08883667160833104j),(-0.0029891654816968888+0.02169514882693459j),6016000000
(0.39765358193572625+0.08881976721849048j),(-0.0028300841472890612+0.021499307740470767j),6016250000
(0.39749003759511675+0.08733729835518662j),(-0.0031505429460527727+0.020946549482625414j),6016500000
(0.39966540749825263+0.09047160000678311j),(-0.002947896324326428+0.021422879106645535j),6016750000
(0.399822054904064+0.08913230196575016j),(-0.0025483777482917845+0.02134930239017268j),6017000000
(0.39975453632740476+0.08678926880095054j),(-0.0028540349494628045+0.021149863398665914j),6017250000
(0.39895892371884056+0.08699467117366107j),(-0.002575905196804005+0.021144142617923644j),6017500000
(0.39876607382245416+0.08715137263902896j),(-0.0026076797127739487+0.02115408537320444j),6017750000
(0.40254726601949736+0.08674441901043776j),(-0.0024795610721195433+0.021508991083334986j),6018000000
(0.3980217997218244+0.08731212241831769j),(-0.0023221519828749877+0.021333711251710415j),6018250000
(0.399300554041874+0.08696633485689044j),(-0.002358722884471788+0.021296656982375012j),6018500000
(0.39694566598296527+0.08493299085550504j),(-0.002723341794909592+0.021382611300150817j),6018750000
(0.40114665399913846+0.08670229079862689j),(-0.002382623100150651+0.02137180877438075j),6019000000
(0.40050892634871077+0.08547417241532373j),(-0.002038195865020389+0.02117565720925493j),6019250000
(0.3990194892918984+0.08561883215082097j),(-0.002271043819210802+0.02143487171005881j),6019500000
(0.401616805059287+0.0858697743741563j),(-0.0021456242078571144+0.0208340329162824j),6019750000
(0.396784576335678+0.08443471203761191j),(-0.002083766597235064+0.02111793146179037j),6020000000
(0.39933738785878986+0.08323541480357548j),(-0.001993439862318718+0.02105795484067334j),6020250000
(0.401100305454915+0.0829509207993317j),(-0.0016583319330534196+0.021158066862573103j),6020500000
(0.39617185917620495+0.0818417078949242j),(-0.0018834926122080328+0.021080346279869225j),6020750000
(0.4029150398891272+0.08324608997289995j),(-0.001795250039900217+0.020945427818305024j),6021000000
(0.4035616367104414+0.08372866465219807j),(-0.0016300651318800269+0.021247314685480422j),6021250000
(0.39789814518221517+0.08113948641254055j),(-0.0016199081300782494+0.02122657490489884j),6021500000
(0.401611166171098+0.08267748201692217j),(-0.0016037453565846552+0.021328159933597237j),6021750000
(0.40286900676626497+0.08261615185707545j),(-0.0017338787788775119+0.02104233870152832j),6022000000
(0.4025851436423572+0.08283016263522298j),(-0.0013837886892963422+0.02115091627005445j),6022250000
(0.4027148920997676+0.08256475287296589j),(-0.001307092617622404+0.02057340498123568j),6022500000
(0.4051513357690093+0.08253377935267972j),(-0.0013270691441951764+0.021042623490991143j),6022750000
(0.4029679341234601+0.08243149725754625j),(-0.0009665956587321215+0.020653963231317705j),6023000000
(0.4025072183016581+0.08033929091884108j),(-0.001317802346051446+0.020878201516138475j),6023250000
(0.40140347791834446+0.08261637219363359j),(-0.0007873825275159726+0.020818159467466294j),6023500000
(0.40569614578428437+0.0831872182365851j),(-0.0009142903143124366+0.02107222305123475j),6023750000
(0.4032754521943844+0.08080057992980078j),(-0.000904911717021533+0.02086746439493369j),6024000000
(0.4066360221420754+0.0832478159116195j),(-0.0006211555278191339+0.02096457765336428j),6024250000
(0.405527572818961+0.08340979757317164j),(-0.0006615430700229979+0.020789767963491024j),6024500000
(0.40663893290593284+0.08351932674731849j),(-0.0004176828141729907+0.021009469456505357j),6024750000
(0.40198651889510595+0.08257386412621791j),(-0.0007473237466958815+0.020842832747390686j),6025000000
(0.4064246745962207+0.08269203693632866j),(-0.0004398570722803169+0.020741138638793087j),6025000000
(0.4069457857628962+0.08347068084982678j),(-0.0001407783587804416+0.020860077980995713j),6025250000
(0.4073981303763939+0.0829047998983123j),(-0.0002496338707930741+0.020670032699603852j),6025500000
(0.4119478204357386+0.08341939363790254j),(-2.7975674522651237e-05+0.020767935996025274j),6025750000
(0.40529862115353077+0.08248103549510737j),(-0.0004373131034826631+0.021035378850587417j),6026000000
(0.40831848879944715+0.08285040779220666j),(-9.672191699736663e-06+0.020840606804925957j),6026250000
(0.40644418466080173+0.08298456676004361j),(-5.285068789362131e-05+0.020824795191320047j),6026500000
(0.40684762637644956+0.08261949360692251j),(-0.0002755378737841499+0.020944942016380995j),6026750000
(0.4101299076263962+0.08249324666029331j),(0.0001532025487963949+0.020273636110433254j),6027000000
(0.40691554676426306+0.08132198922779568j),(-8.651705630866274e-06+0.020941914044997716j),6027250000
(0.4124145836743581+0.08261084191820145j),(0.0006398332795088347+0.02049701683690293j),6027500000
(0.4064329912821623+0.0801332240655297j),(0.0002558520709059171+0.020567466799375978j),6027750000
(0.4121365977728471+0.08247056439305225j),(0.0007093772369212335+0.02079300285571334j),6028000000
(0.4045396971589465+0.07961288856099094j),(8.742671002413794e-05+0.0207462577336583j),6028250000
(0.41069138593221777+0.0810634056501727j),(0.0006165372700125591+0.020985828866413772j),6028500000
(0.40902342409379355+0.07885192114491593j),(0.0007431705724926944+0.021017870130508407j),6028750000
(0.4140955098946227+0.0822283479705488j),(0.0008394718345613034+0.020810920947543575j),6029000000
(0.4103685077339461+0.077941483800118j),(0.0005122838917467929+0.020712900465609963j),6029250000
(0.40974998738664214+0.07813294105554308j),(0.0005012449967450377+0.02049932137398761j),6029500000
(0.41268778103018283+0.07965645097452978j),(0.0008457907672937484+0.02062775670697218j),6029750000
(0.4112694495313421+0.07780136311303441j),(0.0011561454862973023+0.02061626679925131j),6030000000
(0.41168249418113656+0.07861444292038244j),(0.0014539704703827568+0.020690248183284667j),6030250000
(0.4084238014864109+0.07686875358622368j),(0.0012864318671081294+0.02072378146835733j),6030500000
(0.41198100982649355+0.07776099430329689j),(0.0011739604425347098+0.02079568076599283j),6030750000
(0.41172807849856174+0.07662579530088354j),(0.0011903501307243408+0.02061217855884893j),6031000000
(0.4134061712565827+0.07713733564604235j),(0.001433749857195018+0.020690398274196754j),6031250000
(0.4096737028390939+0.07437848590849411j),(0.0013301363689546017+0.020519393208355732j),6031500000
(0.4109454144350382+0.07550151799719526j),(0.0014649175603706915+0.02084701518589379j),6031750000
(0.41453393345330514+0.07503176823544452j),(0.001670009683600912+0.020543835140980467j),6032000000
(0.4113515789927765+0.07454774817067775j),(0.00149721319832186+0.02063170788973095j),6032250000
(0.4160410517580922+0.07597982627745488j),(0.0018949331937334808+0.020541111375974076j),6032500000
(0.4119790945417251+0.07572213622880654j),(0.0016674584230082909+0.020364137551192842j),6032750000
(0.4148908876096371+0.07557700436999487j),(0.0015642570689106544+0.020430505740823175j),6033000000
(0.41381262612398717+0.07624823109502302j),(0.0017853756699097705+0.020437191731353693j),6033250000
(0.4143119326672988+0.07525566980316145j),(0.0020642950606352918+0.020356985922316922j),6033500000
(0.4134532571391695+0.07343195868565902j),(0.0018292773697174977+0.02057731009288259j),6033750000
(0.4155807537771637+0.07603335379982787j),(0.002096661386032327+0.020070575632246034j),6034000000
(0.4130608270812103+0.07349690049545861j),(0.0019620203442094466+0.020299830826177218j),6034250000
(0.41614692817877286+0.07495339697709634j),(0.0022236934852793637+0.020292876211814245j),6034500000
(0.41631414527828287+0.0766514095989251j),(0.0021286833189159797+0.020189211563807142j),6034750000
(0.4143226078982949+0.07497371415846933j),(0.002245691504898353+0.02011003079688742j),6035000000
(0.4155876779373426+0.07479604648768964j),(0.0024823280380673585+0.019989306952474563j),6035250000
(0.41734105929173676+0.07639536326503461j),(0.0026093670500554936+0.019945533288551066j),6035500000
(0.4144377730344943+0.07314109552332815j),(0.002202043978908769+0.01986069623731611j),6035750000
(0.41615123472035054+0.07406545883659169j),(0.00214652676980257+0.019990586901729033j),6036000000
(0.41662895346520457+0.07585889099957809j),(0.0025818373835868385+0.01977585403274481j),6036250000
(0.4165075925142278+0.07516095417726874j),(0.0027266138218882065+0.019746483433281458j),6036500000
(0.4152632981189605+0.07418128590117483j),(0.002396193984181439+0.019573037219097048j),6036750000
(0.4150614365473817+0.07422062633426856j),(0.002740583809080521+0.019991036569536588j),6037000000
(0.4158190494227991+0.07365584270913798j),(0.0025426600386708104+0.01980633006097772j),6037250000
(0.4167251840013494+0.07510473562736197j),(0.0030108523627612404+0.019733237154993637j),6037500000
(0.4143819047978081+0.07280652533592377j),(0.0027113186476554274+0.0196633809276196j),6037750000
(0.41799834641282335+0.07436679499621823j),(0.002875549074025756+0.01983173026628461j),6038000000
(0.4200249488516048+0.07546833945732735j),(0.0032673992680503504+0.020059985188013354j),6038250000
(0.41634203758511645+0.07267929495963635j),(0.0029032994616983087+0.019296191585697085j),6038500000
(0.41925565821865923+0.07308799769452275j),(0.0031215343277961596+0.019612144929168837j),6038750000
(0.41582574074905504+0.07006410692831785j),(0.003569117554803405+0.01959273029647838j),6039000000
(0.41857813456325027+0.07145715710812163j),(0.003343183119934776+0.019286916986547147j),6039250000
(0.4169921029363219+0.07061386006598176j),(0.003256119476303356+0.0191754734909228j),6039500000
(0.41977093362095436+0.07041335131916421j),(0.003284630933963341+0.0195249768874798j),6039750000
(0.41974540142304534+0.06946476512658903j),(0.0036270050611625524+0.01911575750123076j),6040000000
(0.41772230084395423+0.06878477301790566j),(0.003217163156211055+0.019593474756781772j),6040250000
(0.41875785284075906+0.06811244498981647j),(0.003807651281163121+0.019349326132750328j),6040500000
(0.4206041599918151+0.0690237782275572j),(0.0038744802844314437+0.019317536571707792j),6040750000
(0.41771243510563993+0.06664521005255153j),(0.0037612228735930692+0.019293454766790095j),6041000000
(0.419719175146685+0.06634165656849493j),(0.003770661792805728+0.018984413082078357j),6041250000
(0.4200240239219549+0.0650360797765069j),(0.00408645211769259+0.019036819200091065j),6041500000
(0.41916064576064815+0.06401494261760814j),(0.0037062464042112754+0.019046601761340803j),6041750000
(0.41959944751908507+0.06465751233043399j),(0.004104243608659592+0.018927209925855365j),6042000000
(0.4228889302445054+0.06628979194111594j),(0.004096697761212936+0.019174214538061368j),6042250000
(0.41786575388153185+0.06255584519105285j),(0.003973806270077221+0.019080623368306387j),6042500000
(0.41956654392477155+0.06292479813142676j),(0.004027851746719492+0.018866789169812454j),6042750000
(0.42041054216170776+0.06273010489879341j),(0.004385050851453741+0.0188871997545431j),6043000000
(0.4188296137053068+0.062153682040275195j),(0.0041337843920854316+0.018751413680910597j),6043250000
(0.42096576429988253+0.061771822087048366j),(0.004578831085142757+0.018803716142873683j),6043500000
(0.42177215530188167+0.06227055013854955j),(0.004091767984129479+0.01894456332649183j),6043750000
(0.4216962324288951+0.06367711931966327j),(0.004559956569500762+0.0188769141379771j),6044000000
(0.4217302212338836+0.06307572895618238j),(0.004326621356961167+0.018734236620805745j),6044250000
(0.421560249565598+0.06425039223422109j),(0.004386577489682895+0.018514253023759968j),6044500000
(0.4233559029634604+0.06314051685366501j),(0.004191410678067796+0.018470763792913687j),6044750000
(0.42354588777193564+0.06595535068785549j),(0.004775067140830296+0.018598285415475372j),6045000000
(0.423356092485066+0.06288897061541246j),(0.003996377550309247+0.018681668660487816j),6045250000
(0.42514083157752003+0.06433358480473973j),(0.004352218817670873+0.018200430630680987j),6045500000
(0.4226385841279716+0.0640359534350657j),(0.004374486012759803+0.01861011157239634j),6045750000
(0.4260510712706142+0.06559814753458276j),(0.004399154795125145+0.0181641366582828j),6046000000
(0.427591419146782+0.06607238635039751j),(0.004941334110378993+0.018418596409913023j),6046250000
(0.42476863451715685+0.06421732918672027j),(0.004499471432830947+0.018198399112072328j),6046500000
(0.42694529585867286+0.0657279428326995j),(0.004858483720764913+0.017872460538124184j),6046750000
(0.42724382256995397+0.06667790904435722j),(0.004591400687244791+0.018301583563590615j),6047000000
(0.4252665279499387+0.06554170520192838j),(0.004661392993916951+0.01816708219005483j),6047250000
(0.4281941678243758+0.06716208364909487j),(0.004799654615349784+0.01784401651135505j),6047500000
(0.42695140495011086+0.06573802109639813j),(0.004787039240832993+0.018241083896129426j),6047750000
(0.4267842689007404+0.06506850934733796j),(0.004692828874920375+0.018081888023078568j),6048000000
(0.42961557501021413+0.06715354485980216j),(0.004814621965898011+0.017569840786233047j),6048250000
(0.42770780291771937+0.06548158393943723j),(0.004695971507319492+0.017813696400883837j),6048500000
(0.4289638329378674+0.0646503035891458j),(0.004914347341405042+0.01759679759831244j),6048750000
(0.4283651354250802+0.06582772117856922j),(0.004512598960585415+0.01747631601339759j),6049000000
(0.4284156788058182+0.06338467404702648j),(0.0045731792401564825+0.01785627613147657j),6049250000
(0.42865471778200104+0.06410704684922514j),(0.004657145551880549+0.0177261402136632j),6049500000
(0.43016989602347294+0.06474117808341832j),(0.005091169444414041+0.017598106754705273j),6049750000
(0.42848841688741535+0.06373746871877185j),(0.004821181307167034+0.01757048878275866j),6050000000
(0.4308414199048083+0.06420428975259622j),(0.004819391057990717+0.01794419935950855j),6050000000
(0.4290200220366868+0.0630457109166734j),(0.004515291757565635+0.017894395489734365j),6050250000
(0.431301930437346+0.06387209132822345j),(0.004849572222389916+0.01802669866506987j),6050500000
(0.4304548603252883+0.06131178135651112j),(0.004849657343264818+0.017657191737323052j),6050750000
(0.43006747020515435+0.06170654986752157j),(0.004972646411050512+0.017707536848788587j),6051000000
(0.4298240230639112+0.06048058115918397j),(0.004745011606680461+0.017633655400331218j),6051250000
(0.4311110826280723+0.062373440594956295j),(0.005237327734781606+0.01757561189799792j),6051500000
(0.430907408181242+0.05937006713342345j),(0.005157980463101105+0.017236846067465353j),6051750000
(0.4302764980353634+0.06074231560210597j),(0.004892450356083575+0.01757831818203121j),6052000000
(0.4308758889285639+0.0601372562358451j),(0.004982683481614427+0.01775764612329991j),6052250000
(0.43057372338588284+0.05999026969440815j),(0.004521674794269016+0.017355707557016996j),6052500000
(0.4322778808583909+0.05888823646925806j),(0.005246280334510028+0.017316143563474322j),6052750000
(0.4304011922889506+0.05721408864284683j),(0.0048146677104700455+0.01760350784293705j),6053000000
(0.4306285455443266+0.05636672326113615j),(0.004836314065747705+0.01720286029712175j),6053250000
(0.431717085139842+0.055241561914965244j),(0.004942320094685505+0.017322913573646872j),6053500000
(0.4308517026018716+0.055971284614553876j),(0.005169775782589946+0.017461897551305408j),6053750000
(0.4318923751775817+0.05511861582844532j),(0.005378033275992428+0.01703893125512851j),6054000000
(0.4321388065703642+0.05605840531467792j),(0.005339612585790663+0.017217534575295644j),6054250000
(0.4330147947531801+0.05647922571628619j),(0.005524316064323961+0.017554775372910163j),6054500000
(0.4327826346975286+0.05674446228009384j),(0.005018182450932618+0.017305687837785154j),6054750000
(0.43412555119682944+0.05378845536781292j),(0.005221501464821454+0.01697857105424706j),6055000000
(0.4336501288930176+0.05483622134079069j),(0.00506658150144819+0.01692611857036656j),6055250000
(0.4333323304389277+0.05485326684308256j),(0.0052388969494093105+0.01679311266721108j),6055500000
(0.4330335678181158+0.05675140820036066j),(0.005359576191453153+0.01706318542427675j),6055750000
(0.433596648475672+0.0548407691499414j),(0.0054501021617826126+0.01661886060567543j),6056000000
(0.43501890479405175+0.053861867102702916j),(0.005435985472312005+0.016912451117006434j),6056250000
(0.4352044628582196+0.05525357058396909j),(0.005491741810301242+0.016806788942483504j),6056500000
(0.4334988217512384+0.054274011689923615j),(0.005450612534738053+0.017058331435441568j),6056750000
(0.43535699625082674+0.053971300824550934j),(0.005877014965171686+0.01677714184930499j),6057000000
(0.435213418895415+0.05354188982754289j),(0.005419570233952045+0.016293447599908948j),6057250000
(0.4352691187168417+0.05391332257114868j),(0.005331171625594479+0.01691295983526669j),6057500000
(0.43570591475345427+0.054967445600245475j),(0.005734845598268732+0.01643104222767195j),6057750000
(0.4357830614849801+0.05396702325616154j),(0.005415788994453862+0.016208651115648235j),6058000000
(0.4357947321059478+0.0552193603547945j),(0.005591895518197915+0.01607157806962206j),6058250000
(0.43636330147414226+0.05230100087831017j),(0.005286465874865341+0.016467051280290343j),6058500000
(0.43685639582313396+0.05494692464828563j),(0.005617671221100976+0.016333176886015918j),6058750000
(0.4350534357434393+0.05344487937279006j),(0.005312770731560711+0.01620437134157378j),6059000000
(0.43723128865531136+0.05329014039839952j),(0.005724566321515501+0.01608572003087263j),6059250000
(0.43644914956849445+0.053967525071331963j),(0.005712772220527748+0.016386180868393236j),6059500000
(0.4361229259314299+0.05348389669875711j),(0.005459532209820067+0.016118765211202903j),6059750000
(0.4377017371270872+0.052451945308270506j),(0.005807162830003737+0.01588151234224504j),6060000000
(0.43856707027376046+0.05220401100146258j),(0.005532032200367133+0.01587734569830481j),6060250000
(0.4374996998674493+0.05343842353578244j),(0.006057144984235886+0.01586353458321664j),6060500000
(0.4393304382969841+0.05148423203770194j),(0.005740727324805788+0.01572092435920261j),6060750000
(0.4396976263419409+0.05320276427160507j),(0.005543112083888523+0.015563665414208406j),6061000000
(0.4384896209032746+0.050180314088813724j),(0.005575613135348078+0.015935351075533892j),6061250000
(0.43987305012393896+0.051412556271004356j),(0.005992829480417868+0.015629195903064688j),6061500000
(0.4388680019147232+0.05177756131265778j),(0.005444721683567234+0.0160865023757315j),6061750000
(0.4408194665601383+0.05070789628797102j),(0.005747684079454845+0.01543869730120779j),6062000000
(0.43943589799890276+0.050596324126768226j),(0.005610742430705473+0.01585472568736859j),6062250000
(0.440576192861542+0.05084993352411709j),(0.005440433981312654+0.0159055534047573j),6062500000
(0.4414813920642448+0.05073148090092119j),(0.005408156323347839+0.015531486957732096j),6062750000
(0.4417294950325172+0.05029904350058233j),(0.005601490639887614+0.015552327485543452j),6063000000
(0.44101118144496093+0.050814136021699124j),(0.005820468223831385+0.015577027344005605j),6063250000
(0.44107317365970833+0.04846922104629551j),(0.005720896639279978+0.015342105788124295j),6063500000
(0.4410877668221794+0.049824336003218575j),(0.005556233217145876+0.015862524750674168j),6063750000
(0.4402663502586584+0.04949056479860329j),(0.0054601250295466+0.015631068021567836j),6064000000
(0.441387519555808+0.050095640787101305j),(0.005884053989439541+0.015665170253043127j),6064250000
(0.44194500778488155+0.04840991788505188j),(0.005778070273388351+0.015639775253930274j),6064500000
(0.4418805166571059+0.0481548495249798j),(0.005474010094192449+0.01561069868123031j),6064750000
(0.44146626125380767+0.047377437127883636j),(0.006034646348465347+0.015582237067442826j),6065000000
(0.4420165661182371+0.047719996067835765j),(0.00604773390350297+0.015565008704082894j),6065250000
(0.4431170341758291+0.04603206151109425j),(0.006013923939810539+0.01524552582425066j),6065500000
(0.4442383671339014+0.04647676929563932j),(0.00597797419226215+0.01536417634296935j),6065750000
(0.44335486494749954+0.045590383022786646j),(0.005790548317939771+0.01521636630215952j),6066000000
(0.4433291100135172+0.04505923984244561j),(0.0055989350563949835+0.015196645843468966j),6066250000
(0.4427576975745913+0.046083966038236404j),(0.005921516031240207+0.015436765718520396j),6066500000
(0.44304379608212735+0.04590100316984278j),(0.005831901173542835+0.015448584747822725j),6066750000
(0.444084737957752+0.04377032511408767j),(0.005426818747528858+0.015342501752757145j),6067000000
(0.4445701060218389+0.044433564073529205j),(0.005550194223899711+0.015098414772701447j),6067250000
(0.4466206075391803+0.04395707137743434j),(0.005866329325671533+0.015300312238642085j),6067500000
(0.4457943244076804+0.04151372819355993j),(0.0055593815837258025+0.01500588824453264j),6067750000
(0.446877924002913+0.04145558975773823j),(0.0057522913866382445+0.014924365861217046j),6068000000
(0.44531462855812176+0.0436022822411015j),(0.005338774525895622+0.015052833792650263j),6068250000
(0.4463035814472577+0.04086081967398492j),(0.005600807211043441+0.014714492139181556j),6068500000
(0.44505482463759155+0.04148706182602404j),(0.005452999018572578+0.015347699224449961j),6068750000
(0.44450022589046767+0.0422095442258316j),(0.00552732983149272+0.014970832321308395j),6069000000
(0.4473289486219886+0.040717773656927345j),(0.005506194071859555+0.014663211702085876j),6069250000
(0.4450720522760195+0.04034279221726407j),(0.005233256758228911+0.015072739767973796j),6069500000
(0.44653983411361664+0.039777299021229305j),(0.0055997561533072645+0.01487249254516627j),6069750000
(0.4465700200357463+0.03973949145911302j),(0.005601539465451474+0.014831106170725892j),6070000000
(0.4476689767415309+0.03853178524949034j),(0.005587813389641634+0.014424982132996806j),6070250000
(0.4472627365763836+0.03862680818382716j),(0.005725822790396207+0.014960283316165187j),6070500000
(0.4482973305010661+0.03789091257062239j),(0.005715228586835386+0.014614443200073702j),6070750000
(0.4476878183867167+0.038716947877931514j),(0.005484159252825134+0.014856864904501499j),6071000000
(0.4486367896433744+0.0376348712851806j),(0.005714508378350703+0.014736266148031687j),6071250000
(0.4498530771241839+0.03832641530041349j),(0.005573321586732804+0.014535012565733243j),6071500000
(0.44954437355357324+0.03778249449281081j),(0.005606196279461004+0.014938859997001794j),6071750000
(0.44885484808369625+0.038506718247762056j),(0.005418653750290606+0.01443983110841882j),6072000000
(0.4477412935504127+0.03729884473033626j),(0.005537007328200141+0.014715173305288291j),6072250000
(0.4497356889079956+0.0374943207200029j),(0.005690809987031404+0.014729936772168257j),6072500000
(0.44938038587674617+0.03781662598709871j),(0.005205685384003235+0.014772037989340141j),6072750000
(0.4480878353147318+0.039505590978589133j),(0.005720633842100162+0.015027665665291956j),6073000000
(0.44911851608413117+0.038204482431449596j),(0.0053871008575475405+0.014752515284232529j),6073250000
(0.45062969619442683+0.038144373761826014j),(0.005708827779120672+0.014708680469653748j),6073500000
(0.4495656548910395+0.0390794954813004j),(0.005721536179703285+0.015119329890026931j),6073750000
(0.45047268390816764+0.036455080650247405j),(0.00506305756832919+0.014806280173855695j),6074000000
(0.45036798911050385+0.03729385316456044j),(0.005686162691082154+0.014670699129486887j),6074250000
(0.45097145512021364+0.037215900887931856j),(0.0056012609474836205+0.014562353949606411j),6074500000
(0.4523648939093679+0.0363029910099632j),(0.005837372093008796+0.015011297545695754j),6074750000
(0.45030330955533876+0.03697792905520369j),(0.0052558129182442076+0.014554395478970852j),6075000000
(0.4509552069735249+0.03629149896352827j),(0.005856984403044492+0.014283785051197675j),6075000000
(0.4513829220624631+0.03692823286848915j),(0.0053511565480491696+0.014423035467212294j),6075250000
(0.4511268301900037+0.036436737721898316j),(0.005420451887105967+0.01484825912033955j),6075500000
(0.4503781911732008+0.03768719022505957j),(0.005502369023602965+0.015040973405517388j),6075750000
(0.4510955625373537+0.037676050332478166j),(0.005510341749185534+0.014665252524674105j),6076000000
(0.4506193238945438+0.03705990230963923j),(0.005553091734380402+0.014686223898881533j),6076250000
(0.45123050547823695+0.0363300743239357j),(0.0054176004891819994+0.01418969419941248j),6076500000
(0.4505235929555223+0.036891410816335j),(0.0055990708118282394+0.014679133578606514j),6076750000
(0.45261910653969295+0.03585251113186049j),(0.005573049239022488+0.0146086392539145j),6077000000
(0.45315642921441907+0.03501299250386058j),(0.005051152387870395+0.01455134896231686j),6077250000
(0.4516231438642797+0.036537823332394956j),(0.005307510014047702+0.014892026806343868j),6077500000
(0.4526379594910066+0.037518354647467465j),(0.005337821353228114+0.01492585756892501j),6077750000
(0.4510234284391505+0.03646287802477346j),(0.00567174600803569+0.014686939349402862j),6078000000
(0.4549518957639232+0.034151766180504736j),(0.005016293973295022+0.015170629611994382j),6078250000
(0.4527382491917093+0.03553022564932994j),(0.005335788475028336+0.014951500018790637j),6078500000
(0.4534736781591182+0.03342170219116868j),(0.005200194864032511+0.01480329107684467j),6078750000
(0.45246358242891743+0.03471737346308217j),(0.005210402481669217+0.01504626349321741j),6079000000
(0.45360282976324173+0.035635560420409j),(0.005314420681619412+0.015012198649068116j),6079250000
(0.4528646837326542+0.035197062338890396j),(0.005047418024470543+0.014945152221491342j),6079500000
(0.4544666389453203+0.03545082698574641j),(0.00509549261009554+0.015307565330411856j),6079750000
(0.45463679914129007+0.03420829743171918j),(0.005038545607558629+0.015357177338966358j),6080000000
(0.45373328951332104+0.0345383173434571j),(0.005063050137087084+0.015311609880983333j),6080250000
(0.4554264360267397+0.03231157288054515j),(0.004589494284941709+0.01473054088682949j),6080500000
(0.4520245291511364+0.03252365337141323j),(0.005290764002064483+0.015115475169012182j),6080750000
(0.4552849156233284+0.033101896902553406j),(0.005101306853283258+0.015464863544695565j),6081000000
(0.4538907120620011+0.03127602421928401j),(0.0050833363438119806+0.014618402396045371j),6081250000
(0.4541722111831794+0.03248081050402018j),(0.004865882234889442+0.015603337426256239j),6081500000
(0.45550845875242935+0.03232484413550093j),(0.004667986365827525+0.015440204520468275j),6081750000
(0.455717524736482+0.03196423422039577j),(0.005176658297307487+0.014821937361943465j),6082000000
(0.45746507419258003+0.032716835277153716j),(0.004748551078406851+0.015387596609699829j),6082250000
(0.45510834066467776+0.032048175848541194j),(0.005068229976702508+0.015203493020238818j),6082500000
(0.4580730057233618+0.031188073093344332j),(0.0047736117319112075+0.014844725888587982j),6082750000
(0.45701896041213286+0.03167691511269662j),(0.004764035290259261+0.015401353604985254j),6083000000
(0.4571382361858808+0.032962848840528164j),(0.0053061533198933844+0.015494927308622862j),6083250000
(0.4566771656256031+0.0320707814352718j),(0.005159275463793819+0.014945020500864594j),6083500000
(0.45705467005522216+0.03141676962367604j),(0.004431188231974805+0.015053813267237754j),6083750000
(0.4593675949564983+0.030826433738413095j),(0.004992419609241312+0.015096404932639486j),6084000000
(0.45703451987922084+0.03261847106748036j),(0.005287842065257208+0.015075724137612252j),6084250000
(0.4588504441145679+0.031030024466394666j),(0.004633517598373127+0.015232592970222242j),6084500000
(0.4583330841117053+0.03212785784674065j),(0.005419384827976722+0.015149644786952406j),6084750000
(0.45880603291887007+0.0321440477518246j),(0.005311157406953777+0.015289641521869422j),6085000000
(0.4583542444577551+0.03223446994573314j),(0.0051218563749832295+0.015516314162188075j),6085250000
(0.45965640199887403+0.03245444644732064j),(0.004970508717029062+0.014964734276879778j),6085500000
(0.4588949630331856+0.032152379482627634j),(0.00493782227802197+0.015863550310660498j),6085750000
(0.45739185533374643+0.031558730743605164j),(0.005264942481273094+0.015593539149591822j),6086000000
(0.458831371967019+0.032692675538164254j),(0.005281129505074641+0.015674238141837875j),6086250000
(0.45878567264984643+0.03141298282158049j),(0.005575523833553026+0.015358392075533868j),6086500000
(0.4579353141356938+0.030971418563087477j),(0.00473751214877783+0.015396500580055436j),6086750000
(0.4585258305841177+0.03226277350793756j),(0.005120427992310821+0.015200585478141012j),6087000000
(0.4596586923451001+0.03374207074595587j),(0.005341513885413226+0.015714942204445158j),6087250000
(0.45990589734462267+0.03218013674459506j),(0.005221590457368451+0.015744459340964075j),6087500000
(0.4584386741504854+0.031360935221410736j),(0.0053788180629982104+0.015918645143496012j),6087750000
(0.46167238604149746+0.03237062580424643j),(0.00516176375512288+0.01602365474974319j),6088000000
(0.45900194722308346+0.03176648136390718j),(0.005413562256688327+0.015564264330239127j),6088250000
(0.4611763935732982+0.030430784574417922j),(0.0052685563701273756+0.015627097449531537j),6088500000
(0.4597503925849102+0.02895012741517433j),(0.005123957852658437+0.015360843735617571j),6088750000
(0.4636274897304439+0.03162491841708364j),(0.005077060198624588+0.015791080572597916j),6089000000
(0.46129145452833753+0.02907831488046154j),(0.004938423092103532+0.015981771011996868j),6089250000
(0.46279924060645444+0.02909974087561021j),(0.005341613607343517+0.01563625265841555j),6089500000
(0.4646661368576851+0.029841434972642217j),(0.005289618705080565+0.016057368773608156j),6089750000
(0.46044124817041887+0.02762332889054856j),(0.00555632301964845+0.015414104785722858j),6090000000
(0.46533417967193846+0.02912144297263828j),(0.005248117125547734+0.015398279531504694j),6090250000
(0.46473458929783007+0.02899901543364842j),(0.004938130761269799+0.01594583720276406j),6090500000
(0.4621776505716166+0.02688855401132176j),(0.005244338257539168+0.01570109666422988j),6090750000
(0.46657567887226964+0.027863405551935803j),(0.005270753911793665+0.015504185913983875j),6091000000
(0.46234642392047054+0.02575170740718555j),(0.00516664022567317+0.015914463849248443j),6091250000
(0.462592234445429+0.026053108493554328j),(0.0051502982479386195+0.015649912873085217j),6091500000
(0.46506564951993984+0.02719162514413782j),(0.005598469910836019+0.015570987632812238j),6091750000
(0.4667953291420443+0.02674915302842315j),(0.005456162521124122+0.015508664030055751j),6092000000
(0.46339769369370276+0.02661792824040894j),(0.005796417904809445+0.01592102251534565j),6092250000
(0.4683355847549293+0.027674297667244j),(0.006073004212426832+0.01624204987016148j),6092500000
(0.462890178061008+0.02736404465246015j),(0.005377016615017357+0.015537985553247414j),6092750000
(0.46776028154784655+0.027388034886142814j),(0.005563289306368705+0.01587424977912002j),6093000000
(0.46330995437886596+0.02810068153106561j),(0.005368712192617937+0.016488907427440802j),6093250000
(0.4613309112353274+0.027353695057632802j),(0.005694949308150901+0.015886835890494253j),6093500000
(0.4672040826609327+0.028195384645555047j),(0.005626188890385671+0.016628362380483097j),6093750000
(0.46331388620497294+0.026268677047355193j),(0.005130589186054346+0.01621514275378493j),6094000000
(0.46773119953903325+0.028830647285507j),(0.005639468261176629+0.016282399588242378j),6094250000
(0.4636291904124132+0.02765670140848949j),(0.005910267849549564+0.016585329310454137j),6094500000
(0.46456570458791435+0.025965458994778923j),(0.005780033645950103+0.01623927475268935j),6094750000
(0.4674577925949635+0.02771823745024993j),(0.005564057946697496+0.016454035710289396j),6095000000
(0.4654721351339386+0.027137730615975655j),(0.005567110414991412+0.016425426166650364j),6095250000
(0.46983599546916793+0.026936975905160768j),(0.0052308246692357235+0.01649630191112822j),6095500000
(0.46361818302819824+0.02733712830769103j),(0.005380238508839141+0.016949796040682703j),6095750000
(0.4615789054043446+0.02541014271794135j),(0.005780461893100176+0.016576190262477388j),6096000000
(0.4652704281433921+0.0277518968943431j),(0.006090864049042564+0.01672046877807505j),6096250000
(0.45805347866830776+0.024121590060163525j),(0.006291123344174787+0.01670320845063392j),6096500000
(0.4638439338716508+0.026298654630816817j),(0.005698668016560719+0.016649063985559494j),6096750000
(0.4620017533544778+0.02536156645457868j),(0.00611264971884401+0.017027071484467776j),6097000000
(0.46011959146301945+0.025848969018808864j),(0.006007435719211593+0.01717770067967345j),6097250000
(0.4612968392006516+0.024967861046925412j),(0.0054262225529848355+0.016773935888480286j),6097500000
(0.46205040938728914+0.025395340864887386j),(0.006229935900330093+0.0170718415111265j),6097750000
(0.46257308883477916+0.02518927090853019j),(0.005779845652429391+0.017051428213813325j),6098000000
(0.4573194980736027+0.022726539324359984j),(0.006092453736852034+0.01718232380921766j),6098250000
(0.46534200732435205+0.025426360515463233j),(0.00627071638208428+0.01758594228105361j),6098500000
(0.4619023556028988+0.02392872419363336j),(0.0064829843017817825+0.01741994499031933j),6098750000
(0.4646368226110265+0.026083352632775315j),(0.006164735922095898+0.017064978939672976j),6099000000
(0.4647714287104184+0.023050579635592466j),(0.0067283157303030736+0.016941953714997158j),6099250000
(0.46476035552538497+0.0250516030742937j),(0.0064669275865899024+0.01748661306136866j),6099500000
(0.46365624493564594+0.023924991586471055j),(0.006323393524240285+0.01739378753741423j),6099750000
(0.46475706906966885+0.02252704943383338j),(0.006029550060922275+0.0173605824867222j),6100000000
(0.47184331932103174+0.024614110546826728j),(0.0064016653753943+0.01743481303885546j),6100000000
(0.46280672764558384+0.021096667850186015j),(0.006397862018327985+0.01682887536595796j),6100250000
(0.46812763648747113+0.02339620074923761j),(0.006392401766277412+0.01743716928344393j),6100500000
(0.4685305328937148+0.024739232457932993j),(0.006654894575460405+0.01771836731462778j),6100750000
(0.4657917353401773+0.023345311091441164j),(0.006311988764398651+0.01774545116281475j),6101000000
(0.4656800638207259+0.0213798213032124j),(0.006434155270372652+0.017069975194120745j),6101250000
(0.46872801146834436+0.022567444196279707j),(0.0062819366657524455+0.01734398331491355j),6101500000
(0.47003529819700013+0.02119201821183539j),(0.006375219443416766+0.017276855474525798j),6101750000
(0.4676383562445261+0.023169598208311527j),(0.006651962706822993+0.017383940832249922j),6102000000
(0.4662305008561726+0.022844312029032754j),(0.006604324376840303+0.01727964612556373j),6102250000
(0.4694456479259527+0.021815405397745107j),(0.0068000239999542475+0.016783963872594808j),6102500000
(0.47184064895251304+0.022322118993098588j),(0.00702764781926218+0.017204111112846268j),6102750000
(0.46190370939012654+0.021528938785087673j),(0.007337319611950661+0.016903898360428674j),6103000000
(0.47511998811799067+0.02254719405298073j),(0.006720137027685544+0.017385692609436416j),6103250000
(0.4699967674126056+0.02090898525701878j),(0.0070418327856302245+0.016890246537548028j),6103500000
(0.4725927520612308+0.023854481734327877j),(0.007193397264797786+0.017575107227348473j),6103750000
(0.47047421288152996+0.02096035241518395j),(0.007125783584052236+0.016597224839390336j),6104000000
(0.4704706725700435+0.022087849413430713j),(0.00712456578250896+0.017309756163403335j),6104250000
(0.47377277039671684+0.02268799545284516j),(0.007237209040957994+0.017229606485604145j),6104500000
(0.4716209332206112+0.022782214246828813j),(0.007510142960504606+0.017896677879612185j),6104750000
(0.4750685805410483+0.02532310378344319j),(0.007528668395504807+0.01765111511878643j),6105000000
(0.47082396170703056+0.02251002483602494j),(0.007600150555776034+0.017385285444823616j),6105250000
(0.47301139673853+0.022227771732689663j),(0.007237884733563927+0.01735078676407963j),6105500000
(0.4768774096599502+0.02340946412816485j),(0.0070387213743300075+0.017599428752736377j),6105750000
(0.4703351562593103+0.021780843468452354j),(0.007634413132694358+0.017755001478034983j),6106000000
(0.4761593656183202+0.022617378236230605j),(0.007208060520243224+0.01743260465343071j),6106250000
(0.46786521967213485+0.018408495083626526j),(0.008047925522245323+0.017144153078677317j),6106500000
(0.47705616599901063+0.023124355907891275j),(0.007269404832435396+0.017501472095603095j),6106750000
(0.4786692835230994+0.023221464457917097j),(0.0073457951798742175+0.01786963425994003j),6107000000
(0.4758727776760869+0.023094539774137682j),(0.007614555244059009+0.017200058789638803j),6107250000
(0.4756260075949556+0.023264471483121742j),(0.00784035076826258+0.017809407860623117j),6107500000
(0.47531926222032644+0.020818497488969415j),(0.007309970387383903+0.017721970029779946j),6107750000
(0.47664192408407646+0.023551309710710722j),(0.007869708217025068+0.017918257726699156j),6108000000
(0.4711588702452416+0.0208713089080216j),(0.00807247570201369+0.01790162646233714j),6108250000
(0.4792442143992092+0.026222138086508313j),(0.008182087132632911+0.01747148256533855j),6108500000
(0.47591583605543664+0.02260405296942472j),(0.00848048110519645+0.01758854337265157j),6108750000
(0.47714181824549295+0.02554779669599433j),(0.007805384703227484+0.017591302603927564j),6109000000
(0.4769538061256077+0.023622227384898987j),(0.008294139363168815+0.018163066918883954j),6109250000
(0.4756423364806477+0.02253054215215874j),(0.008686351392404347+0.017549500067047915j),6109500000
(0.4782916900212988+0.02151346171063602j),(0.008197375469772821+0.01725836199480976j),6109750000
(0.47723452557915996+0.021451353369660257j),(0.008090754094849991+0.017489567319620997j),6110000000
(0.4784754374260467+0.023128568315152524j),(0.008147501702388375+0.0177297164169139j),6110250000
(0.4772326802649447+0.023634415505057432j),(0.008686615464795476+0.0179374307456411j),6110500000
(0.4737757256689388+0.02193119786112913j),(0.00854702100568726+0.017748050026825595j),6110750000
(0.48203447927983273+0.022125695528738925j),(0.008227510903049086+0.018105652890861003j),6111000000
(0.4752552663689712+0.02006743301778787j),(0.008490253484696413+0.01762775500559001j),6111250000
(0.48082070919791825+0.022549797849972977j),(0.008766236692132315+0.017464446778362504j),6111500000
(0.47915896102280664+0.021963368898634743j),(0.008981814448715843+0.01752878046602754j),6111750000
(0.4834827306249938+0.022311012823706834j),(0.00897419449293643+0.01720765999588702j),6112000000
(0.4787846409052262+0.01879662923656936j),(0.008956719681213317+0.01728179803098267j),6112250000
(0.48168944074035863+0.020823888512875494j),(0.00948759337240158+0.017054799530096414j),6112500000
(0.4787934760629537+0.0182119115478535j),(0.008698841164793462+0.01720689846189499j),6112750000
(0.4799912557857596+0.017561782000802516j),(0.009181735517081518+0.01689851360626686j),6113000000
(0.48030522130097075+0.017500439926235838j),(0.009139310859001167+0.016832303406478486j),6113250000
(0.4833304304153151+0.015752528578232596j),(0.009629920305614385+0.01713834518475145j),6113500000
(0.48255603436060546+0.015388385639601411j),(0.00920796412862672+0.016544951057241367j),6113750000
(0.48010954820595897+0.017929960043423586j),(0.009605313648726008+0.01702719157349818j),6114000000
(0.48609907451167156+0.018573504283628906j),(0.00928013008709795+0.01729119430759749j),6114250000
(0.4794827725726575+0.012054698983559663j),(0.009343864127895552+0.016906642673961584j),6114500000
(0.4813503261127163+0.01673338798048346j),(0.009401342205224743+0.017357186160178666j),6114750000
(0.47818030296505853+0.014447387027360478j),(0.009511808078230191+0.01709938672524022j),6115000000
(0.4892439752289526+0.018273592501837226j),(0.009709837151946328+0.016814178500069464j),6115250000
(0.48033923376979903+0.016259083770151426j),(0.009571246945734342+0.01718867836622772j),6115500000
(0.48255782437151795+0.015126598421215881j),(0.010064087880363951+0.01695194992040866j),6115750000
(0.4875477523194076+0.016210605802124245j),(0.00983590072912766+0.017009228924948102j),6116000000
(0.48210573162266035+0.014127884691277673j),(0.010116956200005012+0.01667493667135926j),6116250000
(0.48837120351241176+0.018850063249986962j),(0.009933669178583543+0.017377845245998016j),6116500000
(0.4828504389584066+0.016710234646739385j),(0.010041409724857555+0.017358083527464947j),6116750000
(0.48757264612813384+0.01664710953530073j),(0.009671574022414312+0.01712646822948515j),6117000000
(0.4844535753621749+0.014932324289729126j),(0.010176692538916787+0.016967374163572836j),6117250000
(0.485025195634679+0.014781690947361002j),(0.010234818121680901+0.016748167633366663j),6117500000
(0.49110822315763825+0.01643164241768336j),(0.009808065879011393+0.01730674640390367j),6117750000
(0.487209182450537+0.015113331015338512j),(0.01001758984590716+0.0172197456056832j),6118000000
(0.48758296952491176+0.017978939223647118j),(0.010331714825707277+0.017331551497648666j),6118250000
(0.48679995763468165+0.017037809029932186j),(0.010362764931007094+0.01719187301296218j),6118500000
(0.4915673520498912+0.01770964692143988j),(0.01020986733901257+0.016910935137296367j),6118750000
(0.48653349649604455+0.014405110447608163j),(0.010007673680082124+0.01692151849449684j),6119000000
(0.4876182891103625+0.017146319831634112j),(0.010282980211288067+0.01752942386643848j),6119250000
(0.49061647681520165+0.017831350143808055j),(0.010218332083404046+0.01739390513979143j),6119500000
(0.48392454538025576+0.01349475274716105j),(0.010570200880668002+0.01736987089506425j),6119750000
(0.4904966540829543+0.016670191790422475j),(0.01054458743353135+0.017220344413646248j),6120000000
(0.49266777467527606+0.02042713748093076j),(0.01044951759431693+0.01736040796947981j),6120250000
(0.487068784092826+0.016852931003386088j),(0.01070618609399026+0.017403782170879713j),6120500000
(0.49618100213612054+0.017267162233189855j),(0.01030789299300099+0.017222668781772813j),6120750000
(0.49160866287705+0.015726213649805185j),(0.010821155417720014+0.01716490074536432j),6121000000
(0.488019270690185+0.013131495816262495j),(0.010729864344505506+0.017051041655244268j),6121250000
(0.48667545086910713+0.010595924722700927j),(0.011086309944383558+0.016620943295003153j),6121500000
(0.4912353291982325+0.014058587885900822j),(0.010813766071948243+0.01715667162288068j),6121750000
(0.48792037257380944+0.01207164085650143j),(0.01163807880003191+0.01664595060548542j),6122000000
(0.49253150047225525+0.013270860976469612j),(0.010917521478709962+0.016883831713567988j),6122250000
(0.4893171523407801+0.013051167831230741j),(0.011267565303873283+0.016817752608915316j),6122500000
(0.4945271035472819+0.014004984817607672j),(0.01150437752911652+0.016421580554825187j),6122750000
(0.48931410040948853+0.010988490382531009j),(0.011713862216566841+0.016900685539584872j),6123000000
(0.4903044519176172+0.011269573948007927j),(0.011563050857093726+0.017257453393182274j),6123250000
(0.4937241008072474+0.013238354995707444j),(0.011353039724874132+0.017166380380275018j),6123500000
(0.4872915123813034+0.007419662005382503j),(0.01162172062392261+0.016435688196271062j),6123750000
(0.49110466723011315+0.010206997326407737j),(0.011384401705989618+0.017037072138442702j),6124000000
(0.49691966715311325+0.012669194774604703j),(0.01171818898073631+0.016451810105721276j),6124250000
(0.4905931415254904+0.009332730107846904j),(0.01152940217322326+0.016469201403158797j),6124500000
(0.4869421399144193+0.00510666119558105j),(0.012070556656835854+0.016096413570228434j),6124750000
(0.49148627724538657+0.0071862483618329075j),(0.012473428408214169+0.016115779132736756j),6125000000
(0.49177649053773065+0.008771318170437076j),(0.012244735799900411+0.016472335373433584j),6125000000
(0.4907900231083254+0.011799980234934945j),(0.011726386915266+0.01634762117185049j),6125250000
(0.4927150328152508+0.010482924084154263j),(0.012263934295236627+0.016312794929462568j),6125500000
(0.48945440431061177+0.005111822908731174j),(0.012068237433618833+0.016578746154655766j),6125750000
(0.4948071180706562+0.010166216741389691j),(0.011940336097836157+0.0163253581784888j),6126000000
(0.4902147939745452+0.004931057510315382j),(0.012375388065470989+0.016709260261943724j),6126250000
(0.49633816777123485+0.014612719003804436j),(0.01232607656913531+0.016821497772311397j),6126500000
(0.48848064687833687+0.0032500588119369588j),(0.01256134535377226+0.015843804043900647j),6126750000
(0.4931285700757777+0.008633041691305505j),(0.012319641621366798+0.016149581532965352j),6127000000
(0.4922990402243276+0.007878284720420185j),(0.01244164321255156+0.016588248014120646j),6127250000
(0.49707358672015195+0.009087366554697501j),(0.011694373739686546+0.01621263821994286j),6127500000
(0.4895051583494711+0.0013533686203933532j),(0.012256247215556194+0.01582673963294042j),6127750000
(0.4931093152959184+0.004052008640072742j),(0.012905810356504012+0.015601834023977655j),6128000000
(0.4969098669715649+0.007848704228746185j),(0.012497562222963766+0.01551293449706217j),6128250000
(0.49732103839408165+0.008778043192526829j),(0.012460194898681257+0.016244176494543155j),6128500000
(0.4910322669439398+0.00467428214797564j),(0.012339637857598482+0.01599846778558076j),6128750000
(0.4964224703933608+0.009497025618159396j),(0.012452166232799794+0.01580618170766694j),6129000000
(0.4896950186829912+0.0028463404314056687j),(0.011928141149123987+0.015737096680926623j),6129250000
(0.5023647745016675+0.009707490700455113j),(0.012161673539340775+0.015684851229147354j),6129500000
(0.4898391999962893-0.003411918951051139j),(0.012414612806389818+0.015620884187409787j),6129750000
(0.4915862484419977+0.00031758412359217354j),(0.012185266899931385+0.015694075368297505j),6130000000
(0.49476665971754075+0.0028835626160160074j),(0.01274982381721641+0.015280885785863752j),6130250000
(0.49450779407932643+0.0020639763930582556j),(0.012517074442657813+0.015417129338146715j),6130500000
(0.49691981810425556+0.0034604876902081397j),(0.012507491278538035+0.015169749583139241j),6130750000
(0.49869569169131167+0.0020890654139321865j),(0.012482535151643838+0.01568336591880059j),6131000000
(0.4966143221345137-0.001291480058312933j),(0.012428957100523483+0.015021796925999496j),6131250000
(0.4982857143709251+0.003446973171831181j),(0.012610784966419031+0.015216162060622429j),6131500000
(0.49212194604726195-0.0013013271588126851j),(0.012733639903230537+0.01566493542344355j),6131750000
(0.49940008956201803+0.006791001713693303j),(0.013286909463280962+0.01598285234446209j),6132000000
(0.4951661878325425+0.00191063417658689j),(0.012305154307324926+0.015371850636635015j),6132250000
(0.5024298231451269+0.0074158033441590766j),(0.013106952929428713+0.015350392878764524j),6132500000
(0.5001461126837842+5.495998035936094e-05j),(0.013322420556255743+0.015158503633851052j),6132750000
(0.4987845008704426-0.0003426850496380254j),(0.013160893606825146+0.015671054145720967j),6133000000
(0.49546366136304903+0.0013340264274231586j),(0.01276272146413608+0.015145033319474498j),6133250000
(0.49713122971806406-0.002003069130988956j),(0.013675936095464731+0.0148340039273026j),6133500000
(0.4941982683220021-0.0015574172884710578j),(0.01311262771646506+0.014867498504608733j),6133750000
(0.4932391847918193-0.0015411888426836516j),(0.01363992383952364+0.015111461463944898j),6134000000
(0.5010091681792367+0.001935399375627521j),(0.013881878802021913+0.01457910886298958j),6134250000
(0.49576251256625914-0.0015954986254739774j),(0.013559146431690107+0.014998130933643036j),6134500000
(0.4970580180082179-0.0006971654934409263j),(0.014062411068547132+0.014974487669812665j),6134750000
(0.4990755643020275+0.002518162455771126j),(0.014390475582252751+0.014923405612468866j),6135000000
(0.4941084403243494-0.0021793379071701085j),(0.014340063195282996+0.014761261837031688j),6135250000
(0.5005321021911169+0.0016125506093975178j),(0.013920382561503068+0.015163597474481795j),6135500000
(0.49589246916313445-0.004224105318750101j),(0.014606255997913637+0.014950983182381208j),6135750000
(0.49822212541361927-0.0021165830719856622j),(0.014103340774985058+0.014846030756029065j),6136000000
(0.4944892273624608-0.004038724543688597j),(0.01457152408761723+0.014930166194446903j),6136250000
(0.4977138813059967+0.0017673147450746086j),(0.014318352993052137+0.015515935952251552j),6136500000
(0.4935894769178656-0.004063180920073683j),(0.013675705704311664+0.014938284232894639j),6136750000
(0.49499999160253183-0.0005633558765857857j),(0.014261639879046027+0.014854218517063651j),6137000000
(0.49607367307809935-0.0007995720984023471j),(0.013866133165473127+0.015052339885257558j),6137250000
(0.49704141377321337-0.00528009254984733j),(0.014330767168993569+0.014384919775898989j),6137500000
(0.49881011015930765-0.0004424871961027601j),(0.014343393981292626+0.014768613523944046j),6137750000
(0.49629141038843-0.003914936579338852j),(0.014275623039619923+0.014932924719902966j),6138000000
(0.5011734308848674+0.0003426190461959174j),(0.014200158169289535+0.014817442800963804j),6138250000
(0.4927417598108266-0.0027520669001717957j),(0.014240034435714135+0.014808213820539734j),6138500000
(0.49597615832200503-0.00823323854706146j),(0.014149132214488706+0.014484967687452551j),6138750000
(0.4956479679675243-0.0046011759426859465j),(0.014447249389593662+0.014611110500890659j),6139000000
(0.49906671554539245-0.0032993013452819243j),(0.014559045446823935+0.014685695648024154j),6139250000
(0.5015084701081525+0.00032123864293594434j),(0.014082991912469133+0.015084504229466014j),6139500000
(0.49818220995427287-0.0035591762556275467j),(0.014341365745593651+0.014551777435029441j),6139750000
(0.499952976549561-0.004032021531641988j),(0.014141399721542583+0.01425479230258388j),6140000000
(0.4990445118423224-0.005699446685391057j),(0.01448277927631762+0.01385239913045737j),6140250000
(0.4961317579517228-0.0045370460565282555j),(0.014164662702446538+0.014220710069395008j),6140500000
(0.49885669034399854-0.009358319372771104j),(0.013792620627766105+0.014349840484479385j),6140750000
(0.4968771408503993-0.011632994470601746j),(0.014427154057438673+0.013881023139491149j),6141000000
(0.5005272045097016-0.006582644963035693j),(0.014162580560248085+0.013776512284780836j),6141250000
(0.5055472918478731-0.0002918341229092157j),(0.014236047480419444+0.014533248643495287j),6141500000
(0.5037488123303078-0.005297192243327787j),(0.014347311131791314+0.013586141178195005j),6141750000
(0.4982416313383351-0.008036438956465834j),(0.014378408872820948+0.01411573426368823j),6142000000
(0.5004586131080884-0.0098160581822772j),(0.014810396814220788+0.013665120446654952j),6142250000
(0.5041419652190067-0.003404084608451462j),(0.01472913546861771+0.013851257851738573j),6142500000
(0.4997958532920459-0.01019065135196455j),(0.014751319026988568+0.013561047022890509j),6142750000
(0.5004498727498718-0.009802509321077393j),(0.014954922762377322+0.013763773782055481j),6143000000
(0.500531427373949-0.008460658117512043j),(0.01479797920532835+0.013988058100167055j),6143250000
(0.5031220069126044-0.004831867368745137j),(0.014344124817683553+0.01365611784825252j),6143500000
(0.5017703925544567-0.0061197222929250195j),(0.015033623761136277+0.013726901795880717j),6143750000
(0.5024671104163304-0.0034488173726452314j),(0.015206167632119747+0.013406735599693303j),6144000000
(0.5028819954846508-0.0062840890034780205j),(0.014848566648520679+0.014540497798967022j),6144250000
(0.5023430753320273-0.008307191316604698j),(0.015144662070918531+0.013655376872774686j),6144500000
(0.5017156942826131-0.00856153195359167j),(0.014969055842901407+0.01395686071782781j),6144750000
(0.5003782068299558-0.008025732852938589j),(0.014259350350444747+0.013922584601919528j),6145000000
(0.503478626641377-0.008153737209599436j),(0.015286816713447508+0.013739084848360216j),6145250000
(0.5000105706594149-0.011977259491624008j),(0.015175717949341421+0.014102979222310748j),6145500000
(0.5068295801574664-0.00469663481984326j),(0.015167768097256746+0.013651028024900718j),6145750000
(0.5005500401023318-0.008085445899895804j),(0.015112564565558423+0.013514589626863546j),6146000000
(0.49954990312895836-0.008874234804963592j),(0.0152992137892125+0.014299567117255874j),6146250000
(0.5024796251178153-0.011043858331126248j),(0.015289427318845403+0.013409519565188321j),6146500000
(0.5024919087446421-0.008703054649424674j),(0.015267933326169072+0.013326617993932498j),6146750000
(0.49330689620042883-0.016757690537730113j),(0.01527652323403706+0.01355507234037376j),6147000000
(0.4986569447250006-0.010696851012922877j),(0.015460468179038641+0.013301789072370425j),6147250000
(0.5005281830398872-0.005301029924720641j),(0.015573195935822721+0.01399890595524337j),6147500000
(0.4974875944143674-0.015681883922504265j),(0.015419484877123146+0.013611970203990893j),6147750000
(0.5039681996223455-0.008260818894229072j),(0.015874704713283515+0.013654031117431433j),6148000000
(0.5027294459297679-0.008648192591779744j),(0.015429676813268886+0.01325612761736534j),6148250000
(0.5073759162784313-0.008676106896403054j),(0.015758727572412975+0.013292805457717792j),6148500000
(0.5022971193306937-0.007116469058981205j),(0.015218153341174557+0.013865929212953605j),6148750000
(0.5010531207559961-0.0085843377079386j),(0.015178018995288088+0.013932697342649637j),6149000000
(0.5010478654878193-0.010543499011719547j),(0.015007647539814758+0.013226418146697321j),6149250000
(0.4978747270117628-0.018825802078176083j),(0.015865137587648796+0.013164619820479284j),6149500000
(0.5021512322213394-0.013271027485634577j),(0.015352029357778968+0.013154317117992625j),6149750000
(0.5039696231231995-0.01146881054833743j),(0.015216898725967425+0.012765061450415551j),6150000000
(0.49419680138239874-0.019840684442382753j),(0.01537561448187183+0.012828051142944451j),6150000000
(0.5049139040606667-0.018384094830020018j),(0.01546937703803536+0.013038986307813968j),6150250000
(0.5074637365145825-0.009372439134777543j),(0.015624383167445034+0.013055226304163411j),6150500000
(0.5045730687648006-0.018839136873454107j),(0.01615925432946834+0.012435472873279818j),6150750000
(0.5071265217609008-0.010172405548932669j),(0.015451044680356525+0.012848946493178576j),6151000000
(0.5055974163811215-0.01986506877737599j),(0.01563028895284464+0.012893638880236287j),6151250000
(0.5036801496469077-0.01868667442409223j),(0.016011811004075945+0.012364762512163858j),6151500000
(0.5093610969745738-0.011400088502964388j),(0.015975798657118+0.012156980585104359j),6151750000
(0.5021147653954873-0.02012136491704683j),(0.015912041920921716+0.012365904094915295j),6152000000
(0.5104716500197356-0.009685631917646676j),(0.015523343250592054+0.012421831873562219j),6152250000
(0.5075024297792542-0.01678212533086867j),(0.01593135768455273+0.012130473439629913j),6152500000
(0.5088290755890118-0.02052098722855047j),(0.015867536186306916+0.012063544337629675j),6152750000
(0.5038705110880949-0.018772670739614843j),(0.016475436694784875+0.012361815613798947j),6153000000
(0.5045500277879951-0.018094276221549955j),(0.01612112826194086+0.012545346554350537j),6153250000
(0.5081429733694091-0.013707961771540515j),(0.015616960580378793+0.012392079097041311j),6153500000
(0.5063634129304909-0.021973260099585737j),(0.015723999200376655+0.012508012889373622j),6153750000
(0.507793558625052-0.013016761580211818j),(0.015803430695238353+0.012636729558010273j),6154000000
(0.5104334457802328-0.013120475936946008j),(0.015735054824801992+0.012527543214223193j),6154250000
(0.5016368290938851-0.022991969969929252j),(0.016416192859142947+0.012762754594705989j),6154500000
(0.512947140900863-0.0138511941637001j),(0.016339955489278885+0.012156759236982718j),6154750000
(0.500295139988227-0.02694748350014124j),(0.016371015959631707+0.01241309084727376j),6155000000
(0.5085701567184738-0.019749329653611314j),(0.015927816779046634+0.012269864761530573j),6155250000
(0.5041324401556826-0.021139334625601452j),(0.016203097468600318+0.012259227968346229j),6155500000
(0.5096988559251067-0.018954248827138278j),(0.01684236116393753+0.012020984400893095j),6155750000
(0.502400451631459-0.02321464887727817j),(0.01692780069045259+0.0121754342338668j),6156000000
(0.5046470801265418-0.01988933860775462j),(0.016534639932484062+0.012459194885613431j),6156250000
(0.5051988164839231-0.01879231592495664j),(0.017004323711904357+0.012055676059327013j),6156500000
(0.5069286070713754-0.01892501664874311j),(0.016604537472894126+0.012307376660838348j),6156750000
(0.5050230939557535-0.018544479418485152j),(0.017133082284137773+0.012187115385188765j),6157000000
(0.5020118249648148-0.022472238179444066j),(0.016807884614053022+0.012298685089053272j),6157250000
(0.5081999778725851-0.0199222699857841j),(0.016697135358870737+0.01155753231385509j),6157500000
(0.49897138298433136-0.03280104718436135j),(0.01667216200216309+0.011755578535426407j),6157750000
(0.5051950458479105-0.024879131936935136j),(0.01686715314547649+0.012063306038535698j),6158000000
(0.5061433527807611-0.02050782111129995j),(0.01747808129047498+0.012276684414355853j),6158250000
(0.5081966394456745-0.020747961248424616j),(0.01739345455044057+0.011462595971564554j),6158500000
(0.5020061414592584-0.02780410011169684j),(0.016862096923839137+0.011771922635206175j),6158750000
(0.5015841229548081-0.02884028393177847j),(0.017252395389210945+0.011289350908807524j),6159000000
(0.5097355478041748-0.02158739973814733j),(0.01717761364649058+0.01176731800520034j),6159250000
(0.5024198055331959-0.02850254966459023j),(0.017555962968542504+0.011299372356583867j),6159500000
(0.5078605358372132-0.021134193033951806j),(0.017844923145905984+0.012014839765046812j),6159750000
(0.5041418821059334-0.027550143410437145j),(0.01714318022543965+0.011341484020973838j),6160000000
(0.5070769242706247-0.02260479062474075j),(0.01681107539198943+0.011679309878478731j),6160250000
(0.5070581184776309-0.026493045275545357j),(0.0170209998626828+0.011681350841080589j),6160500000
(0.5011159537024718-0.03813384607794514j),(0.01693385087497547+0.01113065141366138j),6160750000
(0.511846583134565-0.016150715360274844j),(0.01731500321458287+0.011558564794534558j),6161000000
(0.5090803219659137-0.02839925341289842j),(0.017323510494304587+0.011421257603570373j),6161250000
(0.5016289115609135-0.031186555236581884j),(0.01664090576609939+0.01074458363288595j),6161500000
(0.5092971945183667-0.019299759834919827j),(0.01735823893288756+0.012059479748146853j),6161750000
(0.5055284790953071-0.02966817503607731j),(0.01730028007468858+0.011014817850622697j),6162000000
(0.5086320403283954-0.027624902368237156j),(0.017627792239199476+0.010808419477942074j),6162250000
(0.5087389922637875-0.030704960139077586j),(0.017344994715611226+0.010437897267792288j),6162500000
(0.5106701458537568-0.02399205305011203j),(0.0172285072309114+0.011002558340593008j),6162750000
(0.5032347139854464-0.03819911989191687j),(0.017573311985411275+0.01076090214260363j),6163000000
(0.5128537417235111-0.014818749866338965j),(0.01728435549469488+0.012208433226060645j),6163250000
(0.5043844574818248-0.03566668597459614j),(0.01760992871145586+0.011067364087053553j),6163500000
(0.5074711344628109-0.03282373991892761j),(0.01762492373007502+0.010842772338875853j),6163750000
(0.510478017922291-0.02161905715171709j),(0.017238575641590013+0.011459499281645235j),6164000000
(0.5077173029474594-0.031008168481813477j),(0.01755062165569481+0.010824386001535714j),6164250000
(0.5087960213745037-0.03448336655458414j),(0.016996524649423535+0.011030080366982473j),6164500000
(0.5070939308581524-0.03325001165478097j),(0.016982228071000763+0.011000902304064438j),6164750000
(0.5100788365370961-0.02685777446856517j),(0.01704697018349192+0.010825861688879843j),6165000000
(0.5086948706863328-0.027678109290520003j),(0.01669843162149748+0.010769944763932303j),6165250000
(0.5104112232248788-0.029942762352100808j),(0.017251635377170563+0.010847449059103512j),6165500000
(0.5134496255524389-0.02576253338027499j),(0.01714151574673586+0.010846405095797923j),6165750000
(0.509313304025806-0.036055979641353j),(0.01810001771365399+0.010501243024379863j),6166000000
(0.5142332658088826-0.023324906171639608j),(0.016662157627701013+0.010530357372787694j),6166250000
(0.51171105268281-0.03303698174369536j),(0.017248186253941603+0.010144393643126925j),6166500000
(0.5119326718785996-0.030331459537010885j),(0.016800490083075353+0.01056705396525021j),6166750000
(0.5136925715657211-0.028667054450173746j),(0.017262366065579845+0.010464362989179648j),6167000000
(0.5190342675853196-0.020706689727385336j),(0.017511031245567438+0.009841126800726397j),6167250000
(0.5124574595973935-0.03289842773895694j),(0.01652178353502249+0.010092039991441266j),6167500000
(0.5123950690782213-0.03149078317387842j),(0.016654583494039574+0.009944871535137751j),6167750000
(0.5149985989305744-0.026394178733365307j),(0.0170342584109483+0.010079262449768454j),6168000000
(0.5141079021787954-0.03293305617716875j),(0.017146169066538083+0.010151480835264555j),6168250000
(0.5155226160254397-0.02845336268344637j),(0.016950765314730484+0.01027011950373868j),6168500000
(0.5169855324401966-0.03286250074103031j),(0.01701355403683774+0.00953871794703089j),6168750000
(0.5209515369991106-0.024544628418942834j),(0.0171935961669068+0.009674243294818705j),6169000000
(0.515320405270194-0.031937981565672575j),(0.016768762027946152+0.009466056539067447j),6169250000
(0.5159526872032578-0.03219769391210751j),(0.01616319182934564+0.009513524563237962j),6169500000
(0.5137652231587684-0.03226749831896058j),(0.017340121489580886+0.00997870968192581j),6169750000
(0.5164170414395705-0.02631723796494276j),(0.01681915351403194+0.009658133206603883j),6170000000
(0.5160420394269412-0.026743630479456427j),(0.016645997040690117+0.009531002116566413j),6170250000
(0.5159323476442417-0.03329379827584431j),(0.01735292530418915+0.00967180126703236j),6170500000
(0.5128990709661055-0.02852562985587531j),(0.017006472534557643+0.009849106682641412j),6170750000
(0.5157042380208277-0.03436085736255743j),(0.017192539142266566+0.01009957546567248j),6171000000
(0.5174394383844629-0.026988042769337584j),(0.017007849670642484+0.009874076078378327j),6171250000
(0.51811782544864-0.031747587492975265j),(0.017172510223754947+0.009391884253074993j),6171500000
(0.5185485475454222-0.02548509058340024j),(0.017758727843409934+0.00999320276953595j),6171750000
(0.5180812267749468-0.030115504924526696j),(0.01767103717493687+0.009510640846110401j),6172000000
(0.5156944567518296-0.03690363873206846j),(0.017293135359920955+0.009699352691093044j),6172250000
(0.5201832277941028-0.02028370210273911j),(0.017430793359351385+0.00976350191936181j),6172500000
(0.514963597423926-0.03376961666309224j),(0.01738291314510541+0.009517877972645302j),6172750000
(0.5216220348320131-0.025437144913048406j),(0.017260508941945037+0.009418896601223175j),6173000000
(0.5169812893089103-0.03281001560050167j),(0.01794096916416664+0.009339717966358806j),6173250000
(0.520648206824673-0.027918977203909554j),(0.01789254530124743+0.009197824251754796j),6173500000
(0.5170954581670256-0.03342116841800177j),(0.01806294034566595+0.009572243285876806j),6173750000
(0.5156165484107573-0.03331926029477958j),(0.018226494415820152+0.009383238217201918j),6174000000
(0.5199075746841667-0.030656740564054066j),(0.017781223526967635+0.009096729159283447j),6174250000
(0.5169319199377147-0.03072232388329506j),(0.018076820853981143+0.009561523678719321j),6174500000
(0.5188056355586647-0.024014876071839247j),(0.0177810275538875+0.009634002819023523j),6174750000
(0.5192397592268492-0.033245352062338036j),(0.017992144655846757+0.009503793023190375j),6175000000
(0.520767214935229-0.021604449663966414j),(0.017640841769783144+0.008990313249887489j),6175000000
(0.5190699366499172-0.029881319829121282j),(0.018354479075307302+0.00941406218556362j),6175250000
(0.5211062782841421-0.01867887004909014j),(0.01793776030716594+0.009576054044335936j),6175500000
(0.5157719949097707-0.03436804675051982j),(0.017795959298590666+0.009353877257262944j),6175750000
(0.5215903371627029-0.032208360910615595j),(0.017772080652269893+0.00950814047661111j),6176000000
(0.5193907700287966-0.0293480564999278j),(0.018616090137340603+0.00888241081588113j),6176250000
(0.5220328293575321-0.03251934240580343j),(0.01811423824785391+0.009910449645977325j),6176500000
(0.5212353477361439-0.027239693279541732j),(0.018141986828518506+0.009601084478595983j),6176750000
(0.519463059635122-0.03402445520708769j),(0.018564723589056874+0.009195901134902217j),6177000000
(0.5236451258784935-0.027999557205774527j),(0.018272812248449618+0.0091446896485348j),6177250000
(0.5219884722050353-0.034579521839150966j),(0.018536062056589458+0.008673668493101562j),6177500000
(0.5180912468355182-0.03341728889038631j),(0.017809323521292414+0.00899365305858577j),6177750000
(0.519839101455928-0.04311315833227826j),(0.018492156970095864+0.008790885372803819j),6178000000
(0.5255600150375738-0.02563226737190779j),(0.018535284489944712+0.008945679122665773j),6178250000
(0.5236050244956234-0.03276847571763249j),(0.018613407077228205+0.0090162436782106j),6178500000
(0.5224304574615992-0.035524567552566985j),(0.01768883534196641+0.008717474839743444j),6178750000
(0.5285875461824538-0.03080344032943635j),(0.018337145832051992+0.008595725096084752j),6179000000
(0.5231638484962645-0.033173152737724046j),(0.017814318777728568+0.008646145598249803j),6179250000
(0.5228187168297892-0.03766927110515758j),(0.017934226864147224+0.00849335118071158j),6179500000
(0.5274392704139934-0.0321681897300249j),(0.018609227001945266+0.008514892730741075j),6179750000
(0.5229564587869526-0.03096713535933902j),(0.01811816949651346+0.008500195287724072j),6180000000
(0.5237232064737107-0.042622622725716285j),(0.01875322634960917+0.0085093506431055j),6180250000
(0.5261840356866673-0.027965448165613496j),(0.018791069904712823+0.008382055349754976j),6180500000
(0.5284349353845612-0.038516536312803815j),(0.018398940749810258+0.008464881461438993j),6180750000
(0.5293210391690466-0.031801508435831564j),(0.018496778917708793+0.008413121349149276j),6181000000
(0.5262675811035006-0.03725794811122151j),(0.018484108603498656+0.007908935467950086j),6181250000
(0.5265333644994061-0.03489021120599447j),(0.01854154138670203+0.008737621348546174j),6181500000
(0.5275666938621303-0.041228305055744506j),(0.01845971312922172+0.008357583539183172j),6181750000
(0.5209373156174585-0.045978127575119966j),(0.01794347008352249+0.008396393959571653j),6182000000
(0.5271100784396245-0.03847680274604761j),(0.017991262845498072+0.007794746351384592j),6182250000
(0.522959487474508-0.04685692181692007j),(0.017946451930094656+0.008065702933746973j),6182500000
(0.52840887374157-0.030521649983265856j),(0.01852205138490269+0.00767711116024297j),6182750000
(0.5250840828610734-0.049127599839817494j),(0.01847507902919799+0.007607702535808791j),6183000000
(0.526301056322814-0.0399873735361274j),(0.018778465564349492+0.007500805504861244j),6183250000
(0.5272244097012421-0.03760523255851326j),(0.017875173532417663+0.0075276802479066944j),6183500000
(0.5248023743640459-0.04193769873187456j),(0.01880555376988774+0.007978334377951167j),6183750000
(0.5262557190380177-0.0437791180809667j),(0.01837060116225982+0.007719222311122004j),6184000000
(0.5228243814981505-0.04608912975332178j),(0.017965072350331956+0.007530930218031116j),6184250000
(0.5240350374486367-0.04012656273165566j),(0.01862377467872372+0.007529332330710443j),6184500000
(0.5230571015913787-0.039323976124516255j),(0.018149983712068284+0.007351658697132856j),6184750000
(0.5273216665261368-0.03979269243468937j),(0.01807331298510539+0.007442928903672503j),6185000000
(0.5224750941762056-0.052587250659785194j),(0.017272977941140476+0.007505764678219655j),6185250000
(0.523286006112153-0.04268704205147985j),(0.017848357451572924+0.007915969788953798j),6185500000
(0.5197299315673536-0.04823911872665558j),(0.017691798795998567+0.007151521418549368j),6185750000
(0.5246800297831313-0.06150355741487736j),(0.018060447240829752+0.006438463015791854j),6186000000
(0.5259240190456734-0.05043447051234773j),(0.018126820484594453+0.006873962926220102j),6186250000
(0.523333971092719-0.053440072078445484j),(0.01790664136831725+0.006893224144990183j),6186500000
(0.5284887514889496-0.0489502515154257j),(0.01839233367392018+0.006518072295710794j),6186750000
(0.5245984965840437-0.057340354513840695j),(0.018117831802505265+0.0065494652977275995j),6187000000
(0.528122691387615-0.038863218903340484j),(0.018479361154741743+0.007353828779573062j),6187250000
(0.5291967749655964-0.05228837240774735j),(0.018376876799416596+0.00729538099488256j),6187500000
(0.5301559539336435-0.03969999804299475j),(0.01811854345923802+0.006542574894062984j),6187750000
(0.5333005828780915-0.04547734476077902j),(0.018918918637981307+0.006814876315991479j),6188000000
(0.5270099576246087-0.04810599497558068j),(0.01807575201991878+0.0069797647201649835j),6188250000
(0.5286491352274729-0.04577537983613275j),(0.01863666107617515+0.007321997372551694j),6188500000
(0.5273673913176496-0.05514048774368109j),(0.018378483145500866+0.006759686455669381j),6188750000
(0.5311270219907377-0.04511601052262549j),(0.018091921350234533+0.00662528209184108j),6189000000
(0.5278308747828131-0.0484624807460497j),(0.01826003715321293+0.007251239721235196j),6189250000
(0.5315267160552369-0.04270235620463759j),(0.017925512142809342+0.006339934088374575j),6189500000
(0.5330142833394673-0.04860854303760285j),(0.018546302041313537+0.00636129898354569j),6189750000
(0.5295666253442621-0.04535480667806881j),(0.018007014417675046+0.0066508097154579435j),6190000000
(0.5317626528280032-0.03735221398704012j),(0.018700409010967933+0.0068893654357894294j),6190250000
(0.5320234520536798-0.04970283746512894j),(0.018515960483923153+0.0064476093046158915j),6190500000
(0.5343189933692721-0.034238018643585784j),(0.018310073000047687+0.006335132279605849j),6190750000
(0.5361233234542377-0.050846787508625056j),(0.018904231253529587+0.006525043045123815j),6191000000
(0.5316696410890563-0.05091591625475971j),(0.019115695212525825+0.006959453105776824j),6191250000
(0.5379561625658078-0.03705206767442217j),(0.019063583089271172+0.00651717730343242j),6191500000
(0.5341732678502293-0.04374798279007136j),(0.01906569964787392+0.006892641029335977j),6191750000
(0.5330427619765458-0.03961989736768829j),(0.018398392756980658+0.006331608374266282j),6192000000
(0.535483530599536-0.04321498907716158j),(0.018306502853130232+0.007289598287744881j),6192250000
(0.5357747449966658-0.04150655325739708j),(0.018379927427057022+0.006266114684585875j),6192500000
(0.5322134552119074-0.054830632262318886j),(0.018609904596362647+0.006174027660555398j),6192750000
(0.5337146109461144-0.041851211340881524j),(0.01804030498825706+0.0067627063657528935j),6193000000
(0.5344871056547082-0.040661562117550065j),(0.01873207581231821+0.006965629687707741j),6193250000
(0.5336406921220975-0.05464323708429374j),(0.01920789417174674+0.005613814805194465j),6193500000
(0.5342415732040505-0.04437982979882354j),(0.018780789749188682+0.005734503974964121j),6193750000
(0.5408729198561353-0.028848834590357527j),(0.0184699181847918+0.0056667760406553525j),6194000000
(0.5385129166782748-0.04278338354909327j),(0.01876797626281936+0.006205635558079686j),6194250000
(0.5364584936541518-0.05573454163395013j),(0.018540256249529537+0.0058159320906029065j),6194500000
(0.5353578776700433-0.044903285045281134j),(0.018737861362270167+0.006416106769745629j),6194750000
(0.5353113606983668-0.039623952525632805j),(0.018244860110583638+0.006418408876999148j),6195000000
(0.5362577363709088-0.05242983903201531j),(0.018291190271829003+0.005983394136033142j),6195250000
(0.5342274911874294-0.05729815219565371j),(0.018632946750985785+0.005778817840615686j),6195500000
(0.5324996986293978-0.0477957895637823j),(0.018182165246578074+0.005863700061919573j),6195750000
(0.5357688600616423-0.045432809453740224j),(0.017988283043811053+0.006508634520978288j),6196000000
(0.5360617423002135-0.058225570939548166j),(0.018566185631457763+0.005042673340967366j),6196250000
(0.5387724045406128-0.046373102363083354j),(0.018915190081584033+0.005209916222653708j),6196500000
(0.5357723248169477-0.05746534164189122j),(0.017984878609701722+0.004839062548219097j),6196750000
(0.5371827604496889-0.03852550633957366j),(0.017905265278434158+0.00546066008284735j),6197000000
(0.5387858468079064-0.06510980356183403j),(0.018766027652768903+0.005064272676574649j),6197250000
(0.5370108833257452-0.05639635674741983j),(0.018688710615222693+0.0049409089780674134j),6197500000
(0.5364188450555536-0.05124152977038781j),(0.018436962976106672+0.005561428663882391j),6197750000
(0.5326837843320806-0.05222117213400648j),(0.018623744808800545+0.005505075895924488j),6198000000
(0.5341333044217467-0.045389073844197166j),(0.018832367676541707+0.005735963404358592j),6198250000
(0.5359988633781203-0.05588045074313262j),(0.01844843247768039+0.005395115548087114j),6198500000
(0.5366058094238996-0.050969166145651695j),(0.017964404857222064+0.005350251278427441j),6198750000
(0.5346641639836769-0.054762894497555906j),(0.018431781858843088+0.005927923711970893j),6199000000
(0.5381444328176354-0.03803030661198908j),(0.018380580705169427+0.005417700076791276j),6199250000
(0.5383627638284956-0.05636885351699363j),(0.018515285368253455+0.005132235369391157j),6199500000
(0.5397043431852793-0.05346380010064399j),(0.018627621672150315+0.0050680189542949595j),6199750000
(0.5407798081295875-0.04572680962849805j),(0.01870077380117926+0.004910491839986612j),6200000000
(0.5339283621439792-0.04796895966810583j),(0.018550524442749714+0.005088583788245388j),6200000000
(0.5352107670994783-0.049149326036557216j),(0.01858359340837306+0.004907665199660153j),6200250000
(0.5362880804643806-0.053823598297337065j),(0.018482229827726005+0.005459004508322444j),6200500000
(0.5348932686593635-0.05992136396791028j),(0.018716268136765066+0.005195669403444124j),6200750000
(0.5390031299487424-0.04886569709358245j),(0.0193816794923307+0.004650405449359762j),6201000000
(0.5377596805621226-0.05429794493776546j),(0.019238990670497495+0.00500533002570541j),6201250000
(0.5346712896596314-0.05458676672439952j),(0.018918209420051978+0.005570177772503139j),6201500000
(0.5392072160561642-0.04825337730538144j),(0.019317504574377826+0.005124956266018417j),6201750000
(0.5369415872497287-0.0587274976924167j),(0.019133003230163363+0.004950456375950641j),6202000000
(0.5334467971369582-0.048717121190327464j),(0.018230625895575413+0.00553898575983575j),6202250000
(0.5355818237557092-0.050503686227118615j),(0.018725914648417184+0.005492222880818202j),6202500000
(0.5335426613637984-0.05408241622788675j),(0.018608185179832967+0.00547493230755681j),6202750000
(0.5342771223480698-0.06480162534579235j),(0.018643468369088454+0.005103346693064708j),6203000000
(0.5374614100786833-0.06207880190501366j),(0.018521303315601673+0.005245702079042213j),6203250000
(0.5368629025788378-0.05936841318865016j),(0.018575363488226172+0.00474769444893434j),6203500000
(0.5402216365255721-0.05949400945131621j),(0.01933029254291707+0.004705899380024822j),6203750000
(0.5343591151683863-0.05761084137027554j),(0.018363019437944758+0.005499871722088201j),6204000000
(0.537275935068742-0.06125664136865958j),(0.018626442932046395+0.004655639766872732j),6204250000
(0.5412751996883266-0.04852005231074371j),(0.018919066555318036+0.005076683350456244j),6204500000
(0.5377020343311215-0.060911415913989055j),(0.01865784349097331+0.004580001713661767j),6204750000
(0.5441148757873328-0.0587215085071377j),(0.019068219389679314+0.004139867086422014j),6205000000
(0.5402107972887003-0.05615465750139003j),(0.018442421931487842+0.004735737260130877j),6205250000
(0.5451868438635145-0.059178178066917345j),(0.01893975516547801+0.004417229808844844j),6205500000
(0.538171181562395-0.048770032554995214j),(0.018822575174872767+0.005078071979224594j),6205750000
(0.539789602678366-0.06517605610909888j),(0.01886934951423752+0.004233494611045103j),6206000000
(0.5403889520289094-0.05638121282428392j),(0.018694395621129553+0.005012834140543197j),6206250000
(0.5403048251071833-0.056786477205063156j),(0.018341091300743743+0.004438651324382424j),6206500000
(0.5447948002366699-0.0570616929711142j),(0.01878365897862491+0.004055937694497061j),6206750000
(0.5373218085042848-0.06569771675633966j),(0.018573912808490294+0.004621946545935779j),6207000000
(0.5460702946587086-0.059246125514340296j),(0.018935994124033188+0.00445328711487899j),6207250000
(0.5406409471914639-0.06131210754745561j),(0.018918934373432315+0.004525938765256844j),6207500000
(0.5455318749288512-0.0649411370104524j),(0.01860412417243965+0.0038224894691178853j),6207750000
(0.544490305460843-0.06109984050709217j),(0.019093404801007744+0.0037865089777565897j),6208000000
(0.5443334869415788-0.06239986894235214j),(0.01900281367680864+0.0035787829021021495j),6208250000
(0.543153003633835-0.06489976332983248j),(0.018253542262804054+0.0037894634259979126j),6208500000
(0.5439989580573481-0.062022505022866235j),(0.019458241301424605+0.004444575821994951j),6208750000
(0.5449525304531645-0.05905704239483815j),(0.018576896729710742+0.004476021789448132j),6209000000
(0.5456837642480016-0.06367756157468843j),(0.018306184587186455+0.0040216834828255684j),6209250000
(0.5484507672805108-0.06884822951767253j),(0.01887410242410163+0.0033976877216482276j),6209500000
(0.5448233494747923-0.05836915658967901j),(0.018445393907650837+0.004253175139467992j),6209750000
(0.548127682624043-0.0653449282632457j),(0.019103522115623592+0.003919093134110093j),6210000000
(0.5481459751166045-0.057144414085947115j),(0.019250094569182738+0.0036944692859957424j),6210250000
(0.5487625256329796-0.06581049567235402j),(0.01914740599078206+0.003908217232817827j),6210500000
(0.5444844228517581-0.06402134960893051j),(0.01834745193764311+0.0039144845551530895j),6210750000
(0.5484063053737885-0.05838081646980118j),(0.018571185356011138+0.0037857980096379436j),6211000000
(0.5470884542258206-0.060254236751160664j),(0.01922070770313289+0.003877977476983625j),6211250000
(0.5451927582161539-0.061651412078878205j),(0.01954881045882958+0.0040571438236864255j),6211500000
(0.5489358927743359-0.06946922750329958j),(0.018585244151019833+0.0029651000692292894j),6211750000
(0.5450401426020112-0.062287910335904015j),(0.018198317026444383+0.003030869023612856j),6212000000
(0.5491746608041171-0.07377705500096239j),(0.018993087848891296+0.003226579823835447j),6212250000
(0.5446687386253551-0.05738539887546669j),(0.018382479819657987+0.003918345968153049j),6212500000
(0.549724420210899-0.06343776333130573j),(0.01881702089619116+0.004230735203663042j),6212750000
(0.5465638175504344-0.05833543352420672j),(0.018185249466657127+0.0034564577822542427j),6213000000
(0.5451123308115283-0.060116498846504614j),(0.01819101421022374+0.0039265500287482625j),6213250000
(0.5485506090017305-0.06363595448845803j),(0.01915781369360622+0.0036079429047259017j),6213500000
(0.5505550778206242-0.06175910933593977j),(0.018692277656690674+0.0030213256890629517j),6213750000
(0.5489996616201201-0.06561527009833813j),(0.019048044951032055+0.003362304390944222j),6214000000
(0.5492995141575834-0.06496209737988481j),(0.018878750520115804+0.0027496739567781916j),6214250000
(0.5469677837316331-0.06520667235176776j),(0.01831919664749097+0.0029365426343856385j),6214500000
(0.549607450030347-0.06849478528398749j),(0.018393355519557876+0.0030218080482750844j),6214750000
(0.550010608176868-0.05925087357502406j),(0.01882637290772572+0.002994657508774432j),6215000000
(0.5473862536428926-0.06793789702493598j),(0.019054798084316777+0.002595496884622078j),6215250000
(0.552532506885179-0.06501724094236139j),(0.01875963480467131+0.003172680905706301j),6215500000
(0.5491006389911018-0.07015783921551697j),(0.01863538804885524+0.003466120262757907j),6215750000
(0.5504940381331463-0.06501452210357934j),(0.01898895214383557+0.0031088754673571813j),6216000000
(0.5510898331513873-0.06804280377203961j),(0.01828037452908584+0.003441096674225378j),6216250000
(0.5489226272832495-0.06640775124481499j),(0.018665968966409027+0.0024899591181258888j),6216500000
(0.5462809035684608-0.06729570640441694j),(0.018319193342782192+0.00319602439188158j),6216750000
(0.5523796141406371-0.06872469697233212j),(0.01901642866837654+0.0026535135787883585j),6217000000
(0.5490458544372786-0.06374519788885423j),(0.018183669804339206+0.0037164614438959928j),6217250000
(0.5505742047247821-0.0770034186712718j),(0.018004421251605618+0.0023844540398199076j),6217500000
(0.5554140959103966-0.0695567498299508j),(0.019213892546701597+0.0025533685519864946j),6217750000
(0.551502098383887-0.07824240043316463j),(0.018106639351113986+0.0024616842166571584j),6218000000
(0.552115194039798-0.07404946588552787j),(0.018242544451450775+0.002138869943631833j),6218250000
(0.5484003990000345-0.06840940015533677j),(0.018375110858808195+0.0026765202324574894j),6218500000
(0.5550071019977111-0.07835159576149826j),(0.018760933467589135+0.002468362627686944j),6218750000
(0.5485442978768937-0.06197716603696539j),(0.018590260678703376+0.0026212154343763605j),6219000000
(0.553492095574157-0.0785081884205984j),(0.0180551618195367+0.003016181644572938j),6219250000
(0.551314289196883-0.07327274067404595j),(0.01774220423273542+0.0030395176568465175j),6219500000
(0.5513380920225479-0.07520375188930585j),(0.018125962785998404+0.003084234693151564j),6219750000
(0.5537877004991522-0.07788642864785386j),(0.01753713182925457+0.002504367399543895j),6220000000
(0.5519331249689021-0.07602399865133715j),(0.01790141573980178+0.002281436695789494j),6220250000
(0.558355507320857-0.07302556515004878j),(0.018671554294300036+0.002731860805989765j),6220500000
(0.5518359320365854-0.07016007846957568j),(0.01790131346677845+0.002479260818049441j),6220750000
(0.5556294690155864-0.0689328090260533j),(0.018564397166234096+0.0029505886618984498j),6221000000
(0.5506958508854145-0.07744741613798661j),(0.0177660739366591+0.002206477960252109j),6221250000
(0.5537613382093336-0.07077852868183966j),(0.018457247037889066+0.0033654157532474337j),6221500000
(0.5581578649073138-0.08742367031438524j),(0.018607887338477968+0.0023408808419789007j),6221750000
(0.5544862320624786-0.07328755163904377j),(0.017984682770405963+0.002324406053974127j),6222000000
(0.5537331975653759-0.07561841155317346j),(0.017594052815196243+0.00232603453934392j),6222250000
(0.5521681624658334-0.06847987348093063j),(0.018232251456340023+0.0024800855508916655j),6222500000
(0.5537668181202869-0.07096800368956574j),(0.017767680097442035+0.0024447112426247124j),6222750000
(0.5540522794842967-0.07418333190002951j),(0.017692805811309286+0.00210760853694447j),6223000000
(0.5548822305547776-0.0823703210808885j),(0.017466247912817444+0.002360652501191516j),6223250000
(0.5491774549462692-0.07795775195010267j),(0.017621198790721576+0.002906261708234336j),6223500000
(0.5521133266961258-0.07729589071693674j),(0.017461960452406666+0.002224103040552376j),6223750000
(0.550151940337288-0.06862277138921916j),(0.017658292960771576+0.0028756630657389413j),6224000000
(0.5552869567442762-0.06836715578680062j),(0.017792007075233374+0.0030174580169430943j),6224250000
(0.554128949209124-0.07107999285120939j),(0.018118285611270296+0.0020222945749036464j),6224500000
(0.5588471999623801-0.07491983403743717j),(0.01897885352923107+0.0021405175518704775j),6224750000
(0.5577483840864806-0.08276536605694325j),(0.017844271845950523+0.0024542503954685523j),6225000000
(0.5544904858013907-0.08087504003290788j),(0.01784274976740208+0.0023927648683043784j),6225000000
(0.5574329794084875-0.07833627373932742j),(0.017855812574374463+0.0021495402074215297j),6225250000
(0.5561361502889355-0.07684426775081807j),(0.017999276764020022+0.002451025263628077j),6225500000
(0.5600924084575303-0.07765691619526566j),(0.018387797123058932+0.0017477917492394032j),6225750000
(0.5603909649368246-0.0724381477700508j),(0.01832425638778229+0.0025389848198329214j),6226000000
(0.5599604848567274-0.08442123490364983j),(0.018038130206686057+0.002351293669313501j),6226250000
(0.5548789569223405-0.07148599518918558j),(0.01753619897588026+0.0024591672591278814j),6226500000
(0.5601913435000198-0.0804607866914185j),(0.018113391111870603+0.0023513450085162297j),6226750000
(0.5586517669832438-0.08544254064374109j),(0.017464482623594665+0.001904351518451389j),6227000000
(0.5583736687699643-0.08190781392482703j),(0.01778353574472822+0.0017227777788593388j),6227250000
(0.558307777723852-0.08084594994635205j),(0.017463292734466833+0.001382798361796866j),6227500000
(0.5572520169340199-0.0824492952395187j),(0.018205571628288064+0.001248624537038104j),6227750000
(0.5570988802145821-0.07249742976680697j),(0.017874646083839204+0.0019533550384685286j),6228000000
(0.5608938994816802-0.08388490041806486j),(0.018302564367200295+0.0009829064329779365j),6228250000
(0.5552639531364846-0.08210890970341209j),(0.017344872125744277+0.001564074263011661j),6228500000
(0.5585564286590256-0.07913376635731768j),(0.017979648204291352+0.0019202760061893765j),6228750000
(0.5579187301167234-0.08195339300855371j),(0.017994265322825127+0.0018019099704130368j),6229000000
(0.5654377269221935-0.09257636220765887j),(0.018223844840112195+0.0012509151549981367j),6229250000
(0.5569093574388075-0.07945411619037307j),(0.01731518386805413+0.0011125756733673404j),6229500000
(0.5637239499534004-0.09347714474883978j),(0.017496392048829603+0.0007091277644624603j),6229750000
(0.5568910417302493-0.07214934741001239j),(0.017767088638607563+0.001942788454245967j),6230000000
(0.5645244102529391-0.09607225279815407j),(0.017673921557636953+0.001255021369582188j),6230250000
(0.5596304941282808-0.08231529929359946j),(0.01779761920328906+0.0012535266264832126j),6230500000
(0.5624998831911975-0.09110685945973034j),(0.017149551142841148+0.0009048862853259748j),6230750000
(0.5612887734608623-0.08321896742160641j),(0.01743282454505373+0.0006219684792544356j),6231000000
(0.5562016407833072-0.07900259613094142j),(0.01755464230536833+0.0005559222623441828j),6231250000
(0.5601639704524403-0.08158389076800537j),(0.01815561240925001+0.001020142131258982j),6231500000
(0.5634302877919231-0.08528421202533455j),(0.017730856113786032+0.0010997725913351616j),6231750000
(0.561367679252924-0.08842428705986267j),(0.018062571392209827+0.0007720358070773545j),6232000000
(0.5650509890403254-0.07870621467768167j),(0.017656463566785265+0.001266033223787369j),6232250000
(0.561563850778435-0.09014916254053511j),(0.01711321272868624+0.0010034312428205678j),6232500000
(0.5585037749312929-0.08808855602378143j),(0.017044407376051486+0.0009821364716029624j),6232750000
(0.5601652925448967-0.09121269710026714j),(0.017197987060381035+0.0011749917485017428j),6233000000
(0.558238060452466-0.0732607458317995j),(0.01784958224253227+0.00122945840544542j),6233250000
(0.5643486586045059-0.08764295572471079j),(0.017478095574750416+0.001126452546171986j),6233500000
(0.5632543792342183-0.09210665372380245j),(0.016686936860653704+0.0014393293889423456j),6233750000
(0.5605014998705001-0.08882083845001285j),(0.01734436663702596+0.001595699443758577j),6234000000
(0.5659338395983013-0.09446818334948277j),(0.01760936243208154+0.0010841435663027628j),6234250000
(0.5680924669012449-0.09043461583509296j),(0.017673979633325555+0.0015386055118881184j),6234500000
(0.5624434511969806-0.08774953709134391j),(0.016990996437664524+0.0010463861749682828j),6234750000
(0.5582668481557914-0.08366917628928876j),(0.01712350066434467+0.0008531847122485475j),6235000000
(0.5610354182470785-0.08801736266894164j),(0.017741159892075253+0.0009239511019907474j),6235250000
(0.561845246723054-0.08540278913602002j),(0.01736826423043673+0.0009496905962563765j),6235500000
(0.5617261261877484-0.08475601736820336j),(0.017204281149506954+0.0010518990023930981j),6235750000
(0.5615961006533579-0.09155164480313403j),(0.01648754142810162+0.0009247605229268674j),6236000000
(0.5626013405476147-0.09091505188839527j),(0.01744633995429475+0.0017295178013798146j),6236250000
(0.5627694593320367-0.08575870216447135j),(0.01683193014428705+0.0008046999882321257j),6236500000
(0.5655306965435466-0.09045587352044998j),(0.016448834160447855+0.0004768299141789421j),6236750000
(0.5607711871866085-0.08659637705556772j),(0.017038128181848175+0.0011102430012579236j),6237000000
(0.5649247639886876-0.08801592451002659j),(0.017016408062457102+0.00035390256841266726j),6237250000
(0.5648454261793877-0.08437403859352109j),(0.01763858825077253+0.0010104164327157735j),6237500000
(0.5664463941819705-0.09746077096179438j),(0.017480719621886368+9.318735738852723e-05j),6237750000
(0.562547351497054-0.0889097838263647j),(0.017217514832769787+0.0013683662058078378j),6238000000
(0.5631662211870814-0.09009865917002481j),(0.016578380359928563+0.001136755772740094j),6238250000
(0.5660369410807435-0.09802327628297444j),(0.017379314759240615+0.0008565176356973498j),6238500000
(0.5653745145402571-0.09432718789737923j),(0.016352232091377036+0.0009415628352300752j),6238750000
(0.5657842662364563-0.09787084962413088j),(0.016818211805657367+0.00017825404229102515j),6239000000
(0.5675354067233825-0.0926549858920162j),(0.016444173622951565+0.0005877821068077136j),6239250000
(0.5667919739791416-0.09819000939456214j),(0.01690141258775181+0.00011097664697812083j),6239500000
(0.5652595259756815-0.09330395181300803j),(0.017248650730021485-2.5046916348087935e-05j),6239750000
(0.5681276010969667-0.08795588679415214j),(0.016345918180852802-7.834156219309565e-05j),6240000000
(0.5644945970973683-0.09389580491663413j),(0.01712388921679041+0.0007006910095080785j),6240250000
(0.5642746761463221-0.09048122585624573j),(0.016618562429431227+0.000779761824192343j),6240500000
(0.5703593161116615-0.1008727889001474j),(0.017180679612222943+0.00044933029247377394j),6240750000
(0.5651098640940462-0.09490994720302723j),(0.016610623492686584-0.00016298367974769266j),6241000000
(0.5655375880033346-0.09859221166213922j),(0.01650009646418587-6.68611644040059e-05j),6241250000
(0.5680372749981576-0.09994157394482714j),(0.016923762832674855+0.000647270145521819j),6241500000
(0.5645858511155969-0.09127974778087983j),(0.017565659364082165+0.0002587100788492298j),6241750000
(0.5720701636365124-0.09938673472444097j),(0.01725961589420059+0.0005995875580865699j),6242000000
(0.5668211820705169-0.09476599385266002j),(0.01785422071907778+0.0002306999787371111j),6242250000
(0.564079859559041-0.09302539071414044j),(0.017180884759810947+0.000930368826908211j),6242500000
(0.5714423926167234-0.09642106477369247j),(0.01710994824957729+0.0008686913043721274j),6242750000
(0.5697273173951278-0.09487055199379664j),(0.01720957890311955+0.0007493758270859115j),6243000000
(0.5695453605981017-0.0956301731990404j),(0.01730006140431566-8.796133472523815e-05j),6243250000
(0.5720128317797144-0.09676069144102888j),(0.017829566357325778+0.0003660448306615163j),6243500000
(0.5682513746343513-0.09464347124169736j),(0.017233371366273755+0.0003182854037054062j),6243750000
(0.5774007751063079-0.09964456170987421j),(0.017617553012208055+0.00042421839381173634j),6244000000
(0.5718861620639024-0.09317573007819821j),(0.017007335741686568+0.001068659116013209j),6244250000
(0.5769438671603957-0.09960497540810413j),(0.01749081532651209+0.0004340876073256391j),6244500000
(0.5760380576031519-0.09426411476142242j),(0.0170775130681391+5.761210781531892e-07j),6244750000
(0.5721825153566399-0.09176956447635529j),(0.018051966896462813+0.0003867724914382429j),6245000000
(0.5721472407131969-0.09655308845996091j),(0.0168435524472922+0.0009875008978722025j),6245250000
(0.5734297412538963-0.0952713433361453j),(0.0177531866980039+0.00028801372544850194j),6245500000
(0.5747387961900802-0.09576706130870469j),(0.017883293218884905+0.0008907123430711122j),6245750000
(0.5744086816539803-0.09830284311256689j),(0.018062997281637082+0.0005515053558613595j),6246000000
(0.5726052854713092-0.08755783316890646j),(0.016910069789264272+0.0005437088896579684j),6246250000
(0.5723851579769071-0.0868339801318903j),(0.017124524302760475+0.0009466251680273746j),6246500000
(0.5725989458394204-0.09230080633493164j),(0.0168696322044768+0.0006685032353214776j),6246750000
(0.5735447722440186-0.09408141008825928j),(0.01677449197041187+0.0011753021956813915j),6247000000
(0.5756086841292447-0.09491750432264769j),(0.017556593720643356+0.000642516453375314j),6247250000
(0.5720691538745826-0.09264946831656433j),(0.01716392604042813+0.0002439677508486777j),6247500000
(0.5811497343533915-0.09866735582121072j),(0.017152903837006555+0.0006617327661072367j),6247750000
(0.5755576624629883-0.09461347428744699j),(0.017173152028718844+0.0012088948607949436j),6248000000
(0.5791208116807824-0.09953087587187645j),(0.01743909293522878+4.622634115212008e-05j),6248250000
(0.5755619804760941-0.10279745452240352j),(0.016184274752901642+0.0005379936642472526j),6248500000
(0.5729166644726885-0.10170654236359888j),(0.01686751908440227+0.0004098477045177091j),6248750000
(0.5729117884937691-0.10484657475954558j),(0.016805395007943258+0.0006563397758009742j),6249000000
(0.5777585740731052-0.10243749118545142j),(0.017157284904404872+0.0001793063820202722j),6249250000
(0.5749002501448379-0.1019154840718308j),(0.01724448705238379+2.115426604692354e-05j),6249500000
(0.5746460751028593-0.09993883062815266j),(0.01694222025506269-0.0003371317947536861j),6249750000
(0.5756655351136575-0.09591870257974233j),(0.0172380056641277+0.0009848533202505697j),6250000000
(0.574573975620864-0.09285444069173404j),(0.016720722194228387+0.00025175334466908913j),6250000000
(0.5772641488089187-0.10026998532406155j),(0.017450915321612158+0.0007559649290575408j),6250250000
(0.5804106805199567-0.10715186654935066j),(0.016990324726501995-0.0003141374441713265j),6250500000
(0.580020364871759-0.10366091320224712j),(0.017136249256364797+0.0014318093272288855j),6250750000
(0.5794827720283415-0.10356050264523055j),(0.016693430789764267+0.0005550052718824863j),6251000000
(0.5799116603482288-0.10410892284400156j),(0.017207986357839777-5.537510605579108e-05j),6251250000
(0.5756014772027824-0.09909406666328845j),(0.016427488306441865-3.080806803121896e-05j),6251500000
(0.581110691696051-0.10956277423895759j),(0.01736395563310627-0.00032834625044550036j),6251750000
(0.5824402620760187-0.1093525904948499j),(0.01655787211174424+0.0003601249286297358j),6252000000
(0.5816685251798285-0.10984872985779846j),(0.01712924221046592+1.9771749499421698e-05j),6252250000
(0.5758368502784699-0.10816397375390739j),(0.016803139667593-1.2839856899174993e-05j),6252500000
(0.5822179638349766-0.10777610283627811j),(0.01618151084611026-0.0004890946507763834j),6252750000
(0.5769493879276746-0.09999394209567103j),(0.016399324464048345+9.854007163822854e-05j),6253000000
(0.5810620055472521-0.10867008728717008j),(0.017457486282507425-0.0003447088533953869j),6253250000
(0.5803714450729699-0.10703899794864723j),(0.01686741139631414+0.0004025996029150409j),6253500000
(0.5792068012735251-0.10754605465938108j),(0.01643774179933398+1.7435863463076482e-05j),6253750000
(0.5803784805427527-0.10491690768659659j),(0.01664938486863656-0.0007169575392734172j),6254000000
(0.5778738995836153-0.10819116137156877j),(0.01641837216031055+0.00037102906382652766j),6254250000
(0.5790452282315168-0.11252455403881578j),(0.015992331328491375-0.0006209155632860039j),6254500000
(0.5790408569645852-0.10263576797676045j),(0.01649297855174326+0.0004918531800302297j),6254750000
(0.5814790308651366-0.11051502337767774j),(0.016006343642583666-0.00028797271202462947j),6255000000
(0.5791214485141494-0.10493742575664781j),(0.016466331305578563+0.0002138257945189595j),6255250000
(0.5830389221967223-0.10938129039529774j),(0.01609979813040327+0.0004618885385501887j),6255500000
(0.5837039237629944-0.11034991439909934j),(0.015984193969889666-0.0004800771003975856j),6255750000
(0.584268788661236-0.12151397823499115j),(0.0159547423063161-0.00019224514311607738j),6256000000
(0.5853291380312927-0.11151855067940396j),(0.016565385673506284-0.00032838631428466574j),6256250000
(0.5779795560740096-0.10644244652158966j),(0.016124882737614813+0.000844202422375309j),6256500000
(0.5867281007850772-0.111473107503202j),(0.016960098442801403+5.9510070656487095e-05j),6256750000
(0.5809363605402735-0.10937409938072774j),(0.01684820655623293-0.00033487013146471143j),6257000000
(0.5848097114948512-0.1078604760370809j),(0.016558349072472143-0.0007702198410025757j),6257250000
(0.5817628833018275-0.11142956349822583j),(0.016231934272134995-0.00022945746241580895j),6257500000
(0.5834987655878054-0.11079597795506886j),(0.016083182670631833+0.0002777226457942856j),6257750000
(0.5817776633469482-0.11334983673554681j),(0.016299967653641535-0.00013344480266284453j),6258000000
(0.584733507454322-0.10814539570473665j),(0.016851294698155043+4.97964298632296e-05j),6258250000
(0.5849393284640866-0.11337668420526169j),(0.016795009235770725-0.00022882416346596372j),6258500000
(0.5798967779205568-0.11120465290776421j),(0.015675515828165038-0.0006126589202776776j),6258750000
(0.5888281611981367-0.11466982840673356j),(0.016025760350588544+2.4133974865642822e-05j),6259000000
(0.5884375063012046-0.11681979596005086j),(0.016054985205361125-0.001211071642284527j),6259250000
(0.5811629853430901-0.10773473056696546j),(0.01641821974098029-0.00027838782563340675j),6259500000
(0.5854009721525244-0.12090944949996803j),(0.015716256177122325-0.0007854568871826185j),6259750000
(0.5852141466222764-0.11325095538937416j),(0.016009785363449682-1.2037276684386455e-05j),6260000000
(0.5893722661891203-0.11360921317564812j),(0.01583689822934183-0.0002561125883733758j),6260250000
(0.5845284126344588-0.11421159436550972j),(0.01608900191443401-0.0004633855028854407j),6260500000
(0.5797630160489977-0.11056765444757909j),(0.01622394762908189-6.577488750795656e-05j),6260750000
(0.5876670707718097-0.11913445690961497j),(0.016511192442703812-0.00015096927040110172j),6261000000
(0.5897920695682418-0.11905206324636343j),(0.01710679363205398-0.000452216995821903j),6261250000
(0.5875716762216626-0.1155548935307541j),(0.016628499077684215-6.094325333374606e-06j),6261500000
(0.5854954082516582-0.11483265535217002j),(0.015965543179686226-0.0005139460997109526j),6261750000
(0.5897206567032387-0.11435999470560895j),(0.0168760338894604+0.00041912212471318164j),6262000000
(0.5934451502780879-0.11894808995265883j),(0.01669601101151901-0.0006099392642243531j),6262250000
(0.5838195791695623-0.11871796709936644j),(0.01678202011826145-0.0006372513699958848j),6262500000
(0.5879744396527848-0.11749161761650702j),(0.017151137947945556-0.00015215191740113596j),6262750000
(0.5844364016861534-0.11654299220818706j),(0.016222200956415692-0.00113446075266447j),6263000000
(0.5851540329501488-0.11760444940916734j),(0.017198066427387793-0.0007392269908857822j),6263250000
(0.5896660471555323-0.12540020208602243j),(0.017212967907858905-0.00025284231607330997j),6263500000
(0.5811744524944329-0.11205126150393994j),(0.01716497450080393-2.8392329747930806e-05j),6263750000
(0.5822610326430352-0.10962688926636577j),(0.0173016613464425-0.0005370705060093035j),6264000000
(0.5945156103397898-0.12244985281027236j),(0.016384931911839103-0.0015910640551329964j),6264250000
(0.5888528350052601-0.1180685974741337j),(0.017556314464517025-0.0006076380699291821j),6264500000
(0.5905299647796353-0.11938772023878554j),(0.016096327597520232-0.0012181596971971775j),6264750000
(0.5855395484022816-0.11587582646332371j),(0.016638138727611385-0.0011049406929599685j),6265000000
(0.5915254319400934-0.12332505705031056j),(0.016652813814150295-0.0008589900298944769j),6265250000
(0.5851159695462562-0.11679097926200606j),(0.01699440248241651-0.0010235257035540349j),6265500000
(0.585949070193479-0.1152405580224608j),(0.0170325824819824-2.835094110382975e-05j),6265750000
(0.5962132111231533-0.12409999980382183j),(0.016751580279904324-0.00041294208136959695j),6266000000
(0.588957117894939-0.1123133918887069j),(0.016939592879022306-0.0008234716756831072j),6266250000
(0.5930160262979495-0.12022527234291587j),(0.017199709169110525-0.0002197511432839366j),6266500000
(0.5918794254683135-0.12167701711117374j),(0.016088654796492106-0.001407815716956541j),6266750000
(0.592695965309112-0.12250570044278342j),(0.017417079817027014-0.0010398813872323845j),6267000000
(0.5927316402404706-0.11797885000647515j),(0.01743797494006114-0.0006404071464433755j),6267250000
(0.5892104784013836-0.12036807921994792j),(0.01704305328508264-0.00015209485779495873j),6267500000
(0.5929943499035119-0.11984369745233253j),(0.01716193016909172-0.0007095724227799314j),6267750000
(0.5880122567430368-0.11773240610438328j),(0.01631542751585462+6.43974114176429e-06j),6268000000
(0.595001128084793-0.11907440589334196j),(0.016535571585263063-0.0002299857443379766j),6268250000
(0.5898529956526168-0.11877343699970311j),(0.0159128250188753-0.0008947817885249414j),6268500000
(0.5869508085361541-0.1150637479017841j),(0.01597549636327123-0.0005895947236088339j),6268750000
(0.5959749455992216-0.12446410970270515j),(0.016090823754427826-0.0007265544118621569j),6269000000
(0.5996135796116718-0.12669946005126412j),(0.016381838486489452-0.000279459761586145j),6269250000
(0.5904450168679044-0.11803952543305538j),(0.015565561589169618-0.00022770767545591132j),6269500000
(0.5916952534658095-0.12430152593855937j),(0.016554326490162415-0.0008367015125676729j),6269750000
(0.5894008724042817-0.12047849038310242j),(0.017118141299928016-0.0007678807980489144j),6270000000
(0.5964549683125885-0.1287858981922807j),(0.017224631592074047-0.0005561787085676431j),6270250000
(0.5968281673208133-0.12333584994603901j),(0.01636958743100648-0.0009773175234730992j),6270500000
(0.5918574098009491-0.1252556959678822j),(0.016437860297210574-0.00028152108693024194j),6270750000
(0.5944371987770949-0.12614122056011282j),(0.016509340501833215-0.001003164101620005j),6271000000
(0.5916894874268404-0.128354487706829j),(0.01698077722341543-0.0007280305403855507j),6271250000
(0.5916099256825983-0.12165689494479658j),(0.016578970517453558-0.0011245007406105844j),6271500000
(0.598527967745759-0.1307178408958538j),(0.015657784011333203-0.00027643627077479584j),6271750000
(0.5882898821974792-0.1239261353000279j),(0.015989179310006763-0.0005527423900643675j),6272000000
(0.5947008035987388-0.12885797201987317j),(0.01656625371683616+9.439021348814542e-05j),6272250000
(0.5867337321062426-0.12413993422317167j),(0.015969383626011097-0.0006677761946719282j),6272500000
(0.594748759067364-0.1304482498727596j),(0.016042263214593448-0.0010848475784999683j),6272750000
(0.5978421021364058-0.13246930376338323j),(0.016441208814618632-0.0011215190172712247j),6273000000
(0.6024548100694115-0.13130824627982524j),(0.016367416227905256-0.0010896547539114732j),6273250000
(0.5987440575517092-0.13085751697119055j),(0.01653193235765832-0.0004951465233995005j),6273500000
(0.5933586134305896-0.12864514649387496j),(0.016338955598706854-0.00098582288370336j),6273750000
(0.5926137386054269-0.1311500845238433j),(0.01634101556490434-0.0008020915957732174j),6274000000
(0.597828523849296-0.13374964313893498j),(0.01620283392458835-2.9038732466722585e-05j),6274250000
(0.5960198712924546-0.13212021632798868j),(0.016325429421409018-0.000194711693347394j),6274500000
(0.5897947629226599-0.1298962840606545j),(0.015931735237257508-0.0004812828723535559j),6274750000
(0.593278672111367-0.12915686468099125j),(0.015196285403964114-0.0004383428445763654j),6275000000
(0.6038725644573366-0.14151806811070855j),(0.0165295909920639-0.00076216323083901j),6275000000
(0.5885362498700059-0.12873168863523587j),(0.01563017180351986-0.000275355354447416j),6275250000
(0.5935551612026136-0.13570190663125378j),(0.01645860620315623-0.0010860337913902172j),6275500000
(0.5902880086358931-0.1301352116435965j),(0.015716815504305454-0.0009046617502415956j),6275750000
(0.5892363545658312-0.13256370870017398j),(0.016092222447502056-0.0006698271061204041j),6276000000
(0.6027619909512575-0.13711935881139214j),(0.01683232796900084-0.0009064785922579194j),6276250000
(0.5879371131453225-0.13527552006794819j),(0.016422815096468004-0.0006715069489875273j),6276500000
(0.597368153601924-0.1369449876031069j),(0.016772766509449-0.001678834808661675j),6276750000
(0.5917190739635064-0.12974619607365195j),(0.017244441032471015-0.0005590147213770404j),6277000000
(0.5917346279526388-0.13691618669432548j),(0.016792129949863746-0.0007780232664334446j),6277250000
(0.5908868967076542-0.1387312039985098j),(0.016328226635754853-0.0009313927384724833j),6277500000
(0.5893946696888691-0.1369039012853246j),(0.016839759391084706-0.0010370621705345973j),6277750000
(0.5918735346851539-0.13674618751087772j),(0.016282195563351826-0.0003994121334266153j),6278000000
(0.5864546173094467-0.13610090591947338j),(0.016776631139862608-0.0010450838202344592j),6278250000
(0.5915980991400351-0.14033397592046756j),(0.016968491621520337-0.0003705976676300019j),6278500000
(0.5913124466058476-0.13802385767667685j),(0.01651959112164176-0.0006300257686989823j),6278750000
(0.5818181830568127-0.13411707427001207j),(0.017305657491246174-0.00012519851853024996j),6279000000
(0.5905870575258672-0.1421830713889363j),(0.016344135989869644-0.0010489938469347858j),6279250000
(0.584220259349723-0.13891938154277036j),(0.017398428036562993-0.0005510500498084807j),6279500000
(0.5890197190386949-0.13964309605041794j),(0.01641462775601145-0.00045297245256812496j),6279750000
(0.5882607688417487-0.13735007424167686j),(0.017221832852113265-0.0010634165521763315j),6280000000
(0.5862401269767078-0.14019237146296565j),(0.016385155926328658-0.0007508483702159618j),6280250000
(0.5930980940080378-0.14289728935679719j),(0.01621974581547659-0.0005867080578017562j),6280500000
(0.5847751424571154-0.14104678600046394j),(0.017359967066885546-0.0005763924374014785j),6280750000
(0.5879993162208792-0.1442681139771539j),(0.016325822932145392-0.0010209757431860651j),6281000000
(0.5886151919268658-0.14292596722447307j),(0.016781485080873078-0.00015869357342360212j),6281250000
(0.589560199387239-0.1388882020950453j),(0.01682409004529184-0.0014336517164621292j),6281500000
(0.5933183926706996-0.1426070253574542j),(0.01754931652210278-0.0008494190607170429j),6281750000
(0.5887365645028168-0.14469235426647234j),(0.017129766598382605-0.00103567795648246j),6282000000
(0.5950458806678495-0.14558725402018668j),(0.016159200702474938-0.00128032595730441j),6282250000
(0.5958755226882846-0.1477955338614129j),(0.016708721280494766-0.0008229558176345664j),6282500000
(0.5913954759607649-0.1451464116462963j),(0.01659239803634694-0.0019786053529988025j),6282750000
(0.5901585098532147-0.1472699425203547j),(0.016717464840767426-0.0015609156558358786j),6283000000
(0.5906619810515479-0.14491473009933722j),(0.016188246145158854-0.0012315764431278869j),6283250000
(0.5982708767628657-0.14981028638441732j),(0.01725018389909269-0.0015795748924747203j),6283500000
(0.6025762813722307-0.15497325285538413j),(0.016290159297251805-0.001169364875347167j),6283750000
(0.5914615981729189-0.1494131270268446j),(0.016935239809417413-0.00031390661115865935j),6284000000
(0.592789268516599-0.15504774043521735j),(0.016265043366478747-0.0008469483692517253j),6284250000
(0.5937224940370355-0.1501305252032555j),(0.01627915911627197-0.0016079833372270942j),6284500000
(0.5998746522360422-0.15214993327836107j),(0.017021531863889824-0.0010810282887633734j),6284750000
(0.5985200830241685-0.15243359454352748j),(0.016603031152468285-0.0017688785842334958j),6285000000
(0.5934669826134493-0.15323209073677266j),(0.01726762103232954-0.0004612648498626007j),6285250000
(0.5987805587925528-0.154757965210014j),(0.016451507647943713-0.001138954431882437j),6285500000
(0.5944326950386368-0.1539168514521021j),(0.016877176690442225-0.001418603233346219j),6285750000
(0.5978076820164062-0.14949893407041506j),(0.01731713234388251-0.0008270155075596939j),6286000000
(0.5983348156899212-0.160129383648655j),(0.01726468166711081-0.0014599924149873331j),6286250000
(0.5971139693640691-0.15649847593287616j),(0.016598570907493535-0.0013341711731675822j),6286500000
(0.5984615950743415-0.1570954369148349j),(0.016789239326617637-0.0014771957407200419j),6286750000
(0.5993707915067882-0.1554191986328734j),(0.016081531431455513-0.0014479301268734844j),6287000000
(0.5962075424251321-0.15515961102920683j),(0.016437110994177787-0.001661821118216558j),6287250000
(0.5993831127454038-0.15825183643981272j),(0.017091871065366315-0.0014999197977532853j),6287500000
(0.5980891943377041-0.15600548876672723j),(0.017147265285812383-0.0018407062133312688j),6287750000
(0.6069610032391185-0.15766255109989535j),(0.016211201578472497-0.0009891457882526902j),6288000000
(0.597419128497011-0.15911407483003284j),(0.016108375480004614-0.0012759590169278952j),6288250000
(0.5991240500992544-0.15874185292557644j),(0.015893876265432108-0.0015590341695021334j),6288500000
(0.6019802936907718-0.15547959384783125j),(0.016163014471659402-0.0021833279809528707j),6288750000
(0.5975777891077623-0.15530930190710554j),(0.016255911004206966-0.00252754688628594j),6289000000
(0.6005930698856744-0.15779651941611972j),(0.015702447362180173-0.001786710067977698j),6289250000
(0.6045676762002575-0.15574044882191126j),(0.015927949552766073-0.002088142566617785j),6289500000
(0.600666232558883-0.15706454723260782j),(0.01639052451597254-0.0013673372143407222j),6289750000
(0.6027409572762877-0.1550883917194234j),(0.01671256213096446-0.0021103961034902507j),6290000000
(0.5958158728794228-0.16024118862125958j),(0.016012171481465734-0.0014021112890678946j),6290250000
(0.6003863428721531-0.15950690405327778j),(0.015854083864022293-0.0008351962653270692j),6290500000
(0.6023989355024264-0.15995205789635789j),(0.016588106006059037-0.0019824755673940563j),6290750000
(0.5985006452053568-0.15651635709524958j),(0.015970648072079888-0.0013099829940470098j),6291000000
(0.6003604645067674-0.15796374027288437j),(0.016032265372978548-0.002382474842360092j),6291250000
(0.5995661338257368-0.1615036014312739j),(0.015834973605276515-0.0020259492874542566j),6291500000
(0.5978625849396387-0.1590489838330722j),(0.016024333579652997-0.0021766409786193822j),6291750000
(0.602845392737032-0.16412151944130324j),(0.016819119161800195-0.0021581091870158174j),6292000000
(0.5981102001091931-0.15822156268247173j),(0.016406656114806708-0.002190649436986251j),6292250000
(0.6010363273992033-0.1604596348605031j),(0.01617250053520573-0.002618400024866517j),6292500000
(0.5954213871502341-0.1626412055512646j),(0.016018377060094166-0.0014470763863219697j),6292750000
(0.597276615987711-0.16267308997937266j),(0.01624158740468671-0.002325585560921053j),6293000000
(0.6018730659548005-0.16422299570922144j),(0.016641544119797742-0.0018561996104059716j),6293250000
(0.6009917915344652-0.16305988862007337j),(0.016628829838761572-0.0007421216390611314j),6293500000
(0.604684107114002-0.16614717497309883j),(0.01601576493004087-0.0018186338759745757j),6293750000
(0.5925821308600631-0.1647261110517747j),(0.015665359705783227-0.0010655769544131632j),6294000000
(0.6043371844603779-0.16720719736884876j),(0.01644182482248888-0.0017088444339418603j),6294250000
(0.5979251878299118-0.16516052537487289j),(0.01648003829085007-0.0024477539201492576j),6294500000
(0.5956509423326409-0.16655967995836526j),(0.015925810413884245-0.0011815774294663968j),6294750000
(0.6045599722271847-0.1680140759858135j),(0.016793302220297925-0.0014166090332988499j),6295000000
(0.5928397412805746-0.16681679683588327j),(0.01653412042566421-0.0020037386475165843j),6295250000
(0.6004719702280812-0.1683630463196625j),(0.016910823037254226-0.0017025224378254592j),6295500000
(0.5976577961697387-0.1685660632436021j),(0.016483391595819397-0.0021337378540465133j),6295750000
(0.5954206959963735-0.16712705797913963j),(0.016874576627718102-0.0007877368859224422j),6296000000
(0.5995090607542947-0.16973320874000758j),(0.0162448761847164-0.001774337059007956j),6296250000
(0.5916487148748901-0.16754066387001273j),(0.01635404629241935-0.001383150513143602j),6296500000
(0.5976614601441015-0.17278473341300096j),(0.016597275640358875-0.0020896209970221753j),6296750000
(0.5962921840876582-0.16641354664412591j),(0.016391592273345124-0.0016419279087354648j),6297000000
(0.6013465878095036-0.17114921780996797j),(0.016901392513861222-0.001282030451540977j),6297250000
(0.5999769559557827-0.17298130417664265j),(0.01669071960004894-0.002353857548938335j),6297500000
(0.5939255003843713-0.17369943624434958j),(0.017041974500129974-0.0014067814189455655j),6297750000
(0.5938778304438315-0.16976780976459374j),(0.016742230816631343-0.0018349088379333467j),6298000000
(0.5973034996706729-0.1722091033402572j),(0.017376696195602948-0.0013566029759681996j),6298250000
(0.5933848396352498-0.17158746490646806j),(0.017451794822959697-0.001625696994277519j),6298500000
(0.606767449820552-0.1758117228644035j),(0.016632531140497418-0.0016609502833695648j),6298750000
(0.5964284886135552-0.17294845368750655j),(0.017500932292558075-0.001694067047128329j),6299000000
(0.6042427374189203-0.17418930698508062j),(0.01670984363471792-0.0019966601870518323j),6299250000
(0.5975089706920972-0.17446172768040014j),(0.016836067819989635-0.001932574894290826j),6299500000
(0.6036336443917475-0.17242696474146924j),(0.016840187953186262-0.0014133960257426855j),6299750000
(0.5976375362257731-0.17655808545846524j),(0.016474118890563147-0.0016173587453830313j),6300000000
(0.614304924603743-0.1735780018287563j),(0.01756530573445326-0.0016807730664098368j),6300000000
(0.5985084479332566-0.1767299046460929j),(0.017392799255464747-0.0015835201949877425j),6300250000
(0.5940436116829308-0.17162642204743234j),(0.017614012758692857-0.0008365350105067728j),6300500000
(0.6027835571926786-0.17566823782169988j),(0.017692063331535824-0.0019687723905156213j),6300750000
(0.59353908657941-0.17256167192984784j),(0.017966686769835122-0.0011797966631061432j),6301000000
(0.6036630289194791-0.17575699260596628j),(0.01779773361492518-0.0023809550979386187j),6301250000
(0.5982323597343928-0.17650214474977996j),(0.01809595282859147-0.0020060050236319453j),6301500000
(0.5970487068915846-0.17579887031321398j),(0.017410871526721695-0.0008225095303014398j),6301750000
(0.5961760313926717-0.17352139404690134j),(0.017048917023147866-0.0017686533463975487j),6302000000
(0.5983571248455369-0.1748584432428198j),(0.018204710089938944-0.0021896835386925693j),6302250000
(0.6016781559927032-0.17612012143168285j),(0.017312287732054635-0.002255341514072155j),6302500000
(0.6000320597404015-0.17046636712312335j),(0.017741139771431852-0.0011176771593726196j),6302750000
(0.6043585481628778-0.1776101923997616j),(0.01768214561096465-0.0019621333417540114j),6303000000
(0.6059087739540361-0.18042472850974425j),(0.018235897894599593-0.002503557786176771j),6303250000
(0.60177363832969-0.17588277304915118j),(0.017948443632367344-0.001492096119218348j),6303500000
(0.6043553129416402-0.17861669853754503j),(0.016864802336348184-0.002036181616449757j),6303750000
(0.5979155363052439-0.1765402615980405j),(0.0172525083793747-0.0026104755731341397j),6304000000
(0.6030512847451438-0.1783120310019386j),(0.0171589325496655-0.0025582608277222685j),6304250000
(0.5955903506466103-0.17501222589893595j),(0.01760709796636347-0.0015647241188879162j),6304500000
(0.5961231281073085-0.1772225550306338j),(0.017239402318030558-0.002337858429293007j),6304750000
(0.5960580920782528-0.177703832374606j),(0.01785542536677207-0.00133083815605959j),6305000000
(0.6019252059135658-0.17990446709870325j),(0.01794835529637284-0.001854119348323105j),6305250000
(0.596507879922112-0.17970931356573575j),(0.018022180767056393-0.0021208257217262922j),6305500000
(0.5983828736385199-0.1783271628158645j),(0.01773527582481879-0.0013710289952554868j),6305750000
(0.596530363871446-0.1774552628852612j),(0.0176248176074448-0.0023075486717795326j),6306000000
(0.5977292102742016-0.18051945735718544j),(0.018505842167484104-0.0021323464902427277j),6306250000
(0.5986683388622501-0.1812614463405827j),(0.017690681603198283-0.001518140641678724j),6306500000
(0.5957421521463651-0.18096244111333343j),(0.017900931707060808-0.001382085751193582j),6306750000
(0.6015629650941744-0.18031872547252553j),(0.017210667075086235-0.0023518150240563127j),6307000000
(0.5955822424217878-0.17548800298083153j),(0.018492855428784743-0.0013431139473295464j),6307250000
(0.6003814030267067-0.18093741400341812j),(0.017981361742264498-0.0017135365599540437j),6307500000
(0.5887059764883915-0.18380066023411062j),(0.018404549543627993-0.0017189700155046488j),6307750000
(0.5945914301680776-0.18425939825472157j),(0.0175051403129023-0.0011212209397576207j),6308000000
(0.5886489337039454-0.18053714935452275j),(0.017309430730423642-0.0025306790310851476j),6308250000
(0.5879805404309706-0.1852524164199767j),(0.017168983637611723-0.002469001212660572j),6308500000
(0.5881765899205625-0.18900263715054813j),(0.01756353770424546-0.0028033937375721335j),6308750000
(0.5837380394850851-0.19301185279234062j),(0.01783167134865014-0.00221494304609881j),6309000000
(0.5834583218186427-0.19174800897222263j),(0.017941645410180965-0.003186731606667369j),6309250000
(0.5828488251031148-0.19383293723046455j),(0.01758847762819782-0.002722660370008334j),6309500000
(0.5824365468060899-0.19536548727476466j),(0.017571863434897635-0.0036307323180777324j),6309750000
(0.5764366776756561-0.19284382625382862j),(0.01719081272520776-0.0033574731677364633j),6310000000
(0.6056916953906092-0.19261411334154482j),(0.01740686837992374-0.004677428182414637j),6310250000
(0.589737677201902-0.1910483748907235j),(0.01602514765983858-0.005230002980812199j),6310500000
(0.586842191182677-0.19838876214286652j),(0.016543288103498047-0.007596869945568488j),6310750000
(0.5767197606572058-0.22491041502352646j),(0.013787822209888384-0.004797359815705112j),6311000000
(0.5786187443799417-0.21940674895894757j),(0.014353441914205445-0.0055890378800075476j),6311250000
(0.5757179701949099-0.2313021556182885j),(0.01441984457248506-0.0031360577354819772j),6311500000
(0.5706481875702186-0.2331901026970671j),(0.015573082969412072-0.004640699223658546j),6311750000
(0.5616614974488452-0.24102249180387858j),(0.013161673145033423-0.005717440900989064j),6312000000
(0.560705796962607-0.21898546254427376j),(0.014130920833795486-0.00430577239636026j),6312250000
(0.5725371512879076-0.23454597538639363j),(0.012938601236479946-0.005511157249695159j),6312500000
(0.5566492871839794-0.2420282836361306j),(0.015321998219351405-0.00557869159070645j),6312750000
(0.5724818955151056-0.22467850959006205j),(0.015707315566383055-0.005053792481653734j),6313000000
(0.5572966421685028-0.21811969805708314j),(0.015457823374977153-0.004585184682708478j),6313250000
(0.5747692303002583-0.21527583664423047j),(0.01597944379334359-0.004926953898073071j),6313500000
(0.5878504331051013-0.24198250689026107j),(0.013657172851917972-0.005046232930903889j),6313750000
(0.5662164214530112-0.22647800733152917j),(0.016856004152466512-0.006818267175444065j),6314000000
(0.5735812366881597-0.2284573288233071j),(0.014065699508831344-0.0070181368471367534j),6314250000
(0.5919216739379207-0.2359033754342107j),(0.015995800281768294-0.0062033961550370855j),6314500000
(0.578300119463857-0.21424560979139964j),(0.016174901301895098-0.0025892986732511327j),6314750000
(0.5973117292500653-0.22541972549969602j),(0.015833304228929184-0.007179480765944516j),6315000000
(0.5745552475049925-0.22809932631897076j),(0.01619535409475168-0.0059660202214856205j),6315250000
(0.6003964091947263-0.22201185013377153j),(0.013062984767143241-0.004457995523941814j),6315500000
(0.5808761302086255-0.2344841317162073j),(0.016368044760886387-0.004810203161035684j),6315750000
(0.5965906276044153-0.21810831812863757j),(0.015439623903766237-0.003806895111285823j),6316000000
(0.5785002756451463-0.21363464441319666j),(0.01774359692105361-0.005600273102968038j),6316250000
(0.5905400315418087-0.20717282997309475j),(0.016534544556384236-0.005679118824959835j),6316500000
(0.5940667734680403-0.20493572709657817j),(0.0157126887233069-0.004454673314159941j),6316750000
(0.6038480775536273-0.21585795786108608j),(0.01572528037150945-0.0056546840660374j),6317000000
(0.6046418911783432-0.21379965954395982j),(0.016405429489115067-0.005355760438390177j),6317250000
(0.5747815688071106-0.19518596376998357j),(0.021236657657897683-0.005440915832838958j),6317500000
(0.5900718451169513-0.21764403758344006j),(0.01686524126667002-0.0073255576583036285j),6317750000
(0.5858702603231986-0.20671092409552952j),(0.01476074794405076-0.0071828156661558175j),6318000000
(0.5838197271697122-0.2139666987320814j),(0.01691240733432048-0.005759729152978287j),6318250000
(0.6040621392017721-0.19149886026578528j),(0.01673147540618699-0.00529327458691365j),6318500000
(0.568273555261578-0.2224273020864953j),(0.020052956038930737-0.005889348371085989j),6318750000
(0.587956055342073-0.22462425098817151j),(0.018955318716196892-0.004524605524347328j),6319000000
(0.5852428984291461-0.20660315733942536j),(0.01648228003010863-0.005403844571975165j),6319250000
(0.6081623572665779-0.1964699352084906j),(0.019164904963908585-0.005963224432564436j),6319500000
(0.5794559739327437-0.2148737421466281j),(0.016805949447527755-0.005895340559694151j),6319750000
(0.5656960776299775-0.2214994787542418j),(0.020285880150695355-0.0031972269986698227j),6320000000
(0.5708648328714138-0.21132707931627898j),(0.018724553336403625-0.0012572681953519948j),6320250000
(0.585286998722016-0.21400792998883106j),(0.0186395418264954-0.00801030760887426j),6320500000
(0.5884914705509602-0.2157484674204108j),(0.019424959427372553-0.007622009974706258j),6320750000
(0.5873867906731027-0.20516725418419052j),(0.01689913746321881-0.003403734471768313j),6321000000
(0.5856898163160024-0.20815701519707572j),(0.014789452963961168-0.006399200138945881j),6321250000
(0.5940333084080456-0.20543269242144635j),(0.016469479542431203-0.006691767338140303j),6321500000
(0.5825756520732431-0.20897519452970156j),(0.01784347408105863-0.0029963586917324883j),6321750000
(0.585813795203431-0.2049114042941392j),(0.01673307553458156-0.006948579082456318j),6322000000
(0.5747586178998104-0.20882222438993012j),(0.015684354079967346-0.008176112052883829j),6322250000
(0.5911049119898715-0.2204078899733038j),(0.0176925229206169-0.0031842994682874846j),6322500000
(0.5609860987865641-0.23787610704971887j),(0.016840574807735095-0.005968129103384575j),6322750000
(0.5609269148919295-0.22058483152673578j),(0.017127519252529335-0.006821328560912532j),6323000000
(0.5776765036681442-0.22144745786312933j),(0.01440425845076993-0.004953855348844362j),6323250000
(0.593202174090995-0.21796490930454704j),(0.01701069666471277-0.004141321796733181j),6323500000
(0.5518897502059577-0.21718246892425155j),(0.019124558125164812-0.006769282418233123j),6323750000
(0.5825357649667675-0.22680733213197168j),(0.016304997180412638-0.004772161987139479j),6324000000
(0.577405403712951-0.21139858635569467j),(0.01568857647178688-0.006977392387932767j),6324250000
(0.5787947423290787-0.22345182577031125j),(0.01790422987478406-0.004143989640589433j),6324500000
(0.57742571890303-0.22002561993904804j),(0.01895548184928273-0.0039635180179775405j),6324750000
(0.5852295780396893-0.2017563033550671j),(0.01424334393249345-0.007394761561618956j),6325000000
(0.5685145166984451-0.21078353239823114j),(0.018237432656398392-0.005335790875337264j),6325000000
(0.5735928995299451-0.21981666060919036j),(0.016171800361953405-0.006063535679485619j),6325250000
(0.5681380455902508-0.21504490752350738j),(0.01706967585429529-0.006206111627268146j),6325500000
(0.5826831955679644-0.22881865012924993j),(0.013697733164066637-0.007123012235762941j),6325750000
(0.590093032362993-0.22333494167317838j),(0.01598518589566441-0.009393211848021988j),6326000000
(0.5766571802385694-0.21302633238305826j),(0.01463965245796244-0.005082601954597741j),6326250000
(0.5907463763972197-0.20773382602711515j),(0.015934061899949333-0.006459430219602467j),6326500000
(0.5658724952540175-0.2112129173229223j),(0.015210110711488608-0.0019424502222290963j),6326750000
(0.5711554560096275-0.22197174976452586j),(0.015069203030896148-0.004920556614999211j),6327000000
(0.5568662977075243-0.24416383638912562j),(0.017860515256507108-0.007023106234120978j),6327250000
(0.6077307105953613-0.203022591282096j),(0.012820658034332742-0.008274834306558919j),6327500000
(0.5883242375812615-0.22086356932864104j),(0.014350854990475559-0.003437247192609738j),6327750000
(0.5854974103427424-0.218231848200952j),(0.014177045426944274-0.0075714696622620125j),6328000000
(0.5671709448789838-0.22638638782813492j),(0.014743459511005794-0.00644434710937819j),6328250000
(0.578067059208264-0.21860542691040405j),(0.01749489749907294-0.004893557917410689j),6328500000
(0.6008401567721401-0.23383022356388952j),(0.015023785423785296-0.00595665695431813j),6328750000
(0.5821143302021399-0.21048879978331342j),(0.015732194507800352-0.007856654530028881j),6329000000
(0.5907011090953946-0.22751774630921337j),(0.01493953729671545-0.005270389445237653j),6329250000
(0.5966457068996138-0.2181812609830932j),(0.01671500858458964-0.009272333593151189j),6329500000
(0.5846121433726703-0.22296052133541375j),(0.012084352885347382-0.009254778850306613j),6329750000
(0.5970466684223372-0.22316675801959948j),(0.016738524138586824-0.009262966510040825j),6330000000
(0.6130199920961925-0.20483396160441178j),(0.015020501887864466-0.005336365091024879j),6330250000
(0.5886925409211629-0.22192317809831807j),(0.01641266999868959-0.005554613380295547j),6330500000
(0.6098684378399414-0.21738935508532087j),(0.01770581666928449-0.004030454722455478j),6330750000
(0.5852162191147625-0.22632274252262907j),(0.016483741585196766-0.007404666470151368j),6331000000
(0.5866327303469653-0.22001415993572607j),(0.01590634144941398-0.007154947761713542j),6331250000
(0.591921915927635-0.2054510862359147j),(0.015348239643775996-0.0052611374291227754j),6331500000
(0.5982158979446732-0.21896321427773385j),(0.019103936756883516-0.0037813368995494425j),6331750000
(0.6157130201724471-0.21708577089344253j),(0.01578380881579584-0.006577648829909675j),6332000000
(0.6012177765888376-0.20947704208097884j),(0.014399074869560689-0.004095713935739513j),6332250000
(0.6040784542996833-0.2273146595504139j),(0.018987296671083963-0.0065153969009561705j),6332500000
(0.618696256741678-0.22236017065565875j),(0.016932573238983277-0.005773874104746538j),6332750000
(0.5983724642894547-0.23709363487559862j),(0.015218560911123667-0.004273649891965015j),6333000000
(0.6218191863885787-0.23035581116217294j),(0.0167474434670367-0.00729249026140519j),6333250000
(0.586749952654155-0.23019799813601158j),(0.0193123716660472-0.003124252589890994j),6333500000
(0.6148164862168652-0.22659055497224292j),(0.01690350269120717-0.011167945254338448j),6333750000
(0.6060202026403037-0.2332669445744204j),(0.018341776791528996-0.0048976724694433085j),6334000000
(0.6051506013529202-0.2051667057257554j),(0.02137245725257458-0.005737414294121497j),6334250000
(0.6004509432485233-0.21843741871134478j),(0.02051296544018413-0.005831755365102314j),6334500000
(0.6049643996609116-0.21790435625904167j),(0.018221813668260877-0.006164332447817251j),6334750000
(0.6147730638235085-0.21910734067348647j),(0.018837491582174973-0.005965510660251172j),6335000000
(0.5985368972435287-0.21210972814755397j),(0.02009583749635627-0.005239840179748838j),6335250000
(0.600683401507217-0.22903219376340742j),(0.019510433265952244-0.0036141040550010713j),6335500000
(0.6087590277481252-0.22284589456872478j),(0.01725028324858851-0.005326039972087548j),6335750000
(0.6267871756909875-0.22800951996821106j),(0.019579541990080974-0.0051471017439569736j),6336000000
(0.5953006983352259-0.22971489389132418j),(0.019773697347860126-0.010284447845483944j),6336250000
(0.6219883326300706-0.23051730543457918j),(0.017981276816583253-0.005479791726990591j),6336500000
(0.610129520360243-0.21745451437407387j),(0.01713825904369127-0.004639751845680958j),6336750000
(0.6058004087453196-0.24446657419735457j),(0.01639700602245942-0.005525516732355124j),6337000000
(0.5908596846362064-0.23816408359697375j),(0.01887706248175758-0.008863064850556691j),6337250000
(0.6053763269340015-0.23304586342807698j),(0.018124943146954745-0.006332699403698269j),6337500000
(0.6031248135617453-0.22206974008534194j),(0.016873385271219316-0.007215125770120561j),6337750000
(0.6078794633782217-0.2227780809543803j),(0.015811630919102124-0.00405432431579732j),6338000000
(0.5919885811252305-0.2024940575271086j),(0.016972617975776913-0.006092847640283784j),6338250000
(0.5927538774774986-0.21425099357049188j),(0.018775349401582642-0.008652895163551211j),6338500000
(0.6078728062299897-0.2339237990945917j),(0.017354521523093205-0.008980108269589443j),6338750000
(0.6005059096420086-0.22327954219997034j),(0.018021611144414296-0.005369244515291484j),6339000000
(0.5747696867411184-0.2311893046904598j),(0.01810727677361685-0.007978081937720701j),6339250000
(0.5982112683018428-0.21979253079507258j),(0.016820572026283356-0.005700364802819592j),6339500000
(0.5743841029718562-0.2176818003737194j),(0.020656295660365205-0.007574314618628682j),6339750000
(0.5840996170100801-0.24576481313913895j),(0.018414559905299215-0.007645837041752198j),6340000000
(0.580043566359711-0.2379739930009764j),(0.016452139439805582-0.0048707456733159725j),6340250000
(0.5915927928622052-0.21610258958430625j),(0.018026633420028366-0.004438507352023017j),6340500000
(0.590261499541131-0.23512265497875226j),(0.017661081091527902-0.01068723813094609j),6340750000
(0.5938900425083853-0.22385537859142432j),(0.020155186344057607-0.0038408315330901166j),6341000000
(0.5871617682491859-0.2285781136639397j),(0.017940552247501636-0.007827669688778127j),6341250000
(0.5852335182359244-0.2345943808449097j),(0.018174731303361308-0.005946291961301519j),6341500000
(0.598415786400126-0.22036225537805407j),(0.017391886935225052-0.006111663686164218j),6341750000
(0.5964010883256563-0.2446246453760156j),(0.02089725076785513-0.009006768105555583j),6342000000
(0.5874868079350543-0.24986379387715915j),(0.02113903668709244-0.006155869595159689j),6342250000
(0.5824755499255921-0.249127077903313j),(0.018419996380794806-0.008323056618121999j),6342500000
(0.5978608399160021-0.2252181594070574j),(0.01584871751641933-0.0031370349847901573j),6342750000
(0.5744632802316162-0.2210811368223543j),(0.019159769755807105-0.006688057903266995j),6343000000
(0.5883443783843144-0.24718639168701326j),(0.01881843298297106-0.003695919297173741j),6343250000
(0.6011491400387947-0.22857674628404984j),(0.018834213606739394-0.008553240768492544j),6343500000
(0.5628952863822674-0.23203444619421268j),(0.023587189417559957-0.008735490220198422j),6343750000
(0.5860770117212096-0.2244213741760629j),(0.018909751338158386-0.008253929916151643j),6344000000
(0.5757051755588173-0.24686480709090136j),(0.01915035764332361-0.007465299671047133j),6344250000
(0.5854421880722254-0.23265708333927168j),(0.020202496317598097-0.004953832165457029j),6344500000
(0.595255720304917-0.22244609573636612j),(0.01926655574767593-0.010301359266730906j),6344750000
(0.5708005837566176-0.22323599598976945j),(0.020795030006594318-0.010696706704681149j),6345000000
(0.588245964281562-0.23966356607355066j),(0.02006224945688666-0.0063753962137569195j),6345250000
(0.5849057341801638-0.2278392931313243j),(0.021363755593925678-0.007344258296449229j),6345500000
(0.591198321893417-0.22544292817124106j),(0.019724445885540846-0.0060185588545063435j),6345750000
(0.5792851030280579-0.23576217703829222j),(0.02039174558019524-0.006143920160271466j),6346000000
(0.5662960670308548-0.2441452092578017j),(0.01951534934425825-0.007183230942475265j),6346250000
(0.5774030421649728-0.22735760503599284j),(0.02385978426414121-0.009761508279321627j),6346500000
(0.5804179932209707-0.24543492255427254j),(0.02189006960548793-0.007727424409266303j),6346750000
(0.5778763278127333-0.23752214149514478j),(0.018493825825990025-0.006623346849818939j),6347000000
(0.587654751629437-0.22894872038406366j),(0.01729943852200894-0.004728787436255049j),6347250000
(0.6014214034271426-0.22375110168933807j),(0.01723555298762679-0.006095031735241918j),6347500000
(0.590154420478765-0.24252354227870535j),(0.022132472366327-0.006425030477217584j),6347750000
(0.5967846500116007-0.24934073151794417j),(0.01714668337073594-0.004815556368179081j),6348000000
(0.5795576244886006-0.23541084728999087j),(0.02055520917175363-0.010773144848193299j),6348250000
(0.588222576643183-0.2305820953961175j),(0.018681022014980952-0.0070620248946760365j),6348500000
(0.5679104747950581-0.2306277527506911j),(0.017306782819885815-0.006800900303954148j),6348750000
(0.6032207119673275-0.24595229941065097j),(0.020642946867973504-0.009216798501830482j),6349000000
(0.5871195616278547-0.24426857115438638j),(0.01907138898959714-0.00635902819430563j),6349250000
(0.590270135355426-0.251808032495808j),(0.01986606590308126-0.008536244698218141j),6349500000
(0.5694285275198734-0.2469939472560788j),(0.015099525888261823-0.010515776085329356j),6349750000
(0.61714522975124-0.2448746834220608j),(0.014169636824622906-0.0050092708732353535j),6350000000
(0.6005608956696533-0.2405535726822913j),(0.015927739819047-0.0036061066842691296j),6350000000
(0.5763645245592728-0.2546649357693714j),(0.0181824430824777-0.008614923113902075j),6350250000
(0.6139645768603842-0.22406997639802098j),(0.015498087670993789-0.0076486238433917135j),6350500000
(0.5797499389685569-0.23353756073161863j),(0.018684697368338905-0.008465735232749707j),6350750000
(0.591343139096093-0.2310443899196831j),(0.015372877126500163-0.008116092584968863j),6351000000
(0.567643089729068-0.2537495265087325j),(0.01641090089379679-0.008898804349656852j),6351250000
(0.5682562260212476-0.2498485433497976j),(0.016434713988305063-0.007255539136542576j),6351500000
(0.5993977223627884-0.23921487045204998j),(0.018571207449988428-0.008487005306084143j),6351750000
(0.5844569602317758-0.24179922402897722j),(0.017531195164286736-0.007933218431306475j),6352000000
(0.6051669378388821-0.255380653651682j),(0.015543707429079996-0.00990336877219042j),6352250000
(0.5889495265592057-0.24274457844992461j),(0.016632255926988724-0.009801036576517774j),6352500000
(0.5976149849055626-0.24728975223792798j),(0.015424930033239779-0.0066167449427489014j),6352750000
(0.5729254397874386-0.2508311577536241j),(0.015335501344352121-0.006803802132433519j),6353000000
(0.5963934614538701-0.25491537408689535j),(0.01385589319101604-0.0055442891434506324j),6353250000
(0.5813153235582016-0.2436148652691853j),(0.01637961601439066-0.008050189832999068j),6353500000
(0.6096243655941708-0.25151822167059573j),(0.015420163425628885-0.008600167680385918j),6353750000
(0.578178421688602-0.24921066525884591j),(0.017064412353014737-0.009480863050767091j),6354000000
(0.5791821927073352-0.2517359128428579j),(0.01619361310043755-0.009400730515040978j),6354250000
(0.5996884259188812-0.2589713181284055j),(0.017039426033389038-0.010129400363114284j),6354500000
(0.6006991302324777-0.24444006947422478j),(0.018384159545922752-0.009262198805933323j),6354750000
(0.5962492320164664-0.244326028415508j),(0.017169316255973073-0.009128822058928569j),6355000000
(0.5776841260543707-0.25763224274950836j),(0.019313781347366256-0.010055918216223456j),6355250000
(0.5847389773838247-0.24425257628477492j),(0.0188894336924225-0.007270480104649894j),6355500000
(0.5895093546191217-0.2293937013427157j),(0.017725611096587608-0.010071717089336657j),6355750000
(0.6010705280146524-0.25381469222985703j),(0.018631796737984676-0.007753910140611449j),6356000000
(0.5920247065772208-0.24168701199167267j),(0.016884847686835004-0.006526723162260973j),6356250000
(0.5875612415468047-0.2646255150649033j),(0.018858104223564445-0.011205902372561619j),6356500000
(0.6016221037138029-0.22586759629011363j),(0.013494911015471995-0.006418312451832709j),6356750000
(0.591273548265866-0.24214441628743j),(0.016000388749130304-0.008834425349574883j),6357000000
(0.6133432549639153-0.257393287557983j),(0.015351573286526542-0.00847330572190561j),6357250000
(0.5932356944384427-0.25267616601573906j),(0.019964710010766717-0.005410504249322292j),6357500000
(0.58559185494807-0.23675510856280846j),(0.01601488077690469-0.006413771513723129j),6357750000
(0.6050609763755144-0.24102348032476367j),(0.015747234796201343-0.012021200303797884j),6358000000
(0.5921121949356634-0.2432585685906777j),(0.016587828666712608-0.008527275241686411j),6358250000
(0.582347097922293-0.23492802576240937j),(0.02072096386951239-0.00725054052417662j),6358500000
(0.5933288864890076-0.23911122846597604j),(0.01897917848315287-0.009279664212084003j),6358750000
(0.5998056221743809-0.23832081753876166j),(0.017357636848979775-0.009163580846353308j),6359000000
(0.5920656653872521-0.25735919601649226j),(0.017919739682223212-0.009878300158650289j),6359250000
(0.600374923628218-0.2559999918651564j),(0.019583776926800904-0.007444325072538749j),6359500000
(0.5954714725560446-0.24037845652253384j),(0.019031827894746747-0.009408458881859804j),6359750000
(0.60539856952272-0.24727154693627332j),(0.014760222971860453-0.009146611994348052j),6360000000
(0.6010571032790973-0.24823339748504852j),(0.019561497153384205-0.008335219879410664j),6360250000
(0.6034311022182114-0.2532177969840784j),(0.018051907343736767-0.008382834535568052j),6360500000
(0.6213126075374584-0.26789388614326787j),(0.019378481198731545-0.007782411256789011j),6360750000
(0.6069678596991835-0.24901887570798412j),(0.020791291113593985-0.009268964191386396j),6361000000
(0.5978481705320858-0.251694179608037j),(0.02049254406149025-0.008425789388821603j),6361250000
(0.6009872395171748-0.23861557372979236j),(0.022065785372680686-0.009012597046954831j),6361500000
(0.6115954559679083-0.2615404565704745j),(0.021790564377686998-0.011060242581240182j),6361750000
(0.6042849978651508-0.25804010013473705j),(0.022524605684404148-0.007892832617157968j),6362000000
(0.5936364815960752-0.25903640737689637j),(0.020053240243037656-0.009156265097581934j),6362250000
(0.6307822214674689-0.26286439617629376j),(0.02105123258448012-0.004059528891511782j),6362500000
(0.6025121339688287-0.2464127544889097j),(0.018399681213705995-0.013055716711019238j),6362750000
(0.6164456272736312-0.2687473784977119j),(0.022665248642384533-0.007822221425165674j),6363000000
(0.5958763941176737-0.273771489805998j),(0.017810977356988538-0.008778165771930753j),6363250000
(0.6010382506531795-0.2694219101966359j),(0.018851788537469348-0.006013606891650895j),6363500000
(0.595925396638655-0.27480719336002235j),(0.019723505731337847-0.00983918253934185j),6363750000
(0.6114198167369357-0.25759507068442006j),(0.018949691103690984-0.008862600474794383j),6364000000
(0.6205039270593954-0.27171752785698017j),(0.020302677452725234-0.005594127445707352j),6364250000
(0.5848236731523122-0.2668154354119883j),(0.018759011406451864-0.0078029940777989614j),6364500000
(0.6172906501866602-0.25867727254022327j),(0.01912737451733757-0.007786914262581897j),6364750000
(0.5975228336917412-0.29463837520606345j),(0.019996933907573143-0.010163053138774806j),6365000000
(0.5941590841699353-0.2637070961358753j),(0.021012348547614777-0.00925438614769569j),6365250000
(0.6131930738134592-0.2712271323825754j),(0.02038814323023493-0.007919597250849779j),6365500000
(0.5961027375174466-0.2651019867623199j),(0.01850415095663816-0.005925365967137043j),6365750000
(0.5684307168999041-0.2659968878643417j),(0.022165794287324608-0.008381876120708325j),6366000000
(0.6155278972318534-0.249401487432144j),(0.01927439618825066-0.008893092187364546j),6366250000
(0.596955514915834-0.27491995132887076j),(0.016181497475019402-0.011048966281151925j),6366500000
(0.5796530190328767-0.2622274970240703j),(0.017046939712870274-0.008373145188899311j),6366750000
(0.5832410132224646-0.24777329708263296j),(0.017344463839376056-0.007479863609352719j),6367000000
(0.6273490402578182-0.26364953593136325j),(0.01909350276710705-0.01187585655770427j),6367250000
(0.5835332772142314-0.26085236764288317j),(0.017469189944045217-0.011578052581748908j),6367500000
(0.6162381463790217-0.24727650545726834j),(0.02003944939826439-0.007945501628153957j),6367750000
(0.5992000823802472-0.2740460107240575j),(0.023791732343359587-0.00917667755630396j),6368000000
(0.6184384101105168-0.24829639324855457j),(0.02281756850287763-0.01017091244783904j),6368250000
(0.6068469562677363-0.26494660327277314j),(0.018991735466094933-0.009433916743478182j),6368500000
(0.6024816424675495-0.274154171427415j),(0.02073012446690562-0.011360052287409267j),6368750000
(0.5915540786185951-0.2888633820201742j),(0.019638371238125767-0.010431279359496082j),6369000000
(0.6102758116718222-0.2798604792409607j),(0.023172621284751546-0.008258182264094529j),6369250000
(0.6107118395402428-0.25301899167009584j),(0.017380614846105848-0.009242636874398216j),6369500000
(0.6241413100558417-0.27229019295114226j),(0.01831571406291366-0.011260796971421617j),6369750000
(0.6272977436250757-0.275557931499727j),(0.016155912907047553-0.010442222059572912j),6370000000
(0.6169981500912658-0.2871358849800864j),(0.01991715968338457-0.014224642916505745j),6370250000
(0.6125027235239241-0.2634674152421828j),(0.016560449630293964-0.009231320024564506j),6370500000
(0.6401529480023316-0.27584536867705806j),(0.017952918091823058-0.00958802408400893j),6370750000
(0.6031601447651557-0.25631025468941937j),(0.015561553191939788-0.00957280160897399j),6371000000
(0.6172386160126961-0.28676071782534934j),(0.014886253480694134-0.01329283124069184j),6371250000
(0.6306217912538784-0.2986256810763245j),(0.019928981386934795-0.011565586362658416j),6371500000
(0.6163919696666008-0.28171286605801354j),(0.018342321651654035-0.010107151504263164j),6371750000
(0.6072821095262554-0.29484030941139194j),(0.01830402883267545-0.009601580106684065j),6372000000
(0.6274742988356495-0.2838680869461687j),(0.01892626374284367-0.010235114234961425j),6372250000
(0.604887826116924-0.29198936909207784j),(0.01877465149325803-0.013141576502787316j),6372500000
(0.6304023403018637-0.27706313145039063j),(0.01944962231783626-0.01066398243423036j),6372750000
(0.6221244765167239-0.26027606510932516j),(0.01754599587472914-0.011487457235305698j),6373000000
(0.6087808426726872-0.28488470653872655j),(0.017382885266327357-0.012901942694893281j),6373250000
(0.6394564946028998-0.2835294562602763j),(0.019785266478857654-0.008549650314751168j),6373500000
(0.6192126089905541-0.29735368635226106j),(0.01414873135934896-0.011524538772819773j),6373750000
(0.6359600887801168-0.265082536963004j),(0.01744486442778635-0.00918859830643306j),6374000000
(0.6364735269753661-0.26260323387447454j),(0.015386453931438341-0.011969854566623044j),6374250000
(0.6291998717001466-0.2817062027501811j),(0.020282274551229797-0.008919576872998883j),6374500000
(0.6496009011844134-0.2513323605072648j),(0.01683084101401056-0.008566420285668381j),6374750000
(0.6038911963652503-0.26338211519166327j),(0.022847775619221543-0.008472922327479527j),6375000000
(0.6149291162969771-0.27746042038329943j),(0.01586782352644465-0.0074773343896851465j),6375000000
(0.6278179937741253-0.26485466533361457j),(0.017814909833928444-0.009146997489147527j),6375250000
(0.6436854724323834-0.2648500139607178j),(0.01606286294393111-0.010748618864859318j),6375500000
(0.6011382023602224-0.25315824965028505j),(0.013716369148127279-0.01061819249135011j),6375750000
(0.6008681043894161-0.2688003933800082j),(0.016613293073248835-0.011925156006411926j),6376000000
(0.6411375866368124-0.26700072538118397j),(0.01757494308925912-0.008363355297382502j),6376250000
(0.6142537342938034-0.2821487339500123j),(0.015613614360922847-0.006411790797806111j),6376500000
(0.6431090283904575-0.2918133053803313j),(0.017298769616883702-0.00920542867752648j),6376750000
(0.6231441474807063-0.268797647502105j),(0.018648278600699852-0.009521724490203123j),6377000000
(0.6331028201418312-0.25488749354699725j),(0.016870485078301124-0.006360708832875637j),6377250000
(0.6248539014114911-0.2602290585881887j),(0.015241035624024072-0.007970721323914827j),6377500000
(0.6094743414080437-0.24998778661883506j),(0.01635735084922727-0.009355929407518592j),6377750000
(0.5844164815803458-0.25244329038731245j),(0.016014360926186456-0.010640234725402981j),6378000000
(0.6021967686005084-0.27360732034899254j),(0.018480269541759665-0.005885581333638775j),6378250000
(0.6102083590019871-0.25757123307330276j),(0.014582122913386265-0.009356890282591937j),6378500000
(0.5993410396436543-0.2661169824123776j),(0.01795953134406698-0.006930708337451946j),6378750000
(0.596836500649261-0.24756926023109166j),(0.016514548950694617-0.00864666083045708j),6379000000
(0.5979485979440972-0.27843411609162294j),(0.01731522169222801-0.00670435368482172j),6379250000
(0.5870050409839751-0.25838433623684287j),(0.016855628501551263-0.005751495744087603j),6379500000
(0.5763148446447809-0.2649148001102007j),(0.01868724597218529-0.007534259745252056j),6379750000
(0.6076067598883216-0.25261511470376735j),(0.016802268758146735-0.00803492839195728j),6380000000
(0.5921439500099288-0.2751576905710989j),(0.016640739355597324-0.011890248823085349j),6380250000
(0.5980668690260255-0.25427172109240653j),(0.017692891093159187-0.00805844352750337j),6380500000
(0.5963804081301061-0.23329581411020364j),(0.018512707425736498-0.007558605737163821j),6380750000
(0.5537397442294365-0.26908282345422163j),(0.018914362748532185-0.008844074768117105j),6381000000
(0.5957046514478513-0.2668290845376833j),(0.016212070464810085-0.006630196331536823j),6381250000
(0.5693498217657865-0.3039107928360144j),(0.016064628582204286-0.00846012728444509j),6381500000
(0.5954231225046208-0.2665216380381405j),(0.018358587415270237-0.006129625903891383j),6381750000
(0.5688860903099797-0.29141985303563195j),(0.018346300957304478-0.011534269561970845j),6382000000
(0.578905505096911-0.26780132137659474j),(0.02210618608541893-0.008604605399749828j),6382250000
(0.6021780960690724-0.30567025500538947j),(0.01747717917482759-0.01140491343143382j),6382500000
(0.5618726818603527-0.3013295840243777j),(0.01572235620040658-0.008637165122481947j),6382750000
(0.5781478451840832-0.27350671375197605j),(0.020626480169210152-0.012335037725802207j),6383000000
(0.5728731501770518-0.2894079416393687j),(0.019562755206082253-0.011142387201180456j),6383250000
(0.5668000942700923-0.29061300064735096j),(0.018609867978914067-0.013234340843235907j),6383500000
(0.5772493284487585-0.28331784304719576j),(0.018028864729206052-0.009668659045562862j),6383750000
(0.5682166539117721-0.30064938313542783j),(0.02087721005812093-0.012853790369468661j),6384000000
(0.5612566671505967-0.2811976062793025j),(0.02024291133041541-0.013066859912038056j),6384250000
(0.5864417333826512-0.29560262603671894j),(0.018876814537588767-0.010955093778008936j),6384500000
(0.5675247996658688-0.25916358939547063j),(0.018748576080128573-0.01204099699439641j),6384750000
(0.5816157095916409-0.28267556380096037j),(0.02029459231937527-0.014402012388472265j),6385000000
(0.5795337811736159-0.28918403878385535j),(0.018276585290956673-0.012643031030839661j),6385250000
(0.5962433721624543-0.284326476901401j),(0.02005781852524352-0.011689556463845499j),6385500000
(0.5893103620711588-0.26410409809631863j),(0.019030680708245158-0.012450035644013561j),6385750000
(0.5933264096650864-0.2951349008662458j),(0.018822303517865787-0.009577088641158795j),6386000000
(0.6023344089265901-0.2539524028430447j),(0.019354583546836678-0.010744064584765857j),6386250000
(0.5884695458917633-0.26555401435142867j),(0.018884387228729742-0.014543201253313378j),6386500000
(0.6156993536422516-0.27210060461970875j),(0.014794015760924652-0.011465370284143956j),6386750000
(0.6166846526646571-0.25337198586515297j),(0.018684208197471894-0.009528233587269829j),6387000000
(0.5752675770285389-0.2616562941784712j),(0.015968909759076583-0.013382351065316208j),6387250000
(0.6366582593000569-0.2521850170481476j),(0.017799360842272238-0.00987993781402579j),6387500000
(0.624802455922799-0.24402088391747775j),(0.022210245800455556-0.008996533704724977j),6387750000
(0.5920057277986377-0.22057912183477893j),(0.01704095935039947-0.009166536311443568j),6388000000
(0.6008095134750332-0.2315412600008234j),(0.020311835932351332-0.00820872589772336j),6388250000
(0.6094855754869055-0.24078987135049632j),(0.01669548311159267-0.011504450129290248j),6388500000
(0.593168184474703-0.2512471685788954j),(0.01772138695209376-0.014452558523865745j),6388750000
(0.5983395520883954-0.25056551277247824j),(0.016062677287020308-0.009341914740525328j),6389000000
(0.6121837756352768-0.21546017059092576j),(0.017278505939065294-0.008383308979707767j),6389250000
(0.6146345578380547-0.23632546891519407j),(0.016708028110871534-0.012267403403154574j),6389500000
(0.6371288220793757-0.2001477275338448j),(0.01608743389105363-0.00836326752738102j),6389750000
(0.638064313801302-0.21577924898732648j),(0.01764572549131746-0.010176266889622526j),6390000000
(0.6188923166361266-0.21334850479394138j),(0.014416048506619697-0.007415407599496473j),6390250000
(0.5894495703056414-0.24979948730745888j),(0.015044438424511853-0.01190497896695831j),6390500000
(0.6171146433991264-0.22048030493641482j),(0.01847860178733836-0.008805780556928138j),6390750000
(0.5922985570045981-0.2313864665713783j),(0.017981478533927328-0.0125183788787891j),6391000000
(0.5978444248495407-0.23816775090151995j),(0.01762890905541384-0.011322877367241014j),6391250000
(0.6334830880484925-0.25473928619765107j),(0.0211621866569839-0.01103654215369267j),6391500000
(0.6355989973044621-0.255618834518686j),(0.020038115429935464-0.010488876957676562j),6391750000
(0.610732890188864-0.2463927537154912j),(0.020590789968598894-0.01470257408497086j),6392000000
(0.6372868807007271-0.24042462798936828j),(0.018822990478740646-0.012860001140999461j),6392250000
(0.626144901045896-0.2522489091144141j),(0.01710975991938705-0.013174649693178908j),6392500000
(0.60962959319323-0.2612890390571928j),(0.017373817513441095-0.015542715192287867j),6392750000
(0.6070105288935727-0.27815989652565365j),(0.02111133577750496-0.012001950377131369j),6393000000
(0.6210515219576163-0.28229511008344405j),(0.021295835351309363-0.012885376426890197j),6393250000
(0.6166627073582801-0.26754326508699644j),(0.018719898195826385-0.013398024313305048j),6393500000
(0.5908496106052035-0.25053548238996365j),(0.02067879313822122-0.0158970809794675j),6393750000
(0.5984851907941954-0.27053826911319323j),(0.01981266924947232-0.017858012235961368j),6394000000
(0.6466658292085813-0.2552987051745882j),(0.019892170872078955-0.015823172263002838j),6394250000
(0.6148844547638969-0.27033717018219555j),(0.01874069884624478-0.01654173330639432j),6394500000
(0.6133890533354467-0.27028978900755535j),(0.01693415442308637-0.014146537189716023j),6394750000
(0.6021785812553442-0.28752291637203803j),(0.02133124403906787-0.01974373529932532j),6395000000
(0.5895695476124287-0.2726820662518258j),(0.01731118896064536-0.01675954207784146j),6395250000
(0.5965440051426031-0.2693064369959808j),(0.020071158585668537-0.01628940878883258j),6395500000
(0.6145846481019892-0.2927466109382967j),(0.02116492698077717-0.016933528257274594j),6395750000
(0.6167753182009889-0.2874566586503848j),(0.01713098001219235-0.01587676711901352j),6396000000
(0.6334257557585466-0.26303715779467346j),(0.02123342520034806-0.016972602123971753j),6396250000
(0.605212935851207-0.2727588316682165j),(0.019962273493321744-0.016807433339713098j),6396500000
(0.6217552224946808-0.27808675034058095j),(0.020551535460815583-0.015224367818465956j),6396750000
(0.5854865503970352-0.2974918400479137j),(0.019032985426132715-0.016542401387765044j),6397000000
(0.6158535885529568-0.26419155794894716j),(0.02178322610667299-0.015574521927996337j),6397250000
(0.6053850137946591-0.27903484743739415j),(0.019614318038146204-0.01411363062637159j),6397500000
(0.6064583305755509-0.24119778020589752j),(0.018370307548425405-0.020031326058445802j),6397750000
(0.6352555817409333-0.26059587596884437j),(0.01993022573729308-0.01535433287578284j),6398000000
(0.5992840615315652-0.2655703708634614j),(0.01852628709953568-0.016147073206714716j),6398250000
(0.6221624685772192-0.24571870333631488j),(0.018583374558094515-0.017393979923713936j),6398500000
(0.6046160490815016-0.2657075258139973j),(0.018447779135557438-0.014685412468199559j),6398750000
(0.6115365378355405-0.26024424698745025j),(0.01817462338439734-0.015616374358300654j),6399000000
(0.6229348698664787-0.2566621752781908j),(0.01968069360094198-0.014135145064318523j),6399250000
(0.6145723427789879-0.24467194973095066j),(0.01724464922365297-0.015512971471898935j),6399500000
(0.5771760853009048-0.24978098100107765j),(0.02044675495738518-0.012789795424570522j),6399750000
(0.605847113428742-0.2490798713996816j),(0.016566960251474312-0.016979426483147812j),6400000000
(0.607882845264187-0.2454796542750044j),(0.01836563302125772-0.016066323970361288j),6400000000
(0.6285838957496335-0.21425403690654907j),(0.01882716511127249-0.01623495933854411j),6400250000
(0.5774076375518685-0.2586134327478457j),(0.018436656492765446-0.017092482395919033j),6400500000
(0.5585254984472506-0.2084993074745034j),(0.016212431940328946-0.01481169890149306j),6400750000
(0.6020890251838754-0.22912493322600408j),(0.018658923260811394-0.014118948438503323j),6401000000
(0.5730124617778324-0.23712539105277775j),(0.01771009079469099-0.012001700116030444j),6401250000
(0.5931268407563531-0.23002323280094575j),(0.018863513581329573-0.01606983965488557j),6401500000
(0.5771001639838128-0.2568097152470922j),(0.02023524229291418-0.015665856176338935j),6401750000
(0.5891396401053695-0.25843078380690454j),(0.02159671773637762-0.019229724989494695j),6402000000
(0.6035272554173412-0.28217110026332537j),(0.016236354044926318-0.017948822649798468j),6402250000
(0.6025678451354934-0.243226243008026j),(0.016806308267637043-0.015306160383875746j),6402500000
(0.5725793961866127-0.2669013311198853j),(0.019229850257429012-0.018409995012374215j),6402750000
(0.6350020829394792-0.25580198448884817j),(0.016728890422733202-0.01292937686352708j),6403000000
(0.5985587033221603-0.28506974661098256j),(0.019592217477683832-0.0141708974936215j),6403250000
(0.6036277779542892-0.3022462144851493j),(0.021274635864177268-0.015522168828736438j),6403500000
(0.6065208873035602-0.27871813846235766j),(0.020805334836439728-0.017651890679176444j),6403750000
(0.5676225249196581-0.29290893985685346j),(0.017896617210311817-0.014184427278956389j),6404000000
(0.595323862132145-0.2591358397761445j),(0.019092840113718045-0.011414324721597025j),6404250000
(0.5451306262859115-0.3044113094403333j),(0.0197792732784438-0.01300732894486512j),6404500000
(0.5960932581292986-0.25816154219858617j),(0.016886239146123746-0.014468542933657519j),6404750000
(0.5868441414817239-0.24557953673101357j),(0.021219640120224505-0.014166723854724313j),6405000000
(0.6462412791739778-0.29312444201956295j),(0.017206093480356843-0.015725522272779312j),6405250000
(0.6302092931555499-0.25905527289889224j),(0.021396291448396124-0.014506625400147966j),6405500000
(0.6004288574569936-0.30147544526327963j),(0.019804127675087452-0.016198960820656937j),6405750000
(0.6287859726805759-0.32460216720093116j),(0.020570198826453782-0.01553641408532967j),6406000000
(0.6335109613524028-0.31968869385468135j),(0.02281357722046248-0.01406539849366747j),6406250000
(0.590802751084593-0.2937135634332245j),(0.019430632932809853-0.014024116373545864j),6406500000
(0.5867167481475911-0.28718240956569874j),(0.019991158932734863-0.015396091308098147j),6406750000
(0.5850293138385745-0.259769959287692j),(0.023205415603700406-0.01932770042671498j),6407000000
(0.6214827355682808-0.2507150425616504j),(0.022101149514817113-0.017063563137361286j),6407250000
(0.5868283430278427-0.28573575691845315j),(0.018368097243954648-0.01345633232476457j),6407500000
(0.602856276168518-0.254530987340934j),(0.018205857615773674-0.017172359659921397j),6407750000
(0.6340071915198326-0.2970557152118576j),(0.020139926633567402-0.01748895592298623j),6408000000
(0.5769235064812004-0.28383788368777935j),(0.01801471653603357-0.018163874754432093j),6408250000
(0.6221941896767295-0.27050290992231724j),(0.018132738576704308-0.019053440735390288j),6408500000
(0.6122328780822598-0.3212894002236339j),(0.019379735426382924-0.017930094422453205j),6408750000
(0.5874319861629604-0.2791158690921461j),(0.020692828623048463-0.017269596549675574j),6409000000
(0.6272319933978756-0.26247828527449074j),(0.017227566959046505-0.016341860522613327j),6409250000
(0.6526219515541817-0.29165859555394896j),(0.022864423166127266-0.018231653914907924j),6409500000
(0.6133492515889554-0.2978985856296061j),(0.01923178626880146-0.016356810255516923j),6409750000
(0.6132259960913797-0.2981856931402773j),(0.01708094991889814-0.0194650888005283j),6410000000
(0.597858594060554-0.28767188967601287j),(0.020140947059900806-0.021817476868058745j),6410250000
(0.61307707487843-0.2907986962900188j),(0.020657154025946818-0.01725425465130624j),6410500000
(0.6375058185627023-0.2821716615973521j),(0.017673312385594008-0.018418374656000942j),6410750000
(0.6126165051067086-0.3303791976398166j),(0.018255053795532637-0.019824860550123523j),6411000000
(0.6348096747117465-0.26231290796214646j),(0.018077831782453993-0.020689955968794787j),6411250000
(0.6180847924486693-0.2842019847661762j),(0.018297628811411306-0.021338006708275056j),6411500000
(0.6202940512592061-0.2850319865825537j),(0.01882792216157805-0.02211202181411282j),6411750000
(0.6253660790183535-0.3090119484505938j),(0.01736481786184633-0.020183792933285972j),6412000000
(0.6001771157849483-0.29662427063468105j),(0.018123285515089245-0.021760099298626007j),6412250000
(0.6515844620488634-0.2800581425297049j),(0.02170559574704356-0.022283644423101313j),6412500000
(0.610826136084775-0.31802098499738835j),(0.017925822924473218-0.017286907910346667j),6412750000
(0.630638093049832-0.2708242604423924j),(0.0176975657088805-0.01954794820294262j),6413000000
(0.6003029650937212-0.27375074027378976j),(0.021637389858715064-0.018081861857682426j),6413250000
(0.5870272831989596-0.3031390575030079j),(0.01919454820276358-0.020909865893726037j),6413500000
(0.5692047568675939-0.3050629283125537j),(0.02208610700256609-0.020246865403038692j),6413750000
(0.6250715581076561-0.3226844929159148j),(0.018260770739119445-0.019685884242298043j),6414000000
(0.6033275229773467-0.31768002906989684j),(0.01895370763194815-0.018349129528131808j),6414250000
(0.5853194387810562-0.3035563925058613j),(0.018166341236255858-0.019842306500736432j),6414500000
(0.5738741644031371-0.31216435155055977j),(0.01965174648277251-0.020148064386414317j),6414750000
(0.6458158875604778-0.2954555278151282j),(0.02023497152831192-0.019982861132566403j),6415000000
(0.6290574784643748-0.3104342775704742j),(0.02480126258113947-0.016896626895431338j),6415250000
(0.5927645166088852-0.31728261822848813j),(0.019492904637495256-0.01982869333955984j),6415500000
(0.5993796639947748-0.28822303985494646j),(0.020336934576475233-0.017939755177082402j),6415750000
(0.613990377234213-0.3036330338529045j),(0.023701242113728274-0.022816420274835908j),6416000000
(0.5768570453166949-0.3159140284861202j),(0.020042233609105887-0.020719775461597343j),6416250000
(0.5717404188996904-0.2970581689276387j),(0.02095725003225852-0.020965558625347883j),6416500000
(0.6147332110284331-0.3252299241963536j),(0.02037450813834481-0.021541879749934066j),6416750000
(0.5700697365286308-0.3267045293572609j),(0.021372675922093683-0.021962989975791363j),6417000000
(0.5961692703411888-0.34878889136455793j),(0.023686283214414877-0.022967963753086736j),6417250000
(0.5943340559866893-0.35485239369779636j),(0.021550864839550047-0.022784194000019388j),6417500000
(0.6237618654610064-0.3452225537507418j),(0.02095730023104684-0.0216240804633905j),6417750000
(0.604380773654588-0.3329591106404127j),(0.02339109539052917-0.018450391927926094j),6418000000
(0.6124448877423526-0.3289780446715453j),(0.02170665840349178-0.017064383483940643j),6418250000
(0.6042972010787117-0.3243467199782219j),(0.021298159168219487-0.02395083618120745j),6418500000
(0.5859403966411505-0.2923760437535117j),(0.020721282475350888-0.019589515074679747j),6418750000
(0.5893784664856717-0.3024992688746421j),(0.020023603820962015-0.020997429330018587j),6419000000
(0.6095214781883528-0.3246510508068562j),(0.023400271362690295-0.020442327571308375j),6419250000
(0.617005963603511-0.27889435102199367j),(0.02052113588593688-0.022590607163824796j),6419500000
(0.5759225869242126-0.31491662943050425j),(0.020648184255945192-0.022314485086163263j),6419750000
(0.5602899277581095-0.3012664456699854j),(0.016482573508502175-0.024690507157323675j),6420000000
(0.6151077828808743-0.29835256512870784j),(0.021747463930334995-0.022998002624723065j),6420250000
(0.6340911522343459-0.3332188428875524j),(0.01779814394706147-0.022260083939170956j),6420500000
(0.548086312373711-0.3183738593931082j),(0.017055866014892198-0.024299781116464147j),6420750000
(0.6328373581593848-0.3088052633254465j),(0.016939122684076935-0.022441973201835087j),6421000000
(0.5812050582198497-0.3162061722917401j),(0.017415090127036195-0.021250331545143896j),6421250000
(0.5784793435788191-0.29924723626859845j),(0.01923729471573932-0.02011205947655112j),6421500000
(0.5831064441036388-0.2842072762607687j),(0.019104288005832484-0.020327911039335553j),6421750000
(0.6242746822011811-0.3123463631012931j),(0.0193145691259168-0.022750904924407952j),6422000000
(0.6193112473334875-0.3244099616606952j),(0.015863710347557985-0.022697645612668564j),6422250000
(0.6245380555639221-0.27909639314612633j),(0.016161765571272774-0.019404719050483576j),6422500000
(0.6037776723702328-0.34113431890332974j),(0.015498126039238917-0.02595391936437303j),6422750000
(0.595011974021044-0.30408956491770517j),(0.01591934992390532-0.020134640362565032j),6423000000
(0.6483577075217295-0.2989059887224324j),(0.01647243319087375-0.01617773706875318j),6423250000
(0.5923691560573758-0.30974226576805497j),(0.01525221532712375-0.02409687013047809j),6423500000
(0.5913730225564746-0.319167475536651j),(0.015172188617814913-0.020945945550497412j),6423750000
(0.5911225993640582-0.3059389718484353j),(0.012771129887037965-0.02239544944230276j),6424000000
(0.5997938417726602-0.3156619305121223j),(0.017749176646412908-0.024384498851508958j),6424250000
(0.6051401290845965-0.3536958265088473j),(0.015333943360185981-0.022156248010196604j),6424500000
(0.6213672327583684-0.31249427695069776j),(0.014231831142365963-0.02244620205278113j),6424750000
(0.5748627948013416-0.32643997317670426j),(0.019087321263621528-0.020657926846953178j),6425000000
(0.5637412883313079-0.31753827475175317j),(0.01648929477091732-0.023357876106428224j),6425000000
(0.5706262485235142-0.32884148940089636j),(0.01382371684610933-0.02422864472075262j),6425250000
(0.5727104077691925-0.3108723923702772j),(0.014782403012504077-0.022626156675511624j),6425500000
(0.6102327576283951-0.3167951878768475j),(0.016168500392697713-0.02237296932416405j),6425750000
(0.5749820171908342-0.3387706484530047j),(0.016303371026137888-0.024025647492104417j),6426000000
(0.5789276011339192-0.3269780424075362j),(0.01480702937175697-0.02588471822336484j),6426250000
(0.6003266122951108-0.3201777798568806j),(0.013101973485875102-0.022294525733076553j),6426500000
(0.6084013795654086-0.36112025546568377j),(0.012715653241581484-0.023596908503277485j),6426750000
(0.6050181500388868-0.33217728082342j),(0.015366700071771081-0.025469481984923152j),6427000000
(0.6030387469821573-0.35707392344918193j),(0.019577385792298507-0.02292430954142745j),6427250000
(0.597609528741015-0.34841633625839086j),(0.01419176879974297-0.024036018259778063j),6427500000
(0.5724495226626122-0.3701641916844922j),(0.012465696576918452-0.024765176530611353j),6427750000
(0.5727867117255212-0.3360610495607204j),(0.014619318014974198-0.024273204117226676j),6428000000
(0.5834273509006117-0.38011653741405854j),(0.016340154410960376-0.023635449976812568j),6428250000
(0.5922188032201275-0.35470625235052344j),(0.01514925244845063-0.023488691295340314j),6428500000
(0.5994807034657927-0.34224762376768575j),(0.016920762251276377-0.025437771864318108j),6428750000
(0.594220448061398-0.31193008587364673j),(0.013531470254206342-0.022790640284830334j),6429000000
(0.6250571211525882-0.35017059269720613j),(0.014985592425826302-0.029112349656915136j),6429250000
(0.5689562468166774-0.3671548969788124j),(0.013750910406294729-0.023391145723980843j),6429500000
(0.6137173341319756-0.3706969069610841j),(0.01458047827421356-0.02471777960932453j),6429750000
(0.5511928654108745-0.35450756573018527j),(0.017870389812391765-0.023339674748025785j),6430000000
(0.6205006012334949-0.3521014520902098j),(0.012643059270339076-0.020774728508199822j),6430250000
(0.6061598581087008-0.32511484439455063j),(0.014268512022595395-0.021207970739133667j),6430500000
(0.5827376036774033-0.3398886929544041j),(0.014603195871890734-0.02136908267982613j),6430750000
(0.6122620181426321-0.32778899255426464j),(0.017501368193504035-0.022078979502088206j),6431000000
(0.5698530317738745-0.3259011265942985j),(0.018323829960392106-0.02272612503246701j),6431250000
(0.5432364075571874-0.32655641054424545j),(0.013838373883737069-0.02346635701793516j),6431500000
(0.6210255067503131-0.2961174692884654j),(0.017465651135389875-0.02515826846741191j),6431750000
(0.5994232885799758-0.35696924504167776j),(0.01571624172272053-0.02541634322990358j),6432000000
(0.5652163861468003-0.32119379857892405j),(0.017596054466566584-0.025300174071083727j),6432250000
(0.613440031577856-0.28665822441481764j),(0.01757308201203616-0.022298493448697047j),6432500000
(0.6065150173421132-0.30883475378845393j),(0.017453312132002543-0.024494855823228974j),6432750000
(0.6246898455701493-0.3119798586440894j),(0.018709541915805792-0.0229803415915328j),6433000000
(0.5937394391159118-0.3063884303384639j),(0.015480301215967144-0.023006154478847234j),6433250000
(0.6147114459276559-0.29733617893444425j),(0.02064189150538733-0.026070870863196156j),6433500000
(0.5401591791426043-0.3114623681307297j),(0.016554086983728396-0.020938652250054205j),6433750000
(0.5694147831716787-0.31179983589664384j),(0.017566048150071404-0.021900705951122753j),6434000000
(0.6265942696561299-0.2994547202815573j),(0.016674562738312568-0.022561193555764462j),6434250000
(0.6293655402832646-0.3220309067202925j),(0.01846743997734797-0.020659698318354635j),6434500000
(0.5871993848357031-0.3178254356799473j),(0.019567844662095116-0.021100460024215926j),6434750000
(0.577609461034186-0.3121380590237859j),(0.02078656052978937-0.024862931844403864j),6435000000
(0.5527358778891787-0.29540394415812754j),(0.01676830529255535-0.020444682465054778j),6435250000
(0.6024192142507341-0.31924417225762874j),(0.020377480256630914-0.02253298362225951j),6435500000
(0.5800816389756336-0.30168050260226703j),(0.01660567412721283-0.021496084914899145j),6435750000
(0.594822673140392-0.3323297989985766j),(0.01908947696336393-0.021933824133911654j),6436000000
(0.6089123962495322-0.30127215138934393j),(0.014835263792068669-0.022257506014073274j),6436250000
(0.6052521722977267-0.3151053927500026j),(0.016478185377919646-0.02448335633240553j),6436500000
(0.5922737489907498-0.31646579878748576j),(0.016310873250378544-0.02389824196054028j),6436750000
(0.6053080686742461-0.3283485031750788j),(0.01781118282721863-0.023491822756678975j),6437000000
(0.5837280633474987-0.3176944971300505j),(0.014963720659997739-0.0235444890325021j),6437250000
(0.5951156536539904-0.3047653227282998j),(0.01813876139007694-0.021096029350002776j),6437500000
(0.5761961058469847-0.3221905941937888j),(0.01581606837057119-0.025056163489506247j),6437750000
(0.6196833267236386-0.3106119637094513j),(0.01539576094873153-0.024994860214816415j),6438000000
(0.5701179825101725-0.3231008850255511j),(0.016065137156933168-0.024183059095156337j),6438250000
(0.602125389782051-0.32014207489138685j),(0.016785966906349863-0.021580467143134045j),6438500000
(0.5949867369039085-0.3727319213626498j),(0.012903413189978195-0.025064981792715744j),6438750000
(0.582151374474728-0.26155445857173676j),(0.0138352997122796-0.024332581058964256j),6439000000
(0.5656424661953701-0.3082576521271637j),(0.015783641458088984-0.026486713926434258j),6439250000
(0.5938613073145895-0.3317604001691914j),(0.016629201485022744-0.023539825864379107j),6439500000
(0.5442170633375293-0.35686954680831107j),(0.013953331546777182-0.022135332367745956j),6439750000
(0.6005350766312931-0.29563950739380285j),(0.013018140451396308-0.02160813367198686j),6440000000
(0.5630256398561931-0.2941734127520406j),(0.01385281693282823-0.02517818557519218j),6440250000
(0.5656776376549116-0.30349461991883236j),(0.013004022478939028-0.023363303974642997j),6440500000
(0.6063247025624503-0.2800685160406711j),(0.01575006970067417-0.022874775070507038j),6440750000
(0.59717965339043-0.3089663965435326j),(0.013913718616659812-0.023347605964327927j),6441000000
(0.5672330964056971-0.2831580278652548j),(0.014846289577394759-0.02246582111059761j),6441250000
(0.6006850067137881-0.3571313679683281j),(0.013508462889003143-0.026287829673493968j),6441500000
(0.5414837058877454-0.29781614912919263j),(0.011390278542800511-0.02411892776643314j),6441750000
(0.570363679319239-0.31221124216247065j),(0.012217541642840243-0.021942330810177563j),6442000000
(0.5999270942341742-0.31079091901622513j),(0.013155750635524628-0.027946090414155154j),6442250000
(0.5665818575852501-0.33196911102252785j),(0.01204030764225815-0.026547781443251817j),6442500000
(0.5448372711441047-0.28825644862843475j),(0.012459744482825367-0.02154991715526509j),6442750000
(0.6051514480167987-0.32926650909585703j),(0.01540172514955581-0.020926086735391963j),6443000000
(0.619763944969954-0.3101694795229107j),(0.015428332575074248-0.024083136866009037j),6443250000
(0.6010076551559429-0.29469308736281224j),(0.016196461220523768-0.023139053565225633j),6443500000
(0.5959701452409338-0.28777924177372505j),(0.014523388319882273-0.023934416822071047j),6443750000
(0.5967863827693944-0.30958915455319014j),(0.010942127619702603-0.021115135477976242j),6444000000
(0.5838095219873138-0.25602878117982275j),(0.014787770221846516-0.022578915489867124j),6444250000
(0.5944417383236922-0.32552911268754525j),(0.01378496885321777-0.027353229656275433j),6444500000
(0.6213221038875136-0.35741935862147317j),(0.014003865814805587-0.023927454985831004j),6444750000
(0.6521279848085528-0.30295153574555644j),(0.013754854699185564-0.023204247693684017j),6445000000
(0.6216941846341532-0.2966665445740107j),(0.014631117185019044-0.02509733608690881j),6445250000
(0.5844005236238147-0.2736134682376949j),(0.013585658144314174-0.024182114039083304j),6445500000
(0.633100752518943-0.31051665870471773j),(0.013740418631151559-0.026052842197504613j),6445750000
(0.5746055688164174-0.3194794993633014j),(0.014174370437659945-0.027568014236004225j),6446000000
(0.5493057624164365-0.30616525576053516j),(0.012996708160031734-0.022704681265928027j),6446250000
(0.574799711581851-0.26230430334938676j),(0.012715957722663183-0.02346031441413164j),6446500000
(0.6123316363186356-0.3328248277832085j),(0.01196034945004421-0.024615263198127964j),6446750000
(0.5979056007860363-0.2925647384198062j),(0.014952200658403742-0.02628461378494981j),6447000000
(0.5561657999452625-0.32572611912624944j),(0.014881202163199287-0.028117862802865556j),6447250000
(0.5685889873388349-0.30733196858645073j),(0.013551537745459762-0.02446971914869225j),6447500000
(0.6023766658457405-0.32524137346023496j),(0.013508693276972551-0.026865790892105525j),6447750000
(0.5642066540012234-0.3464046534367473j),(0.012804107161210486-0.027798622848362896j),6448000000
(0.6055750739953089-0.3052140010032518j),(0.015975924668373533-0.02692994262892465j),6448250000
(0.609491348889715-0.36972582847813484j),(0.015781443848292862-0.02714445942626618j),6448500000
(0.5754792411288335-0.312781740532568j),(0.01616515761278069-0.02904248870412573j),6448750000
(0.6111645466882981-0.29197209265781565j),(0.015449087726077223-0.026906278570967623j),6449000000
(0.5692939688551446-0.34114207111132083j),(0.01506211494455172-0.028519647061570324j),6449250000
(0.5879498700376931-0.28801427048974065j),(0.01470111865330261-0.029447861451493505j),6449500000
(0.5911517180399669-0.31706843177562033j),(0.015487462066045704-0.028955085881161895j),6449750000
(0.6129127298493089-0.29804779992302627j),(0.016142527587581168-0.026643203162494175j),6450000000
(0.5674999173360715-0.3236978612480674j),(0.013281550044166066-0.029087183068543177j),6450000000
(0.5929250172441114-0.3333631338361855j),(0.018164381359405925-0.03159601743543929j),6450250000
(0.6338291109903796-0.3349982277413617j),(0.014900712123303293-0.02956796178273688j),6450500000
(0.5704904587664335-0.3536735437000996j),(0.013408211753974133-0.031335058612437176j),6450750000
(0.6494919843269167-0.32700722501556917j),(0.013926476637085808-0.02982970982501384j),6451000000
(0.5883869257830774-0.35183879446396205j),(0.01577463083188744-0.029994644827091715j),6451250000
(0.544855327474611-0.32467587358396405j),(0.016707317552385456-0.027896509776034785j),6451500000
(0.5758577762165614-0.34553856251052334j),(0.01646538179254565-0.029614241675244825j),6451750000
(0.5720958096072392-0.3429524146290196j),(0.01656290875458847-0.03128890730446472j),6452000000
(0.6025310500924671-0.28463618219032055j),(0.0165274320015495-0.030994776285201087j),6452250000
(0.6117156735865071-0.2961406701233757j),(0.015954135639404923-0.02728709241351887j),6452500000
(0.5954113883855111-0.29284850544359914j),(0.013325224105289782-0.02827002531131193j),6452750000
(0.6299396962399145-0.3413141055581576j),(0.017325689050124733-0.027625515669634976j),6453000000
(0.5379281070476413-0.3431621271585086j),(0.013217801997572871-0.02734717190680533j),6453250000
(0.5732008421010301-0.31828054489799323j),(0.014164470463862766-0.025749681637801013j),6453500000
(0.5852646369368206-0.2976637448499288j),(0.013928703930987194-0.02796215117426008j),6453750000
(0.5821102519532154-0.32188847522114744j),(0.015302981906597454-0.029347101964398103j),6454000000
(0.6082190938899136-0.30575542479827067j),(0.016630460032630474-0.02616658688370342j),6454250000
(0.6113131378998139-0.33538236915581626j),(0.01870550327724659-0.032284490443743104j),6454500000
(0.6236367866523675-0.2967740573826425j),(0.017014953362503332-0.02834272700554156j),6454750000
(0.6248605379109256-0.3348976230380956j),(0.013613841988421348-0.02913247892636198j),6455000000
(0.5713620104428442-0.2970820822074355j),(0.012051493688743867-0.028864717289685825j),6455250000
(0.5903505136264466-0.3160976031277293j),(0.01651828108009757-0.028987161889057176j),6455500000
(0.5354240349907303-0.30395146420744923j),(0.014456078856519144-0.02857584003640528j),6455750000
(0.5456139138284097-0.33344117049006333j),(0.01247590300093661-0.03056869340215867j),6456000000
(0.5731620583515225-0.30664072346879134j),(0.013224248849898389-0.02764887100196541j),6456250000
(0.5351130311758716-0.3041607251954834j),(0.012970599023686517-0.027964570051022028j),6456500000
(0.571335520173609-0.3517235476799079j),(0.011560965542738506-0.027539895202266473j),6456750000
(0.5678335320054861-0.323355134600568j),(0.012818977510613012-0.0294635735244586j),6457000000
(0.56178847524676-0.3082997790998195j),(0.01580965448394566-0.030878049663688435j),6457250000
(0.5511033778747072-0.28510682900713935j),(0.012619021779181476-0.027492198235238855j),6457500000
(0.5845103529046409-0.2856062052911434j),(0.010947963780385036-0.02640139794400786j),6457750000
(0.5692424888872231-0.28031671032510685j),(0.01450870363644054-0.03182707393655105j),6458000000
(0.5952890589958421-0.32276330622554544j),(0.016276833332882355-0.02712363976857708j),6458250000
(0.5338948945963814-0.39384877065469376j),(0.012880399820625372-0.02877845983474268j),6458500000
(0.6335776488774767-0.2847066977486435j),(0.015425373052027073-0.029925942510480447j),6458750000
(0.5406205754271817-0.3434517365905938j),(0.011915224871662519-0.028233884270522796j),6459000000
(0.49465308997823065-0.37283970672774575j),(0.011434009629618122-0.029825200687811006j),6459250000
(0.5625909372724016-0.3669528396812854j),(0.009042468745061557-0.030854972004142524j),6459500000
(0.5762348919190948-0.3198921233326873j),(0.011313320781763274-0.028812590157508946j),6459750000
(0.5934165675717571-0.3436680587868197j),(0.011864373349666512-0.03190528814561692j),6460000000
(0.5563593877592491-0.3294469004339625j),(0.011768955314123366-0.031661294428625j),6460250000
(0.5693418003806539-0.3314667287555891j),(0.01687995537133627-0.03198412586189445j),6460500000
(0.5560622761456077-0.355562908737906j),(0.010795912913682775-0.030273138938704085j),6460750000
(0.5247859607375666-0.33953061716953326j),(0.010953438866317841-0.03274117031708667j),6461000000
(0.5447184358174404-0.3638581927715106j),(0.00906154253533508-0.031044346387341926j),6461250000
(0.5318291002631309-0.3680591848250484j),(0.01110376389841057-0.03120612758070768j),6461500000
(0.5952502975717092-0.30118781449722953j),(0.012183749396072956-0.03372603921204528j),6461750000
(0.5759866609017981-0.36763175320492975j),(0.01142979979883193-0.031223299862341097j),6462000000
(0.5010135958576194-0.39773377958478j),(0.004816046689361454-0.03121072245519565j),6462250000
(0.5543057991411185-0.3344482692755706j),(0.010832949521217838-0.029921775614887233j),6462500000
(0.574172837775199-0.3220974390314236j),(0.012388612625523064-0.031584237331104416j),6462750000
(0.5629207023615628-0.32961628182147734j),(0.009901206551761368-0.031753984149324226j),6463000000
(0.5985818364267627-0.35858495644529503j),(0.009628283824105023-0.03676742482325922j),6463250000
(0.6109908430718803-0.3146157410962235j),(0.009092254230099912-0.030777797100697855j),6463500000
(0.5552663249978221-0.3473790710144844j),(0.00889400332743374-0.03234256707466635j),6463750000
(0.5338500379287382-0.3472862590498053j),(0.009875164188435558-0.03241061328972833j),6464000000
(0.5469445596041433-0.37830206619057627j),(0.007489623396484716-0.030745211558911256j),6464250000
(0.5373138927360063-0.37844382477114064j),(0.0073133022807999925-0.03287824418114656j),6464500000
(0.5832302519150563-0.32721126454497035j),(0.009965720621889955-0.032961179902445355j),6464750000
(0.5922700460541276-0.3827645143567134j),(0.009594993054212917-0.030036915005504598j),6465000000
(0.5606677577183266-0.2976161291514951j),(0.0123354617419304-0.03437119201930432j),6465250000
(0.5952560840192868-0.3421869970075631j),(0.010002092434522472-0.03144971108567554j),6465500000
(0.6114981016962969-0.2743025067288902j),(0.009400626936118369-0.030300413584311674j),6465750000
(0.5904772690567295-0.30691290672809696j),(0.007755615876340858-0.03010033745562099j),6466000000
(0.631586569640991-0.2946566626738134j),(0.009575206610154976-0.03201203837942751j),6466250000
(0.6372171888281789-0.33215146772137183j),(0.01000193797261169-0.03149917468119742j),6466500000
(0.5667228143164698-0.3406191878421645j),(0.010880173132875233-0.0327680564172453j),6466750000
(0.5870897287796005-0.3766538551212188j),(0.00516529341459985-0.033709251433693674j),6467000000
(0.5870587210237151-0.3230512594065793j),(0.006587101242671894-0.031741157595493896j),6467250000
(0.5748103184468398-0.3171755317080079j),(0.00824845337988913-0.03167378207604397j),6467500000
(0.6062419438439943-0.31230400319683005j),(0.007898246876838126-0.033165881941039504j),6467750000
(0.5775788599906784-0.3665533700398284j),(0.008936161870964033-0.034048919454320384j),6468000000
(0.5962289118821424-0.3001381396308161j),(0.009195525107629155-0.03052715675195167j),6468250000
(0.5791469925247374-0.35433523025680713j),(0.007913051913142758-0.033027185677700674j),6468500000
(0.6386445642516553-0.31037809663560917j),(0.010836818722882844-0.0335891958902446j),6468750000
(0.5771074718010066-0.3045755386143274j),(0.008826879596354503-0.03121037699079135j),6469000000
(0.6121338536550045-0.26823317457188584j),(0.006883889518897393-0.03271612097845022j),6469250000
(0.5793851471998073-0.281671608995158j),(0.007861139403464005-0.03287364086850243j),6469500000
(0.5748673609547367-0.34859634435782544j),(0.008436777279491584-0.03210131602989661j),6469750000
(0.573330335907965-0.31779110087955303j),(0.004823122301833139-0.03306559252925179j),6470000000
(0.5563245726517454-0.3018414226539712j),(0.009579993243780543-0.031583019179395606j),6470250000
(0.5780200680871168-0.36012888886063865j),(0.005086252120617356-0.0285413341285817j),6470500000
(0.6111527435103142-0.2832592132675374j),(0.009857949931012449-0.030937433611598876j),6470750000
(0.5234442872931857-0.3830935793601874j),(0.004959945043735184-0.03230191564145318j),6471000000
(0.6058553233928882-0.3251685764677725j),(0.008541109400139283-0.032795024407274755j),6471250000
(0.5970615052950218-0.275740672081498j),(0.00436948374065164-0.03022504588064222j),6471500000
(0.5421310848846872-0.26106988601797865j),(0.011041416601683333-0.0318337301684025j),6471750000
(0.6020675300576932-0.30043866001539266j),(0.007674322357877659-0.03327324552288561j),6472000000
(0.6563483760066139-0.29472507030438744j),(0.007920010454054242-0.030572777590007365j),6472250000
(0.5873434211375208-0.27420843155794306j),(0.011541912985294068-0.029461361020857883j),6472500000
(0.5863705013499224-0.3398382476513559j),(0.010358546306264765-0.03071323606465068j),6472750000
(0.5716932785300233-0.2798287607521422j),(0.008306243278134357-0.03312228837410199j),6473000000
(0.5730770868279088-0.3210815307135068j),(0.004907355839865877-0.03137935787718922j),6473250000
(0.5965985155701691-0.3356365073263227j),(0.006834035956733588-0.031404474901108426j),6473500000
(0.5964222504766498-0.31267870369395656j),(0.005057823752996538-0.0317334657750483j),6473750000
(0.6370254771775506-0.2956998631358629j),(0.002836822975539403-0.032069791347572034j),6474000000
(0.5740139472486037-0.3124484525473585j),(0.003598534801491646-0.03235637388337472j),6474250000
(0.5382659728780314-0.30433073607220357j),(0.0046227349807684785-0.030612354455668598j),6474500000
(0.5669417558672619-0.3319571940175804j),(0.0032382391219965513-0.03265428965475899j),6474750000
(0.5481943631275744-0.3118938966823912j),(0.0053610079500902-0.0292807681345752j),6475000000
(0.5785510745316811-0.28141843566514224j),(0.004546232946604076-0.029459277917585076j),6475000000
(0.5505128251159854-0.35257880809723996j),(0.002756381522827565-0.02838433798717434j),6476250000
(0.5531840451765183-0.4102925980378464j),(0.00017506757296847832-0.03659832546089598j),6477500000
(0.5477749701835912-0.3544088285123901j),(0.00038399064649964555-0.029343125740952696j),6478750000
(0.5452390006140954-0.3682637212021094j),(0.0054271137158178355-0.03035163048975621j),6480000000
(0.5489502416277517-0.3707109556094343j),(0.004033707688368183-0.02784406159733131j),6481250000
(0.5968253517109624-0.29351461607972174j),(0.005960572842768936-0.027251547810442575j),6482500000
(0.5951880823105964-0.3282546686576164j),(0.005755109563314198-0.03079868734075485j),6483750000
(0.6204443308366174-0.3414565963082731j),(0.006458326841499471-0.027597803436536356j),6485000000
(0.6317302499418304-0.3426148789715977j),(0.0024157263007945594-0.03139841558837052j),6486250000
(0.5936629871733369-0.3887101576183055j),(0.004583012945906388-0.033967912194630814j),6487500000
(0.5958831764276947-0.3962140787853457j),(0.005205424845325784-0.031219388698498926j),6488750000
(0.5713935257839844-0.38084819308471285j),(0.002306565994001685-0.033083140644726027j),6490000000
(0.5835651615217219-0.40186605899187783j),(0.004777403503491854-0.03638647105106152j),6491250000
(0.6070377799034755-0.3734906927320527j),(-0.00296292572940483-0.03128057284853128j),6492500000
(0.5407653712396986-0.433701188290137j),(-0.003927858333015451-0.03295351102592393j),6493750000
(0.5535396807445112-0.4266262948353598j),(-0.006533734181681231-0.034094951660224485j),6495000000
(0.5913047137245729-0.4114184877490314j),(-0.0016822952158897313-0.035671110673504126j),6496250000
(0.5691610358943859-0.45943048273993137j),(-0.0056533847015959315-0.03138090141330674j),6497500000
(0.6084898396469844-0.44379590869571095j),(-0.0022797667316015588-0.038278957859423014j),6498750000
(0.5863828575780363-0.49755337115142245j),(-0.005862314838550912-0.036518792340466566j),6500000000
