S11,S21,freq
(-0.7768528125944902-0.5971762577336174j),(0.0024524339430155107-0.002391118016215093j),1500000000
(-0.778918849875648-0.5959375884938132j),(0.002430718752973493-0.0023070318924957945j),1502500000
(-0.779486969406137-0.59268199225113j),(0.0023540792145381-0.0022513346558318353j),1505000000
(-0.7828520636635199-0.5882077196439077j),(0.002320522041270652-0.0022115073223035056j),1507500000
(-0.7859615838942413-0.5840275421336997j),(0.0022540339867231645-0.002186967054188117j),1510000000
(-0.788394124901782-0.5810456075803212j),(0.0021746988370201334-0.002126306568747062j),1512500000
(-0.7906133081060669-0.5794420088928897j),(0.0020875306484793737-0.0020757021006830457j),1515000000
(-0.7929905330235782-0.5733999386651767j),(0.002010208391157538-0.0020400381678424033j),1517500000
(-0.7939612061660285-0.5726621106470612j),(0.00203530731890865-0.0019982989419812004j),1520000000
(-0.7961640441257037-0.5683090076630587j),(0.0019597237405794784-0.0019687689687213944j),1522500000
(-0.7990944520151091-0.5646178220639261j),(0.0019640889996683938-0.002023671144342052j),1525000000
(-0.7999271464806229-0.5610500602411775j),(0.0020061885769986575-0.0019387966618028113j),1527500000
(-0.8026431805301748-0.557930829663164j),(0.0020112367771563536-0.0018357935810761666j),1530000000
(-0.8040015468798025-0.5564058658945302j),(0.0020040799063342756-0.0018179733112067573j),1532500000
(-0.8061196171897571-0.5512242389774097j),(0.0020797742788814695-0.001845328796726199j),1535000000
(-0.8082113709258314-0.5491106474567934j),(0.002078317725831107-0.0018938363626587317j),1537500000
(-0.8087616382077486-0.5452914073969654j),(0.0021117929426645514-0.0018330148166066916j),1540000000
(-0.8118441001860046-0.5426017737951399j),(0.0021659291313377233-0.0018874398982489235j),1542500000
(-0.8131714927804129-0.5375544668370561j),(0.002079751541867194-0.0019453964411721145j),1545000000
(-0.8173454670404869-0.5338893897786812j),(0.0021105800283192978-0.0019928175895028437j),1547500000
(-0.8169022570854354-0.5304408025355151j),(0.0020707785896278367-0.0020141557946906554j),1550000000
(-0.8198931927450107-0.5279950589479648j),(0.0020680389211469846-0.0020845770879114353j),1552500000
(-0.8216643527148862-0.5245417674018371j),(0.00197050949639271-0.0020996825068139244j),1555000000
(-0.82282199897467-0.5228734966649706j),(0.0020031547500818365-0.0021072026815439847j),1557500000
(-0.8221468174132621-0.5203002642674492j),(0.0018479593270896361-0.0021865051490817015j),1560000000
(-0.8274321833374607-0.5153978329149832j),(0.0018793485794230843-0.0022344490920771635j),1562500000
(-0.8298981419954401-0.5098644490255032j),(0.001814384260851006-0.0021808679180842414j),1565000000
(-0.8312667761600331-0.5053498378110941j),(0.0017151367298833351-0.0022031809093107342j),1567500000
(-0.8355689678453447-0.5035942735202384j),(0.001660073262962242-0.002271057879448409j),1570000000
(-0.836378323425166-0.4986027847374844j),(0.0015876229448867163-0.002308021362047356j),1572500000
(-0.8400211951544743-0.4950088611577626j),(0.0015652346093665333-0.002239119035795885j),1575000000
(-0.8390237409657847-0.4915743833813402j),(0.001533903655947956-0.0021519214943734968j),1577500000
(-0.8413820658314254-0.4911215277496527j),(0.001436787473754179-0.0022011703098904424j),1580000000
(-0.8428917055283089-0.48631823772147703j),(0.0014011662615139645-0.00210528388923475j),1582500000
(-0.8437013054287652-0.48298023763649545j),(0.0013257240923992381-0.0020754741082199377j),1585000000
(-0.8456491896419113-0.4822440162188009j),(0.001346372307234376-0.0020358543903403444j),1587500000
(-0.8491536705133229-0.4763181341382731j),(0.001312978314987273-0.0019165831028543406j),1590000000
(-0.8517754032837643-0.4736877135349812j),(0.0013007707892750207-0.0019154599604913531j),1592500000
(-0.853536918405168-0.46794735104025503j),(0.0011889628234062512-0.0018836599113956256j),1595000000
(-0.8559661907125153-0.46603866516430204j),(0.0011718973038426618-0.0018328499518720674j),1597500000
(-0.8551191692584044-0.46088461140262366j),(0.0011817607339785197-0.0017648515042084534j),1600000000
(-0.8592836555585907-0.45780329755328986j),(0.0011904476950595293-0.0016969861273919869j),1602500000
(-0.8599519266892148-0.4540376322583536j),(0.0011908166108707404-0.0016531283939587064j),1605000000
(-0.8622257211956716-0.44995928283936365j),(0.0012149609692071134-0.0015999794421364597j),1607500000
(-0.8634805696396636-0.4464872791484954j),(0.0012279434283502563-0.001523107769177745j),1610000000
(-0.865983341266143-0.44436367724757037j),(0.001250959762553508-0.0014914585162295476j),1612500000
(-0.8682704891561001-0.4404737633517912j),(0.0012869088387731321-0.0013991153144914858j),1615000000
(-0.8691811531930305-0.4355320981836918j),(0.0012860825529178133-0.0013689870558846826j),1617500000
(-0.8666044221860982-0.4190174320723848j),(0.0013288620760199214-0.0012231333364378383j),1620000000
(-0.8706351339341771-0.4302970287886046j),(0.001443927434970821-0.00122773387445915j),1622500000
(-0.8754695065989773-0.42281340037829407j),(0.0015061315877933975-0.0011839365443413804j),1625000000
(-0.8760953927789707-0.4197321827156166j),(0.0015516806559001933-0.0011649308648973382j),1627500000
(-0.8812769158993237-0.4170172915724092j),(0.0016031465260253875-0.0010825462510525641j),1630000000
(-0.8779167313055183-0.41560580866483166j),(0.0016302978038865838-0.0009422587297338364j),1632500000
(-0.8805978990479837-0.4096667033255585j),(0.0017690297125032234-0.0008989698925844215j),1635000000
(-0.8820678861155173-0.40407488252215157j),(0.001876860624979982-0.0008500486679488265j),1637500000
(-0.8832341370191834-0.40236526802563494j),(0.0019295085357589564-0.0007942812984015482j),1640000000
(-0.8845772311914526-0.3963620602842691j),(0.0021348328577931682-0.0007210393456047169j),1642500000
(-0.8884912470826046-0.3922230638961522j),(0.0022183069697944155-0.0006816183831577472j),1645000000
(-0.8886804091952855-0.3890308423036702j),(0.0023926716234546844-0.0006186133871792014j),1647500000
(-0.8884520419528433-0.386977123873659j),(0.002543141541204107-0.0006036622882023571j),1650000000
(-0.8905655833394593-0.38188570258822185j),(0.002750621669094111-0.0005439711427229218j),1652500000
(-0.8902405592526084-0.38022838657843133j),(0.00292757192098752-0.0006227561375300787j),1655000000
(-0.8934086837717314-0.37426478478351716j),(0.003153543434981451-0.0005708422712504156j),1657500000
(-0.893202451599097-0.3702218734340547j),(0.0035233928709191677-0.0006393617613918604j),1660000000
(-0.8947704131523092-0.3672157963462461j),(0.003768621789121559-0.0006615938611535842j),1662500000
(-0.8964545262925565-0.36175831225144955j),(0.0040346947103567276-0.0008822483853558116j),1665000000
(-0.8980481833812841-0.3553622352228962j),(0.00435992896189615-0.0010088509450496162j),1667500000
(-0.8970304892641722-0.3573779032934167j),(0.004611907907268291-0.00116432447763104j),1670000000
(-0.8972781315474264-0.3526553977408802j),(0.004892485852695584-0.0014332507698497665j),1672500000
(-0.901255137068084-0.34753588236943334j),(0.005182405346476937-0.0017233929892491644j),1675000000
(-0.9005128013391843-0.3439535198490032j),(0.005399563867488511-0.002057498316466151j),1677500000
(-0.9027171494058885-0.3401700387165453j),(0.005538455131747372-0.0025153824157683326j),1680000000
(-0.9028391075897189-0.3360395460617664j),(0.0056655111778345585-0.002907041745795999j),1682500000
(-0.9056691937988108-0.33140353577089965j),(0.005730943311603605-0.0033431933612939565j),1685000000
(-0.9048555077894297-0.3314090077046253j),(0.0056849577221406355-0.003852735527593838j),1687500000
(-0.9069875049872889-0.3261060798439214j),(0.005562676097969118-0.0043061127172550305j),1690000000
(-0.9097651411683807-0.31819598675494415j),(0.005443721707181265-0.004733484831315295j),1692500000
(-0.9098882847456214-0.3178030721723772j),(0.005156904628276701-0.005062431525666479j),1695000000
(-0.9097469406367853-0.3150788878018131j),(0.004860830285096433-0.005475833708337331j),1697500000
(-0.9102859388324313-0.3119641113375883j),(0.004529902221029967-0.005671831785721566j),1700000000
(-0.9134061930962685-0.3063457443191389j),(0.004219973998640979-0.0059463768703107685j),1702500000
(-0.9128911746421491-0.30259730595064316j),(0.003926642640234797-0.0060495500935754095j),1705000000
(-0.9158515228343087-0.30001935919977774j),(0.003631956595331426-0.006139304803616045j),1707500000
(-0.9162057617741745-0.29430426671699506j),(0.0032935499987680537-0.006151470139800721j),1710000000
(-0.9208287614975962-0.28812644123284314j),(0.003082879908225545-0.00619399680920075j),1712500000
(-0.9200421103533502-0.28575338209954376j),(0.002839753209669583-0.0061214886309751615j),1715000000
(-0.9214905403473694-0.28137832141556823j),(0.0026834138155367904-0.006139192620177031j),1717500000
(-0.924218108091078-0.2762925657973894j),(0.002558244913614336-0.006140297856904688j),1720000000
(-0.9238271033702539-0.2757287163441301j),(0.002447645410861311-0.006018705555646935j),1722500000
(-0.9272697497601551-0.2715047238819045j),(0.002362867371423713-0.00591997520068538j),1725000000
(-0.9294711414404432-0.26670216273465674j),(0.002265472659343568-0.005875814760827729j),1727500000
(-0.928645348151818-0.26031298947396386j),(0.002325470048552234-0.005729013718948498j),1730000000
(-0.9271010188238652-0.2571336596858033j),(0.0023188244623832824-0.005704820737480237j),1732500000
(-0.9306549943164888-0.2523201422746055j),(0.002458426649265578-0.0056863269550359126j),1735000000
(-0.9283603547900849-0.248853626515755j),(0.0025473493817367763-0.005661422390508848j),1737500000
(-0.9328849469323742-0.2586856527074284j),(0.002762505174350411-0.005730568675627698j),1740000000
(-0.930581242399235-0.23987934593924057j),(0.0029825757935529346-0.005831272688231239j),1742500000
(-0.930076285923863-0.2369956259707675j),(0.0031366401056873087-0.005990589878233285j),1745000000
(-0.9300846391115399-0.2329747774982582j),(0.0032887419813841918-0.006248903760455965j),1747500000
(-0.9320517096007812-0.2259094377748348j),(0.0034618256668130726-0.006479157280537368j),1750000000
(-0.9302292553279168-0.22771039713385877j),(0.003497306876998141-0.006537710157850432j),1750000000
(-0.9331240256687507-0.22075428296942406j),(0.003610212284312595-0.0069078816109047455j),1752500000
(-0.9308654942765148-0.21873596805298554j),(0.0037975114085660143-0.007261499964230588j),1755000000
(-0.9340379521858367-0.21387694174084135j),(0.0038170025160459997-0.007797110316750164j),1757500000
(-0.9313671283011262-0.2112644166493651j),(0.003749304313838554-0.008282674759777694j),1760000000
(-0.932990604733012-0.2086203914162641j),(0.0036988694639010565-0.008910025346039116j),1762500000
(-0.9320988723091475-0.20687757485981398j),(0.003577126653253218-0.00953533117183598j),1765000000
(-0.9347234859337625-0.19863929617977152j),(0.0032169586461345354-0.010172711210381033j),1767500000
(-0.9334289328766793-0.19738213236574698j),(0.0027617559562288646-0.01067364984147715j),1770000000
(-0.934089174558045-0.19385296631291357j),(0.002352221874884937-0.011204883153171034j),1772500000
(-0.9364901224190708-0.189749371488319j),(0.0016344844519628845-0.011768754346309685j),1775000000
(-0.9378891079108438-0.18326202170403447j),(0.00098853864504745-0.012136204527804537j),1777500000
(-0.9377464572936924-0.18120990908527157j),(0.0002023067482502096-0.012476297025995113j),1780000000
(-0.9384399220451656-0.17683295938936902j),(-0.000527965795373425-0.012655825449779244j),1782500000
(-0.9399711660245937-0.1735623725430976j),(-0.001333351643626433-0.012767780552453908j),1785000000
(-0.9391400938721889-0.17241130769407154j),(-0.002075725546528561-0.012833400785168153j),1787500000
(-0.9422870937351713-0.1626594627119643j),(-0.0028551796630640397-0.012680406320849921j),1790000000
(-0.9413440271503251-0.16166701821492932j),(-0.0035689955975284748-0.012502266988885541j),1792500000
(-0.9434377180863758-0.15656205103144938j),(-0.004311448846971229-0.01219768569310169j),1795000000
(-0.9431699626438973-0.15255565831325754j),(-0.004956301665175318-0.011864895967870041j),1797500000
(-0.9409338061376704-0.14838711879993466j),(-0.005322302635159794-0.011565888887991482j),1800000000
(-0.944914115713659-0.14180365893553953j),(-0.00605717853670933-0.011123174440567485j),1802500000
(-0.9451110419682046-0.13973497849420627j),(-0.006464986523382249-0.010757697816170256j),1805000000
(-0.9466784901542277-0.13216289522308272j),(-0.006913368467216955-0.010250644010807355j),1807500000
(-0.9458023902375586-0.13121994974163298j),(-0.0071762525615675825-0.009822245177783183j),1810000000
(-0.9473063335075531-0.12569645795010154j),(-0.00748945460732196-0.009283163941356469j),1812500000
(-0.945291174466089-0.12393271924371002j),(-0.007670821912142808-0.00886346077205664j),1815000000
(-0.9470400442489064-0.12178305748226248j),(-0.007823772300510436-0.008392963606315024j),1817500000
(-0.9470116803307722-0.11395999761836037j),(-0.008017600603698721-0.007908772288704327j),1820000000
(-0.9483967760037328-0.111014265695272j),(-0.008108951598265695-0.007594381594435874j),1822500000
(-0.9490396530267375-0.10444574335299525j),(-0.008279059599335541-0.007132829315768443j),1825000000
(-0.9490241204454839-0.10078040099796327j),(-0.008323484678464341-0.006751845177600397j),1827500000
(-0.9491189588816136-0.09495918970605072j),(-0.008358596511580819-0.006364420360224111j),1830000000
(-0.9481177374657868-0.09601705506752566j),(-0.008312425754327873-0.006092514900095076j),1832500000
(-0.9492297288636609-0.087646514024313j),(-0.008311572076919436-0.005778303541398474j),1835000000
(-0.9487542378698087-0.08647850361469574j),(-0.008266740013786585-0.005498490572289837j),1837500000
(-0.9505391053502459-0.08208339468314112j),(-0.008206046495824857-0.00528498381479244j),1840000000
(-0.9483653950248238-0.07541506447328895j),(-0.008189406725231047-0.0049974384548684275j),1842500000
(-0.9496455360352518-0.0732734090932669j),(-0.008214050395283957-0.004758975096970073j),1845000000
(-0.9481141142058532-0.0708358678852173j),(-0.008225433815360884-0.0045860146018612755j),1847500000
(-0.9490753805247565-0.066402402596642j),(-0.008124065154275707-0.004395987636293133j),1850000000
(-0.94940971808946-0.060857252698864675j),(-0.008129466121873093-0.00411069072734556j),1852500000
(-0.9499915358447166-0.05929832013752497j),(-0.008010018626419665-0.0038812568019716475j),1855000000
(-0.9498178801614867-0.05560524537346099j),(-0.008001297485391287-0.003762579629109112j),1857500000
(-0.949738504901276-0.055088275735908j),(-0.008002266255748623-0.0035577344269920284j),1860000000
(-0.9504994623023801-0.0483677424788889j),(-0.00788477122590381-0.00345268870567051j),1862500000
(-0.9497945631638395-0.04307864584303185j),(-0.00788139464757759-0.0032724960829827823j),1865000000
(-0.9509405378690283-0.03854267062806121j),(-0.00782701928951131-0.003153181550195236j),1867500000
(-0.9477114123170232-0.03167653856543547j),(-0.0077600060641562964-0.0030303192081468336j),1870000000
(-0.9512584671485713-0.029188074277084104j),(-0.007720676045760985-0.002921898224245622j),1872500000
(-0.9494738096523071-0.02731280372037117j),(-0.007630722988907681-0.002882632450559449j),1875000000
(-0.9524474364804097-0.023127608928146758j),(-0.007592577293888742-0.0027871166176944855j),1877500000
(-0.9513473379500164-0.017258460602942952j),(-0.007579153901549997-0.002616094561838717j),1880000000
(-0.9523075821608856-0.015006069484322515j),(-0.007555403070211795-0.0026002962281357054j),1882500000
(-0.9530925606170931-0.010970325824259514j),(-0.00754038374693202-0.002598111411452159j),1885000000
(-0.953449029759209-0.008527307065441423j),(-0.007561150092890427-0.0025671241578939063j),1887500000
(-0.9550538158748663-0.0018578986020553604j),(-0.0076314418332560675-0.0025243578185464473j),1890000000
(-0.9532334533458707+0.003971389305222596j),(-0.007622762470735554-0.002491091002077844j),1892500000
(-0.9545886969143272+0.0030269477731984084j),(-0.0077477639665616636-0.0024436192875205392j),1895000000
(-0.9511433988575879+0.010818835308715902j),(-0.007760392959025337-0.002277603071022247j),1897500000
(-0.9549692532837435+0.01281747514106187j),(-0.007851844081626612-0.002256829794469107j),1900000000
(-0.9542965694105315+0.02010650854205452j),(-0.007945157859994424-0.002147253132124432j),1902500000
(-0.9559927396337019+0.01989707745729523j),(-0.008105317373435145-0.002082467056081058j),1905000000
(-0.953289056961738+0.026572922251656327j),(-0.008151657928962917-0.001892197297271852j),1907500000
(-0.9549959074037243+0.027502792222005898j),(-0.008235863996466485-0.0018003528057971754j),1910000000
(-0.9545685665929505+0.0361978166882488j),(-0.008349196930012364-0.001643800163808756j),1912500000
(-0.9535074830048067+0.04314796803597653j),(-0.00851142262488281-0.0014926072452661693j),1915000000
(-0.9531734991219202+0.04480876782252774j),(-0.00851137002547979-0.001361352603236213j),1917500000
(-0.9474655369054831+0.0524477812128577j),(-0.008496598465001266-0.0012998652731917586j),1920000000
(-0.9530746051334676+0.05374244069120352j),(-0.008577662236184065-0.0010129277551575847j),1922500000
(-0.9522384102859014+0.057733396016200506j),(-0.008666296425083648-0.0008406236785995071j),1925000000
(-0.9525594170082504+0.05932302687176086j),(-0.008703427318392427-0.0007444815821936494j),1927500000
(-0.9520706241927948+0.06425008441468018j),(-0.008747908149747501-0.0005257231990586568j),1930000000
(-0.9516215059451549+0.06996121252219813j),(-0.008868716165023492-0.0003219449912366154j),1932500000
(-0.9504684062218813+0.07454385367001046j),(-0.008966456671440855-0.00019181054630244745j),1935000000
(-0.9509661093174496+0.0803759060684105j),(-0.008965834092680178-6.061899916709152e-05j),1937500000
(-0.9507715643450052+0.0810784725345703j),(-0.009150232403753598+0.00016048513593813594j),1940000000
(-0.949573389821852+0.08581493072986437j),(-0.00917457595343072+0.000398902202722314j),1942500000
(-0.9507076287160822+0.0897870440266522j),(-0.009149683873039723+0.0006092638269776858j),1945000000
(-0.9499152820230136+0.08950000234642837j),(-0.00922377722892232+0.000764338845819264j),1947500000
(-0.9495171458970051+0.09647347700245378j),(-0.00924457515829187+0.0009219457639766917j),1950000000
(-0.9460633754694194+0.10427495825800859j),(-0.009364369595924118+0.0012393993761573927j),1952500000
(-0.9481372917854106+0.11182216578770128j),(-0.00940709563539243+0.0015890096536566414j),1955000000
(-0.9458590038627736+0.11191426482464298j),(-0.009568892903736697+0.0018087054726942386j),1957500000
(-0.9472970010277997+0.11894227397702797j),(-0.009554014334535538+0.0021132033126910954j),1960000000
(-0.9447037142245275+0.12439621898322786j),(-0.0095555943374343+0.002441689043758726j),1962500000
(-0.9441954759002205+0.12711944318593074j),(-0.009586104821774554+0.0026970768199895937j),1965000000
(-0.9446215698341949+0.13074054227772838j),(-0.009530672480232025+0.0031546829598582127j),1967500000
(-0.9422860434720629+0.13343797228159485j),(-0.009485951755168828+0.003534408076826159j),1970000000
(-0.9416041725712682+0.13918914543414732j),(-0.009388818719023998+0.003801617703962866j),1972500000
(-0.9372573392586339+0.14305602872902018j),(-0.009260696455837825+0.004221206575207132j),1975000000
(-0.94109859279553+0.14731335785047675j),(-0.009070887178735974+0.004569639664273862j),1977500000
(-0.9363185655856132+0.14667037702064634j),(-0.00896780969612724+0.004869157097548915j),1980000000
(-0.9392094457033155+0.15818092976186401j),(-0.008731760404276014+0.005284504278452202j),1982500000
(-0.9361925314919115+0.15593465071010051j),(-0.008525103586133103+0.005596902784947528j),1985000000
(-0.935105034453594+0.16463466569634375j),(-0.008246937088098682+0.00603969421448639j),1987500000
(-0.9321369947997186+0.16620209175034067j),(-0.008004500513640855+0.006174592463037674j),1990000000
(-0.933363007476138+0.17186984229054583j),(-0.00756731672698054+0.006565098886109636j),1992500000
(-0.9339344764716285+0.17557071890199016j),(-0.0073077749327530375+0.006828720753144463j),1995000000
(-0.9342023955441071+0.1790796451002036j),(-0.006959143222038822+0.007029281599255693j),1997500000
(-0.9339513259404589+0.18083378539159214j),(-0.006590982989555903+0.007202113017430409j),2000000000
(-0.9350870151025735+0.177391870604101j),(-0.006611200469657046+0.007191941758105393j),2000000000
(-0.9329954602705441+0.18260699981592343j),(-0.006205024110694571+0.0073775934442038196j),2002500000
(-0.9330244495805439+0.18587674018753916j),(-0.005816896985980896+0.007420151601232204j),2005000000
(-0.9278951858204358+0.1972783166609581j),(-0.0053821795706250185+0.007574726579093689j),2007500000
(-0.9286164377639853+0.20336937718114378j),(-0.004976282661742148+0.007652093910069327j),2010000000
(-0.9279147648033922+0.209689752425379j),(-0.0046508328923031824+0.007774513464026637j),2012500000
(-0.9259521920986221+0.2104132394942373j),(-0.004370102546285017+0.007723661163058771j),2015000000
(-0.9259821976624474+0.21737844075579207j),(-0.003924413970667534+0.007699186532638614j),2017500000
(-0.9277964242235174+0.21524186133896042j),(-0.0036191302470386967+0.007724804666650324j),2020000000
(-0.9227006699353537+0.21872813647645337j),(-0.0033049683062123364+0.007646361969857923j),2022500000
(-0.919292822279015+0.22105745139026176j),(-0.002945292930246213+0.0075625985622199705j),2025000000
(-0.9182632630636562+0.23324561095984062j),(-0.0026814886359724445+0.007454626265812074j),2027500000
(-0.9173448191656606+0.2382451846761224j),(-0.002353348922730399+0.007322038329663242j),2030000000
(-0.9169416806275652+0.24018954054090438j),(-0.002109908538516611+0.0072760346904778605j),2032500000
(-0.9173746311774645+0.2484724017704767j),(-0.0018185000043942044+0.007127010213889811j),2035000000
(-0.9166601668013113+0.24846743622330833j),(-0.0016533792428440766+0.00697705348413345j),2037500000
(-0.918042689826587+0.2600576943932535j),(-0.001336528246618163+0.006799436300172116j),2040000000
(-0.9149207568259322+0.26008354855499827j),(-0.0011779962405393904+0.006718774750427698j),2042500000
(-0.9119952858515687+0.26525092517617016j),(-0.0010625577253037572+0.006587034155222009j),2045000000
(-0.9114675379679373+0.268774833020641j),(-0.000875928155209739+0.006462747621769698j),2047500000
(-0.9068640274490731+0.2791876867235823j),(-0.0006059238669218043+0.006270327681407559j),2050000000
(-0.9091840957305348+0.2798300288572889j),(-0.0005003990856454856+0.0061290039300502j),2052500000
(-0.908626399506359+0.2856758930212044j),(-0.0003387425408382681+0.005963225891595677j),2055000000
(-0.9069908220213555+0.2877693217995981j),(-0.00016627752675255482+0.005806478544760387j),2057500000
(-0.905197596537243+0.29540977134285246j),(-6.262872172045977e-05+0.0057039072734538605j),2060000000
(-0.9024107228578889+0.30087759317077634j),(5.0151258104415514e-05+0.005506807689630457j),2062500000
(-0.9007419991207103+0.30646152943332167j),(6.34391172954122e-05+0.005374828333719316j),2065000000
(-0.8984473430683579+0.3098609628814664j),(0.0001748382072017758+0.005234199158060184j),2067500000
(-0.8970396677873458+0.31374833773740923j),(0.0002030719092062455+0.00511058593204939j),2070000000
(-0.8955294151291798+0.32033417758824595j),(0.0003217752503551556+0.00492885163415874j),2072500000
(-0.8938190210568355+0.32241083607233156j),(0.00035405726173659845+0.004810409401506159j),2075000000
(-0.8921257110641914+0.3267948096039591j),(0.00045700586102817163+0.004652771676809454j),2077500000
(-0.891764702127573+0.33178286301074517j),(0.0005259754017786606+0.004595185974436571j),2080000000
(-0.8902304311646463+0.3358304971382096j),(0.0005386811191159472+0.004458063636548177j),2082500000
(-0.8872332799952827+0.3393546673891678j),(0.0005592034817435748+0.004347171286324184j),2085000000
(-0.8847069833667764+0.34810634789101064j),(0.0006442674593003652+0.004265864052865896j),2087500000
(-0.882017305185336+0.3516562190048439j),(0.0005820936299411739+0.004156703547106398j),2090000000
(-0.8822331410009797+0.3556169600693525j),(0.0006372245366071307+0.004006560754354974j),2092500000
(-0.8802020631193956+0.35891559272873086j),(0.0005778821060251169+0.003907343430696404j),2095000000
(-0.8785401594778304+0.36490415425214506j),(0.0006828421662313634+0.00381372325972808j),2097500000
(-0.8791720485729041+0.3656887869276517j),(0.0007122136169935167+0.003710664985683811j),2100000000
(-0.8748658800168702+0.3728003242195103j),(0.0007474113604303042+0.0036982831841521923j),2102500000
(-0.8731831648161683+0.37696942335799155j),(0.0007136072836371778+0.003551527655145227j),2105000000
(-0.8697570732305688+0.38444648081138616j),(0.0007675017084738806+0.0035450976374279517j),2107500000
(-0.8712420587722337+0.38460596438206124j),(0.0007419654799336733+0.0034226733384708856j),2110000000
(-0.8653379178784822+0.393962574912462j),(0.0007279663213812224+0.0033318088012531874j),2112500000
(-0.8653344513645402+0.39549573873693883j),(0.0007373664214490201+0.0032390967087147834j),2115000000
(-0.8622379415525246+0.40097293003815465j),(0.0007027266932883997+0.0031469606671601052j),2117500000
(-0.8586873294434705+0.4059918568623788j),(0.0006736122362120275+0.0031674420827848323j),2120000000
(-0.8577347175920127+0.4110248463185108j),(0.0006886165265910904+0.0031268929924916505j),2122500000
(-0.8545518344600448+0.4152225058675517j),(0.0007248800711281075+0.0030440870758791363j),2125000000
(-0.8533685326799697+0.417985426024332j),(0.0007026329761811667+0.0029746255572884036j),2127500000
(-0.8520106388441078+0.42231600541052244j),(0.0006894802314576839+0.002932108132663619j),2130000000
(-0.8469191176702597+0.42773489400993553j),(0.0006926768909830638+0.0029134915953363057j),2132500000
(-0.8439460045825918+0.4330808997355968j),(0.0007400976831003164+0.0028762115728143915j),2135000000
(-0.8449902669958234+0.43536185667173294j),(0.0006832122239536265+0.0028181966846064525j),2137500000
(-0.8389952177915654+0.43869294703414957j),(0.0007151271256651181+0.002737201512660737j),2140000000
(-0.837708990794641+0.44538076082590555j),(0.0007563524051640237+0.0026919212674598233j),2142500000
(-0.8335060399040793+0.44826061848989013j),(0.000706352382440173+0.002671828109847914j),2145000000
(-0.8338952532469296+0.45236896466221377j),(0.0007638062205727942+0.002674474510494206j),2147500000
(-0.8322424445933739+0.4541886402488064j),(0.0007262741537868683+0.002630182453487729j),2150000000
(-0.8286311127990839+0.46222291453319186j),(0.0007700893203938559+0.0025784030943823725j),2152500000
(-0.8243317597858563+0.4692695971413914j),(0.0006791474739753834+0.002599715412309518j),2155000000
(-0.8208309604012102+0.47527357337409154j),(0.000762042694444617+0.0025630227665997133j),2157500000
(-0.8177180759777387+0.4743159233285411j),(0.0006845064102858724+0.0024960643039711222j),2160000000
(-0.8176320989383214+0.47617179791194697j),(0.000679892266955791+0.0024113314811992546j),2162500000
(-0.8148394905491103+0.4846621006283098j),(0.0006558191016459991+0.002444207250533629j),2165000000
(-0.810224709166781+0.48781791481074355j),(0.0006410459032307101+0.002456504012202488j),2167500000
(-0.809203611344873+0.49365038517152904j),(0.0006772203136721275+0.0023820568544608354j),2170000000
(-0.8081202972213509+0.4932513388416803j),(0.0006432463373850431+0.002378983541455731j),2172500000
(-0.804809660821542+0.4999798227566112j),(0.0006055783710807832+0.002363937597813524j),2175000000
(-0.8017332998611523+0.5026569932237281j),(0.0006908740173051709+0.002293168730547988j),2177500000
(-0.8003784958359529+0.5072812704899758j),(0.0006570707768113054+0.0022729528567575963j),2180000000
(-0.7989357007396659+0.5104176521151086j),(0.0007282417431740938+0.0022412019555340923j),2182500000
(-0.7961297817283284+0.5136371873148298j),(0.0006463844608504777+0.0022011122515739347j),2185000000
(-0.7905558371307484+0.5197957883774822j),(0.0006024573519058426+0.0022141444640893294j),2187500000
(-0.7848043817945676+0.5264996789210381j),(0.0005898963738244675+0.002195267451238504j),2190000000
(-0.7860255778707621+0.5272875564349966j),(0.0005547520922804082+0.0022247372433678247j),2192500000
(-0.784259619049212+0.5302930369698202j),(0.0006190996884063295+0.0021525784296712092j),2195000000
(-0.7810764517215536+0.5341830695061168j),(0.0005720669925735745+0.002222183504262024j),2197500000
(-0.7774708950732063+0.5396587730438956j),(0.0006502765806938863+0.00223989526255206j),2200000000
(-0.7764341663148489+0.541910659636898j),(0.0005746430475753573+0.002240177767034714j),2202500000
(-0.7699954776618797+0.5477946323445482j),(0.0005772930332751227+0.002219465481384954j),2205000000
(-0.7688883814762976+0.5502241765669337j),(0.0005876157635596451+0.002161439781586188j),2207500000
(-0.7643447329119054+0.5558568237081551j),(0.0006459636206421008+0.0022185340125896614j),2210000000
(-0.7603284827481109+0.5612352157276504j),(0.0006273812439566186+0.002150380120493261j),2212500000
(-0.7592370362092835+0.5619821006820462j),(0.0006362175019030009+0.0021741018440404134j),2215000000
(-0.7559880842496066+0.5652765286774128j),(0.0006406561709770394+0.002159403903258707j),2217500000
(-0.7541416738847477+0.5679620403057556j),(0.0006764280100799969+0.0021052584802773444j),2220000000
(-0.747039498206043+0.5729001527464604j),(0.0006691233189852794+0.0021556976713567625j),2222500000
(-0.7478846364506092+0.5738313502366557j),(0.0006551920130163412+0.0021128567841377658j),2225000000
(-0.7411806220409882+0.5826710981784265j),(0.0006493343866315709+0.002145752013874763j),2227500000
(-0.739427361489601+0.5839438815929157j),(0.0006390224905060835+0.0021182677867412313j),2230000000
(-0.7356763850960556+0.5847005080541077j),(0.0006139235828442825+0.0021198769066166365j),2232500000
(-0.7317619641069772+0.5911089629201121j),(0.0006604460238822851+0.002175642182727194j),2235000000
(-0.7282699245954156+0.5958705609182171j),(0.0006896812768235808+0.0021127748698990608j),2237500000
(-0.7267099625605303+0.5989490832314969j),(0.0007518537056463593+0.0021693357847269307j),2240000000
(-0.7241492094760441+0.6012680675996368j),(0.0007749796815759979+0.0021403972642520023j),2242500000
(-0.718374761024663+0.6074808603417815j),(0.000728207339472978+0.0021397225908488604j),2245000000
(-0.7155211775701188+0.6097269433688127j),(0.00079504797930184+0.0021526161684143176j),2247500000
(-0.7108757186536534+0.6145084162747071j),(0.0007654066211962732+0.0021533936817092723j),2250000000
(-0.7092767097753508+0.6164855078791748j),(0.000811574358160559+0.0021337835385541225j),2250000000
(-0.7100824328335396+0.6165976806376662j),(0.0007841423488458973+0.002191808399472268j),2252500000
(-0.7024028375409844+0.6217485918665352j),(0.0009144077379145865+0.0021791590948571833j),2255000000
(-0.7009804233788705+0.6258106219936648j),(0.0008823433977959899+0.002187672647749178j),2257500000
(-0.695932514969797+0.6307333530038491j),(0.000897682818169515+0.002148556486261274j),2260000000
(-0.6948612321801239+0.6323360921298278j),(0.0009130596151083218+0.00217840817131405j),2262500000
(-0.6913939450887264+0.6356694174389426j),(0.0009315176893279368+0.0021743807183109915j),2265000000
(-0.6878621926270053+0.6398262834100615j),(0.0009527115396202558+0.0021908419467063177j),2267500000
(-0.6843021650060394+0.6436626520276j),(0.0010473346862694673+0.002125554478289788j),2270000000
(-0.6775696645673306+0.648925393762046j),(0.001106554130307384+0.00216463216853416j),2272500000
(-0.6759266139217153+0.6518518838814958j),(0.0010766264511101824+0.0021267973708614042j),2275000000
(-0.6692952952718314+0.6564822759028841j),(0.0011018556469931586+0.002119442293313955j),2277500000
(-0.6692597901141455+0.6589907622700186j),(0.0011302078202364049+0.002189800178542167j),2280000000
(-0.6622065752001184+0.6640938300984134j),(0.001270139127931758+0.002187820151963699j),2282500000
(-0.6612187197433884+0.6656014625204434j),(0.0012473799779419209+0.0020836272025012157j),2285000000
(-0.6584888451519547+0.6698119408636918j),(0.0012189106894659847+0.0020783288200426266j),2287500000
(-0.650777930814691+0.6735875844479394j),(0.0012443645572912969+0.00202852197624109j),2290000000
(-0.6469409745885824+0.6770055520070677j),(0.0013460748633928863+0.0020333322520744482j),2292500000
(-0.6411991016658338+0.6832680167389216j),(0.0013811745668452417+0.0020255397666689113j),2295000000
(-0.6408145374467923+0.6846724742949135j),(0.0014461744942201953+0.002003648331076668j),2297500000
(-0.6349571399746035+0.6893032115843168j),(0.0014758319281361662+0.001955707343419841j),2300000000
(-0.6327018553706304+0.6915457578986288j),(0.0015050760197352028+0.0019792504851758796j),2302500000
(-0.625146941160743+0.6965500716643415j),(0.0015081686787279955+0.0019295839422862884j),2305000000
(-0.6248294188997467+0.6986332733445628j),(0.00151595288491513+0.0018990809099485339j),2307500000
(-0.619480402516531+0.7006454961170889j),(0.0015430079867361213+0.0019199331632271995j),2310000000
(-0.6159896312446457+0.705134265715019j),(0.0015819617310494564+0.0018394533564357308j),2312500000
(-0.6097878409825331+0.708571535437988j),(0.0015895985292482375+0.0018561606949729756j),2315000000
(-0.60454562307397+0.713755854491893j),(0.0016475421668829405+0.0018104764364958333j),2317500000
(-0.6021436484020299+0.7142837714515323j),(0.001692191509649738+0.001789858606073051j),2320000000
(-0.5946894433676442+0.7205155517926084j),(0.0016896765055270995+0.001791851710249899j),2322500000
(-0.5906685383244049+0.7228371005799605j),(0.001679174634711601+0.0018233345532011483j),2325000000
(-0.5842970499386014+0.7262632867897384j),(0.0017390400653260378+0.0017906381820580659j),2327500000
(-0.5821867592039753+0.7275055596766797j),(0.001727659983259376+0.0018000212124715301j),2330000000
(-0.5763066145082242+0.728484529848471j),(0.0018311524522962857+0.0017226434783594372j),2332500000
(-0.5734527272191116+0.7343594966785213j),(0.001858954761259037+0.0016798707904962845j),2335000000
(-0.5667434952497686+0.7384737280355197j),(0.0018854074665716578+0.00160507215881823j),2337500000
(-0.5650105701571948+0.7416102167125286j),(0.0019662470044237226+0.0015838829635645272j),2340000000
(-0.5604252096177743+0.7449480716585236j),(0.0019826342095598734+0.0015825002322755076j),2342500000
(-0.5574626168499425+0.7472875104737473j),(0.002067286745611298+0.001548450084383074j),2345000000
(-0.5487217974052713+0.7506057910133657j),(0.002101281711922102+0.0015176468344590707j),2347500000
(-0.5421070047416918+0.7545006340330037j),(0.002108979893424641+0.00149010755242217j),2350000000
(-0.5426012830876363+0.7553203087617237j),(0.002092441471702034+0.0014031242360489765j),2352500000
(-0.5356361525035107+0.7593973921583818j),(0.0021616753059427903+0.0013846482634471214j),2355000000
(-0.5320732308966191+0.7614817946636239j),(0.002184427646719976+0.0013047442156810865j),2357500000
(-0.5251893605225896+0.7647160831913521j),(0.002215014115276839+0.0013241978916845093j),2360000000
(-0.5225356489105565+0.7688221318504124j),(0.0022719129214812763+0.0012443388026418326j),2362500000
(-0.5153041017073817+0.7725237129798695j),(0.0022974519367651193+0.0011502638283412891j),2365000000
(-0.5153821838227142+0.7735603967509143j),(0.0023229755402846193+0.0010682700814053847j),2367500000
(-0.5082685460052117+0.7770645156685553j),(0.0024180674517069027+0.0009942411016079116j),2370000000
(-0.5034413401813025+0.7792293296480896j),(0.002386044623983468+0.0010069192257745184j),2372500000
(-0.49676072047149544+0.7818625654138073j),(0.002339116750289391+0.0010041290334963115j),2375000000
(-0.4927303629557732+0.7850188818949535j),(0.002371018457810404+0.0008550643722517804j),2377500000
(-0.48536249406651605+0.788936319886874j),(0.00232408262052844+0.0008448262826277469j),2380000000
(-0.48177618070592615+0.7908769937629685j),(0.0023714255551790108+0.000784712052946543j),2382500000
(-0.4758585294765474+0.7950327403693044j),(0.0024423281180959017+0.0006958056499693679j),2385000000
(-0.4701122010916401+0.7997597519713073j),(0.0024135934703223266+0.000666025179630739j),2387500000
(-0.4653871970342467+0.8023513307550731j),(0.002456916506840204+0.0005661410859224772j),2390000000
(-0.462854427909675+0.8017553267099061j),(0.0024148148288792694+0.00047552009494897924j),2392500000
(-0.4600485574759945+0.8034664120479189j),(0.002479648168908648+0.00041421448717310154j),2395000000
(-0.4511074458338279+0.808025079095091j),(0.0024292057866941497+0.00045688599502758217j),2397500000
(-0.4454183195739935+0.8050138242694592j),(0.002358880668658597+0.0003456797055694926j),2400000000
(-0.441291295528123+0.813613082857038j),(0.0023375829135661177+0.000286646285609624j),2402500000
(-0.43675677226836507+0.8142766197519731j),(0.00232830827432169+0.00019877772307634156j),2405000000
(-0.42919027328201187+0.8188494984385831j),(0.0023477297585626053+0.0001993310977385203j),2407500000
(-0.4246724756625587+0.8213788337113177j),(0.002363594498052788+0.00016982000519801573j),2410000000
(-0.41887902166523816+0.8235683972027098j),(0.0022663364817129246+0.00011597140209377064j),2412500000
(-0.41187494219059023+0.8240196188465385j),(0.002290392056573147+0.00012174846409660888j),2415000000
(-0.4075380130613006+0.8277491538321208j),(0.0023289928327070324+3.058829249947935e-06j),2417500000
(-0.4035005190562338+0.8293773097803745j),(0.002229255800153143-3.078856799560024e-05j),2420000000
(-0.39893744727443753+0.8320755754787856j),(0.00225529813457544-7.24198155365699e-05j),2422500000
(-0.3916885925128691+0.8348502961080067j),(0.0023142548054663147-0.00011385005080709277j),2425000000
(-0.38778864673024255+0.8365208550212158j),(0.0022519991745990077-0.0001825953314889258j),2427500000
(-0.38408007921362636+0.8392576745513314j),(0.002245245456335134-0.00019253593704371337j),2430000000
(-0.3792826194256444+0.8401395964606603j),(0.00218780211835878-0.00021788017820591223j),2432500000
(-0.3701842426843328+0.8427721607563368j),(0.0022561271355561415-0.0003011456202348049j),2435000000
(-0.36387527352350885+0.8434012089054475j),(0.002129502623472633-0.00031919293113683223j),2437500000
(-0.36157721393077646+0.8463073276704439j),(0.0021657752445788897-0.00037701179617340543j),2440000000
(-0.3544149288305535+0.8485991435416821j),(0.0021345321930293535-0.00043376438488004147j),2442500000
(-0.3497182145502556+0.8508209225320714j),(0.002141308366616737-0.00035971503522425866j),2445000000
(-0.339945733693083+0.8534096889086883j),(0.002103195572604843-0.00045261183548718286j),2447500000
(-0.34106526325993725+0.8540604418675173j),(0.0021509945663751202-0.00047209771358356636j),2450000000
(-0.33384781268113967+0.8565825372088528j),(0.002143449506610122-0.0005374316933545954j),2452500000
(-0.33138605828450096+0.8586560353660593j),(0.0021200008041481182-0.0005570297710793561j),2455000000
(-0.32137409192445604+0.8612497951021272j),(0.00205949909969957-0.0005838912750192346j),2457500000
(-0.31738904680209074+0.861528278120818j),(0.002118185456164243-0.0006300708764105424j),2460000000
(-0.3096707041977709+0.8655398602352288j),(0.0020710054923862155-0.0007073668647930391j),2462500000
(-0.30715060948648176+0.8658653124864759j),(0.00200911015187529-0.0007205832614620134j),2465000000
(-0.29894484032466184+0.8685713748697804j),(0.001999050124013456-0.0007171344683535157j),2467500000
(-0.2963972512476208+0.8687333666394429j),(0.0019465303928884324-0.000737009294285794j),2470000000
(-0.2902235281652622+0.8718303025833961j),(0.001935855614645539-0.000839782524441764j),2472500000
(-0.2848218197724755+0.8724546172610202j),(0.001911348156111637-0.0008858089223599512j),2475000000
(-0.281060275192253+0.8728165734303691j),(0.0019387930439714656-0.0008098643061014709j),2477500000
(-0.2728650024019468+0.8731141786452971j),(0.0018929202709414034-0.0008207122596938987j),2480000000
(-0.26740851519072734+0.874404508594579j),(0.0018842775143310256-0.0008581648724904194j),2482500000
(-0.2636091602626329+0.8764922634186092j),(0.001841520932057524-0.0009260862016099599j),2485000000
(-0.258781350003882+0.8788603020982894j),(0.0018550691231401639-0.0009485271663479772j),2487500000
(-0.2542459691537532+0.8804766664606899j),(0.0018595065886318496-0.0009533785923152894j),2490000000
(-0.24874430188330118+0.8820622221440637j),(0.0018578882942169564-0.0009960950958563764j),2492500000
(-0.2431380054015786+0.8850161051143409j),(0.0018635004334196378-0.0010762760061325382j),2495000000
(-0.23728306608322253+0.8864419034425951j),(0.0018296653880879646-0.0010849782761463709j),2497500000
(-0.23052665405054334+0.8875276389455297j),(0.0018254770710521941-0.0011285952919851655j),2500000000
(-0.23398551825696443+0.886613512080562j),(0.0018009663285665494-0.0011234056672858833j),2500000000
(-0.2245287019564492+0.8855661085251229j),(0.001743127568176697-0.001150395865458514j),2502500000
(-0.21811532742570916+0.8882332860869913j),(0.0017761779624383878-0.001204957509621271j),2505000000
(-0.2164770074067534+0.8891311543728463j),(0.001750198600951456-0.0012110572116290344j),2507500000
(-0.21057440401025979+0.8900510381905554j),(0.0017317383156883223-0.001206503553689943j),2510000000
(-0.2091381003265747+0.8885266746677997j),(0.0016919201111024165-0.0011917026388233315j),2512500000
(-0.19884948266843636+0.8881324077587527j),(0.0016576253780293455-0.0012678402634753515j),2515000000
(-0.19343957002561896+0.8907515003624352j),(0.001693574419872712-0.001282633469933595j),2517500000
(-0.18498930855187085+0.8918566111635389j),(0.0016306021508135826-0.0013098725214698305j),2520000000
(-0.18401941909187097+0.8928879798134722j),(0.001652188548397385-0.001363985220643707j),2522500000
(-0.17619028567560072+0.8921622484936259j),(0.0016234769942458183-0.0014089697343570124j),2525000000
(-0.1741560986776753+0.893942162218899j),(0.0016245041317992756-0.0014113223684774714j),2527500000
(-0.1654882128266879+0.8942721719499664j),(0.0015057752010460552-0.0014386736407894954j),2530000000
(-0.1597094610291156+0.8969376880509545j),(0.0015639068438846036-0.0013930042722880946j),2532500000
(-0.15705115292542393+0.8983885651426039j),(0.0015300751632639532-0.0014399683679661359j),2535000000
(-0.15102796031030755+0.8967529011527386j),(0.0015713144215655762-0.0014969632915435294j),2537500000
(-0.14798124404567028+0.896514788721109j),(0.001575335632946606-0.0014757960863315048j),2540000000
(-0.1403714195514358+0.8972441295565273j),(0.0015506737584847071-0.001526131371921743j),2542500000
(-0.1359780768682552+0.9010404959815218j),(0.001552797159017674-0.0015664718982977158j),2545000000
(-0.12503890501227824+0.9002899174521443j),(0.0015202994660048269-0.0016303075219140757j),2547500000
(-0.11996674685598134+0.8985438338183805j),(0.001549868217535328-0.001649475921266564j),2550000000
(-0.11406937731706573+0.8968192184417044j),(0.0014936444968572592-0.0016009389685539283j),2552500000
(-0.1079413536373253+0.900474154193607j),(0.001494411379035069-0.0016803446716621901j),2555000000
(-0.10359243945032193+0.9034931259742485j),(0.0014495952300687736-0.0016695026293090365j),2557500000
(-0.09468979628426609+0.906113522305095j),(0.0014512688855659432-0.0016965548635400774j),2560000000
(-0.09026384860017134+0.9031301622611465j),(0.0014761110696049824-0.0016612809356162852j),2562500000
(-0.08327378579645063+0.9025138277417455j),(0.0014804432524746455-0.0017318739803614098j),2565000000
(-0.078217321480053+0.9039242598613466j),(0.0014941673876870695-0.001802909244088339j),2567500000
(-0.07537026101780406+0.902949410828906j),(0.0015062715973073093-0.001857296328933485j),2570000000
(-0.06979272088148084+0.904778623115108j),(0.0015312629107703771-0.0019131532121292086j),2572500000
(-0.06548771855923718+0.901374249652686j),(0.0014374909471483847-0.0019539448388855777j),2575000000
(-0.054467122002903615+0.9041543743330542j),(0.0014076114787211298-0.001988219104568473j),2577500000
(-0.04600652121481331+0.9065150677807526j),(0.0014019012829478087-0.0020186135364233006j),2580000000
(-0.04240572235404094+0.906927860329116j),(0.0014320825676907053-0.0020815849221402912j),2582500000
(-0.03971828697648288+0.9058742042872261j),(0.0013355143640259594-0.0021228850397718504j),2585000000
(-0.03262404474924383+0.9067305737222745j),(0.0014091271510968569-0.002202462477387492j),2587500000
(-0.029161997461081928+0.9026614067262864j),(0.0014120878295191543-0.0021792140583573897j),2590000000
(-0.020890897666920278+0.9026676218644242j),(0.0013797125848382052-0.002266705714346365j),2592500000
(-0.012976466118236595+0.9028420651475526j),(0.001385828404745449-0.0022741943603702243j),2595000000
(-0.008013973803601254+0.9033150227168495j),(0.0013652610494013797-0.002326747841608655j),2597500000
(-0.0024731433394125104+0.9025184567643535j),(0.0013809459194351267-0.002317034277951689j),2600000000
(0.005265304240849342+0.9022655528977394j),(0.0013225238025771438-0.00248636467999877j),2602500000
(0.009137038598552942+0.9019533805350791j),(0.0013290465647885154-0.0024729971256985156j),2605000000
(0.019671616596247783+0.90037182524112j),(0.0013187725501347407-0.0025346772098483183j),2607500000
(0.024021343898668716+0.9004883924670154j),(0.0014118971835953582-0.0025781619341053055j),2610000000
(0.03487216620963772+0.8987812754737576j),(0.0013097431334104788-0.002640295170036664j),2612500000
(0.03733401756432012+0.898266877488997j),(0.0013141511588720509-0.0027243776916405374j),2615000000
(0.04098117055781679+0.8956297912728679j),(0.0012951194454823402-0.0027417941106336035j),2617500000
(0.04872451433039124+0.8943086643904126j),(0.0012498341357998685-0.0028294628463720836j),2620000000
(0.04854397728957096+0.8951886801119101j),(0.0013251789975656503-0.002943331967615278j),2622500000
(0.05966371952595172+0.8928705194298249j),(0.0012967171492729624-0.0029668486640118054j),2625000000
(0.060770313951118905+0.8913789102614688j),(0.001189293828926357-0.0029854764510354012j),2627500000
(0.06974924504878025+0.8900269220357868j),(0.0011653792587583548-0.003088629540799985j),2630000000
(0.07602000543928732+0.8902398315105767j),(0.0012217030628754741-0.00322071205869452j),2632500000
(0.08157433487022708+0.8843389560315732j),(0.0012239779829380487-0.0033318372603711437j),2635000000
(0.08876692482431366+0.8840806449554277j),(0.0011595057582367125-0.0033382396879392423j),2637500000
(0.09186595581657499+0.8815433896747278j),(0.0010878764902901477-0.003393074871186897j),2640000000
(0.10653032872888903+0.8779535447815187j),(0.001045895680973036-0.003529410137551409j),2642500000
(0.10656623913665737+0.8830137382781562j),(0.0010582540044712734-0.003627790064776414j),2645000000
(0.11699847585671316+0.8847771939140757j),(0.0010270835616340514-0.003649369684873218j),2647500000
(0.12017778054443588+0.8768897971266196j),(0.0010183081815677395-0.003803674785278586j),2650000000
(0.12378633905031902+0.8776765248656572j),(0.0010024205320156132-0.0038434507488118827j),2652500000
(0.13045965128527698+0.8796846815489275j),(0.00104362317122753-0.003981247894657106j),2655000000
(0.143047639862973+0.8773756664569083j),(0.0009518801922579147-0.004092753349762652j),2657500000
(0.14342224357522698+0.8771180903709977j),(0.000879791790847029-0.004229562442416967j),2660000000
(0.148894069514132+0.8706965664128613j),(0.0008528362866151597-0.0043524637522725194j),2662500000
(0.1621522501995019+0.8747318824780992j),(0.0007311455622556294-0.0045002421350194485j),2665000000
(0.1662783622190234+0.8715001638410695j),(0.0006324725001640736-0.004524810495620256j),2667500000
(0.17113785854063246+0.8743522865838461j),(0.0005554466950938228-0.004620168208148585j),2670000000
(0.1759945805542991+0.8719448090910045j),(0.0004959992922287937-0.004852138027559846j),2672500000
(0.18433889344334628+0.862585333187157j),(0.0004043023968797849-0.004936813925543603j),2675000000
(0.18593821079737297+0.8688329374800161j),(0.00038938560629671754-0.00507782236059125j),2677500000
(0.18750078656324515+0.867302458180906j),(0.00030854157630388717-0.005200652767323993j),2680000000
(0.1964124306023778+0.8595707850860217j),(0.00020488227743921096-0.00532627830442927j),2682500000
(0.19988641727932185+0.8552735454752477j),(9.890772580454588e-05-0.005445028973739381j),2685000000
(0.20078166197239877+0.8605672602945378j),(-8.387316879276453e-06-0.005570593370401255j),2687500000
(0.21197529545833044+0.8531529175014625j),(-0.0001517365670576475-0.005702606656842768j),2690000000
(0.22060435347771648+0.8532765290683682j),(-0.00021921766303260791-0.005813124490967161j),2692500000
(0.23062431125936603+0.8439835135996316j),(-0.00044924063851073143-0.005921085248242827j),2695000000
(0.23216761900081162+0.8455621065457884j),(-0.0005739151601433212-0.006064273431664622j),2697500000
(0.23571819970240174+0.8506289889220219j),(-0.0007172982982676296-0.006228766082675972j),2700000000
(0.24391362763435326+0.8436586052118943j),(-0.0008944176393683504-0.006338896080748642j),2702500000
(0.251032870866343+0.8406737944744743j),(-0.001081080221790698-0.006454067469858395j),2705000000
(0.258115754460412+0.8378915551426831j),(-0.001293637589677732-0.006597233671315378j),2707500000
(0.2577112736515217+0.8320673344527059j),(-0.0014220378283646233-0.006760018800621857j),2710000000
(0.26490577479007943+0.8347636919538551j),(-0.001607523893128143-0.006906863799304903j),2712500000
(0.27325949918887754+0.8324924528667105j),(-0.0018274891453847596-0.006981811639429165j),2715000000
(0.28138560882921165+0.832862825584646j),(-0.0020164499352119565-0.0070857559435799425j),2717500000
(0.2854420926212363+0.827544597649848j),(-0.0022898327942303858-0.007282504263558363j),2720000000
(0.28945098748683273+0.8262582936527231j),(-0.002625900741087893-0.007419970128054978j),2722500000
(0.2888350850427923+0.8257881948439549j),(-0.0030067614093423566-0.007552644302888911j),2725000000
(0.29584780548317846+0.81844775493275j),(-0.003142328253654056-0.007628958029289897j),2727500000
(0.30308633072165514+0.8160134353459717j),(-0.0034521786134559217-0.007697758766839143j),2730000000
(0.3047882301022474+0.8173807691163848j),(-0.0037717225142515774-0.007797504689456888j),2732500000
(0.3139058011855935+0.8120852253001147j),(-0.004017221407152894-0.007898985526996775j),2735000000
(0.3150011124886921+0.8107832161599289j),(-0.004407597224348452-0.008030847308413752j),2737500000
(0.32533067877054356+0.8071531463010552j),(-0.004799640024255986-0.007956072146838009j),2740000000
(0.33038611123056594+0.8041659717325511j),(-0.005161773894084465-0.007986098513315006j),2742500000
(0.3315482771822762+0.8024783246937736j),(-0.00555384075573221-0.007946191386743734j),2745000000
(0.3346163226498701+0.7975257958637213j),(-0.005867318001878646-0.007972106389906877j),2747500000
(0.33456022513047035+0.793510315144816j),(-0.006327615474882988-0.007924116885239451j),2750000000
(0.3348163330288421+0.7934618710511396j),(-0.006376982268389268-0.008011536647037368j),2750000000
(0.33732571963973546+0.7932517836271122j),(-0.00675537401417048-0.00799793839084902j),2752500000
(0.3463903666696681+0.792609020328146j),(-0.007300858748884334-0.008026820585622537j),2755000000
(0.3486360683837765+0.7918097183142757j),(-0.007664324104567325-0.007884142206831535j),2757500000
(0.3547431465032992+0.7883976825008454j),(-0.00821280434955042-0.007735780465452965j),2760000000
(0.357626060190018+0.7862276702799486j),(-0.00859041438644638-0.007558213660347505j),2762500000
(0.36388713110702586+0.7839951586403958j),(-0.008997684507566083-0.007335713903367565j),2765000000
(0.36765487259364565+0.7812718408996623j),(-0.009342064254390476-0.007055039947170127j),2767500000
(0.3716488479239605+0.7815460292817366j),(-0.009687777611487923-0.006788357758995911j),2770000000
(0.3785752361752281+0.7777680384712241j),(-0.010183104686000704-0.006444480458125757j),2772500000
(0.38201669428966+0.7722701912253735j),(-0.01056248234786366-0.0061530819971476166j),2775000000
(0.3796985349214277+0.7654372374103341j),(-0.010859158133979892-0.0058922078921219674j),2777500000
(0.3832103804019794+0.7647733552911828j),(-0.011240288352926892-0.005599968313996852j),2780000000
(0.38823689142850626+0.7653630528676332j),(-0.01154411744733214-0.005321280982458393j),2782500000
(0.39304424322029885+0.7621868431377915j),(-0.011946749084415948-0.0048445574376874j),2785000000
(0.39675085343473304+0.7607879721890363j),(-0.01213920693337773-0.0045708874288579995j),2787500000
(0.4015910290674906+0.7557335283517354j),(-0.012463513632154512-0.004016613033545503j),2790000000
(0.39974599153784524+0.7561901772542573j),(-0.012737912945256379-0.0036900868337698097j),2792500000
(0.40039316038586825+0.7551575442176097j),(-0.012970738096401663-0.0033117988402684502j),2795000000
(0.4039589601007252+0.7551928635594533j),(-0.013184521409823152-0.0029236116437579814j),2797500000
(0.40590029933674093+0.748328105285875j),(-0.013306603714966244-0.002361888704733219j),2800000000
(0.4121366734055418+0.7507901186257582j),(-0.013506911828537447-0.0018990642009946326j),2802500000
(0.41718455293753626+0.7513347757934565j),(-0.013681799974800981-0.0015821310671702378j),2805000000
(0.4182112372759085+0.7484697942513511j),(-0.013798055857096163-0.001097188250475426j),2807500000
(0.42443862254270737+0.7448276008894931j),(-0.013920070331307408-0.0007055381171177256j),2810000000
(0.4239497201319143+0.7447919466419908j),(-0.014035919302730938-0.0003067972777463549j),2812500000
(0.42984922518896984+0.7419601000460082j),(-0.014301980566872373+8.366159043972539e-06j),2815000000
(0.4315140196726504+0.7393831410688221j),(-0.014437103131285461+0.0005037121749561619j),2817500000
(0.4370388051469801+0.7393600146921854j),(-0.014509944301573784+0.0008993660772483748j),2820000000
(0.4426208088245875+0.732000316920958j),(-0.014612062959127887+0.0014908027577133515j),2822500000
(0.44829244055896245+0.7338200507620777j),(-0.014714382027619346+0.0018898337146935331j),2825000000
(0.452125267994733+0.7299520865901562j),(-0.014740893211939323+0.0024499936725611137j),2827500000
(0.46167370026196514+0.7249983800285517j),(-0.014746243932171643+0.0029692330283675413j),2830000000
(0.4598218265816885+0.7230887978646615j),(-0.014825377820311616+0.0035351502705415275j),2832500000
(0.4653384788717305+0.7201229268433261j),(-0.01479324984221183+0.004104694601552427j),2835000000
(0.46664948666550177+0.722123623125669j),(-0.014880960974508773+0.004488547156966268j),2837500000
(0.47458156579300187+0.7178142883001631j),(-0.014844416108081784+0.005161390471538417j),2840000000
(0.47882408949349725+0.7183299534508413j),(-0.014834234291666908+0.005670358086411623j),2842500000
(0.4861018765411173+0.7108357123837031j),(-0.014656282433782003+0.006302616800141008j),2845000000
(0.4903140543264355+0.7120073794150962j),(-0.014581382775584014+0.006901144920000279j),2847500000
(0.4944980944841386+0.7080404130447286j),(-0.014429997410748786+0.007559622624832463j),2850000000
(0.5016349865820604+0.705787009211328j),(-0.014244976124969954+0.008218529673113336j),2852500000
(0.5072214188268674+0.703360913291777j),(-0.014120503214819701+0.00867529240186818j),2855000000
(0.5121579346033+0.6973557424896112j),(-0.013841289468243851+0.009303100690665905j),2857500000
(0.508772951211077+0.69661610419553j),(-0.013600823744396744+0.009737952555723572j),2860000000
(0.5162848143033973+0.6894827184287114j),(-0.013111341212832603+0.010430889290320424j),2862500000
(0.517215321724519+0.6890088429057886j),(-0.012895523777130168+0.010935513200139794j),2865000000
(0.5219579803283718+0.6841566251871725j),(-0.012419129411060223+0.011496284552929597j),2867500000
(0.5212141943045906+0.6845143848098153j),(-0.012065105675742718+0.011795008892170942j),2870000000
(0.5258092021322059+0.6763934068068295j),(-0.011470382614391898+0.012284436417056932j),2872500000
(0.5351697341380763+0.6703914168367251j),(-0.010972005275824459+0.012801973519496001j),2875000000
(0.539861259780349+0.6657620183330824j),(-0.010399538152672316+0.01298766491207598j),2877500000
(0.5424266236396017+0.6702029460912219j),(-0.009867956613582791+0.013369548245104767j),2880000000
(0.5523642773314525+0.6631543972219762j),(-0.009307905598539192+0.013648220478869261j),2882500000
(0.5556800795777828+0.6623145459771844j),(-0.008900905130686969+0.013908085400328852j),2885000000
(0.5556167447387708+0.6578688632128947j),(-0.00832089954221146+0.01410422888053738j),2887500000
(0.5589349955058052+0.6558846287702387j),(-0.0077498606675373335+0.014312854688409274j),2890000000
(0.5684098616738495+0.6493332143628511j),(-0.0071894466823302005+0.014643150162073331j),2892500000
(0.5707157700328042+0.6479820027801589j),(-0.0065452941361287785+0.014732212566701947j),2895000000
(0.5704718295778172+0.6492077719355807j),(-0.006128989142259402+0.014863798180345942j),2897500000
(0.5742980941587832+0.6400190594527018j),(-0.005550983981193214+0.014958333787259583j),2900000000
(0.5821430891712805+0.6371524391585117j),(-0.005185900947858181+0.014965391718243093j),2902500000
(0.5837881969158839+0.6297985884437513j),(-0.004511071123533803+0.015046864990100906j),2905000000
(0.5905465774476898+0.6288457905454845j),(-0.004128182607420776+0.015051321796552268j),2907500000
(0.5961889962101921+0.625113259473623j),(-0.003577880651133465+0.015122692462990335j),2910000000
(0.5961759101821398+0.6239183934418614j),(-0.0031890255853234965+0.015053078673166694j),2912500000
(0.6078869304871083+0.6147534477591318j),(-0.0025976767699765063+0.01503971649991982j),2915000000
(0.6052546941329656+0.6164678716382334j),(-0.0020546334867306442+0.014876529443277716j),2917500000
(0.6173371160526383+0.6138747352873857j),(-0.0015804981306477652+0.014857976231784004j),2920000000
(0.6154634922209385+0.6066508505221238j),(-0.0010548179243972096+0.01478846854286985j),2922500000
(0.6148591948809294+0.6050754242713703j),(-0.0008626756492876632+0.01463925991923093j),2925000000
(0.622954786767282+0.591918978369451j),(-0.0003233226344109422+0.014524418227619136j),2927500000
(0.6296594477113436+0.6018779102801904j),(-0.0001402995402230561+0.014361733268341682j),2930000000
(0.6387195912173914+0.5988538434590875j),(0.0002571830285318708+0.014151989258311527j),2932500000
(0.639398304744873+0.5975991914723225j),(0.0006288323039075728+0.013941482732470301j),2935000000
(0.6450388787858391+0.5813936689079827j),(0.0009137327782073485+0.013814218324326022j),2937500000
(0.6484219937791252+0.5781947905120651j),(0.0014048632840045813+0.013640444478018768j),2940000000
(0.6487825795368078+0.5696305052397769j),(0.0016723166157778292+0.013485330354956667j),2942500000
(0.6558820935158625+0.563361536809641j),(0.0020536473934413355+0.013258340392419228j),2945000000
(0.654422837993163+0.5626834141073096j),(0.0020622734174832015+0.01321927155754589j),2947500000
(0.6712115896145554+0.5551634470214081j),(0.002518673626191218+0.01298683024285132j),2950000000
(0.6670600358138195+0.5537163256377643j),(0.002648177309544188+0.012807915956950864j),2952500000
(0.6765721408164591+0.543199698288901j),(0.0029675911206895394+0.012516715146660138j),2955000000
(0.6728684828562373+0.5432342773160654j),(0.003298927296116602+0.012345241683612776j),2957500000
(0.6786001663344524+0.5390424365367825j),(0.0034115196380368916+0.012141733072800583j),2960000000
(0.6875705063156067+0.53131163762133j),(0.0037099749992429674+0.011862315934618648j),2962500000
(0.67985534936505+0.5316243007119061j),(0.003673528043576211+0.011667689394794076j),2965000000
(0.6925755017929808+0.5236223868899784j),(0.003969303709538965+0.011391012304429285j),2967500000
(0.6921698933132533+0.5179852987962696j),(0.0041880670589853515+0.011128270609049452j),2970000000
(0.7003458798747102+0.5088408787838898j),(0.00428169076546617+0.0108774743268002j),2972500000
(0.7038201364953994+0.5109514741093333j),(0.004462305626516142+0.010750719909015806j),2975000000
(0.7118657896866156+0.5002248402532827j),(0.004543238508179211+0.01052381357846282j),2977500000
(0.7207103871944265+0.49626980963503387j),(0.0046932695912436165+0.010292254466493242j),2980000000
(0.7173919947273453+0.4962536210870149j),(0.004611703110300704+0.010153945498005823j),2982500000
(0.7237140341365106+0.4868227392514244j),(0.004818060046150641+0.009885097328685857j),2985000000
(0.722029292356207+0.4844859987809176j),(0.004886806423357696+0.009679952676970138j),2987500000
(0.7291893602556493+0.4783826765045833j),(0.0048494312007094295+0.00952245781117216j),2990000000
(0.7359218058228741+0.4692135569415529j),(0.004921794261944788+0.009428486182098843j),2992500000
(0.733743557696504+0.47021189089785653j),(0.004830964771180204+0.00931579874250501j),2995000000
(0.7378503193377131+0.4632070640241515j),(0.004970180567067275+0.009148141091888468j),2997500000
(0.7415540933884083+0.4594596645451778j),(0.00494597558837822+0.009178872347733983j),3000000000
(0.7511288350767312+0.45363595476116164j),(0.004955711689687107+0.00917986157893321j),3000000000
(0.7565805704354358+0.4456383792586372j),(0.004935468141575982+0.009131109250850894j),3002500000
(0.7606232555348494+0.4380005260255859j),(0.004957952866595782+0.009022329572073391j),3005000000
(0.7607435618110947+0.43552955502499835j),(0.0049758587401645986+0.009058877496092882j),3007500000
(0.7629606154912458+0.4288330613646787j),(0.0051133868721040315+0.008959483127993223j),3010000000
(0.7667175806285449+0.424958020806213j),(0.005129760069084998+0.009002919738825445j),3012500000
(0.7694458185293566+0.4182920088124916j),(0.005094925424245463+0.008951066648801409j),3015000000
(0.7738735571347636+0.4157390019901652j),(0.0052915121903637724+0.008900637247447059j),3017500000
(0.7765772655871247+0.4117196844531312j),(0.005339569699937854+0.008838820228992407j),3020000000
(0.7806986790692064+0.40441584349841353j),(0.005481787045499226+0.008755389343336337j),3022500000
(0.7802535089321085+0.3999012575455819j),(0.005511611160069787+0.008773405481690739j),3025000000
(0.7839157284490406+0.3942219678028499j),(0.005685712024207123+0.008689205769361247j),3027500000
(0.7836902229944248+0.391766508965657j),(0.005806025524580316+0.00863741293945735j),3030000000
(0.7868385182421458+0.38503162574694266j),(0.005958434168702612+0.008644057748892956j),3032500000
(0.7876370766408792+0.38125002683008624j),(0.006039046259279738+0.008478459988193875j),3035000000
(0.7888420986501586+0.37687338146444477j),(0.006079478866814702+0.008495590235600573j),3037500000
(0.794320889868056+0.37158216476873684j),(0.0061711305504598074+0.008508064966876384j),3040000000
(0.7954729981709949+0.36645130800447917j),(0.006255747814920179+0.008445268133308651j),3042500000
(0.799019659231478+0.36112078007488724j),(0.0063959033677098865+0.008338098835612005j),3045000000
(0.7996988914464932+0.3579343625152837j),(0.006497963256421774+0.008246980436534065j),3047500000
(0.8028725456414793+0.35130035017923217j),(0.006555707717375364+0.008181733635152724j),3050000000
(0.8032412150049062+0.3458639821784847j),(0.00664187303268508+0.00807127128795699j),3052500000
(0.8057819429457864+0.3403716834804863j),(0.006773515730128339+0.008027438498265801j),3055000000
(0.8060411280433689+0.3387067038570224j),(0.006790925057493295+0.008023076776467545j),3057500000
(0.8083711048395595+0.3327263860532953j),(0.006918258101147904+0.008013933443167363j),3060000000
(0.8067593457920538+0.3340027114672813j),(0.007038111684153272+0.007989529014377678j),3062500000
(0.8061263709631448+0.32971419543650593j),(0.007254721800664414+0.007906097986573093j),3065000000
(0.8065175012770982+0.32573155918537217j),(0.007307943244819781+0.0077804463222085575j),3067500000
(0.8084895059874757+0.3172479931484024j),(0.007504818558307822+0.0076955465244227745j),3070000000
(0.8104205679529566+0.316732388931077j),(0.007545263133241798+0.0076952802594151964j),3072500000
(0.8106044212987069+0.31086902804588556j),(0.007604087543485828+0.007608617415483847j),3075000000
(0.8145742804719656+0.306402436912873j),(0.007711839922777209+0.007524117325986821j),3077500000
(0.8148904111990123+0.3038718117496767j),(0.00779973335782259+0.007465638589817028j),3080000000
(0.8167530461101337+0.2964491775392381j),(0.007931128970432562+0.0073371337102009415j),3082500000
(0.8180623067814439+0.29101233771254936j),(0.00805813696702088+0.00732191105591143j),3085000000
(0.8172676749247876+0.2874292901779138j),(0.008076133185574678+0.007200782813068603j),3087500000
(0.8199512448832363+0.2871946995009281j),(0.008213492784828262+0.007150341828362043j),3090000000
(0.8171947901974882+0.281623041985773j),(0.00821268612908663+0.007148132328131488j),3092500000
(0.8239505144555058+0.27266206791740055j),(0.008436457500338957+0.0069348580040645875j),3095000000
(0.8229682433891973+0.2730622721611016j),(0.008533154238383123+0.0068620344794236565j),3097500000
(0.8260042302931209+0.26520229622101427j),(0.008614211590338662+0.006818814008060798j),3100000000
(0.8258780598175135+0.2587019087246221j),(0.008649669506699586+0.006876719179957233j),3102500000
(0.8272613301284838+0.2532792945978349j),(0.008840428890023615+0.0066948425472569805j),3105000000
(0.8287526977144121+0.25090022495672554j),(0.008996570658595748+0.006685883708975903j),3107500000
(0.8296596332479449+0.2447123110026513j),(0.009002234341529847+0.006620096574113766j),3110000000
(0.8305682835762779+0.24123737285355132j),(0.009173606154682535+0.006583313435037254j),3112500000
(0.8302157248044543+0.24037592882072942j),(0.009254421829948381+0.006502004748876125j),3115000000
(0.833450869311329+0.2308074473153476j),(0.00939329323417693+0.006342972317859961j),3117500000
(0.8321034032446124+0.23074072238975224j),(0.009598653939792008+0.0062677878463756305j),3120000000
(0.8346767331756602+0.22401418033347023j),(0.009746474847087992+0.006158132002765084j),3122500000
(0.8343299180022029+0.22346396564326074j),(0.009815623782084424+0.00608190083230792j),3125000000
(0.8371873888118329+0.21230703062772877j),(0.009976224809329394+0.006027383621593935j),3127500000
(0.8377360995886584+0.2099124970086717j),(0.010048318843014594+0.005978085560900434j),3130000000
(0.8368511068735693+0.20547684031212715j),(0.010106794869991192+0.005853770486348534j),3132500000
(0.8367715606134839+0.2026114624102649j),(0.010162490484681628+0.005756141799645842j),3135000000
(0.83740044905386+0.19807429865432652j),(0.01032516604563436+0.005754128852478737j),3137500000
(0.8387003103189123+0.1905028023071944j),(0.010463022025407517+0.0056840817482674555j),3140000000
(0.8383387331108559+0.18052605174526193j),(0.010555971156332538+0.005621843307748134j),3142500000
(0.8396256033167392+0.17789097486141175j),(0.010795233118163777+0.005579304956446227j),3145000000
(0.8378947900451147+0.1739415220610552j),(0.010936871181107949+0.005327247922459746j),3147500000
(0.8410577625918931+0.16881652237256786j),(0.010983123842527729+0.0051517138026911085j),3150000000
(0.8404720093936053+0.15822569464237007j),(0.01114323355387766+0.005061857707019275j),3152500000
(0.8418367084045042+0.1605571048781288j),(0.011214545937754282+0.0050455030517923j),3155000000
(0.8406641126223818+0.15200891615955361j),(0.011411879512679324+0.004876940885528825j),3157500000
(0.8410108707678278+0.15413077759593075j),(0.011528793939428834+0.005011412265283178j),3160000000
(0.839960274253982+0.1414881234332627j),(0.011617892047913529+0.004840074526363546j),3162500000
(0.8419478463380032+0.13898190302552654j),(0.011853657808209772+0.004759898403386963j),3165000000
(0.8425117317736655+0.13454191680318495j),(0.01197771598709942+0.004608632865377685j),3167500000
(0.8424522901755208+0.1285292510361393j),(0.012094853969440055+0.0044773015074020695j),3170000000
(0.8423611582163439+0.12692661469434888j),(0.012374044447719503+0.004307211282127273j),3172500000
(0.8410881007931489+0.1128316560756307j),(0.012618687878069912+0.004125989945478692j),3175000000
(0.8422683889396422+0.11764398404069515j),(0.012738475714615618+0.004045629288303802j),3177500000
(0.8386877189484798+0.10974241360100896j),(0.01280233211506031+0.003929524182842231j),3180000000
(0.8414660460120413+0.10677876147716692j),(0.013032109746333977+0.0037612384602433435j),3182500000
(0.8407656627303262+0.09801047092607906j),(0.013132541457487011+0.003575868194133537j),3185000000
(0.8414218727218692+0.09236016953838107j),(0.013419260410871714+0.0033074152873200347j),3187500000
(0.8388863967394017+0.08862230152994895j),(0.0133487182974023+0.0032297023328144644j),3190000000
(0.8399701998776992+0.07871766168064355j),(0.013566100530509504+0.0029643999146014297j),3192500000
(0.8411584384675762+0.0734280983619911j),(0.013788432642792696+0.0027654816121995434j),3195000000
(0.8388214983736023+0.06910502229151437j),(0.01390234340738928+0.002675000174454689j),3197500000
(0.8398240694366351+0.06720339944997014j),(0.014006619344082493+0.0025570885682327203j),3200000000
(0.8383810133472301+0.059326087994481067j),(0.014211331158394406+0.0023310552793158264j),3202500000
(0.8397688820822442+0.05688040532886984j),(0.014458149256188501+0.002132502250123911j),3205000000
(0.8372423588862885+0.05285689370067895j),(0.014684546226915847+0.0018794633711641238j),3207500000
(0.8389480921139549+0.042991650667229285j),(0.014867139663006552+0.0016129316140070938j),3210000000
(0.837164057605888+0.04206964284645597j),(0.015009775768587153+0.001531664072414418j),3212500000
(0.838168374427746+0.031105369663829277j),(0.015236468759398863+0.0011085190604296364j),3215000000
(0.8381220964711245+0.03351120103529706j),(0.015401284365827446+0.0008480213520802827j),3217500000
(0.8354187495283072+0.02815300830128482j),(0.015605134121991887+0.0006412342055768089j),3220000000
(0.8356462937184187+0.02446440440698968j),(0.015805975887072162+0.0002192146231715704j),3222500000
(0.8335824409977326+0.018821541378377323j),(0.01582779139314161+1.2684546152919658e-05j),3225000000
(0.8360827346481946+0.00892551867758729j),(0.016095105999274786-0.0004018336410232063j),3227500000
(0.8329748469476478+0.0013385617339929702j),(0.016188872129626924-0.0006575437138123374j),3230000000
(0.8343212086096023-0.005117629890225497j),(0.016293470073891893-0.0011869661318690172j),3232500000
(0.8308640312029937-0.006336652989761686j),(0.016398551451993173-0.0016448916463171958j),3235000000
(0.832198266994137-0.014155668108448729j),(0.016550782478735412-0.0019901823278230066j),3237500000
(0.8327581274668984-0.019203730780308237j),(0.01664967024738905-0.0023036256939544864j),3240000000
(0.8299079868959777-0.019874506198068444j),(0.01655598640846451-0.0025048981749370607j),3242500000
(0.830701708926049-0.022218796573698314j),(0.016766835533659763-0.002975287743772781j),3245000000
(0.8274490443205568-0.026515716104871426j),(0.016748773500987232-0.003374845679029452j),3247500000
(0.8277951985927207-0.034673676370224j),(0.01688905386580355-0.0037422991999304213j),3250000000
(0.833217104998578-0.048360520927442086j),(0.016750143495842893-0.0038701613479232466j),3250000000
(0.8313340528821999-0.05693070914691291j),(0.01691256460991048-0.004186568971456107j),3252500000
(0.8315339508264524-0.0585293279107812j),(0.01694219904771248-0.00475789856228149j),3255000000
(0.8277197221777466-0.06144083057020779j),(0.016908739539309003-0.005144686568640948j),3257500000
(0.8283817216810809-0.06378351141111589j),(0.016823560961235034-0.0056253068382211375j),3260000000
(0.8265206075362286-0.07027082849256942j),(0.01681628195455284-0.005983417454642923j),3262500000
(0.8269999333671713-0.07647461989682558j),(0.01679018398548958-0.006363191627403992j),3265000000
(0.8246678686127652-0.07896089597795845j),(0.016560064999557186-0.006874349573414864j),3267500000
(0.8235926602781571-0.08112616955225944j),(0.01645989096144333-0.007169082486878321j),3270000000
(0.8220618091556218-0.08899662215357515j),(0.016365865320216364-0.007845875861398174j),3272500000
(0.8205494448387075-0.08486497850005284j),(0.016267244972016055-0.008002599586302034j),3275000000
(0.8200925578695334-0.09775121101932806j),(0.016017964984210473-0.008727418709643716j),3277500000
(0.8183817004224612-0.09770117092150904j),(0.0158474108086273-0.009024291771954948j),3280000000
(0.8186340719274956-0.10160788941558589j),(0.015740399109521307-0.00946121067442035j),3282500000
(0.8156722131587341-0.10632985509940886j),(0.015493434769614022-0.009912391071846365j),3285000000
(0.8161905191209248-0.1074773037402534j),(0.015256179267174881-0.01010185890962647j),3287500000
(0.8149228286611648-0.11227567348239628j),(0.015074147767575595-0.010537547898900617j),3290000000
(0.8103034325243325-0.1022978493070706j),(0.014889087579430943-0.010901464927588027j),3292500000
(0.8082674915591426-0.10439470268333255j),(0.014590646552050831-0.011260615005046212j),3295000000
(0.8078052540318987-0.10980964251422196j),(0.01431924404877164-0.011671423591730923j),3297500000
(0.8070151177646921-0.11003971680953958j),(0.014265632375386202-0.011897106862886525j),3300000000
(0.8062327440392845-0.11675237244711624j),(0.013869832940967787-0.012193489220978184j),3302500000
(0.8061884257857493-0.11838074171394002j),(0.013473557811847508-0.012616991906991655j),3305000000
(0.8042653955972945-0.1231376403820754j),(0.013171219948559786-0.0129395446725456j),3307500000
(0.8044447182893092-0.12503858185563715j),(0.012932465909484549-0.013271057145676628j),3310000000
(0.8020806104736434-0.1277353008303764j),(0.012699334414166928-0.013414872535895359j),3312500000
(0.8026285547424352-0.13194501307723283j),(0.01223470105887327-0.013789850391175787j),3315000000
(0.8009210100029343-0.1317090893660485j),(0.011895456893477319-0.013896653848917783j),3317500000
(0.801471740425371-0.13622364141285093j),(0.01149696150335611-0.014244536038416068j),3320000000
(0.8007986326022433-0.13627981318651544j),(0.01120113930224483-0.014473828429056196j),3322500000
(0.8000402775241242-0.140505893120556j),(0.010706758975312666-0.014619235659574587j),3325000000
(0.7991564466316485-0.14085405487194164j),(0.010378044044863812-0.014907606475019035j),3327500000
(0.797567876455972-0.15020105413913026j),(0.009985522202135624-0.014977626102959617j),3330000000
(0.7979667778216706-0.1573755698323826j),(0.009702219483009195-0.015244569873976236j),3332500000
(0.7973605365462675-0.16044176530126295j),(0.009360910043476299-0.015265518738448986j),3335000000
(0.7956838470216081-0.1686692205064155j),(0.00874317062912544-0.015566684221548633j),3337500000
(0.7934374867244925-0.1671134409435489j),(0.008395721983542832-0.01565760594308188j),3340000000
(0.7930556048920846-0.17144972586111956j),(0.007997424807337268-0.01564625484160973j),3342500000
(0.7928362199445455-0.17115057990451155j),(0.007831324779417578-0.015695436160320562j),3345000000
(0.792475660535872-0.17607640385327936j),(0.0074145173003022655-0.015774900800981897j),3347500000
(0.7918668547261407-0.1771282981196007j),(0.007115028756228175-0.015833200092644932j),3350000000
(0.7919581750920192-0.17866129493953112j),(0.006724859890706281-0.015916875356075843j),3352500000
(0.7919772497262608-0.18050610273655712j),(0.006447063413317352-0.01596542102347303j),3355000000
(0.7895788340961656-0.1833596938997612j),(0.006194089276460845-0.015893964670582843j),3357500000
(0.7917943029418372-0.18630119362442546j),(0.005697287957060153-0.016035352484318057j),3360000000
(0.7879178471613062-0.18878613326362306j),(0.005496600350341342-0.01596090793024937j),3362500000
(0.784170339349287-0.19529838648095277j),(0.005200565836672763-0.016057112472937004j),3365000000
(0.7842142991393696-0.19273262655095416j),(0.004866072923150531-0.016065666814792857j),3367500000
(0.7826698083772335-0.20043320902855596j),(0.00450056618968582-0.01600600234202846j),3370000000
(0.7831286197893303-0.1995991393459575j),(0.004180430605945666-0.016070845358328967j),3372500000
(0.7822161316516915-0.2028679199003451j),(0.003968375756164076-0.015945729300912755j),3375000000
(0.783818121192229-0.2052553326963826j),(0.0035793653338223783-0.016021920988163248j),3377500000
(0.7763414475534328-0.20107969465603273j),(0.0035850346651042746-0.015751825392730325j),3380000000
(0.7650291687993478-0.20034562570519487j),(0.0034282528834309357-0.015549108824216104j),3382500000
(0.7668565794190134-0.19788464726903088j),(0.003241343616881216-0.015477594178591599j),3385000000
(0.7727969081809372-0.2105078436821921j),(0.002812543094876066-0.015645361979973033j),3387500000
(0.7790707067506712-0.2170055997631648j),(0.002480134243292568-0.01588625191910281j),3390000000
(0.7816290726469239-0.2170749100738274j),(0.0021885089888940513-0.015873836209473673j),3392500000
(0.780471662096048-0.2159799316788023j),(0.001964975480621668-0.01573922538522512j),3395000000
(0.7787178490099728-0.22295635466297523j),(0.0018555316793600867-0.01574460765476142j),3397500000
(0.7759888420942691-0.23066465194441663j),(0.0015723560929048331-0.015871339014651296j),3400000000
(0.7791632978366205-0.22837903108418167j),(0.0015112081070151702-0.015897598066254605j),3402500000
(0.7793875535990044-0.2301106368144228j),(0.0013260996506127554-0.015750235809905797j),3405000000
(0.7792201621818634-0.23462197579657543j),(0.0009655033506471868-0.015796219368734418j),3407500000
(0.778797263874191-0.23227019550707279j),(0.0009525696049361535-0.01577173800471589j),3410000000
(0.7765213685269723-0.24182261671564023j),(0.0003411335223602287-0.01579109209014546j),3412500000
(0.7798981489139111-0.23856032071853095j),(0.0002308505842602655-0.015874092963294895j),3415000000
(0.7828372159315463-0.24058172979045245j),(7.794173409594938e-05-0.015836113191080033j),3417500000
(0.7841306717128381-0.24685614862767602j),(-0.00014866713366088824-0.015837163267678277j),3420000000
(0.7823946210661397-0.24964805445012328j),(-0.00020651623755303834-0.015566300872750453j),3422500000
(0.7843551483011777-0.25669372711033434j),(-0.0004379756114856136-0.0155392027346434j),3425000000
(0.7854050028197186-0.25713918592572793j),(-0.000548067620687226-0.015446644678641203j),3427500000
(0.7853687404247938-0.262404497961917j),(-0.0006442889549401655-0.015497441207549019j),3430000000
(0.7844547828048548-0.26289100424570105j),(-0.0008125030603112962-0.015550787597905581j),3432500000
(0.7839710716511791-0.27005661129781744j),(-0.0011185476420962639-0.015550208129805418j),3435000000
(0.7826016883739927-0.2733162790508447j),(-0.0013461157882433974-0.015610043696042101j),3437500000
(0.7834673705037464-0.27613535779099285j),(-0.0016405195243965052-0.015758801038304075j),3440000000
(0.7842869755724546-0.2751338979073353j),(-0.0017566992214283908-0.015627577367773548j),3442500000
(0.782280179894442-0.2795206937651865j),(-0.002108406758907631-0.015530374520145968j),3445000000
(0.7819052477262878-0.28887731949677253j),(-0.0023398500666127467-0.015519482352938931j),3447500000
(0.7835121301798023-0.28578197052596277j),(-0.002584729949041335-0.015550869579041383j),3450000000
(0.7840357657139572-0.29107477639130175j),(-0.0028118878761992706-0.015585685677463936j),3452500000
(0.782103117473188-0.296628925175614j),(-0.0030938777572690006-0.015659059507837518j),3455000000
(0.77864124118595-0.3040175600673953j),(-0.0032225381213500104-0.015622167178869578j),3457500000
(0.7787144356395511-0.3047440525597446j),(-0.003560041044493046-0.015536417482336268j),3460000000
(0.779811634718327-0.3060476921854012j),(-0.0037029363415580214-0.015386420044246113j),3462500000
(0.7788399467900452-0.3099517317238298j),(-0.0038822329355660793-0.015471720487348736j),3465000000
(0.7811536118956856-0.31164675207343834j),(-0.004303468348780787-0.015395053542490721j),3467500000
(0.7798127278985726-0.31311872702389837j),(-0.004562070893066608-0.015342976308903054j),3470000000
(0.7774982320008038-0.3214121311460657j),(-0.004743471567952859-0.015336133406131942j),3472500000
(0.778670182314636-0.3241498197647348j),(-0.004913161500095144-0.015351686726828535j),3475000000
(0.7782937002004822-0.3268719903960456j),(-0.005070613130167775-0.015150028552580349j),3477500000
(0.7813414987831933-0.32519475095595946j),(-0.005431054081569223-0.01502103233287921j),3480000000
(0.7773937777290062-0.32785114055847053j),(-0.005620539083132599-0.014786110525911776j),3482500000
(0.7798960232000608-0.33273714259196024j),(-0.005981690771870099-0.014836065240633778j),3485000000
(0.7772957491947793-0.3378913032883865j),(-0.006169180197381561-0.014900126320159461j),3487500000
(0.7767882147578299-0.34659509002491184j),(-0.006375005661056861-0.014748351262580794j),3490000000
(0.7788016210201015-0.34572759690157556j),(-0.006575706924278803-0.01483033328333275j),3492500000
(0.7750876891951118-0.3537038211827364j),(-0.0068641341904421135-0.014751134749134868j),3495000000
(0.7763045601765121-0.3628732723262652j),(-0.007124659191468177-0.01437151769658197j),3497500000
(0.7783028284628187-0.36258347732426094j),(-0.007396941071400088-0.014457709260179624j),3500000000
(0.7789472792965055-0.35647601064317896j),(-0.007221688510515275-0.014402366041894965j),3500000000
(0.7772554273994059-0.35861545714953325j),(-0.007604835870054061-0.014464464499228592j),3502500000
(0.771981592168283-0.3686872887276863j),(-0.007909145468123383-0.01443060637979485j),3505000000
(0.7752515489530103-0.37016488048904905j),(-0.008162181762208771-0.014228460112551682j),3507500000
(0.7747216046058631-0.36926383973131915j),(-0.008335872547452527-0.014162067937543103j),3510000000
(0.773230217182312-0.38173679778863107j),(-0.008761315117576867-0.014002713381177286j),3512500000
(0.7727575512266851-0.37972903049102447j),(-0.009048699563132926-0.01384385938034145j),3515000000
(0.77123315909705-0.3865501789784429j),(-0.009286230535216405-0.013851016524631112j),3517500000
(0.7707482036573159-0.3891510692411103j),(-0.00964906030772953-0.013468611554496761j),3520000000
(0.766755295916831-0.3965399152726704j),(-0.009804329740525164-0.013380275327516396j),3522500000
(0.768370795687193-0.4000500898336797j),(-0.010175946206131771-0.013119300438526533j),3525000000
(0.7685454468498327-0.3997026214867606j),(-0.010295883479779028-0.013172864472964603j),3527500000
(0.7696034974731497-0.403032614668718j),(-0.010789439776260679-0.012924625444140244j),3530000000
(0.7670948696866956-0.4050643853257156j),(-0.011044112428277785-0.012773802602391506j),3532500000
(0.7649671867399019-0.41571843064255676j),(-0.011310621337405811-0.012642635681902136j),3535000000
(0.7619128836157785-0.41735982547287903j),(-0.011616755554638179-0.012312373472778453j),3537500000
(0.765069653146221-0.41900576133192363j),(-0.011715479587038787-0.01226420815875686j),3540000000
(0.7643152818250466-0.4257480576346057j),(-0.012171147892615123-0.011908967858922911j),3542500000
(0.7627316105104722-0.424473300895366j),(-0.01241248581833184-0.01165389529434277j),3545000000
(0.7603095656844099-0.43187849917765336j),(-0.01279148213003719-0.011214689673485368j),3547500000
(0.75585696471258-0.4355273454039661j),(-0.013096379165592179-0.010905904082990213j),3550000000
(0.7520184269424646-0.4420796820570345j),(-0.013268589308425763-0.010630220027978577j),3552500000
(0.7515650312351944-0.4447648907551319j),(-0.013551703719166168-0.010318605120118023j),3555000000
(0.7530152026202866-0.4444353659677092j),(-0.01365968022633741-0.010056352158504941j),3557500000
(0.748193431218265-0.45250694424685134j),(-0.013994817768783894-0.009502585816317785j),3560000000
(0.7474978961961607-0.4537684420161078j),(-0.0140316769966126-0.00925108774707566j),3562500000
(0.7453698492476108-0.460581902604011j),(-0.014046120872472343-0.008916319129241063j),3565000000
(0.7434022420626628-0.4642594360519877j),(-0.014309929212673229-0.008324212521369721j),3567500000
(0.7419889198141085-0.46573999939018373j),(-0.014423962086950882-0.008046635281920725j),3570000000
(0.7386682727544277-0.47395951127450686j),(-0.01457481071753442-0.007507150815087711j),3572500000
(0.7394264493377367-0.46947788924056694j),(-0.014572030272139287-0.007215629486382181j),3575000000
(0.7353181968897236-0.47743340149922003j),(-0.014598180090422358-0.006741220750464875j),3577500000
(0.7329774519312405-0.4847803725659739j),(-0.014703034515465637-0.006080102524690501j),3580000000
(0.7307167784933987-0.48605286924222174j),(-0.014605214300879068-0.005757626904606583j),3582500000
(0.7317066493349804-0.48872206436135557j),(-0.01465192898495486-0.005342343317999184j),3585000000
(0.7292771204858199-0.4861134905326889j),(-0.014543821940550242-0.005082543496246519j),3587500000
(0.7291354553268462-0.49314662120823527j),(-0.014517521672431954-0.004604302666506662j),3590000000
(0.7251793060257838-0.5001295230872588j),(-0.01445764745517341-0.004306971803151687j),3592500000
(0.7231837844156705-0.5063208210162379j),(-0.014378810383960536-0.00383109397698094j),3595000000
(0.7239881771850092-0.5081527232914205j),(-0.014317249454596887-0.003622514181530381j),3597500000
(0.7153845398271527-0.5214043521146179j),(-0.014297185559980547-0.0031216744119277164j),3600000000
(0.7147361266860356-0.5220380671039971j),(-0.01415653214421257-0.0028763719635581772j),3602500000
(0.714779311641631-0.5181585302541324j),(-0.013895315779721105-0.0026607376457410733j),3605000000
(0.712529203387147-0.5270740645303139j),(-0.013817029949112011-0.0021080153181714384j),3607500000
(0.7129488350569716-0.5294456177404926j),(-0.013625060477938364-0.001904954857751472j),3610000000
(0.7110284078629384-0.5344399442143505j),(-0.013484634552752563-0.0016308290424098487j),3612500000
(0.7127710601550075-0.5281666871056312j),(-0.013213323899480095-0.0016649021778010157j),3615000000
(0.7064745189426229-0.5386745239642108j),(-0.013055629433081486-0.0011807879104617594j),3617500000
(0.7029776420496179-0.5440284673919666j),(-0.012960022475745087-0.0007611015328344792j),3620000000
(0.7042010763266919-0.5432504171079957j),(-0.01260661243347932-0.0006735366629594247j),3622500000
(0.7007520006078499-0.5467400763455939j),(-0.012376756836596397-0.0005403730944720333j),3625000000
(0.698770970556059-0.5515181510920211j),(-0.012216770411492354-0.00029205397299718365j),3627500000
(0.6966184101596642-0.5539547334358007j),(-0.011951307053010363-0.00022494513216314525j),3630000000
(0.6945863048093235-0.5574457829937227j),(-0.01177568836971952-5.323257337381328e-05j),3632500000
(0.6910130555353833-0.5600626279451537j),(-0.011637447825642784+3.3496067693259085e-05j),3635000000
(0.6885580885741409-0.5621663186213578j),(-0.011426645233839374+0.0001886917655134545j),3637500000
(0.6889802473010215-0.564914143824218j),(-0.011223356440817064+0.0001323572458783852j),3640000000
(0.6788270536595653-0.5759509779731454j),(-0.011077246661670804+0.0005953442850775844j),3642500000
(0.680037289091464-0.5788120019773455j),(-0.010900870003946449+0.0005387865409903245j),3645000000
(0.6781193228171248-0.5789789816015524j),(-0.010579552729555918+0.0006052689240533635j),3647500000
(0.6760724570232808-0.5819822048034943j),(-0.010468981821161159+0.0007522555618631492j),3650000000
(0.674710219137854-0.5877314604300551j),(-0.010347836340825946+0.000568604554562701j),3652500000
(0.6735884867587784-0.5929002982968249j),(-0.01023392955397971+0.0006052532020820621j),3655000000
(0.6714296430273111-0.5955922483856599j),(-0.010049226462734538+0.0006586067138444109j),3657500000
(0.6669432107319532-0.6007961130186552j),(-0.009976952488113805+0.0007907744474168045j),3660000000
(0.6731532263269268-0.5967934860976817j),(-0.009761639211863255+0.0005616556443319636j),3662500000
(0.6609029225142132-0.6041226006658564j),(-0.009464325717814392+0.0006480232771285928j),3665000000
(0.66490329213851-0.6014184604813828j),(-0.009435723679709615+0.0007410908284983103j),3667500000
(0.65860188650806-0.6092976528273036j),(-0.009148235905575543+0.0006582179779923082j),3670000000
(0.6545591289705757-0.6149601894029203j),(-0.009130372725435104+0.0007593358908636759j),3672500000
(0.6542004177176168-0.6182249249117326j),(-0.009089847712193427+0.0007690076245684954j),3675000000
(0.6552863053274357-0.6198510675975089j),(-0.008787088097832633+0.0006760962137964332j),3677500000
(0.6492451607380514-0.6252223098443236j),(-0.008683494224620681+0.0009103605622736275j),3680000000
(0.6409515694895022-0.6313851715262885j),(-0.008650613636552833+0.000989186201182298j),3682500000
(0.6420265028042466-0.6306267498062058j),(-0.008512435677213015+0.0007633524233614453j),3685000000
(0.641379513255565-0.6298958290627661j),(-0.008541226114788676+0.000764316528199274j),3687500000
(0.6326593938351042-0.6373911766000927j),(-0.008480309122392199+0.000764066147340151j),3690000000
(0.6268211911154737-0.6401178782009478j),(-0.008380645911804594+0.0004717141412122512j),3692500000
(0.6271265074492081-0.6411525230791504j),(-0.008225037606548389+0.0006380698105779177j),3695000000
(0.6267695776170984-0.6403185995507555j),(-0.00819383842055071+0.0007375146824335085j),3697500000
(0.6247089567182346-0.6415401021455942j),(-0.00806243396621335+0.0005844817076814775j),3700000000
(0.6274227210946434-0.6374568047511907j),(-0.008100034276938837+0.00036644170451881895j),3702500000
(0.6277903909772756-0.6419336816643454j),(-0.008093750838638308+0.00018080013408975525j),3705000000
(0.6246496369284315-0.6429748524086824j),(-0.007889597625363724+0.00024381900878684527j),3707500000
(0.6221952533699968-0.6492874293724825j),(-0.007967820425717686+0.000294304606059388j),3710000000
(0.6217035287098924-0.6535577647220607j),(-0.008041762502381698+2.0779517593236594e-05j),3712500000
(0.619854571252404-0.6559372679242477j),(-0.008102251577619136-1.8154045447155766e-05j),3715000000
(0.625045836076245-0.6555539940168902j),(-0.007982045492391631-9.048867044865293e-06j),3717500000
(0.6254385414148035-0.6555226649519386j),(-0.00804443272401823-0.00014893044591681535j),3720000000
(0.6189074864813359-0.6624014973688785j),(-0.008004811104292447-8.783407747662756e-05j),3722500000
(0.6210753160840253-0.6619332274860806j),(-0.008093520746905057-5.05498187257306e-05j),3725000000
(0.6192552313789452-0.6691128786660615j),(-0.00831506485908007+5.669615919297338e-07j),3727500000
(0.6234915841779227-0.6698108087722857j),(-0.008483068676441647-0.0002489445651655022j),3730000000
(0.6206066445203406-0.6713856876261426j),(-0.008405924549893768-0.00026376154053978264j),3732500000
(0.6132308344331189-0.6750392051626244j),(-0.008560816650785256-8.36138479154252e-05j),3735000000
(0.6168581854430317-0.6760778191064328j),(-0.008406972121739143-0.0005329380610607675j),3737500000
(0.6103963224244984-0.6839949532806409j),(-0.008469471641960966-0.00041796463690712063j),3740000000
(0.611664542642914-0.6811783766636016j),(-0.008721465563658154-0.0005652722507265616j),3742500000
(0.6028748402442096-0.6825376369950378j),(-0.008646434004138939-0.0006510385818396989j),3745000000
(0.6012614464950974-0.6852275442380714j),(-0.008640057863555305-0.0008136499755665085j),3747500000
(0.6061364458601916-0.6846614098255113j),(-0.008486431946159886-0.000828058721587302j),3750000000
(0.6070258678835514-0.683317706070793j),(-0.008490341069314485-0.0006667358610300984j),3750000000
(0.6044007889074362-0.6909890954747053j),(-0.008831935593565321-0.0006159763869506658j),3752500000
(0.6046302857730467-0.6877622198624183j),(-0.008894850887702777-0.0006531138188660599j),3755000000
(0.5925357013496086-0.6936402384045318j),(-0.008992861511967714-0.0005169563673704486j),3757500000
(0.5954618943567136-0.6948258245550814j),(-0.009000480709552615-0.0008898756793395092j),3760000000
(0.5911568521862166-0.7000813507434726j),(-0.009270647946087394-0.0008754104232804773j),3762500000
(0.5983197171243976-0.697655115339102j),(-0.009303707722875714-0.0008938398974345324j),3765000000
(0.5827735263298582-0.7069793803347688j),(-0.009245692090444187-0.00070378953670491j),3767500000
(0.5828858024418522-0.7064362719664904j),(-0.009399439586326058-0.0007769873620807646j),3770000000
(0.583954666926456-0.7019239743029587j),(-0.009220482171193551-0.0006859966122297543j),3772500000
(0.5740683832449474-0.7079778036700599j),(-0.009421383839175743-0.0007495639307491471j),3775000000
(0.5750750661537084-0.7075564466191357j),(-0.009728939590340829-0.0008736860113628982j),3777500000
(0.5708668348791687-0.7077704275859646j),(-0.010293153301944353-0.0009831352024701225j),3780000000
(0.5678338574241013-0.714749161356935j),(-0.010182148292204844-0.000998611637039845j),3782500000
(0.5598396574011739-0.7139721758695995j),(-0.010214317278279917-0.001035553886794533j),3785000000
(0.5625369953339626-0.7182390503113303j),(-0.010396967768951658-0.001102062184417536j),3787500000
(0.5636503110211103-0.7132979743942962j),(-0.010406573414678606-0.001007663320551609j),3790000000
(0.5548272952632474-0.7242666904885421j),(-0.010384464870858166-0.0007584562215167959j),3792500000
(0.5604368042632617-0.7166862874185264j),(-0.01082287748746527-0.0008412333663292168j),3795000000
(0.5472629097489614-0.7216115304110506j),(-0.011429299033160688-0.00043564850104955716j),3797500000
(0.5468344997923977-0.7236630481164186j),(-0.011189605260179095-0.0008598701641869618j),3800000000
(0.5482098854845608-0.7193721874562672j),(-0.011195633170265857-0.0010683157765054752j),3802500000
(0.5372036075788214-0.7263473540253031j),(-0.011314416594902415-0.0009436197297967323j),3805000000
(0.5354813138028571-0.7235903391692569j),(-0.011831846281237497-0.0009385957057029778j),3807500000
(0.5304322462036987-0.7300824499218973j),(-0.011727069775567901-0.0008095691846947744j),3810000000
(0.5302315179091835-0.7291794463460333j),(-0.01215114688580645-0.0005136557000326963j),3812500000
(0.5259221277518217-0.7326981999470575j),(-0.012454227970012836-0.0004732913136281647j),3815000000
(0.5176133407381949-0.7371712276807325j),(-0.013023240006894397-0.0004383031963572368j),3817500000
(0.5209755726136541-0.7368672712484794j),(-0.013462133169464763-0.00035637133071982443j),3820000000
(0.5195656887855418-0.7360233187787893j),(-0.013399470544869865-0.000320114463819196j),3822500000
(0.5124036826804137-0.7377534292678254j),(-0.01348147886558907-0.00030959401219974j),3825000000
(0.5064225523025682-0.7390193564640067j),(-0.013699638581257919-0.0005007639632118833j),3827500000
(0.49975823855463364-0.7389560521220975j),(-0.013907303248976452-3.967360168171579e-05j),3830000000
(0.5015741189637428-0.7429549471172349j),(-0.014205382111789296-0.0002506939937283652j),3832500000
(0.49640033291478125-0.7489326674529992j),(-0.014105180200567165+0.00015684642706048483j),3835000000
(0.49576930212682685-0.7505934263267152j),(-0.01464017710260355+0.00043327441621229313j),3837500000
(0.4920894970812705-0.7494341379317484j),(-0.015044966312689383+0.0007377676543053398j),3840000000
(0.48760619158417023-0.7541212262975109j),(-0.015291095645558335+0.0009485378292244153j),3842500000
(0.4810802275883122-0.7593901953495024j),(-0.015615458992253122+0.0012626687149983316j),3845000000
(0.47762962908081324-0.7613493307802377j),(-0.015767791788818503+0.0013120568447274972j),3847500000
(0.4770164105423521-0.7607348923725893j),(-0.01584895446506289+0.0012286833016237988j),3850000000
(0.4712732131082933-0.7643776705493489j),(-0.016239907216089748+0.0015664828593308618j),3852500000
(0.47042220000756135-0.7655230563158384j),(-0.016610277293063528+0.0017977639934101293j),3855000000
(0.46046266151128173-0.7697217665233855j),(-0.016508955730463556+0.002384408873143784j),3857500000
(0.4591808941228412-0.7704583661347587j),(-0.016721669209513013+0.002623029603473305j),3860000000
(0.4554803541861191-0.7707792325310119j),(-0.01713337511372231+0.0027043970119494483j),3862500000
(0.4515156049457249-0.7734611607452913j),(-0.017210064721885417+0.003293019555428236j),3865000000
(0.450698205357334-0.771215686074799j),(-0.01737627172165422+0.0033708039524055493j),3867500000
(0.4459440516370831-0.7761681203915833j),(-0.017699956474282085+0.003688597052946449j),3870000000
(0.4451567270150318-0.7765421475369109j),(-0.017915677313151024+0.003860638500572911j),3872500000
(0.440587456740872-0.7789574521009806j),(-0.018121141237310495+0.004081634870531782j),3875000000
(0.4336827132776888-0.782374234664425j),(-0.018137257976864624+0.004672608366464905j),3877500000
(0.4288357633038837-0.7809383400195244j),(-0.018348118140195165+0.0051676908440728185j),3880000000
(0.42971939071585114-0.7833012346653504j),(-0.018844722571206046+0.00574687387100393j),3882500000
(0.42738100486476005-0.7850736678179812j),(-0.019089713910359917+0.006411644809828964j),3885000000
(0.4254012463814451-0.7890385998889033j),(-0.019365872387578083+0.006718268872270555j),3887500000
(0.4215674274330003-0.7899912006801101j),(-0.019274932372318018+0.006842816273553591j),3890000000
(0.4174578528765234-0.7940032412517348j),(-0.01959396561962158+0.007453175209392111j),3892500000
(0.4183773471685358-0.79503724350018j),(-0.01978729674500643+0.0077577528425905404j),3895000000
(0.40913197492307074-0.8011481113160482j),(-0.019986313771108852+0.008465214801557657j),3897500000
(0.40716199116088014-0.8028330570969996j),(-0.02016913898451553+0.008918029328044658j),3900000000
(0.4034754259711332-0.8044785322014227j),(-0.020152274032227368+0.009308457541430976j),3902500000
(0.40576166815429604-0.8040668090335152j),(-0.020114189328942725+0.009928574479220399j),3905000000
(0.4006287852733076-0.8096062828801143j),(-0.019957564035379242+0.010495747062277468j),3907500000
(0.39814190814933664-0.8131347350974093j),(-0.020154590874579464+0.011324955045271645j),3910000000
(0.4017646157392438-0.8144632056373433j),(-0.020507258812624583+0.011391628543820323j),3912500000
(0.39228299538549743-0.8198172758155865j),(-0.02025431838553636+0.012444285429198473j),3915000000
(0.3940365558259739-0.8166998832645868j),(-0.02009881643956012+0.012924788774052051j),3917500000
(0.38333333676136855-0.8223241083288604j),(-0.02002527970138399+0.013521298729760368j),3920000000
(0.38637397725397515-0.8229941582733139j),(-0.02020495897249194+0.014127903864775396j),3922500000
(0.3800490260110152-0.8280415988812976j),(-0.020173006851153256+0.014838943611703622j),3925000000
(0.3767428418967822-0.8314208760338316j),(-0.0198502747427142+0.015268479231836753j),3927500000
(0.37395749102495107-0.8333340935760309j),(-0.01976520223219388+0.01595673909652039j),3930000000
(0.3717622264543683-0.8356636933105585j),(-0.019632649312204212+0.01666978861751723j),3932500000
(0.37401419099685956-0.834090296205733j),(-0.019865559873616042+0.01725252136833063j),3935000000
(0.3655903224694003-0.8387835511620065j),(-0.019307161456230914+0.017868567713183355j),3937500000
(0.36513233319883714-0.8351620107972252j),(-0.019392650257093417+0.01822000152916707j),3940000000
(0.36069320053002346-0.8415882567108606j),(-0.019230914657712678+0.018995878613300363j),3942500000
(0.3617727861994719-0.8434197456902106j),(-0.01897711157494487+0.019479130201384448j),3945000000
(0.35966936674001043-0.8452893082902895j),(-0.01872241955923387+0.019833260214312975j),3947500000
(0.35560611754704274-0.851035848745706j),(-0.01859113729557339+0.020689923597197398j),3950000000
(0.3577698982954315-0.8498868437233975j),(-0.018331334970895608+0.02125100697664544j),3952500000
(0.34791239610846936-0.8524641964023377j),(-0.017838083410655466+0.022108219287611135j),3955000000
(0.36074582524863025-0.8466802567787534j),(-0.017893759707471667+0.022463211130227336j),3957500000
(0.3424022982350782-0.8539044595206958j),(-0.017361946984923996+0.02320128929353936j),3960000000
(0.3356319226910009-0.8538578111104841j),(-0.01679827216730525+0.023930333969139586j),3962500000
(0.33884224897267273-0.858459472307525j),(-0.016580003891879035+0.024403911909422617j),3965000000
(0.335102872742243-0.8601068213001678j),(-0.01576079098230784+0.025198667246580007j),3967500000
(0.32620086429657363-0.859216084638297j),(-0.015726861070810227+0.025599000885012588j),3970000000
(0.31831467587306017-0.857480095270051j),(-0.015343014909888401+0.026330127150279912j),3972500000
(0.3242906565022068-0.854157941511429j),(-0.014775698610720268+0.02661664217257338j),3975000000
(0.3227073819144521-0.8586026166382666j),(-0.014307865501060417+0.027186759752144962j),3977500000
(0.32260548887371593-0.8574653414814246j),(-0.013784163469971937+0.027827680843026142j),3980000000
(0.3195436380125501-0.8536795304200068j),(-0.013092749342877864+0.028403754441218655j),3982500000
(0.312478088897195-0.8564447639133405j),(-0.012730654867625469+0.028973882654445927j),3985000000
(0.3145036425177753-0.853043306534745j),(-0.012315280982297222+0.029557840379895183j),3987500000
(0.30895949672356937-0.8510174361139797j),(-0.011567360709703293+0.02979713446896096j),3990000000
(0.3117804029961114-0.8525553570966755j),(-0.010994999693434973+0.03035991097908404j),3992500000
(0.31033450705748433-0.8498522533550533j),(-0.01027545157306465+0.030757670081673058j),3995000000
(0.3082239361962209-0.8486862911432822j),(-0.009432277347587883+0.03125911725944185j),3997500000
(0.30738186199846307-0.8445775559034686j),(-0.009225922413446415+0.031665303086644836j),4000000000
(0.30877943487618326-0.8442088582535222j),(-0.009038595795318849+0.031566231008828785j),4000000000
(0.29731432312837974-0.8485325159249572j),(-0.007909423301498384+0.032023416854570996j),4002500000
(0.31311839129461005-0.8418595856678519j),(-0.007596892167015121+0.03248684500448261j),4005000000
(0.29946618253024626-0.8444473983423074j),(-0.006492596030645995+0.03280427729295125j),4007500000
(0.29617390498498414-0.8438034047447116j),(-0.005862236187100547+0.03328053743989844j),4010000000
(0.3007336249524869-0.8401281113051242j),(-0.00535280600198239+0.033467223823222224j),4012500000
(0.2969829446027849-0.8479132975126522j),(-0.004299060924009524+0.03393487486877658j),4015000000
(0.31323636483853345-0.8433716283439482j),(-0.004101429323307306+0.03409277589595827j),4017500000
(0.2981736224660735-0.8492790186127896j),(-0.0028986496911852042+0.0344128376890371j),4020000000
(0.2970387940558195-0.8457605130309316j),(-0.0017611057732878277+0.03441669905082114j),4022500000
(0.29614126510790534-0.8488477150620899j),(-0.0006648193267123287+0.03473960510576717j),4025000000
(0.2998400961308965-0.8485929422949939j),(0.0003430586862828524+0.03503729725309309j),4027500000
(0.292409745058202-0.8509436124348152j),(0.0013700545487821624+0.03498414652575483j),4030000000
(0.2880603978016348-0.853627448621528j),(0.002554900935338199+0.03486529987780392j),4032500000
(0.29388982724061974-0.8501315879178687j),(0.0033360145806821434+0.03502141473062702j),4035000000
(0.2895836986958954-0.8503212017340122j),(0.004764723789251815+0.03482367807838891j),4037500000
(0.281945505509541-0.8511579064900794j),(0.005867230726691646+0.03461945391864703j),4040000000
(0.2829593823771665-0.8513615128936156j),(0.006669009699717+0.03456598331044084j),4042500000
(0.27746116315448854-0.8518043361600754j),(0.007891774356784176+0.03425443498922587j),4045000000
(0.2751247512008156-0.8505002796668235j),(0.00891946345640953+0.033866405055525184j),4047500000
(0.26678906788714923-0.8523844246498223j),(0.010279352185061185+0.03338925015064662j),4050000000
(0.2677157979918413-0.856762331649429j),(0.011243063812357667+0.0329093715471128j),4052500000
(0.26538885508919857-0.8574400974771063j),(0.0119810469826198+0.03236068235292927j),4055000000
(0.2609522600981051-0.8542581474068193j),(0.012844534960069938+0.03160466526012997j),4057500000
(0.25652973455841155-0.8560865322399013j),(0.013649804407275985+0.031290004691767986j),4060000000
(0.2536002484027277-0.8560920776290645j),(0.014550642488080042+0.030374113420092802j),4062500000
(0.25600290101913975-0.8552354870887583j),(0.015475917235515094+0.02980719218708488j),4065000000
(0.2604130705897517-0.8543220282680867j),(0.01602242617654353+0.02909294694169066j),4067500000
(0.24950109987316224-0.8539485369221165j),(0.016932544985314976+0.028137124780460314j),4070000000
(0.24507418042824805-0.8536583876963197j),(0.017337565727917083+0.027158878990123918j),4072500000
(0.23820619417203376-0.854991592441091j),(0.018246117999830204+0.026199611754251066j),4075000000
(0.24482384585595898-0.8501447756069971j),(0.018395624990959134+0.025615239929991433j),4077500000
(0.23367700229707658-0.8575091955552211j),(0.018895691961550613+0.024806382886446963j),4080000000
(0.2267899577505967-0.856605534955448j),(0.019260020582311046+0.023978157167745175j),4082500000
(0.2264712501608475-0.8579828796688425j),(0.019666529796666915+0.023101751287570832j),4085000000
(0.2281970040412236-0.8557295123732581j),(0.019724930369402777+0.022341396686716804j),4087500000
(0.22104856185472846-0.8561295420516362j),(0.01998387057415729+0.02132494117164609j),4090000000
(0.21962278613254083-0.8534520902482107j),(0.02034506978586948+0.020312719782016757j),4092500000
(0.21191303227295907-0.8536639363884098j),(0.020246529420682856+0.019504010266895418j),4095000000
(0.21309457335786824-0.8531098964648983j),(0.020355400970752478+0.019037237674906192j),4097500000
(0.20781465989257605-0.8536972662852418j),(0.020362751472081806+0.018379287515307152j),4100000000
(0.20285808531590194-0.8588121088850077j),(0.02057834601458961+0.01759053032467015j),4102500000
(0.2010809348675204-0.858992811564789j),(0.020505165144738425+0.016992005597269825j),4105000000
(0.19674809465490575-0.8603837311894929j),(0.020437578304119085+0.01619770348418691j),4107500000
(0.19685669655322535-0.857754871201843j),(0.020242994139755194+0.015772103937644156j),4110000000
(0.19155714769796417-0.8600493723275251j),(0.020070717796625972+0.015287700143210362j),4112500000
(0.18843965533024443-0.8637368848108805j),(0.02014866949753887+0.014654319625714392j),4115000000
(0.18780149219586798-0.8632959122699378j),(0.01973164101908486+0.014346114263176247j),4117500000
(0.17869403173551318-0.8634203839270874j),(0.019703457573214116+0.013614817192434316j),4120000000
(0.17931710981486315-0.8625467031634071j),(0.019433113932203313+0.01322511770663333j),4122500000
(0.17299573929019135-0.8664810173227776j),(0.01935594893470888+0.012695867384282026j),4125000000
(0.17313850940667389-0.8667650087148517j),(0.01912048811428232+0.012526182429274084j),4127500000
(0.16962527397851312-0.8673976014703335j),(0.01893252496450041+0.012210796807648534j),4130000000
(0.15901447291483908-0.8668128522110411j),(0.01880219517394761+0.011759211597034967j),4132500000
(0.1580222690422275-0.867852619827751j),(0.018762889340198846+0.011575711992978072j),4135000000
(0.15236121509736916-0.868380044576959j),(0.018525292474792406+0.01121864432294121j),4137500000
(0.150203813739842-0.8689935096533149j),(0.018418647742520576+0.011022364473622514j),4140000000
(0.14419225665020016-0.8672002958230794j),(0.0181473513767138+0.010926760038691847j),4142500000
(0.141866718025644-0.8679499203696783j),(0.018098887932854142+0.01062303850644638j),4145000000
(0.14179561462349438-0.8701993381100099j),(0.017825693201372873+0.010573260399609378j),4147500000
(0.1370042453510144-0.8714936727492227j),(0.01771401514932124+0.010444756757371434j),4150000000
(0.1336175276319977-0.8722308168392225j),(0.017651044527645217+0.010362219947510316j),4152500000
(0.1258828141434105-0.8725408146439699j),(0.017748260458758894+0.01031505782045523j),4155000000
(0.12818018154395852-0.8728589511581635j),(0.017615073247405008+0.01002417048790378j),4157500000
(0.12712724562244496-0.8701234427143246j),(0.017485855304395843+0.009961019309318173j),4160000000
(0.1208997931661129-0.8721063043984201j),(0.01758178851348868+0.009754475135130173j),4162500000
(0.12023920712436495-0.8709559977943268j),(0.017523733732867218+0.009787529217180086j),4165000000
(0.11626622055574655-0.8727470680605751j),(0.017554536998860677+0.009699297556018947j),4167500000
(0.11806030595139516-0.8726984103319774j),(0.017556750721980787+0.009773799287408293j),4170000000
(0.11159755947837824-0.8721395056466877j),(0.01758627697189328+0.00970905582326104j),4172500000
(0.10524930567862681-0.8722980115145468j),(0.017609893383286095+0.009639542842514835j),4175000000
(0.11053160844823157-0.8720526667913385j),(0.01755785477132422+0.00982245340997033j),4177500000
(0.10453739442461506-0.875581194943862j),(0.017731364944962715+0.009471426244698076j),4180000000
(0.10598774378684125-0.8766242371293209j),(0.017852355271051053+0.009343724332682473j),4182500000
(0.10706017632970842-0.8771327957536272j),(0.018026374615105985+0.009509341723327134j),4185000000
(0.10101149453255125-0.8784655740688857j),(0.018228346269054164+0.009290858369505465j),4187500000
(0.09763581654859183-0.8792021251723984j),(0.018230589746378412+0.009533503788171204j),4190000000
(0.09342809136862704-0.8798533850698785j),(0.01850169509065618+0.009257577522297751j),4192500000
(0.09537307287128903-0.8802131334501199j),(0.018424535352603463+0.009289243360174658j),4195000000
(0.0918931188149194-0.8815824186097836j),(0.018503076934722258+0.009066158836729107j),4197500000
(0.0933623254030164-0.8794361742644323j),(0.018652193724289095+0.009010535096652582j),4200000000
(0.08400724914614588-0.8826287220825164j),(0.01888112465001814+0.008974755002777652j),4202500000
(0.0846440309364869-0.8847427747297766j),(0.019113550014677714+0.008802209747479186j),4205000000
(0.08065517080371823-0.8838929199217175j),(0.01924180362246851+0.008730650797313489j),4207500000
(0.07966736062786005-0.8836861411737489j),(0.01962814702975638+0.008460343219808751j),4210000000
(0.07522571589645295-0.8872032302971141j),(0.019890932555585245+0.008496390068466314j),4212500000
(0.07623706864843822-0.8860871796417749j),(0.019984689951507595+0.00821661415165369j),4215000000
(0.07539761956254531-0.8869742874376717j),(0.020162200646967898+0.008237559883255247j),4217500000
(0.06957760497779873-0.8874850175979093j),(0.020380651799962846+0.007699721884233695j),4220000000
(0.0648426645910352-0.8899070452180825j),(0.020632529848482965+0.007388432747229141j),4222500000
(0.05966782385272392-0.8855833726880429j),(0.020675769274901723+0.007189821152578571j),4225000000
(0.05916462604965614-0.8859181411440297j),(0.02081411004230115+0.0070031689315104735j),4227500000
(0.05726221000655413-0.8885906707912429j),(0.020960477338875964+0.006836606673852183j),4230000000
(0.055483565168996905-0.8879850096538756j),(0.021192319780848443+0.00651162551035375j),4232500000
(0.04920072438436217-0.8887504357639162j),(0.021409537259764026+0.006247059193462146j),4235000000
(0.053274882714325164-0.8874325684616511j),(0.02160842010055837+0.005972036590939514j),4237500000
(0.040770599781974615-0.8867519537946383j),(0.02165710814277648+0.005611734172346751j),4240000000
(0.0428572966284739-0.8858572960894884j),(0.021644672158899172+0.005695276346555909j),4242500000
(0.03677413185555941-0.8881881432210967j),(0.021813294712144785+0.005018100181798764j),4245000000
(0.04729785649573781-0.8830629482254144j),(0.02192167586515531+0.005032824932704589j),4247500000
(0.034420694202755495-0.8845486865527376j),(0.02204895614497968+0.004329907139374693j),4250000000
(0.033465429583529376-0.88526371651537j),(0.022059464755480266+0.0044622277123537845j),4250000000
(0.03383025547627237-0.8845125940740712j),(0.02202979676655195+0.0042648373693491256j),4252500000
(0.020459188132962828-0.8846604663553799j),(0.022051571838378563+0.003707280941911246j),4255000000
(0.027337109587845992-0.8845849381330151j),(0.022137972990997408+0.0034540330904368533j),4257500000
(0.023378483982359474-0.88095081188144j),(0.02213856326484638+0.0032751679637485166j),4260000000
(0.018852310140105136-0.8795419963590838j),(0.022167941099253494+0.0029054217405229195j),4262500000
(0.01610653439151455-0.8763865320359198j),(0.022261793079883796+0.002716462129944351j),4265000000
(0.012918440216283663-0.8767677601096416j),(0.02224477828984108+0.002330360319435016j),4267500000
(0.015538692712715444-0.8723061160072132j),(0.022166745344549633+0.002299145164693152j),4270000000
(0.009089632483816428-0.8710109979299384j),(0.02206739286503832+0.0017719193514028945j),4272500000
(0.009488306526866663-0.867581075916814j),(0.021995235594028984+0.0014943657696642083j),4275000000
(0.007173595336304836-0.8677833466539093j),(0.022055426115520502+0.0014023343830823216j),4277500000
(0.007205417473813145-0.8637048475247605j),(0.02210626557766574+0.0010035037106739136j),4280000000
(0.010818860398819016-0.8619186725147335j),(0.022146134263281457+0.0010057051430987314j),4282500000
(0.0019573446509376425-0.8599808685847471j),(0.022071229162449538+0.00048780236871908333j),4285000000
(0.003147840384713928-0.8571486812026392j),(0.022017715632652687+0.0003370060548263465j),4287500000
(-0.00014477283272351413-0.8590257340304377j),(0.022189579498497338+1.0839273722177637e-05j),4290000000
(0.0036165043263623924-0.8561923530379528j),(0.022084741313741947-0.00032024575988587886j),4292500000
(-0.0016440048872148432-0.8548828823369448j),(0.022153779145356257-0.000504240341959184j),4295000000
(0.0029863012855832417-0.8488379297480874j),(0.022242439767490088-0.0006045518680326072j),4297500000
(0.0004021741496918891-0.8486014858555261j),(0.022122774144836457-0.0008988306065005379j),4300000000
(-0.0009597067686376014-0.8477491807641774j),(0.02219151195448485-0.0011328217525744316j),4302500000
(-0.0022455691540491348-0.8479611902203202j),(0.022183125579971427-0.0013508673154715117j),4305000000
(-0.011382552972739584-0.8494189402119846j),(0.02225246760091886-0.0019018210776118026j),4307500000
(-0.003286309422025338-0.8481587586957956j),(0.022366270064887853-0.0018727851250914833j),4310000000
(-0.00619563631012332-0.8466012491023978j),(0.022354464922697864-0.002232822300643882j),4312500000
(0.00017237957503464854-0.8445415848850211j),(0.02245175603211096-0.0025329552038472346j),4315000000
(-0.002153799084629883-0.8489585924413998j),(0.022459934964094957-0.0029068016859381926j),4317500000
(0.0013552006169637826-0.8500046127169263j),(0.022600869882755923-0.0033702325797869597j),4320000000
(-0.007752149854862346-0.8515773674128562j),(0.022523825352415486-0.0038614816433297804j),4322500000
(-0.007618167565505273-0.8497897111564111j),(0.022606175103976535-0.0042630266109495146j),4325000000
(-0.007161575561642521-0.8520205444512241j),(0.02261268059918927-0.004466337941455836j),4327500000
(-0.006209418687791901-0.8541536939352049j),(0.022750341885840273-0.004775008155515371j),4330000000
(-0.0063978765547940625-0.8538343852935392j),(0.02260927142655481-0.005108890318951754j),4332500000
(-0.005440478844057267-0.8531788186480587j),(0.02251889964109833-0.005367262565775086j),4335000000
(-0.014328383205530409-0.853321197505199j),(0.02226507140031517-0.005941387196120288j),4337500000
(-0.020062916578565272-0.8550590780007449j),(0.022107853634098194-0.006464353098089419j),4340000000
(-0.01829927101439852-0.8550740323090085j),(0.022186053334483605-0.006740037593180144j),4342500000
(-0.021175108717352332-0.8555538128208239j),(0.022206304050283638-0.007104652065140292j),4345000000
(-0.030887407243885116-0.8539141426161785j),(0.021986265633072967-0.00755207634450113j),4347500000
(-0.024904231595884316-0.8550538606974981j),(0.021947555834899782-0.007737608687607048j),4350000000
(-0.03558698445868712-0.8558115345511661j),(0.021791369895571767-0.008132723380066705j),4352500000
(-0.03445965222506377-0.8553129804280196j),(0.021548039877897853-0.008500445413785513j),4355000000
(-0.039452275875504664-0.8539402801231857j),(0.02142561691405883-0.008640960353594268j),4357500000
(-0.04264390319242366-0.854408308389856j),(0.02121224046949564-0.009235709778576403j),4360000000
(-0.04129215956596885-0.8544313514569267j),(0.021276033069641778-0.00948654747161045j),4362500000
(-0.04797995195647327-0.8532641065707003j),(0.020998468021318804-0.009944808144456361j),4365000000
(-0.04880941505217962-0.853904821527035j),(0.020831551118754066-0.01007344155969736j),4367500000
(-0.05157493846760871-0.8522868662433654j),(0.020570523232475144-0.01040207344120242j),4370000000
(-0.056703541967174836-0.8520692816150186j),(0.020307155516334083-0.010875700514718376j),4372500000
(-0.05647392158978595-0.8496323489695964j),(0.020105006156346396-0.011165371903584752j),4375000000
(-0.05936417714557708-0.8518572785127733j),(0.020054228162637536-0.011345332605671363j),4377500000
(-0.0613628983672377-0.8520397268988522j),(0.01983588231295272-0.01172587323331468j),4380000000
(-0.06203227090470621-0.8522395672244985j),(0.019544118540474113-0.011933451630439173j),4382500000
(-0.06977176853634559-0.8488513725977062j),(0.01901799921319961-0.012471888969446773j),4385000000
(-0.07051989693026821-0.8499339740014682j),(0.019023259874282113-0.01249856781883553j),4387500000
(-0.07441089834212734-0.8500624257903431j),(0.01869187107872504-0.012902383389992621j),4390000000
(-0.07573234539855793-0.8504315692277105j),(0.018666811352106096-0.012966294406864746j),4392500000
(-0.07756440294315661-0.8504924116822811j),(0.018403350380232105-0.013050780800679649j),4395000000
(-0.08257096251739676-0.84954129362161j),(0.018160860349141123-0.013509712170434134j),4397500000
(-0.08170763488325614-0.8518166959348258j),(0.01793425600010638-0.013701446736825783j),4400000000
(-0.08789412364203275-0.8519459678615883j),(0.01767659126820488-0.013955956729893646j),4402500000
(-0.0892561731183455-0.8516378903254362j),(0.017495635288936478-0.014161083658413016j),4405000000
(-0.0957886328642967-0.8488066116856758j),(0.017159357626665317-0.014234895496282523j),4407500000
(-0.09568398540027716-0.8503001099645886j),(0.016948127401223135-0.014409092990814195j),4410000000
(-0.0992177998685307-0.84997818723341j),(0.016717628399278768-0.014548525685791767j),4412500000
(-0.10063227144264378-0.8514956157073158j),(0.016564087391499224-0.01480001828192806j),4415000000
(-0.1015777545662276-0.8527062278529317j),(0.01641997735765144-0.014981298362766035j),4417500000
(-0.10764883469073061-0.8520847804682126j),(0.016121391959717988-0.015236512867843999j),4420000000
(-0.1069261597399555-0.8527589001410466j),(0.01598176921814907-0.015387022794413037j),4422500000
(-0.11159584579976888-0.8508607000723856j),(0.01576593958743683-0.015444687526425761j),4425000000
(-0.11956308349020886-0.852524183905968j),(0.015310883726988932-0.01582125023933392j),4427500000
(-0.11374097208993245-0.8529448449762472j),(0.015106763323215044-0.01581953383462134j),4430000000
(-0.12066557786382642-0.8520137733171242j),(0.015044854191374189-0.015811107202042363j),4432500000
(-0.12167268708771077-0.8487817382461851j),(0.014883729221639736-0.015809013715636724j),4435000000
(-0.12502281710524896-0.8493221640791472j),(0.014738791620931306-0.01595360833704379j),4437500000
(-0.1297825918222548-0.8497262301394719j),(0.014486881861377138-0.01625509643029903j),4440000000
(-0.12966355381751904-0.8493528861213386j),(0.014371525577791415-0.01626326275928624j),4442500000
(-0.13459156456432936-0.8488398195508529j),(0.01390134124607758-0.016557508000179397j),4445000000
(-0.1332958955791251-0.8482715633835546j),(0.013884511047822715-0.01651039011455156j),4447500000
(-0.1360803600844207-0.8491101692658158j),(0.013642926860148718-0.016634474650834143j),4450000000
(-0.139033787879131-0.8496778995283147j),(0.013385336994100413-0.016905007845577174j),4452500000
(-0.14362940694344853-0.8473351866325896j),(0.013265305697880968-0.01678951318063273j),4455000000
(-0.14971235470855143-0.8436089793745897j),(0.013106310119243098-0.016814108960931447j),4457500000
(-0.14751358281889115-0.845350661775615j),(0.012951524492445653-0.016992191775925588j),4460000000
(-0.14702885825386708-0.8422937269802585j),(0.012979241641912035-0.01686304224970438j),4462500000
(-0.14785929243294768-0.8444440042112054j),(0.01291071559361552-0.017032979699329116j),4465000000
(-0.14836746805524886-0.8444414956176769j),(0.012816571184990883-0.01706304976356276j),4467500000
(-0.1563872941260354-0.8449145100846697j),(0.012474225532208214-0.017286879359149892j),4470000000
(-0.15339767889137637-0.845977938454643j),(0.012588810567100598-0.017175515144969792j),4472500000
(-0.15882564036763525-0.8439494525424674j),(0.012383943160274798-0.017481783756652623j),4475000000
(-0.15497401541056602-0.8444207346486119j),(0.01236542254413909-0.017629871150183826j),4477500000
(-0.15681658292661105-0.8434409089611121j),(0.012408071982888404-0.017606087990249646j),4480000000
(-0.16059282583677384-0.8465702514836958j),(0.012071172305003527-0.017953253477470028j),4482500000
(-0.1613472007370785-0.8495333779533288j),(0.012168525071115916-0.018012207389619946j),4485000000
(-0.16858877336601197-0.8491496908981796j),(0.012128498267270154-0.018217999966215006j),4487500000
(-0.17081575569750804-0.8468305457968605j),(0.01199337649153402-0.018396735121961754j),4490000000
(-0.17206746072244292-0.8470246371361086j),(0.011830166979864769-0.018619980298991177j),4492500000
(-0.17309841992808928-0.8471917150233369j),(0.011797513356882705-0.018834596946138586j),4495000000
(-0.1787934755498125-0.8465531224800988j),(0.011760542726864866-0.01906568981381486j),4497500000
(-0.18196699785483073-0.845358760973721j),(0.011436541191913605-0.01910492362126256j),4500000000
(-0.17669981705327847-0.845975348322663j),(0.011565158392376176-0.019275306324843294j),4500000000
(-0.18433600512182183-0.8440343220084754j),(0.011498299704464815-0.019550605753198724j),4502500000
(-0.19600773369335725-0.8440228603552987j),(0.011249191407663102-0.01971628805166898j),4505000000
(-0.19527489367687895-0.8462763201022158j),(0.011365138400888639-0.020025425811826203j),4507500000
(-0.20199486234764982-0.8439347546232391j),(0.010879876965449838-0.020346764120268205j),4510000000
(-0.2048687230840065-0.841923502966015j),(0.010589999152629084-0.02066957351329321j),4512500000
(-0.20576952844116464-0.8426213399438274j),(0.010509255348915943-0.02082577738104282j),4515000000
(-0.21210615669650917-0.8396165524269206j),(0.01029780342308169-0.021047743311432065j),4517500000
(-0.208439094658018-0.8405156508364723j),(0.010284369410697946-0.021202232729078827j),4520000000
(-0.22078662651882516-0.8384308977001232j),(0.009954434692381747-0.02154706764618668j),4522500000
(-0.21691477876846185-0.8384281269918462j),(0.009837020066465606-0.021664188545912937j),4525000000
(-0.22275571899050248-0.8351295258870025j),(0.009421231812643633-0.0220288752479658j),4527500000
(-0.22605065744121536-0.8330231878474817j),(0.009251733418849955-0.02241559266246191j),4530000000
(-0.23994043618320998-0.8308546342773785j),(0.00896436163946675-0.02266782307237906j),4532500000
(-0.2349180855013245-0.8275459910940193j),(0.008851505615221912-0.02283890809800648j),4535000000
(-0.2418093220775145-0.8242952859890661j),(0.008378079740079135-0.02309738098655642j),4537500000
(-0.2435740952858762-0.8213298351294315j),(0.007844760641119441-0.023320495964348792j),4540000000
(-0.24666275777248378-0.8196654637257329j),(0.007639473277408589-0.023382793350375113j),4542500000
(-0.2560600216094611-0.813253366086879j),(0.007106393630900527-0.023653640440211544j),4545000000
(-0.2538761139712071-0.8153611582154124j),(0.006797746527380074-0.02390218507905227j),4547500000
(-0.25798381139681836-0.8130063431042706j),(0.006456816827243473-0.024194447455124828j),4550000000
(-0.25361711546077603-0.8121709329472324j),(0.006426163355234292-0.024257038216139518j),4552500000
(-0.2642203166849816-0.806629182416248j),(0.0057191910286987675-0.024562039460971845j),4555000000
(-0.26324821021532263-0.8034011550457767j),(0.005305897896570128-0.024693777913808064j),4557500000
(-0.26878332655059767-0.7995734898530569j),(0.005118991897543302-0.024709438436671737j),4560000000
(-0.26649324934515756-0.7980298399643273j),(0.0048436104111647515-0.02475829229541579j),4562500000
(-0.2690435884192315-0.7947353770205983j),(0.004426405266404526-0.02488602020986247j),4565000000
(-0.27309236495784356-0.7908730423889342j),(0.0038701455954402225-0.02506092712805451j),4567500000
(-0.2702905422174033-0.7925231210519331j),(0.0036006277045013677-0.02536550270204936j),4570000000
(-0.2712012490565893-0.790489483165493j),(0.0031845496284414296-0.02537068284835936j),4572500000
(-0.27449472390919477-0.7891887486886642j),(0.0026400297459959385-0.025587160699695237j),4575000000
(-0.27503453879101974-0.7894540632769087j),(0.0021041769308370742-0.02560976910667492j),4577500000
(-0.27887338992710725-0.7867672564322757j),(0.0015400544636803956-0.025716804616865162j),4580000000
(-0.2777972602406013-0.7850851758685355j),(0.0010845367527972942-0.025932185030731435j),4582500000
(-0.2858422959869618-0.778278885170131j),(0.0006636567841840813-0.02596380499310018j),4585000000
(-0.284083774101199-0.7791272639994292j),(0.0004049299748000311-0.026171969019446194j),4587500000
(-0.2852126323203136-0.7766047088059327j),(-6.218201676170838e-05-0.026079348728315424j),4590000000
(-0.28658771408444955-0.774832990823004j),(-0.0006472031874831712-0.02608115367736388j),4592500000
(-0.2874982824804757-0.771467579462003j),(-0.000908078133383736-0.025918115410786022j),4595000000
(-0.29436782799116795-0.7714204890558262j),(-0.0015227984517140517-0.02607329815870788j),4597500000
(-0.29095131178741107-0.772956202957157j),(-0.0018029051852961261-0.02612410378584652j),4600000000
(-0.29321793823712766-0.7719247712901561j),(-0.002273816871053479-0.025992721146282507j),4602500000
(-0.29415825829798375-0.7688491147878004j),(-0.003039305669628526-0.02588160380532504j),4605000000
(-0.3003529300581412-0.7633702656462398j),(-0.0036699667911370766-0.025715270346997953j),4607500000
(-0.2941736686647116-0.7630935398635315j),(-0.003762126814828613-0.025722373763230947j),4610000000
(-0.2971538726691404-0.7603639488217571j),(-0.004198101467109534-0.025677287091499874j),4612500000
(-0.30676931101364885-0.7603522578708223j),(-0.0050689687524689345-0.025650195818639997j),4615000000
(-0.3048524757919831-0.7614490760331931j),(-0.005170485605757251-0.02574212009204203j),4617500000
(-0.30705623186140923-0.7626494256371527j),(-0.006019665839833517-0.025463878782817518j),4620000000
(-0.30449828226686476-0.7630265220410857j),(-0.00652163184432403-0.02549431117424527j),4622500000
(-0.3147272550783596-0.757200886344253j),(-0.007075997580386363-0.025147802799263184j),4625000000
(-0.31659794472656017-0.7547033224385049j),(-0.007982444404561157-0.025047024650843384j),4627500000
(-0.3166385723053273-0.7558560718305345j),(-0.00804751221904567-0.024931640009921128j),4630000000
(-0.32531028261381506-0.750679125833084j),(-0.008686652087474413-0.024812545131212727j),4632500000
(-0.3263113676531242-0.748453768459261j),(-0.008904165195158712-0.024734296563263952j),4635000000
(-0.3325377953266404-0.7468433744571368j),(-0.009573681690589822-0.024437656576585816j),4637500000
(-0.3329976348004852-0.7453480179209406j),(-0.009795549670939544-0.024224694661259167j),4640000000
(-0.33770643464194083-0.7408806031257266j),(-0.010313383891004804-0.0239207267428566j),4642500000
(-0.3384032518422495-0.7385031931461964j),(-0.010717050729963932-0.023820106031590297j),4645000000
(-0.34296213184378127-0.7375835713809453j),(-0.011120717950323414-0.023397418969920147j),4647500000
(-0.3516509680602073-0.7327279350413313j),(-0.011984471138550001-0.022968246444611446j),4650000000
(-0.3476854800126098-0.73270104054791j),(-0.011976196904406173-0.022880271756500672j),4652500000
(-0.3525942630682579-0.7280186045659214j),(-0.012531888103802541-0.022496977144437123j),4655000000
(-0.3533137275330458-0.725347368879145j),(-0.012731923119407105-0.022442239612776704j),4657500000
(-0.35926503100886226-0.7213728988986698j),(-0.013262007587233074-0.021986142205437122j),4660000000
(-0.35900346017225737-0.7221191528718098j),(-0.013586057499145753-0.021808258683045235j),4662500000
(-0.3602533801440372-0.7207717573550748j),(-0.013777941640545917-0.021637416194195094j),4665000000
(-0.36436109293466545-0.7159449805125874j),(-0.014264012199326269-0.02132204863688449j),4667500000
(-0.36526352556712705-0.7117820811872625j),(-0.014365698714601452-0.021121044221367992j),4670000000
(-0.36873426647775964-0.7052921696968314j),(-0.014784005833017193-0.020727039179681394j),4672500000
(-0.3678881471487118-0.7073922748785064j),(-0.015058632884848667-0.020622377450802764j),4675000000
(-0.37575526201839793-0.7021401148428601j),(-0.01529391332616575-0.020296816926771325j),4677500000
(-0.36825300860057997-0.7021004578534026j),(-0.01539583061574655-0.020189392585489515j),4680000000
(-0.37725491079288426-0.6922388032540655j),(-0.015925998408798728-0.019724562617191153j),4682500000
(-0.376811575539062-0.6927370565613307j),(-0.016133647801169278-0.019323361199597662j),4685000000
(-0.3776148259457051-0.6925743253161264j),(-0.01644248688894834-0.01905418143208249j),4687500000
(-0.3812996712540666-0.6881117496414657j),(-0.016828493770726188-0.018453114391124185j),4690000000
(-0.38008492999787036-0.6844353091150924j),(-0.01666973223962154-0.01830020471816934j),4692500000
(-0.382729985867894-0.6808911437552041j),(-0.016971718832900107-0.017883030336062537j),4695000000
(-0.38172926848679345-0.6812960544264394j),(-0.016855365410874536-0.01775642780936219j),4697500000
(-0.39138518997758037-0.6767713518890652j),(-0.01746957393610967-0.0171234037032874j),4700000000
(-0.3833697153107506-0.6783245179077616j),(-0.0173815098627361-0.01698616276066652j),4702500000
(-0.3861583492911748-0.6725101793347793j),(-0.01751942724663601-0.016451546112628137j),4705000000
(-0.3897644186462472-0.6695397981126614j),(-0.017635338966280025-0.016137660024198464j),4707500000
(-0.39313701618662816-0.6636778207779584j),(-0.017810277897507824-0.015616868168273483j),4710000000
(-0.3935184741822274-0.662046629630011j),(-0.018013336099348225-0.015267047557949396j),4712500000
(-0.3903307117544008-0.6605760507794574j),(-0.01802751946096933-0.01496266623349996j),4715000000
(-0.3954912362357788-0.6550371598173947j),(-0.01821131245577902-0.01433786143138905j),4717500000
(-0.39127316368874826-0.6548731342551269j),(-0.01810389393382376-0.014137912784661418j),4720000000
(-0.3926800666917409-0.6522229490513467j),(-0.018168875803626645-0.01367429592316419j),4722500000
(-0.393008394213469-0.6497380535856073j),(-0.01814008547026978-0.013308662865911388j),4725000000
(-0.39393355939683977-0.6460346943351842j),(-0.018227776174323303-0.01280549174277365j),4727500000
(-0.39394150554373414-0.6417608570480259j),(-0.018461793441540742-0.012070385666650047j),4730000000
(-0.3902913177786442-0.6358274768024553j),(-0.018320224063188246-0.011788161869269016j),4732500000
(-0.39087170257317044-0.6373403550158476j),(-0.018432886314918094-0.011474247922548466j),4735000000
(-0.39356256002515777-0.6356098942511539j),(-0.018512044060861065-0.011076355542061905j),4737500000
(-0.3916647378532497-0.6344526787211076j),(-0.018383917367092467-0.010640774491106467j),4740000000
(-0.3952684837032929-0.6267005434938132j),(-0.0183161652467883-0.010068956466921413j),4742500000
(-0.38998347723211096-0.6265205594748534j),(-0.018119314232472563-0.009817982886390077j),4745000000
(-0.39240620361721673-0.6221499223806534j),(-0.01807059772916502-0.009324173412655687j),4747500000
(-0.39550026053538123-0.6188102196010195j),(-0.018005449677268318-0.009015581985712348j),4750000000
(-0.39861261897600553-0.6136869001179113j),(-0.01896468579292952-0.009889850478459417j),4750000000
(-0.39365183044244295-0.6140479384527844j),(-0.01892250034368411-0.009445859814436621j),4752500000
(-0.3875089726047108-0.6114475918020662j),(-0.018897638372066077-0.009087669557473293j),4755000000
(-0.3897993663688842-0.6091105979982077j),(-0.018867276618499174-0.00903927641535786j),4757500000
(-0.39443737617845-0.6039395958810688j),(-0.01889618004982829-0.008607932750550074j),4760000000
(-0.3917703411132052-0.6042753802735852j),(-0.01869103173010584-0.008208004515723217j),4762500000
(-0.39046873567334733-0.6008915225576837j),(-0.018633021039529882-0.007520735811564703j),4765000000
(-0.38708741978609223-0.6022103207390879j),(-0.018351442720795315-0.007316608992256122j),4767500000
(-0.39174691662968575-0.599147144571759j),(-0.018175378969757853-0.006941903428157626j),4770000000
(-0.386495602483126-0.6016335301273651j),(-0.017835936704010433-0.006942467059049632j),4772500000
(-0.38780127622034183-0.5999563692648389j),(-0.01765263182501408-0.006766953901041102j),4775000000
(-0.38787570543461125-0.5956962809943681j),(-0.01761595454159895-0.006320744516280516j),4777500000
(-0.39069560431981337-0.593493763081159j),(-0.017374287616763167-0.006285653622025462j),4780000000
(-0.3893828313697213-0.5916780651415632j),(-0.017179593841277804-0.006079303473644267j),4782500000
(-0.3893190641928286-0.5937883831091526j),(-0.017166266195541735-0.005879987208765731j),4785000000
(-0.39816899536790507-0.5892033086132016j),(-0.01700254346290327-0.005709918784549897j),4787500000
(-0.39435355774564657-0.5908289769015481j),(-0.016715694352794394-0.005600040472584955j),4790000000
(-0.39510102529439006-0.5869169540768809j),(-0.016634729452812812-0.00553811514371455j),4792500000
(-0.3965795838706648-0.5850983710394805j),(-0.016482456101419723-0.00525251503285451j),4795000000
(-0.3972647363795934-0.5841534958324396j),(-0.016158130498806385-0.005356492636828976j),4797500000
(-0.40465064948283536-0.5775532541357333j),(-0.01605645961542967-0.004814240371028583j),4800000000
(-0.40112794092440546-0.5792945479728576j),(-0.015832633404053154-0.005083555171848189j),4802500000
(-0.40657766945906537-0.5728881501579437j),(-0.015791683132534443-0.004648070310669738j),4805000000
(-0.4062605762573354-0.575480016849715j),(-0.015668949657888495-0.004657767500569954j),4807500000
(-0.4046849315848171-0.5731022906614517j),(-0.015416303031866594-0.004848770216901837j),4810000000
(-0.40612179723171027-0.5712844066981042j),(-0.015235453801197636-0.004806358600212094j),4812500000
(-0.4088217413751839-0.567362981512008j),(-0.01507853993878834-0.004619513037478944j),4815000000
(-0.40828141495134235-0.5666831656616591j),(-0.014767689447805495-0.0047295138013744775j),4817500000
(-0.4106329696827886-0.5633748755552294j),(-0.014408482039489093-0.004788583539515184j),4820000000
(-0.4135603186827241-0.5602729452279419j),(-0.014581767169532711-0.004916945166296997j),4822500000
(-0.410902422897366-0.5619804315268422j),(-0.014479178166954227-0.004774150592164123j),4825000000
(-0.4138326375513893-0.5580693434432452j),(-0.014327625659910411-0.004969520961242143j),4827500000
(-0.4144735049830322-0.5554909105177394j),(-0.014207380769554455-0.005025934218281598j),4830000000
(-0.4097794428938623-0.5577872456018541j),(-0.014014421127575389-0.005136076407021842j),4832500000
(-0.4159995583709456-0.5536075627560069j),(-0.01415926250643541-0.005013174283927186j),4835000000
(-0.41300715122106224-0.5541116311155947j),(-0.014098172558004189-0.0052296618478806j),4837500000
(-0.4176710329081499-0.5510843108750897j),(-0.014056914578067818-0.005306942705228495j),4840000000
(-0.417468965937294-0.5499257944402978j),(-0.013964955846473708-0.005572593630681651j),4842500000
(-0.41733831432320584-0.5508306455665869j),(-0.013884892393197462-0.005854861658716548j),4845000000
(-0.42030913773514283-0.5461182233514794j),(-0.013987444476927456-0.005814748524588458j),4847500000
(-0.419294513379101-0.5473273979011191j),(-0.013949316037745536-0.006087774389750351j),4850000000
(-0.42419103557822796-0.5420153660704103j),(-0.014157445410089887-0.0061818761130088265j),4852500000
(-0.42171924669343275-0.5441393102048777j),(-0.014323090124291518-0.0063615479493965635j),4855000000
(-0.42510655948993487-0.540933493742247j),(-0.014573773860778256-0.006469954888920959j),4857500000
(-0.42518555728678303-0.5401769222937767j),(-0.014705061142434419-0.0066496197667156596j),4860000000
(-0.4294168269296313-0.5351963221061697j),(-0.01487564987485795-0.007002406830156042j),4862500000
(-0.43032426334423557-0.5339651030362274j),(-0.015098769343135247-0.006972901230020458j),4865000000
(-0.4310211355627651-0.5365765356722811j),(-0.01543271876044842-0.0071072455453535036j),4867500000
(-0.4349270449720069-0.5327055927868344j),(-0.015738623470708375-0.006995891145373025j),4870000000
(-0.4350599073428082-0.534461073599899j),(-0.016087053213521985-0.007135917950336567j),4872500000
(-0.4394546074336862-0.5296442615040098j),(-0.016223854788363426-0.007236340175188758j),4875000000
(-0.4419833920018707-0.5291978838258063j),(-0.01661239484788672-0.007119983974294718j),4877500000
(-0.4444859983413344-0.5248833391517393j),(-0.0166939081687789-0.007313618677143771j),4880000000
(-0.4441487477806531-0.524665593082383j),(-0.016975228782128215-0.007204571387573331j),4882500000
(-0.44381025962246434-0.5259794826699536j),(-0.017460756718313805-0.007272941546380884j),4885000000
(-0.44801281337700005-0.5220587886717978j),(-0.017941795648332846-0.007248557345516805j),4887500000
(-0.45088403152089845-0.5210901366671868j),(-0.01830508011054933-0.007223598348653087j),4890000000
(-0.4537867504274011-0.5180032195930999j),(-0.018787757939609778-0.006997661280385353j),4892500000
(-0.4587585310340597-0.5158871694943374j),(-0.019068847431862407-0.006846655710996753j),4895000000
(-0.45412800196130104-0.5199367034349572j),(-0.01932744957134254-0.007144515742918552j),4897500000
(-0.4609184669837616-0.5133527636070268j),(-0.019716684970325773-0.00675877924766126j),4900000000
(-0.46021221299862036-0.5113921061087155j),(-0.019967320478081453-0.006888294994111326j),4902500000
(-0.46591912663021073-0.5069847617092524j),(-0.020429087905362495-0.006641542935962694j),4905000000
(-0.4646464878426998-0.5099990669650836j),(-0.020938565277367174-0.006355110712237284j),4907500000
(-0.46735981869262855-0.509303073824461j),(-0.021449306064622104-0.006270306547492282j),4910000000
(-0.4737648132841339-0.5036929821712159j),(-0.0220140489040515-0.005923762049833888j),4912500000
(-0.4729859245309816-0.504838901063893j),(-0.022360390487339746-0.00583737580169493j),4915000000
(-0.4805973045820556-0.4982282210597142j),(-0.022901280133640158-0.00562574360684708j),4917500000
(-0.4841490982412647-0.4948447212120308j),(-0.02322524937291589-0.005438666739437995j),4920000000
(-0.48421028230091995-0.49508497690127556j),(-0.0235786726900608-0.004968460463987196j),4922500000
(-0.4810637128988644-0.49755147771596775j),(-0.023985564928848017-0.004822610979198123j),4925000000
(-0.4894516218517353-0.4892393958796927j),(-0.024369488598556772-0.004249013882676058j),4927500000
(-0.49021297933203933-0.4854656382279605j),(-0.024803197052232155-0.003737921756120548j),4930000000
(-0.4933877300653389-0.48275242018684944j),(-0.02523417662381632-0.00340674844290729j),4932500000
(-0.4979630276462155-0.48057247497856953j),(-0.025631382977780216-0.0030267130385840287j),4935000000
(-0.4994732320575053-0.47871144613138955j),(-0.02591399546388545-0.002786783758002412j),4937500000
(-0.5015221095758582-0.47581529806105394j),(-0.0263043175968502-0.002237892597845014j),4940000000
(-0.5010566347001405-0.4716018104741096j),(-0.026569220187830308-0.0018317125830233803j),4942500000
(-0.5024970504768512-0.46712010089269806j),(-0.02688198016927097-0.0012168117719627827j),4945000000
(-0.5004850151152895-0.46522902966678j),(-0.027082889552313742-0.0007391399992038564j),4947500000
(-0.5057245941338792-0.45889302998544657j),(-0.02750126807905436-1.5454230113277206e-05j),4950000000
(-0.5042350074591787-0.45555371282873136j),(-0.027743292760655024+0.00030581829010950024j),4952500000
(-0.5081716333261069-0.449235743403413j),(-0.027931729456741352+0.0010329395784992707j),4955000000
(-0.5096675619446892-0.4480560999446295j),(-0.02822802444132944+0.0017357423722337325j),4957500000
(-0.510228267223796-0.4436109146878015j),(-0.02841537241967838+0.00227929633141315j),4960000000
(-0.5076114165547588-0.44241893373696006j),(-0.02853745202814546+0.0027686506100340364j),4962500000
(-0.5075759228375791-0.43721022833444056j),(-0.02873239352926662+0.0034790704903982497j),4965000000
(-0.5091856309965895-0.43173881011834553j),(-0.028746288185813207+0.004283285403833121j),4967500000
(-0.5052224111919431-0.43081281455027287j),(-0.028974682926130244+0.00441326992475417j),4970000000
(-0.5110455920350615-0.4242048460155194j),(-0.029009524260300932+0.00563468885847863j),4972500000
(-0.5070036256077823-0.42481206700271323j),(-0.02907523245252822+0.006089076001061483j),4975000000
(-0.5118479929332521-0.417101618467966j),(-0.028972495187454102+0.006909337920787234j),4977500000
(-0.5067496011281619-0.4155465767354779j),(-0.029027072712739924+0.007160223031844123j),4980000000
(-0.511449492621352-0.4073089555265683j),(-0.028888035012216557+0.008222523527197545j),4982500000
(-0.5101711166699993-0.40485024280582j),(-0.028812937627678187+0.009043348480206955j),4985000000
(-0.509340588198869-0.4025871448063832j),(-0.02892534794603749+0.009151900229910392j),4987500000
(-0.5114112153108776-0.39782109160506424j),(-0.028635737063563694+0.010065616956093211j),4990000000
(-0.5097191337465096-0.3928802680747459j),(-0.028752745291904913+0.010639817369714522j),4992500000
(-0.5107150175676076-0.3863894508895161j),(-0.028583762032531608+0.011565115493534573j),4995000000
(-0.5073942931195659-0.38383011059654676j),(-0.02852728240225113+0.012007636924079674j),4997500000
(-0.5065029714776036-0.38215265438708207j),(-0.02860125835626361+0.012749337254979592j),5000000000
(-0.5065014456664862-0.38102017816356487j),(-0.028944498263060905+0.012852202672826635j),5000000000
(-0.5061212445342302-0.37666219607753154j),(-0.028790225804979055+0.013157923686861483j),5002500000
(-0.5053409210082852-0.37337921011361164j),(-0.02870089161856012+0.014038235695400181j),5005000000
(-0.5061950100898815-0.36829542092221423j),(-0.028642686065094656+0.014403707697030291j),5007500000
(-0.5074391287160841-0.36330546931667157j),(-0.028094459155151033+0.015585552959137154j),5010000000
(-0.500362277051102-0.36367794421565836j),(-0.028163029975874984+0.015920740428675945j),5012500000
(-0.5023927756798832-0.3571588168625123j),(-0.02758538961109333+0.01675491556413468j),5015000000
(-0.5048577110280077-0.3514901658592076j),(-0.027329133307972514+0.017523037849461465j),5017500000
(-0.5033238831257649-0.3493133887138216j),(-0.02710321264964628+0.01808644763395489j),5020000000
(-0.5019650544196882-0.34682340147963586j),(-0.02678456163620343+0.019061490886501515j),5022500000
(-0.4989430457455961-0.3444212484403302j),(-0.0265754292515662+0.019688658275764326j),5025000000
(-0.5004118437958784-0.33921783944671147j),(-0.02593529270823479+0.020405144713998322j),5027500000
(-0.49719760557424175-0.3391319233772j),(-0.025742836269323065+0.02077638277272071j),5030000000
(-0.49791313767377393-0.3325788542600513j),(-0.025247052788429546+0.021795632784010404j),5032500000
(-0.49547096343008673-0.3299751140129914j),(-0.024599987617097824+0.022676404583081077j),5035000000
(-0.49572867798838977-0.3264313411821157j),(-0.024380923261420488+0.0230853326304468j),5037500000
(-0.4953587539407279-0.32217915101104116j),(-0.02379287336263042+0.023846785935093148j),5040000000
(-0.49662877569267344-0.31704351661411767j),(-0.023262684268708898+0.024517218787145002j),5042500000
(-0.4946514923633826-0.3146878011197905j),(-0.022610847579768032+0.02529363301969473j),5045000000
(-0.49140515561548975-0.3134028961294967j),(-0.022049843609496137+0.025806301035833427j),5047500000
(-0.49463731456162224-0.3107971636548793j),(-0.021422049205270688+0.026249444162870665j),5050000000
(-0.49319265873157814-0.30584353963465116j),(-0.021018079083117255+0.026793328120161643j),5052500000
(-0.4931875250559447-0.30631575750968154j),(-0.020055687612981453+0.027594130049870446j),5055000000
(-0.49273897729352917-0.30212742135039006j),(-0.01937753220573081+0.028024540331095533j),5057500000
(-0.4929379267151368-0.30219440187753943j),(-0.018857542636904562+0.02847857873959693j),5060000000
(-0.4955215078926631-0.29384547265741223j),(-0.018146877719208636+0.029014156843747623j),5062500000
(-0.49540035044838315-0.2940242882331475j),(-0.017268220449592742+0.029669757330961j),5065000000
(-0.494948884718999-0.2934459669101298j),(-0.016649682967680768+0.03010483428738326j),5067500000
(-0.49699308011905174-0.2913480920203679j),(-0.015693548173497288+0.03052084570159966j),5070000000
(-0.49927188954133833-0.2894488927290326j),(-0.014934392391812453+0.030784877762975935j),5072500000
(-0.5029255839692871-0.2826290439889054j),(-0.01356273907633494+0.031186249396456447j),5075000000
(-0.5010569899914562-0.2826522561952636j),(-0.01296130180885149+0.03148299800378479j),5077500000
(-0.5027699592564416-0.2802131871795481j),(-0.012453250066471277+0.031664830375302974j),5080000000
(-0.5062869272477832-0.273934276676279j),(-0.011040944999567318+0.032095772508218316j),5082500000
(-0.5079377530533629-0.271210232592874j),(-0.010263880487349216+0.03216642363103272j),5085000000
(-0.5099596787267052-0.2600146792908891j),(-0.008849716049771954+0.03244150540406202j),5087500000
(-0.508726001437104-0.26133211638856596j),(-0.00852746552392651+0.032510701458125645j),5090000000
(-0.5110715988911405-0.2525161733686613j),(-0.0074777584113874225+0.0324813176585285j),5092500000
(-0.5125267419360718-0.24773043510569923j),(-0.006195602050509093+0.03272573485664132j),5095000000
(-0.5132977244220783-0.2464516724217235j),(-0.006159298362921639+0.03246400156829647j),5097500000
(-0.5175525335509789-0.24265816198302534j),(-0.0036201196814062927+0.03286883126872605j),5100000000
(-0.5176286384735667-0.23965348784594187j),(-0.003550622639862455+0.03233017685144406j),5102500000
(-0.5177471490238172-0.23293145522233377j),(-0.0028331129329195646+0.032244400817255735j),5105000000
(-0.5179928101613978-0.22980028144789097j),(-0.0017803218653969712+0.032213526716827666j),5107500000
(-0.5190496693358606-0.22334000469672063j),(-0.0010343409275671792+0.03186031646521372j),5110000000
(-0.5181434414446463-0.21993981540338503j),(-0.00018476921493197325+0.0316023212181699j),5112500000
(-0.517982203365883-0.21548727002250137j),(0.00025654866011345684+0.03131326213671177j),5115000000
(-0.5185718355489892-0.20843389824137779j),(0.0013369805427715963+0.03088163911239458j),5117500000
(-0.5194300364304788-0.20383795485915326j),(0.001835997752576178+0.030583142050278168j),5120000000
(-0.5210039904978048-0.19620664112652503j),(0.0026646780084193886+0.030331026177698523j),5122500000
(-0.5212051575828317-0.19296655089155187j),(0.003308780719984716+0.02998649797337815j),5125000000
(-0.5198922294836165-0.18710054449297214j),(0.003836664891331376+0.029461528520850225j),5127500000
(-0.5196155378556908-0.1817800859625538j),(0.0047355954312712535+0.029225099091653838j),5130000000
(-0.5203236934370836-0.17812095778231432j),(0.005129045261995157+0.028820989214981805j),5132500000
(-0.5187064038843406-0.1711237013764366j),(0.005867759140525056+0.02852103016765235j),5135000000
(-0.5204863841214354-0.1675608158893601j),(0.006101775716475341+0.027990236944755442j),5137500000
(-0.5194901927430737-0.16097607017003496j),(0.0066965904976518525+0.027470809585895883j),5140000000
(-0.5193679214664715-0.1587612882864584j),(0.007127971610830116+0.026950067386504063j),5142500000
(-0.5188931647110189-0.15152314228134534j),(0.007487660824101063+0.026768867639292395j),5145000000
(-0.5195479727193211-0.14720101073117825j),(0.0081012161758147+0.026441943677838774j),5147500000
(-0.5185534592702878-0.1401997247876762j),(0.008548988517237663+0.025930261795572365j),5150000000
(-0.5176507279158415-0.1407288923406926j),(0.008584722849994248+0.025552614276239043j),5152500000
(-0.5178811651357331-0.13152116796269217j),(0.00913396609276749+0.02492941767894163j),5155000000
(-0.5170827437026043-0.12913433839699673j),(0.009530922645483959+0.024421329876641817j),5157500000
(-0.5165898981200726-0.12307178867446658j),(0.009711371802572848+0.024118060004910943j),5160000000
(-0.5158858082050172-0.1111525220754809j),(0.009969900128809947+0.023673445294600477j),5162500000
(-0.5167915534024011-0.1079572556317655j),(0.010252502735604834+0.02347357214256853j),5165000000
(-0.5155323797571691-0.10259210702104897j),(0.010581112350198608+0.023000990882566567j),5167500000
(-0.5154625634485818-0.09737708631914983j),(0.011035111471470654+0.02254261248448971j),5170000000
(-0.512363222267486-0.09629216326295885j),(0.011335123230746402+0.022321950701720855j),5172500000
(-0.510924402935629-0.09469531860955732j),(0.011429452917636782+0.02178198750205802j),5175000000
(-0.5106519797769042-0.08508144921365796j),(0.011809200944826528+0.021306877819150145j),5177500000
(-0.5109182033415918-0.07524221320625989j),(0.012156139872900169+0.020920122807992922j),5180000000
(-0.5094442919613005-0.07373871146191399j),(0.012431954097199055+0.020534268411229028j),5182500000
(-0.5061201460718059-0.0691742160187524j),(0.01255374880352955+0.020190196479937826j),5185000000
(-0.5054846747408942-0.058547395861505404j),(0.012809691942230793+0.01978438981643198j),5187500000
(-0.5038614596560307-0.057231912329019016j),(0.012978272078728259+0.019641230065886996j),5190000000
(-0.5022553995197033-0.05368808867783867j),(0.013594287117826951+0.018866947848107534j),5192500000
(-0.49876057641809385-0.053185213995661854j),(0.01383054475403941+0.018762145344639367j),5195000000
(-0.49936194172345394-0.04439089861247263j),(0.014068176895111188+0.018298434122880798j),5197500000
(-0.49815822341846305-0.03836895924840977j),(0.014129390774618342+0.01780232964052607j),5200000000
(-0.4955027892368817-0.034560678013913416j),(0.014238920507543176+0.017479698606724745j),5202500000
(-0.49408705418516363-0.031070160995554166j),(0.014423191631246206+0.016899432518422852j),5205000000
(-0.49192385301027636-0.02501764926614752j),(0.014348497715528397+0.016596468605001902j),5207500000
(-0.4905169367117858-0.01890337492668763j),(0.014523764654052869+0.016041055313000433j),5210000000
(-0.48760966529183575-0.016976343414439207j),(0.014626603135789475+0.01571890761327364j),5212500000
(-0.486088360707901-0.01226796199625423j),(0.014749627632120536+0.015426767900866185j),5215000000
(-0.4843418383717844-0.008933779340078109j),(0.015161082308292346+0.014975150524822777j),5217500000
(-0.4836115293137165-0.004253423632982096j),(0.015097698261339413+0.014573292493076534j),5220000000
(-0.48042822312079914-0.001453823367898977j),(0.01513493988286908+0.014133573150240254j),5222500000
(-0.47948769039886+0.004244679156395655j),(0.015281005970199083+0.013858982364999141j),5225000000
(-0.47619031532423783+0.011121145330810071j),(0.015342314707740364+0.013718264681311293j),5227500000
(-0.4733087479184095+0.011295231824360893j),(0.01540017290308582+0.013397629254864452j),5230000000
(-0.47194121177726506+0.018238464257376588j),(0.015509225649799977+0.012776943993095886j),5232500000
(-0.4696915825832214+0.022394615457768968j),(0.015678472487227695+0.012407722387397036j),5235000000
(-0.4672482886095346+0.02401366125453902j),(0.01566888350735469+0.01204219403578827j),5237500000
(-0.4658692868868774+0.03200512414909187j),(0.015874842628488848+0.011500395581201465j),5240000000
(-0.46313265893065386+0.03266923368506742j),(0.01583586283604955+0.01148071614722188j),5242500000
(-0.4592697213271297+0.04166606932942127j),(0.015952110999979712+0.010922450568766843j),5245000000
(-0.4574572962735943+0.044049110058688855j),(0.015819674272465695+0.010814928708540547j),5247500000
(-0.4543609243929762+0.05070821976095828j),(0.015676291577204498+0.010300382173410186j),5250000000
(-0.45318523522702914+0.04847587906536522j),(0.015868108373769042+0.010387342686702666j),5250000000
(-0.45117160126112693+0.055175534210163045j),(0.015951798968783612+0.010030892019245686j),5252500000
(-0.44795337989813205+0.06103117962945378j),(0.016123553011399366+0.009718349636359216j),5255000000
(-0.44447517965566247+0.06307406719575272j),(0.016187885184357882+0.009549642336558056j),5257500000
(-0.44088273210633955+0.06855813726017995j),(0.016317009652834134+0.009036437611932997j),5260000000
(-0.43824039083675176+0.07269473675901293j),(0.016430017377235685+0.008777668358786154j),5262500000
(-0.43393243539781967+0.07651681229771809j),(0.016302478136865875+0.00841350518773645j),5265000000
(-0.42971509735439484+0.08318289163247981j),(0.016495929811154778+0.007779007496348625j),5267500000
(-0.42674107582127535+0.08509287033579949j),(0.01610429048528065+0.00780382761596686j),5270000000
(-0.42319546054274093+0.08862417329235524j),(0.01593656483390067+0.007336393775769649j),5272500000
(-0.42054031731965336+0.09431309104380942j),(0.016088063200908567+0.007218068710081647j),5275000000
(-0.4150236993190533+0.09969911546002634j),(0.01606795495914091+0.006748869943851302j),5277500000
(-0.4123359546594853+0.10270905331937591j),(0.01608870453139033+0.006463284818605634j),5280000000
(-0.40661170811735053+0.1093900284337802j),(0.016196093050775285+0.006072078420005426j),5282500000
(-0.4023180144227951+0.11363527550273399j),(0.016201441203780666+0.0055925548226408075j),5285000000
(-0.39821218212006493+0.11765492384947052j),(0.016054147859577796+0.0052304520312651094j),5287500000
(-0.39322730183584337+0.12344826392898665j),(0.015984006891936072+0.004904915341977523j),5290000000
(-0.38836227006634755+0.12889638642245635j),(0.016049938778755705+0.004686511599569874j),5292500000
(-0.3839101858223997+0.1326768148919071j),(0.01608096230646125+0.004343375626185399j),5295000000
(-0.37863541987711735+0.13738976286710256j),(0.015907813462791385+0.00414943656123469j),5297500000
(-0.37240142145855015+0.14291122119181965j),(0.015860839992253756+0.00417738111986068j),5300000000
(-0.36774379524450584+0.1475200291300321j),(0.015636223092834203+0.0036087464672553424j),5302500000
(-0.3637218794186142+0.15045338774412462j),(0.015508488618485533+0.0032773399337755454j),5305000000
(-0.3598821118733887+0.1547334251699674j),(0.015453973505209488+0.003159568868468211j),5307500000
(-0.35122446286944325+0.16006936874327682j),(0.015220773391516581+0.0028913430470290644j),5310000000
(-0.3459612875375863+0.16437144819680444j),(0.01539556954940133+0.002433958271950707j),5312500000
(-0.3418374865514853+0.1676861835688299j),(0.015318244503764684+0.00230993899598882j),5315000000
(-0.3371435501727148+0.17226717080016632j),(0.015224440104440273+0.002128053694630278j),5317500000
(-0.33266766418651994+0.17466913368091713j),(0.015453289511810414+0.0019358723738263938j),5320000000
(-0.3269883475604005+0.17718399965920476j),(0.015242171630931679+0.001676560073177049j),5322500000
(-0.3184654304828089+0.18301641556604586j),(0.014867499238556745+0.0012249471929242787j),5325000000
(-0.3137256447325612+0.18673090694791905j),(0.014862020305755173+0.0008874611325265727j),5327500000
(-0.30615074917603596+0.19163027088697723j),(0.014708498500351311+0.0007610148726654198j),5330000000
(-0.3008785922649736+0.19484846814495638j),(0.01463166633164948+0.0008974492708281527j),5332500000
(-0.29588834923659346+0.19915015306962075j),(0.014575347924866679+0.0005488803148813977j),5335000000
(-0.2943914609024901+0.20219360182245055j),(0.014631317889153186+0.00036283574590287906j),5337500000
(-0.2854044402539216+0.2065555200027089j),(0.014788353122789673+0.00011426344107354998j),5340000000
(-0.2810557669329842+0.20972306966599327j),(0.014676850947722038-0.00012634201572688978j),5342500000
(-0.2730190049602654+0.20989507491535828j),(0.013986878372127963-0.0005031238995999947j),5345000000
(-0.2805890103402227+0.21696888246675447j),(0.014174783372868776-0.0003079779239300509j),5347500000
(-0.26529021100470646+0.2195017436557672j),(0.013803742688408255-0.0008036699024559489j),5350000000
(-0.263676133628336+0.22265846881712315j),(0.013745551750833177-0.0008637190184958097j),5352500000
(-0.26000216154140815+0.2258364425623356j),(0.013749490917487292-0.0010499208238364305j),5355000000
(-0.25377157803170486+0.22956583168690256j),(0.013525426736564821-0.0014430182361222566j),5357500000
(-0.2509675511166579+0.23381298858785646j),(0.013369341725659453-0.0014042608654287814j),5360000000
(-0.24132611418977176+0.23853084219063095j),(0.01315196025579208-0.0018825019813635557j),5362500000
(-0.2332244328578215+0.24430833425725973j),(0.013139358096185449-0.0018007782372593995j),5365000000
(-0.23057037183767806+0.2477321201427704j),(0.013150328971155818-0.0020038342901709015j),5367500000
(-0.2229078407726306+0.25269794716425853j),(0.012995528377351134-0.0021779351492815006j),5370000000
(-0.21533516915439435+0.2553394143001928j),(0.012846193834074482-0.002170494605959746j),5372500000
(-0.21143582748051876+0.2593566466833935j),(0.012681129526335556-0.0025162491053729533j),5375000000
(-0.20844362025683535+0.2631792509785117j),(0.012598265809014263-0.002627934840400875j),5377500000
(-0.19727800127508147+0.2686978957159454j),(0.012388549990366279-0.0028402028943967077j),5380000000
(-0.19117715539658817+0.2714223325315856j),(0.012257724378934683-0.0029740074409049726j),5382500000
(-0.18517716225561148+0.2762839734933277j),(0.012345302206758777-0.0031111626734790982j),5385000000
(-0.17812292351862194+0.28039227087765234j),(0.012048129766971784-0.00335851244915962j),5387500000
(-0.17456726486992272+0.28211775982516063j),(0.012053313235544644-0.0034097642196577772j),5390000000
(-0.16289816472081745+0.2867809293658502j),(0.011811174217127718-0.003681846583455048j),5392500000
(-0.1607723373127139+0.28846139507721746j),(0.011622751108389492-0.003752459081515323j),5395000000
(-0.15615684499547627+0.28888797737890454j),(0.011371470444161678-0.003939623374591129j),5397500000
(-0.14148346924043212+0.29444262869187054j),(0.01133223910725901-0.004263725296763409j),5400000000
(-0.1387069247297397+0.2959543271079445j),(0.01119273380107356-0.004200113676508547j),5402500000
(-0.12848694143130515+0.30028772480300175j),(0.010981035970469193-0.004427808723139533j),5405000000
(-0.1249081869584687+0.3009529636573448j),(0.010918235000822667-0.004574494947277384j),5407500000
(-0.11605667866492668+0.30448148516051676j),(0.010927224824241709-0.004711183919760801j),5410000000
(-0.11178351879051286+0.30647969861992463j),(0.010759980837343825-0.0048787328521564186j),5412500000
(-0.10201371504062184+0.3085597112089508j),(0.010512607840541853-0.004923933326127911j),5415000000
(-0.09395176953992643+0.3131929847761934j),(0.010426818321355464-0.005089466523726879j),5417500000
(-0.09120303319647334+0.31131322175104464j),(0.01030401148104364-0.005181576296824144j),5420000000
(-0.08204752085234104+0.3168547252653717j),(0.010127383158383572-0.005405516993698992j),5422500000
(-0.07313902750360193+0.31954850734162543j),(0.010189503011819149-0.005468767484495346j),5425000000
(-0.0680773509857137+0.3197825863564581j),(0.009835155838202205-0.005506882093796172j),5427500000
(-0.060849976812664845+0.3223081861874979j),(0.009766085943546051-0.0057606370967906405j),5430000000
(-0.054715643971761284+0.3218647289004892j),(0.009626657858908268-0.0057968517251649684j),5432500000
(-0.044054656398910944+0.3245885289352931j),(0.009615015840319624-0.0059158780518264575j),5435000000
(-0.036862487571755455+0.3257239030610587j),(0.009375598945143341-0.006138759732774083j),5437500000
(-0.03741690112744213+0.3226019825316567j),(0.00928681385134792-0.00599137875720438j),5440000000
(-0.02112935053995598+0.3296674185887095j),(0.008594029500834075-0.006594351826956695j),5442500000
(-0.027674091876268708+0.325675341413666j),(0.009049595315835967-0.006309821077731618j),5445000000
(-0.015145819086956613+0.33542195858957047j),(0.008704463333839806-0.006741551068998205j),5447500000
(-0.012660614036935285+0.33188844874627604j),(0.008639988441861493-0.006824837126504734j),5450000000
(-5.250236177566007e-05+0.33142930674730126j),(0.008216272662387974-0.007069155997688972j),5452500000
(0.0060827434535930276+0.3284046337248362j),(0.008061250238544277-0.007263126641906576j),5455000000
(0.01189166337999681+0.328307611150479j),(0.007870909472907313-0.00742934238633132j),5457500000
(0.01802275655242448+0.3287878597028166j),(0.0076189857025218775-0.007519224494875819j),5460000000
(0.023768123401438114+0.33058672820733565j),(0.007406987209451021-0.00799795180348094j),5462500000
(0.03083013714825668+0.3331359880613922j),(0.0071527167127323895-0.008078330450331829j),5465000000
(0.03446113102452701+0.3292860036295314j),(0.006853342470020217-0.008080226482010986j),5467500000
(0.04070203307044761+0.32894958145017766j),(0.0064060488310048284-0.008389886502550806j),5470000000
(0.04413404224876178+0.3283982784642831j),(0.006052303927195938-0.00804649013244894j),5472500000
(0.048732973495639494+0.3272467218333163j),(0.005536296841713816-0.0078025399128141j),5475000000
(0.05192008035694099+0.32691432201862225j),(0.005329350245786205-0.007961791653633275j),5477500000
(0.05629211996122925+0.3263477226708698j),(0.005044166875625183-0.007874823746271619j),5480000000
(0.059889614119788555+0.3272427947703255j),(0.00479748124805595-0.00763369035702881j),5482500000
(0.063557880120751+0.32614657179826706j),(0.004424120690674804-0.007554131735289588j),5485000000
(0.06681343300809493+0.32674468181196686j),(0.004174443893553588-0.0072688554504491965j),5487500000
(0.07007156222039372+0.3270918969962811j),(0.004008368843725022-0.007133495682258765j),5490000000
(0.07561108691829607+0.3282450656344007j),(0.0037142220022524765-0.006987320133036411j),5492500000
(0.07866556416160153+0.32999785944466425j),(0.003920667429172887-0.006665795145679079j),5495000000
(0.08487280573805403+0.33264504014274426j),(0.00395887876720162-0.006250979090716508j),5497500000
(0.08788255107263228+0.3343126376055147j),(0.004010274230954557-0.005983287999906183j),5500000000
(0.08859496369836325+0.33400314133750836j),(0.004000884551347878-0.0060277417473939615j),5500000000
(0.09512166449890792+0.33511234552885694j),(0.004111586671014083-0.005854752062517325j),5502500000
(0.10221347841400588+0.3370855300410829j),(0.004165369521196451-0.005950197846342645j),5505000000
(0.10667752912283403+0.338753548139635j),(0.004371454937705407-0.005866391359502106j),5507500000
(0.11266012575772366+0.3415593504412489j),(0.004697157368795607-0.006002634995606948j),5510000000
(0.11891233346446799+0.3433466261515592j),(0.004469193204358961-0.006197047606169799j),5512500000
(0.12497120635492755+0.3447478065089059j),(0.004644007937530736-0.006402759171973562j),5515000000
(0.1330549532912127+0.34567691826361385j),(0.004791067191866344-0.006466499848079006j),5517500000
(0.14140531590484634+0.34442309893985656j),(0.0048077694344947864-0.006706673846594775j),5520000000
(0.14896787630753322+0.3449016612107842j),(0.0047730144862167985-0.006835151958429276j),5522500000
(0.1566971912317825+0.3455373687420191j),(0.004638964511810045-0.007212059489154571j),5525000000
(0.16474394541205434+0.34547782766326934j),(0.004545571283284107-0.0072108836338017285j),5527500000
(0.17286854588002248+0.3434825927108207j),(0.0044814077394514885-0.007243310733557672j),5530000000
(0.18076985663127765+0.3427631544644033j),(0.004481749340239498-0.007418739403953713j),5532500000
(0.19022706330924805+0.3416840772713186j),(0.0043411409474578486-0.007685185336675363j),5535000000
(0.19797175726342772+0.341008837021219j),(0.004388417174455672-0.00789759630468475j),5537500000
(0.20481959611399767+0.3361969303264824j),(0.004082221134987362-0.008198939537171608j),5540000000
(0.2112471004856827+0.3363825307367672j),(0.00411797321847612-0.008346793787705852j),5542500000
(0.21872146657008346+0.332720213188781j),(0.003697240715801805-0.00848914996704817j),5545000000
(0.22786190563232597+0.327800970389723j),(0.003415794870631895-0.008539577021790633j),5547500000
(0.2351245880860121+0.317679994098492j),(0.003118931867331819-0.008844807845289217j),5550000000
(0.24022625760473987+0.32500649516676033j),(0.0030151822696416882-0.00924659468946193j),5552500000
(0.25080038903011037+0.3153989111184116j),(0.002677532944296149-0.009068796743525433j),5555000000
(0.26018841305231427+0.31429092707396633j),(0.0023203539600781505-0.009366171733250077j),5557500000
(0.26765781963043866+0.3119847073106577j),(0.0018722110744839224-0.009335360217158958j),5560000000
(0.2729009311521446+0.30687123777230824j),(0.0014419501233235747-0.009415769514875353j),5562500000
(0.2787061125326374+0.3058293760578737j),(0.0011596720481262092-0.009381688150054666j),5565000000
(0.28696227357343224+0.299063790671605j),(0.0009471476264966291-0.0092402662898251j),5567500000
(0.29316812593740504+0.29163926029773635j),(0.0003745748177797594-0.009242928371406445j),5570000000
(0.29990170463584687+0.2896159957963855j),(0.000483377014848236-0.009162406266198447j),5572500000
(0.3059198779526838+0.28891424098860624j),(0.0002813074815075802-0.009068436640763731j),5575000000
(0.3117722703146137+0.2820295211646678j),(-7.551002565358623e-05-0.009149483945917743j),5577500000
(0.31842693445851683+0.27780579908082037j),(-0.0003552618287333074-0.008917694931993491j),5580000000
(0.32360527534511513+0.27748514092183674j),(-0.0005280834111679099-0.008926970522317581j),5582500000
(0.33200922790337206+0.26815336473423007j),(-0.0006205561797978603-0.008841174072309372j),5585000000
(0.33605079532372+0.26834211446720935j),(-0.0008168023788500136-0.008984474746406897j),5587500000
(0.3418241533913668+0.26203589717288905j),(-0.001103048344650068-0.008808959921908834j),5590000000
(0.3464166122869918+0.2605712831337339j),(-0.0014879402078188857-0.008686735917128914j),5592500000
(0.3508473331028524+0.25466526985786797j),(-0.001573544080999965-0.008487607257423717j),5595000000
(0.35938581803487735+0.24263163683397396j),(-0.0017745493474227848-0.008504987949856165j),5597500000
(0.3623778455907562+0.25206643901853776j),(-0.0021518825241267003-0.008275520340126259j),5600000000
(0.36904472453689485+0.24419729816963973j),(-0.00225399279219063-0.00822345857773395j),5602500000
(0.3737604279937332+0.2435358423920315j),(-0.0023389676822822233-0.00809371680215189j),5605000000
(0.384794935049137+0.22373171155001942j),(-0.002855183383708127-0.007635406977480799j),5607500000
(0.38382101401272783+0.23766656460716168j),(-0.002673943358146639-0.007788628965082496j),5610000000
(0.3925593052953782+0.22659938326939835j),(-0.0029244137457286505-0.007495875306405386j),5612500000
(0.39565762929076487+0.2283987913593811j),(-0.0030317021657853874-0.0072810866436153945j),5615000000
(0.4001678960608097+0.22338273064514602j),(-0.003023436887300165-0.007045421659882728j),5617500000
(0.41122322869852085+0.2098074266923636j),(-0.00319017376039745-0.0070369644694881365j),5620000000
(0.4107899869893385+0.21327826730970978j),(-0.0032448751814731984-0.0070648717792412795j),5622500000
(0.4184753574702746+0.20755543379083327j),(-0.003341329801300634-0.006791672210484564j),5625000000
(0.4228793197534185+0.20956966964349732j),(-0.00361544639644963-0.0066963776187589944j),5627500000
(0.43124864498713755+0.2014176518922282j),(-0.00362484544892688-0.006426260496075744j),5630000000
(0.4339482452303246+0.20148753427835683j),(-0.00379109087392286-0.006354698196004473j),5632500000
(0.4367664607293005+0.19715638516501902j),(-0.0038321295780168086-0.0065209480963610835j),5635000000
(0.4442057442361727+0.19274390451573664j),(-0.0039405898366613136-0.006399677314478979j),5637500000
(0.4481573141508706+0.18697148018619514j),(-0.00407576618518209-0.006247956118183737j),5640000000
(0.45468079222817526+0.18067459565383734j),(-0.0040043386597232045-0.006166900685958043j),5642500000
(0.4585611457884346+0.18205810116083698j),(-0.004230880384698938-0.005795677256915617j),5645000000
(0.4622149765258537+0.17734012419813389j),(-0.004352996310459972-0.005955057529251996j),5647500000
(0.46602554575018174+0.1759106047982494j),(-0.004491799391692218-0.005946635545893721j),5650000000
(0.4715329915006159+0.16964719179768717j),(-0.0046515994350491375-0.005778213355676322j),5652500000
(0.4814239742295147+0.16166687198945157j),(-0.004646436406999226-0.005781564867146688j),5655000000
(0.48447983638991254+0.1667183530239268j),(-0.004743674802591219-0.005561462745272943j),5657500000
(0.49176078495236775+0.157249726022339j),(-0.004890897727837499-0.005566199234050778j),5660000000
(0.4919499663340851+0.15402544303232024j),(-0.005031086175161426-0.005552784631474743j),5662500000
(0.5009409124902382+0.14896194185133999j),(-0.004941893281073107-0.005544170993743696j),5665000000
(0.5048807216057546+0.14777928429094356j),(-0.005111587389270571-0.0053177515357853275j),5667500000
(0.510031311819074+0.1432711471489941j),(-0.005328577947743454-0.005137444852651931j),5670000000
(0.5137764811730929+0.1380064445665343j),(-0.005292091101132157-0.0052116485849190925j),5672500000
(0.5180659663976471+0.13444429540152664j),(-0.005451732149642061-0.0052040358650470055j),5675000000
(0.5242530668631491+0.13005068884737014j),(-0.005667652245414273-0.005048276360619498j),5677500000
(0.5282060984275968+0.12536494514372598j),(-0.0058736776040860805-0.004817593953919461j),5680000000
(0.5327718747411072+0.1202509068197261j),(-0.005792092278294711-0.004495212974841056j),5682500000
(0.5359997930963649+0.11409051535611561j),(-0.0059746785286775945-0.0042370023529776455j),5685000000
(0.5379918539004458+0.11342582417295356j),(-0.006038188219834762-0.004075337537518369j),5687500000
(0.5445770293094295+0.10706558355318155j),(-0.005986349128156757-0.0040286606006057985j),5690000000
(0.5454162412648231+0.1046871096255233j),(-0.006131593055586008-0.003981980021810768j),5692500000
(0.5504718060813368+0.09900385130906912j),(-0.006002743042599383-0.0038924214704469232j),5695000000
(0.5538351230123315+0.09519053077060496j),(-0.00623054011677115-0.003945871994307154j),5697500000
(0.5564559331187376+0.09316765382803649j),(-0.006395569682771604-0.0038707793343572125j),5700000000
(0.5594848800439486+0.08815756428521261j),(-0.006460589799596566-0.0036720477399467557j),5702500000
(0.5619746780868804+0.08615645351793254j),(-0.0065330081626283594-0.003690082908109755j),5705000000
(0.5673612334060546+0.08054211945737927j),(-0.006756013543390059-0.003377195773392047j),5707500000
(0.5729373914505524+0.07736177273615179j),(-0.006873782747933761-0.0030563579061619j),5710000000
(0.5773837995723402+0.0746019516333235j),(-0.006711470781043885-0.0029667151122324408j),5712500000
(0.5815060619619561+0.06806399511487385j),(-0.00682856408796108-0.0029713251304886007j),5715000000
(0.579315318153145+0.06348031698678938j),(-0.006753757106127228-0.002728547221001318j),5717500000
(0.5800154963926804+0.06175435156062681j),(-0.006831222923901245-0.0028087911235915876j),5720000000
(0.582545492638175+0.05853959560610155j),(-0.006879485463886278-0.002529644923001167j),5722500000
(0.5837152886208552+0.05606169728684934j),(-0.0068890443224044326-0.002480477426561753j),5725000000
(0.5872894234442532+0.05254178570856426j),(-0.007110823642907443-0.002184125156798779j),5727500000
(0.5884972956950425+0.04875391118900026j),(-0.007105830182436416-0.002172198439532432j),5730000000
(0.5920705201282956+0.04363880234551483j),(-0.007149202934399576-0.002012873500898656j),5732500000
(0.5938463164949727+0.039380430686859536j),(-0.007243469091630483-0.0020520800230139106j),5735000000
(0.5987534068059572+0.03593917566077061j),(-0.007313581013084037-0.0014280872021273112j),5737500000
(0.5982808100188015+0.0321524851503573j),(-0.007319521917842404-0.0011668542995198834j),5740000000
(0.6011952188920161+0.028027463646873026j),(-0.0075430672722789594-0.0009978144390167885j),5742500000
(0.6036957020794605+0.022450598779327792j),(-0.007393555219795666-0.0009537256763835907j),5745000000
(0.6059895033935379+0.018207017744064746j),(-0.007447474130223958-0.0009859830267767294j),5747500000
(0.6077761377738472+0.015290799315114855j),(-0.007319593382206401-0.0008883874564700207j),5750000000
(0.6082869216404605+0.015942446130792546j),(-0.007450830594225694-0.0007896475650229595j),5750000000
(0.610405682221969+0.012183605534582536j),(-0.007487310687191609-0.0006114240188571532j),5752500000
(0.6114751704392043+0.007537521503012595j),(-0.007337948337012316-0.0006017209492220359j),5755000000
(0.6135608896150602+0.0016855557361144748j),(-0.007528249504865568-0.00022176701803541533j),5757500000
(0.6150286304563132-0.0001793995418875239j),(-0.0072053143440197745-0.00020327332686596563j),5760000000
(0.6132697602990855-0.008052240271923042j),(-0.007320219146873321+0.00011893900551277793j),5762500000
(0.6166810909734041-0.009672755729182246j),(-0.00732028717788166+0.00013850129381566952j),5765000000
(0.6161851268754773-0.014028366053173402j),(-0.007285288346228184+0.0003272536349069434j),5767500000
(0.6198619692897346-0.018816821798077598j),(-0.007262907514329007+0.0003384100104807298j),5770000000
(0.6184464436225529-0.02379245340155196j),(-0.006834329267404124+0.00045957316683949086j),5772500000
(0.6204849074783219-0.02802052979726582j),(-0.006644687804458173+0.0006186711423354282j),5775000000
(0.622167569149851-0.03016836304283276j),(-0.006559447143324139+0.00041746090164983057j),5777500000
(0.6206272344883622-0.03567305630107078j),(-0.00680651784057715+0.0006866787282624224j),5780000000
(0.6234093252189427-0.037472915326123186j),(-0.007033330674779337+0.0007926766359171494j),5782500000
(0.6233379299842393-0.0433881639701159j),(-0.007069888538229268+0.0009228463077352426j),5785000000
(0.6277677827681223-0.04352121227619132j),(-0.007333870825064393+0.0010443062826133772j),5787500000
(0.6266935517857561-0.05053278269154263j),(-0.007053404237848436+0.00118651332993705j),5790000000
(0.6281232886592786-0.04977759073929531j),(-0.006866258137353678+0.001233793883918531j),5792500000
(0.6207287882046849-0.05427222978773559j),(-0.006670104284039237+0.0014533537402502857j),5795000000
(0.6311959543859329-0.053285076443426393j),(-0.006713484946136831+0.001301091886906815j),5797500000
(0.6276090971921127-0.06085415140748485j),(-0.006484214397774342+0.001503146411552163j),5800000000
(0.6310661474355301-0.06277983532903186j),(-0.006423492175550806+0.0015634079120608957j),5802500000
(0.6311029936814474-0.06789258513055896j),(-0.006461048047941793+0.001667739482799667j),5805000000
(0.636671660725969-0.06498640191477029j),(-0.006382765276920732+0.0016434076675577863j),5807500000
(0.6327421541225225-0.0722918467986991j),(-0.00645072396793973+0.0016178286674527992j),5810000000
(0.6377938152406202-0.07165145142329937j),(-0.006037930061978779+0.0018643921827269183j),5812500000
(0.6375921993560437-0.07870976191919095j),(-0.0060024406803676055+0.0017842229185466752j),5815000000
(0.6429183062376108-0.07760719029914302j),(-0.006110701088176115+0.002018488530425327j),5817500000
(0.6414106155227064-0.08806626748889904j),(-0.005808033271605416+0.001548530188468036j),5820000000
(0.6490362765916474-0.08878275497397986j),(-0.005731221226224742+0.0015722880203659507j),5822500000
(0.6420721978305314-0.10259771499364002j),(-0.00559587905579248+0.0017910355501198109j),5825000000
(0.6468870668912842-0.10324237642966769j),(-0.005738779214410688+0.0019188541732635897j),5827500000
(0.6482927202848885-0.10420387321520785j),(-0.005679656229965601+0.0016412442705716567j),5830000000
(0.6430702516283925-0.12009001918202686j),(-0.0055631037725725795+0.0019461708814853904j),5832500000
(0.6486743409506451-0.12167502387917083j),(-0.005438282103954109+0.0016213827460385033j),5835000000
(0.6489386612711111-0.12498935138009255j),(-0.005714328361816044+0.0015231247831906582j),5837500000
(0.6504937627546022-0.12594030866116998j),(-0.005817766069207238+0.0013251394224681585j),5840000000
(0.6469577325767453-0.13718541297634226j),(-0.005845618692913454+0.0013259648968728943j),5842500000
(0.6440587043827237-0.1440798256352524j),(-0.005641270434453705+0.0016002140058552017j),5845000000
(0.6464617966795339-0.1466716029545605j),(-0.005592207248979516+0.0013987497242736835j),5847500000
(0.6520181499905982-0.142324975560703j),(-0.005562478102705368+0.001355347109090842j),5850000000
(0.6572959576896565-0.14194017068445583j),(-0.005587537765997402+0.0011618282576836224j),5852500000
(0.641739477620567-0.161338445127386j),(-0.005466362341819768+0.0009676147996239785j),5855000000
(0.6465203157310919-0.16595867861351848j),(-0.005853033852556579+0.0007349242012177894j),5857500000
(0.6485529661950581-0.16589631414436742j),(-0.005871040610975433+0.0007907769987893447j),5860000000
(0.6530544202459783-0.1635144592073816j),(-0.006162439938634149+0.0006871403910992952j),5862500000
(0.6545220511824938-0.16319928831597919j),(-0.006228629506331922+0.000683132172594316j),5865000000
(0.6414878769067757-0.1877526255263769j),(-0.006559821505332425+0.001018878566846398j),5867500000
(0.6512996644250078-0.17897534759010733j),(-0.006685741742342002+0.0008888364244303131j),5870000000
(0.6480493684733581-0.1872098629140459j),(-0.006819628683235989+0.0006055523222530616j),5872500000
(0.6485188512326606-0.1904206321570164j),(-0.00689011718838851+0.0008854667003689702j),5875000000
(0.6456753569155163-0.2003100152607619j),(-0.006897843372987485+0.000749996202761753j),5877500000
(0.6457986507387286-0.2013875588341913j),(-0.007170022314969759+0.0006634264457269481j),5880000000
(0.6483343129128888-0.20740919479334205j),(-0.007370437514293279+0.0007885636387458117j),5882500000
(0.6493649546871005-0.2115564273678878j),(-0.0076742465999658765+0.0007940884451858945j),5885000000
(0.655054656030997-0.20640500838310571j),(-0.007812168135002372+0.0009626664518141154j),5887500000
(0.6490042976006616-0.22122555047324538j),(-0.008068877408398427+0.001003410978099996j),5890000000
(0.6510243208476877-0.22629593986591476j),(-0.008405573758857773+0.0013523370749331362j),5892500000
(0.6496018933572725-0.22917719175772458j),(-0.008609897892090717+0.0011406956279132435j),5895000000
(0.6541781422952128-0.22624945981974953j),(-0.008912972781195221+0.0016909631932597506j),5897500000
(0.6500660934502208-0.22995834641293766j),(-0.009234047846347758+0.0019910208877724355j),5900000000
(0.6561476889965164-0.22184951156673227j),(-0.009454646169828178+0.002192332659536145j),5902500000
(0.6555399814897258-0.2348743086858501j),(-0.009650083382184059+0.0021208375214150955j),5905000000
(0.6562446887140629-0.23763572720217177j),(-0.009675650630827946+0.0024855643416441565j),5907500000
(0.6533163705633709-0.24605593464108438j),(-0.009808092304120906+0.0027446927339252777j),5910000000
(0.654239684813629-0.2636172622350651j),(-0.010135279611571213+0.0029084129525755436j),5912500000
(0.6580441874970936-0.24685408776092926j),(-0.010277687051510616+0.0031233797069389613j),5915000000
(0.6562211144674013-0.2527803766340957j),(-0.010558034410462012+0.003378696842716495j),5917500000
(0.657020670594292-0.2533973252238081j),(-0.01070114319989802+0.003919923580404667j),5920000000
(0.6578856184707983-0.25283843359158137j),(-0.010785272188908498+0.004062889901973862j),5922500000
(0.6623684613886706-0.25692742235447324j),(-0.010995885176070435+0.004190072149619086j),5925000000
(0.6647002032182134-0.25321628941854646j),(-0.011255320363861577+0.004309228090794155j),5927500000
(0.666073809326203-0.2742200889403937j),(-0.011485971237751172+0.00497495527628222j),5930000000
(0.661227440085756-0.26554493607970164j),(-0.011644788641253382+0.005388897304980249j),5932500000
(0.662944143009936-0.2668178733066492j),(-0.011881118912275246+0.0057014013766021904j),5935000000
(0.6673370600967526-0.2747683089850664j),(-0.011803936144692922+0.0064925326088994244j),5937500000
(0.6665064609886718-0.26633652523702467j),(-0.011817950655654353+0.006692619253878682j),5940000000
(0.6680826092556713-0.2778470479433058j),(-0.011802571391415464+0.007456985900008041j),5942500000
(0.6676436259200499-0.27349364054607117j),(-0.01195848131643643+0.007607102108908685j),5945000000
(0.6721946329888481-0.28006311944122214j),(-0.011905797106174228+0.008021930409942328j),5947500000
(0.672598620943956-0.2768215081534181j),(-0.011960813146303328+0.008626334846768068j),5950000000
(0.675454839493725-0.27711118000497625j),(-0.012020591782210847+0.00893799555950442j),5952500000
(0.681048270222241-0.28649194324482696j),(-0.011441189797917433+0.009554089482365849j),5955000000
(0.6819414261477657-0.2808517761232594j),(-0.011758802121629563+0.00981852285570364j),5957500000
(0.6822464372267749-0.2865103104641378j),(-0.011598643562034477+0.010564958291258251j),5960000000
(0.684625620291118-0.28836469564819256j),(-0.011211422746710536+0.011202028667702186j),5962500000
(0.687413898146348-0.29417630562793073j),(-0.010790086781741409+0.011626573101938275j),5965000000
(0.6842539854626708-0.2867745063682762j),(-0.010744498878458764+0.012002275019824567j),5967500000
(0.6864849816306627-0.2955813544593564j),(-0.01044657753731124+0.012558981353309904j),5970000000
(0.6897063473226405-0.29824602636908415j),(-0.01025726142225569+0.013130276019919156j),5972500000
(0.6893669602989979-0.29687985825310736j),(-0.009862589459528967+0.013458099810640561j),5975000000
(0.6915295488209131-0.3052106385679486j),(-0.009722381852885369+0.014179437854396496j),5977500000
(0.6924358463505997-0.30268986335617154j),(-0.009255246707461029+0.014468523195074023j),5980000000
(0.6930319640099094-0.3103106204879053j),(-0.00901464730791857+0.014430147551996824j),5982500000
(0.6935876503456636-0.3126563261478867j),(-0.008679735507792451+0.015216141667827135j),5985000000
(0.693176619415441-0.3129978489924945j),(-0.008382437215041465+0.015632440316817264j),5987500000
(0.6983330832466123-0.31835260069401605j),(-0.007830453612484101+0.015709108009353028j),5990000000
(0.7025722275078554-0.32258871474221257j),(-0.007565920488204064+0.01625817373115416j),5992500000
(0.7015070299328554-0.32262471363253764j),(-0.007082281133426113+0.016707055200397544j),5995000000
(0.7027903161910639-0.3273128472195881j),(-0.006657304061498004+0.016929844742406955j),5997500000
(0.7004402495194783-0.3270402558000634j),(-0.006449380181052032+0.01735278925033067j),6000000000
(0.7023832496764597-0.3290406446678714j),(-0.006247235311509584+0.017463618745271182j),6000000000
(0.7019568067986649-0.3285100785509968j),(-0.005176719528070908+0.017708476647533545j),6002500000
(0.7048154226954364-0.3338498167026382j),(-0.004398317288902745+0.017961897199780513j),6005000000
(0.7033528367656601-0.33496182516261463j),(-0.00414325567393212+0.017995194951947888j),6007500000
(0.7011866314655713-0.33960569643079463j),(-0.004040203143679215+0.018128249684883753j),6010000000
(0.7054482111070007-0.3424582875399231j),(-0.0031787016420642177+0.01838002062068345j),6012500000
(0.704219457572622-0.3440057435945378j),(-0.00265297393654823+0.018836333573077943j),6015000000
(0.7065263437055439-0.34702918996837023j),(-0.0017387378191116856+0.018969932501728376j),6017500000
(0.7075782896795674-0.35409764379086894j),(-0.0014349165231725219+0.018829955485501405j),6020000000
(0.7087585283500047-0.3556862166630492j),(-0.0008016430652943917+0.01878506829886292j),6022500000
(0.7088093930973228-0.35959288235782155j),(-5.1041474885619694e-05+0.018630417672138577j),6025000000
(0.7078174311184287-0.3623523076115214j),(0.0002571031816112771+0.018365002746325j),6027500000
(0.7097261808469135-0.36876933243310495j),(0.0011958288163042162+0.01890668339547037j),6030000000
(0.7094978044184774-0.3750998697570674j),(0.002065056356875491+0.018449985049801203j),6032500000
(0.7107230336079121-0.3709079482183431j),(0.002035641116185638+0.018639519005109764j),6035000000
(0.7091945174485323-0.370711968782525j),(0.002722228359904393+0.018456532223490734j),6037500000
(0.7130169966732409-0.37930234646285393j),(0.003289923801575196+0.018137566079390956j),6040000000
(0.710542145030302-0.3899645097856617j),(0.004272801579621611+0.01768636358410743j),6042500000
(0.7130988599711483-0.38956844270312085j),(0.00459763251356729+0.017435558076428173j),6045000000
(0.710409767670694-0.3876197673144857j),(0.004685418546100448+0.016777485302703166j),6047500000
(0.7113771901289683-0.38722655715546134j),(0.0051715971900167385+0.01674554545740225j),6050000000
(0.7096664300308648-0.3943564168480758j),(0.005624268153517116+0.016367352140317173j),6052500000
(0.7086952789673332-0.3983230046104278j),(0.005693631465966037+0.016033175873883577j),6055000000
(0.7120507698647173-0.4008449864316954j),(0.0053176824138286335+0.015443181734653677j),6057500000
(0.7105305869760198-0.4004523296123246j),(0.005992792621928124+0.014980881531782819j),6060000000
(0.7103592275855586-0.4055971147642979j),(0.005893924431320071+0.01465115318556486j),6062500000
(0.7025165650385312-0.40888160662419654j),(0.006211236404118414+0.014627176293103247j),6065000000
(0.7046308303148808-0.4119247109257435j),(0.006566690784626732+0.014526629571915377j),6067500000
(0.7044729546425252-0.4157791661429489j),(0.006075540223564078+0.014032092777590965j),6070000000
(0.7019486132305295-0.41631209796159424j),(0.006320353662176689+0.013939013481322524j),6072500000
(0.6938161869570759-0.4199789471928011j),(0.006413216879580937+0.013675130884578801j),6075000000
(0.6953111827177673-0.417262172137835j),(0.006067025547753174+0.013903181152777298j),6077500000
(0.6917923640721503-0.4238091232973339j),(0.00610084291081663+0.01331791654075861j),6080000000
(0.6947901309595078-0.4198260157817417j),(0.006041615455785874+0.01377052268112948j),6082500000
(0.6882082701179779-0.4198165064954319j),(0.006222018436709731+0.013964538030838327j),6085000000
(0.6841137307350479-0.4173574200561315j),(0.0059295107010433395+0.014175868321582338j),6087500000
(0.6910505763432153-0.4211927473462857j),(0.005669182080639718+0.013963773803162629j),6090000000
(0.6893967773722316-0.42277545113812376j),(0.005790058420731649+0.014703712141612082j),6092500000
(0.696876702258954-0.41707948791484567j),(0.00625841358484492+0.015361075738224598j),6095000000
(0.6727235644420646-0.4249675815013418j),(0.0065346294439584856+0.015547275556550368j),6097500000
(0.692352321717459-0.42323093213991525j),(0.0062151364489025016+0.015404728563903429j),6100000000
(0.6926527442731353-0.4265119908464685j),(0.007035132800882684+0.015791381638845824j),6102500000
(0.6901349475193878-0.43039618989814965j),(0.007367263943226049+0.015538039573039269j),6105000000
(0.7041552216457789-0.4283702239063242j),(0.007256737962687679+0.015863921799984866j),6107500000
(0.6988214843407526-0.4331233121039851j),(0.008443856640514011+0.016439126318418783j),6110000000
(0.699266970272811-0.4353290614899435j),(0.00860210576692408+0.016630867448544192j),6112500000
(0.7034192377225497-0.44094438515455636j),(0.009393491119040965+0.015992671998830962j),6115000000
(0.7055717274761718-0.4468164594864433j),(0.009948102008412328+0.01639080552739931j),6117500000
(0.7019047318084346-0.45228749343338875j),(0.010620553221054187+0.016324728667486063j),6120000000
(0.7013463924871883-0.4617111963799087j),(0.011211272581522571+0.015606752906068014j),6122500000
(0.6956959539795404-0.4667895493887765j),(0.011610237283984836+0.016175961312061147j),6125000000
(0.6821454952985102-0.476827055786641j),(0.01189674117071072+0.01585011096714102j),6127500000
(0.689216727787182-0.47988210495464667j),(0.01184790318020723+0.015068688605865865j),6130000000
(0.6928644140116147-0.47777224540657537j),(0.012761171129101315+0.014750422707556296j),6132500000
(0.6868166965526753-0.47950057669623886j),(0.014111277744209247+0.015086596729909954j),6135000000
(0.6825254435763615-0.4908674958223327j),(0.014626085664606395+0.014737689240169822j),6137500000
(0.6800892004204192-0.4921331434818563j),(0.014224192201804785+0.0132331114473008j),6140000000
(0.6721355095888311-0.4938865675654616j),(0.014227180167587405+0.013212725319357601j),6142500000
(0.6763757569976708-0.4964143142627517j),(0.014774091574459185+0.01331879840962036j),6145000000
(0.6691007652133254-0.5020905088167327j),(0.015697662325312785+0.01311045129796949j),6147500000
(0.6702912934813664-0.5065643661165719j),(0.015153951061430944+0.01302849602192042j),6150000000
(0.6731522118257257-0.507195064750582j),(0.015403013998601292+0.01237851514271883j),6152500000
(0.6775666770222664-0.5096203876732641j),(0.015836455985072218+0.012410670050301184j),6155000000
(0.664329899874496-0.5210626486514945j),(0.016546652830023736+0.011153122364871456j),6157500000
(0.6511272603918469-0.5274523465972621j),(0.01720115683734754+0.010868316307929969j),6160000000
(0.6587917921128815-0.5261279240070458j),(0.01693625014646567+0.011041251415064849j),6162500000
(0.6506569403456155-0.5325076263058252j),(0.01700908850544768+0.010657786257747525j),6165000000
(0.6463165944452993-0.5397565154349678j),(0.017585729782728713+0.009425987051468573j),6167500000
(0.6524531065776584-0.525068942212786j),(0.016892468657276283+0.009553034356170042j),6170000000
(0.6501238023300062-0.5294671568799515j),(0.017327292607832404+0.009729883960547536j),6172500000
(0.6489601634272271-0.5265105276744324j),(0.017726318435396224+0.008791919779530897j),6175000000
(0.651756754291216-0.5323797334802381j),(0.017804136057390677+0.008992075593873154j),6177500000
(0.6464807614376662-0.5360278698005235j),(0.018426121906657014+0.008280435524541017j),6180000000
(0.6530326916484333-0.5364269686759776j),(0.018100151101047686+0.008058845932215574j),6182500000
(0.6346784280900795-0.5496272669952256j),(0.0184037716384672+0.007162697394773378j),6185000000
(0.6452420109269845-0.5342965340998103j),(0.018666046894432103+0.007377466063151171j),6187500000
(0.6437366800978864-0.5447244384733427j),(0.018501904119118107+0.007061188469114372j),6190000000
(0.6399751244583313-0.5443164402265719j),(0.01902891415697887+0.0057621176226521735j),6192500000
(0.6500282254597806-0.525882104821645j),(0.018532032678313246+0.006496014929796089j),6195000000
(0.6408131775188476-0.5474154197479104j),(0.018985760013720546+0.005256164186290414j),6197500000
(0.6429202741957503-0.5389883901408324j),(0.019540071009629092+0.005321400463151076j),6200000000
(0.6311152288842767-0.5474431755066579j),(0.0189702154209783+0.005366851736191945j),6202500000
(0.637980562473301-0.5448135291436642j),(0.019208391856338193+0.004850888831830175j),6205000000
(0.6387512100123698-0.5648451655254987j),(0.019142375713998773+0.004365222815290475j),6207500000
(0.6449491494319537-0.5460746881448965j),(0.019747319646753577+0.004007129993094161j),6210000000
(0.6402225593362454-0.548607927995212j),(0.018485088140870395+0.004083382361779524j),6212500000
(0.6377566624246389-0.5546413915509858j),(0.019034083541306094+0.0030975616867452605j),6215000000
(0.6363266006087503-0.5526489411280844j),(0.019441096485259983+0.0033468943685727413j),6217500000
(0.6387217919231706-0.553532668694j),(0.01862966544494323+0.0028940689173105553j),6220000000
(0.6429616068817198-0.5577898257643369j),(0.018424281529591215+0.0027129365965816894j),6222500000
(0.6344261440950022-0.546225120458893j),(0.01783516848009678+0.0025795436451129627j),6225000000
(0.6400012448452139-0.5514491562554316j),(0.017828709835971387+0.0016995106450379926j),6227500000
(0.6451796490982428-0.5496862025086103j),(0.018968704627503327+0.0018652617617192164j),6230000000
(0.6377447129947864-0.5586801482876368j),(0.018040900901706954+0.0014662348527993236j),6232500000
(0.6342404097276971-0.5511330001874958j),(0.017239520302642797+0.001205410854710208j),6235000000
(0.6361282320783197-0.5508519715115785j),(0.017455821577270953+0.0011466309070478585j),6237500000
(0.6344365231462242-0.5511357236708347j),(0.017251976508163097+0.00025874031596463025j),6240000000
(0.6386605493010122-0.5579678142179272j),(0.017755330723423102+0.0013327341269333878j),6242500000
(0.6457700582948923-0.5478524805671054j),(0.0182424564872112+0.0016974443658439782j),6245000000
(0.6465969722808104-0.5444375048422322j),(0.018055304060021912+0.0016423131643166194j),6247500000
(0.6439177069375838-0.5524235951020243j),(0.01690484575962393+0.001123870965553146j),6250000000
(0.6441705459379253-0.5424904845510392j),(0.017527139835990385+0.002145519685270135j),6250000000
(0.6436860005950236-0.5550959272041109j),(0.016822458539980926+0.0006702897529443888j),6253125000
(0.6501882305431423-0.554573275963656j),(0.016890620315025997+0.0009272390462106117j),6256250000
(0.6544675606599474-0.5546711836203189j),(0.01766206702019949+0.0005135420056160494j),6259375000
(0.6517989462955135-0.5605075556388865j),(0.017671419121314882-0.0005926758524052401j),6262500000
(0.6525953227577377-0.554807265849986j),(0.01870167800023053-0.00015719343724381052j),6265625000
(0.6572564937046759-0.5558519572867429j),(0.017075644884482453-7.775716534734684e-05j),6268750000
(0.6671002271070587-0.5685284271358311j),(0.017132152671517093-0.00040424280133001186j),6271875000
(0.6608311228737561-0.5708759684721082j),(0.01720485816278122-0.00011819100617493916j),6275000000
(0.6562238253101-0.5741315996286341j),(0.01735239774405079+0.0008565956200932874j),6278125000
(0.6575996270863504-0.5847833202952591j),(0.017776517269974822-0.00015416747711580322j),6281250000
(0.6554691084802171-0.5932268392110721j),(0.018528539230009317-0.0004610669449770844j),6284375000
(0.6578098446982589-0.593996576081998j),(0.01800034832789467-0.0008797142715196967j),6287500000
(0.6576833917838961-0.5974691062294413j),(0.0175109728473735-0.0015868319153716551j),6290625000
(0.654383214034301-0.5967263411428466j),(0.017417326856897026-0.0010815476221035483j),6293750000
(0.6526263046199187-0.610301686803244j),(0.01852593098401204-0.0007356431581278023j),6296875000
(0.6466325846262646-0.6066459521696842j),(0.01880789977836519-0.0014057526903628551j),6300000000
(0.6449110989596711-0.611215601497808j),(0.019630649899792418-0.0017071008841773585j),6303125000
(0.6512480490207408-0.6074680170968848j),(0.018439008767914614-0.0013712545316284215j),6306250000
(0.631751644199253-0.6231412717408595j),(0.019574550224357497-0.0031333567050294497j),6309375000
(0.5996924788627926-0.6475778414373452j),(0.016297265009104566-0.007012202333236395j),6312500000
(0.6310033078959387-0.6592776428925028j),(0.014428994501210456-0.008299216985358975j),6315625000
(0.6085842699636161-0.6454530786246715j),(0.02088583840332985-0.0051348029705251905j),6318750000
(0.5847625956541935-0.638879940006557j),(0.017060325603967162-0.007388381356819811j),6321875000
(0.5592127395954746-0.6254298298108666j),(0.018237363128582477-0.004170027184662604j),6325000000
(0.5816478842193153-0.6384967131787276j),(0.018843283345252825-0.004733588917859397j),6328125000
(0.6078272312964782-0.619349742943989j),(0.020428371646668345-0.008536309424034775j),6331250000
(0.6325237821212281-0.6423002129140898j),(0.021664698339716845-0.002884437102917169j),6334375000
(0.6126957488473965-0.6738626333962162j),(0.018713036548678494-0.0068420027060464j),6337500000
(0.5913839980444505-0.6773124641265602j),(0.021641056625988662-0.008672729568809724j),6340625000
(0.5703955367997566-0.6378348137521712j),(0.0200896084389422-0.006378541557230052j),6343750000
(0.5873783565607614-0.6380452145214716j),(0.018179882797198885-0.00890781313867433j),6346875000
(0.5926441636987093-0.6505896129055487j),(0.01880521989220645-0.011539553933265171j),6350000000
(0.5689800131347728-0.6413024417468566j),(0.019861335724818945-0.006622723869261965j),6353125000
(0.6357293553174201-0.6192773947465591j),(0.017350270896135972-0.0062842418289335j),6356250000
(0.5847668342410812-0.6622558920960868j),(0.018200167803310532-0.009119209985484225j),6359375000
(0.6266812918310414-0.6888035673918446j),(0.01841092228867701-0.00827372030160824j),6362500000
(0.6449515841777407-0.661190802076168j),(0.02112812126832916-0.00448855402111485j),6365625000
(0.6410470232655002-0.6867008011823875j),(0.01888766032676358-0.009593066830650325j),6368750000
(0.6519009382707346-0.6598491320912958j),(0.020915964579129122-0.010716826146447426j),6371875000
(0.663592016366047-0.674425720330027j),(0.016564071203213664-0.010357103084960255j),6375000000
(0.6204496342816391-0.6312905566787032j),(0.01784132371884069-0.00989790596834277j),6378125000
(0.6547649643318734-0.6554202304104119j),(0.016413944469435036-0.010774815469638844j),6381250000
(0.6126330824576898-0.6774840730267776j),(0.02010284355148353-0.012567638088193393j),6384375000
(0.6369410782497049-0.6269920396360373j),(0.019383915475702215-0.011866988289809442j),6387500000
(0.6514718333344374-0.5592435543378919j),(0.017486349175768915-0.009936278599233643j),6390625000
(0.6282971775095694-0.5844391530328595j),(0.016803197653930176-0.013508315410127304j),6393750000
(0.6360261287409525-0.6044760981197468j),(0.01856749031200008-0.015137189809283165j),6396875000
(0.6538436554439855-0.5982864317984162j),(0.01937074635251257-0.01271281296774117j),6400000000
(0.674567535683799-0.6026086088895884j),(0.018470769530413465-0.013053572097463797j),6403125000
(0.6076022671480271-0.723090821587375j),(0.020741509774501017-0.016268569027903183j),6406250000
(0.6342899572861059-0.6839615291440301j),(0.014794907360606027-0.013015243319166078j),6409375000
(0.6348846019796807-0.6677433243216434j),(0.016084927992098836-0.015168297481341905j),6412500000
(0.6348495001795319-0.6875193893134451j),(0.018910333545669802-0.021451755777780256j),6415625000
(0.6162528831726882-0.748492230639377j),(0.02126722208021-0.024644339422269238j),6418750000
(0.6420213890048894-0.6735919584507235j),(0.018686691340577256-0.018411003987449912j),6421875000
(0.6021831191650049-0.658143620703351j),(0.015673387961086534-0.02130785940090055j),6425000000
(0.5656409608794997-0.7271938500474144j),(0.013778637113165678-0.022578071447260803j),6428125000
(0.6062590239012352-0.7044359278532809j),(0.016669322233355207-0.02158070539995067j),6431250000
(0.6067596208704968-0.6806135925595749j),(0.019137487580711016-0.01794566713272795j),6434375000
(0.58537807982317-0.6516526232916781j),(0.01607856553678936-0.018336521296079492j),6437500000
(0.597990284266464-0.6679485792757258j),(0.01627608811355269-0.02137165327001838j),6440625000
(0.5671832249021918-0.6519218455503012j),(0.011097059682955967-0.019772815566200783j),6443750000
(0.5796720758482748-0.6780670813226098j),(0.013491937773663027-0.023349744744687224j),6446875000
(0.5818405164405405-0.756921782744303j),(0.015256880213552801-0.025490314004519034j),6450000000
(0.6070474975109568-0.6885273628495724j),(0.0164742951207675-0.022516992737405365j),6453125000
(0.6128945909856889-0.649725180004838j),(0.014642089606801786-0.023628465386298418j),6456250000
(0.4642802107527394-0.6553025221680704j),(0.011576303010397804-0.026422402415821923j),6459375000
(0.48885108629458296-0.6340372850374998j),(0.011452239574575123-0.025520339759402454j),6462500000
(0.5328686668427276-0.5887763599827227j),(0.012397973397457945-0.030152951890042055j),6465625000
(0.5149026747158877-0.5437915079791593j),(0.00879072167882297-0.02634320045439385j),6468750000
(0.577136489017715-0.44772383008049627j),(0.008640971713216648-0.026589253008029532j),6471875000
(0.4333329091813751-0.5156576692279868j),(0.008883907663553238-0.02741579093500053j),6475000000
(0.3753871529637619-0.5523674280698919j),(-0.0005356121427086128-0.026062640688565987j),6478125000
(0.43341340726641175-0.5123748716388373j),(0.007469235880142327-0.026547381851325005j),6481250000
(0.4088979547737344-0.5444742751733199j),(0.00962440627404866-0.02836822486129327j),6484375000
(0.3820767705392932-0.6029878434481671j),(0.0062969091992169535-0.028453144595207983j),6487500000
(0.33048011547482425-0.6650459651103534j),(0.002971905687233228-0.028982626721957828j),6490625000
(0.3049140273446344-0.6746005618863243j),(-0.002258610145631621-0.03205564055132192j),6493750000
(0.2881163646027187-0.741243526431115j),(-0.00018595565500894098-0.0294786584159622j),6496875000
(0.256456812621792-0.8529487445706567j),(-0.002476658882884635-0.029128909634284137j),6500000000
