S11,S21,freq
(-0.7331105322444487-0.6204469968256949j),(0.0030211273172567354-0.0022128653020830375j),1500000000
(-0.7344472030556585-0.6185874884089158j),(0.002990317288227289-0.002202851844645778j),1502500000
(-0.7328330479184793-0.617975885375734j),(0.0029422190269851084-0.0021745708879992807j),1505000000
(-0.7367503286306688-0.6135166161859036j),(0.002800209348585434-0.0022169177763781338j),1507500000
(-0.7393165456399661-0.6118016589106046j),(0.0027409078673959085-0.002180105359127823j),1510000000
(-0.7426369384316783-0.6062921337177425j),(0.002693918071779061-0.0022048707360924078j),1512500000
(-0.7449617923293465-0.6050102261072317j),(0.002529385934429987-0.0021641058704950453j),1515000000
(-0.7448164096855837-0.6017271346187539j),(0.0024421164568073995-0.0021029001464563653j),1517500000
(-0.7488670581618605-0.5978984814815909j),(0.0023930723448708723-0.0021383586578620113j),1520000000
(-0.7488073225542862-0.594702474898936j),(0.002410581105956171-0.0021125836699480236j),1522500000
(-0.7522410397194852-0.5910717108403681j),(0.002336754905729478-0.00208934218377634j),1525000000
(-0.7529679034581416-0.5885484524049689j),(0.002383907239310206-0.002066889655583258j),1527500000
(-0.7566716903639598-0.5839563838813342j),(0.0022523908110177035-0.0020473392429739084j),1530000000
(-0.7555261669437623-0.5839710535507118j),(0.002344706189302214-0.0020180450272010283j),1532500000
(-0.758912990101417-0.5794242968703986j),(0.002320072853236315-0.002054396678513856j),1535000000
(-0.758605457310879-0.5785948328711086j),(0.0023538067251723254-0.002084372990484264j),1537500000
(-0.7600982467163399-0.5742859290919263j),(0.002374811378227677-0.0020245731542341207j),1540000000
(-0.7628348846468683-0.5723512781982956j),(0.0023005533434191996-0.0020581782436688094j),1542500000
(-0.7644554537290624-0.5674886709515335j),(0.002334899234622088-0.0020875020493174717j),1545000000
(-0.7680376204577413-0.5651290284861612j),(0.002263333893902414-0.002111680242688438j),1547500000
(-0.76733840299542-0.5631113711698005j),(0.0022478116898657667-0.0021319347823077284j),1550000000
(-0.770703855408273-0.5603606527524487j),(0.002228047502029938-0.002184985510129155j),1552500000
(-0.7717101281541074-0.5584376921872016j),(0.002132875479348628-0.00224001526223536j),1555000000
(-0.7742069266955618-0.5576716467663861j),(0.0021176525942025307-0.0022517471789990765j),1557500000
(-0.7732229833728621-0.5558416940888289j),(0.002109108448734094-0.0022864405698454176j),1560000000
(-0.779624461205569-0.5493637818098024j),(0.002034066722336944-0.0023215366056422372j),1562500000
(-0.7826366420674976-0.5459238388102208j),(0.0019577128864114984-0.0023270199702314217j),1565000000
(-0.7821925303867505-0.5434657495990869j),(0.0018642497869354323-0.0023354109078083324j),1567500000
(-0.7879223561323321-0.539100686061678j),(0.0018061262084768947-0.0023386384848646516j),1570000000
(-0.7882397550011724-0.5369062411899522j),(0.0016555944956250946-0.0023270301516428466j),1572500000
(-0.7910822571480899-0.5346491069062294j),(0.001656473467439464-0.002335018293666698j),1575000000
(-0.7918077400492054-0.5299718783243974j),(0.001627663227957345-0.002291734382198741j),1577500000
(-0.7938039509632652-0.5298093625671207j),(0.0015371964192593135-0.002262501549102854j),1580000000
(-0.7954303012918049-0.5250686792745487j),(0.0015406679940005183-0.00226589403795065j),1582500000
(-0.7983233683036235-0.5224415403923327j),(0.0015019371879974868-0.0022059199427494625j),1585000000
(-0.7994816231340813-0.522213235230906j),(0.0014570379662652985-0.0021469943704950155j),1587500000
(-0.8018745489179212-0.5163204780364369j),(0.0013864000819125604-0.002089693873107901j),1590000000
(-0.8057013094710573-0.5139822766501672j),(0.001359332912692806-0.002018950152063567j),1592500000
(-0.8076469369355661-0.5083247381292992j),(0.0013641808610811313-0.001963787088953522j),1595000000
(-0.8082952741322457-0.5082178934605588j),(0.001309270630734457-0.0019477018336803737j),1597500000
(-0.8081263468054999-0.5025740518384595j),(0.0012629161240786191-0.0018626287563021059j),1600000000
(-0.8124595540094695-0.5008681459346133j),(0.00127330269297166-0.001770486609857123j),1602500000
(-0.8139874058803863-0.49630115766244903j),(0.0012714631730228274-0.0017753936453852722j),1605000000
(-0.8161805927851432-0.49430447206152406j),(0.0012812978939188919-0.001697318940220753j),1607500000
(-0.8191133103740669-0.4872735692032605j),(0.0012507435603211386-0.001609834522020347j),1610000000
(-0.8198767360284014-0.48768324379290057j),(0.001295769838912021-0.0015900009501873728j),1612500000
(-0.8222607778942457-0.48435093766463305j),(0.0013175953702109875-0.0015421507622861968j),1615000000
(-0.8242527249890855-0.4801334135547146j),(0.0013738868741964114-0.0014605470083738881j),1617500000
(-0.8219975733596611-0.46399809018071475j),(0.0013606616595009738-0.0013683461405475635j),1620000000
(-0.8257231521669971-0.47480919000165667j),(0.0015268613036109255-0.0013041972288042303j),1622500000
(-0.8296808111897043-0.4711469810397635j),(0.001539664780655022-0.001245632793275958j),1625000000
(-0.8319514009890007-0.46692350939098065j),(0.001506446374813901-0.001178705162514308j),1627500000
(-0.835529016913549-0.4667470174927742j),(0.0016249698701906934-0.0011522797766449781j),1630000000
(-0.8328659142834607-0.46103235014350663j),(0.0015985597932477082-0.001038195451407869j),1632500000
(-0.835755298605423-0.4587172198416861j),(0.0017523784905433815-0.0009772838079073558j),1635000000
(-0.8347761939340237-0.4547745831519953j),(0.001802940047332916-0.0009013099369908899j),1637500000
(-0.8387329416343815-0.4505648025680513j),(0.0019667246343259355-0.000792608701703527j),1640000000
(-0.8421925274576557-0.44335530918378396j),(0.0021041412918504357-0.000775812508205924j),1642500000
(-0.8435296952923608-0.4403553910285983j),(0.002191289457162825-0.0007353884819059841j),1645000000
(-0.8445901614337088-0.4385047840096752j),(0.0023381364064056728-0.0006599325492375923j),1647500000
(-0.8445354003638015-0.43604042782444036j),(0.0024746198832504645-0.0005678981260061491j),1650000000
(-0.8461118440224491-0.43403043306817835j),(0.002713688623053087-0.0005974568526776915j),1652500000
(-0.8462128930928002-0.42978378674043144j),(0.0028883930317748553-0.0005530923139710794j),1655000000
(-0.8489520041141201-0.4286178122307886j),(0.003154129062683105-0.0006159755996443739j),1657500000
(-0.8489885306074048-0.42213879760207906j),(0.003436485463017382-0.0006186951957986681j),1660000000
(-0.8534389146915955-0.415668156177368j),(0.0036730732502220404-0.0006491706102346687j),1662500000
(-0.8526056859346064-0.41653572331496236j),(0.003979645882584943-0.0007850719452785972j),1665000000
(-0.8548727216094724-0.41092082289734677j),(0.004224720361395887-0.0009631853215429433j),1667500000
(-0.8558569917621021-0.40925384602028686j),(0.004514946151491272-0.0011215180504834498j),1670000000
(-0.8546285921756729-0.40864767539025787j),(0.004733535362704177-0.001311650999119198j),1672500000
(-0.8584155537476896-0.4029375579187005j),(0.004980973511112649-0.001632505402204947j),1675000000
(-0.8587981629063757-0.3989099486270893j),(0.005207428445057814-0.0019065311925438849j),1677500000
(-0.8608465580111986-0.396394390706793j),(0.005432596761217808-0.0022871390738821245j),1680000000
(-0.8621135383986392-0.39273438242772113j),(0.005542439250723865-0.002624868382557365j),1682500000
(-0.8648464778985354-0.3886565874617932j),(0.005658369909963294-0.0030342005534489073j),1685000000
(-0.8658130894179799-0.3855699381125532j),(0.005581325736460738-0.003450798097381406j),1687500000
(-0.8674586932353244-0.384733552275434j),(0.005537318084820131-0.0039197418316467255j),1690000000
(-0.8705173381893323-0.3768602836355124j),(0.0054401063680653795-0.004335211082507256j),1692500000
(-0.8705741637384996-0.3739215298700645j),(0.005221657182456274-0.004706998377262699j),1695000000
(-0.8721903902385001-0.37305264763754586j),(0.004947706857787354-0.005108885018978297j),1697500000
(-0.8714438018568467-0.3706457950204243j),(0.004652483002399146-0.005271595827431745j),1700000000
(-0.8766054023061893-0.3631760562204539j),(0.004374772977514323-0.005501002872441388j),1702500000
(-0.8771659339852506-0.36183017935777667j),(0.0041407270260629845-0.005741487454610576j),1705000000
(-0.8787687194362391-0.35718713122449885j),(0.0038576486119695167-0.005729686213710933j),1707500000
(-0.8790376266552588-0.3516167465376389j),(0.0035722455996461907-0.005775581234068902j),1710000000
(-0.881185655046967-0.3516421352049361j),(0.003373302134348469-0.005809337375766733j),1712500000
(-0.8835591601485875-0.3445373907499056j),(0.003114854490906097-0.005822751924733546j),1715000000
(-0.8849833256111767-0.34343971366349196j),(0.002956401692002997-0.005811830376478073j),1717500000
(-0.8863163633172038-0.3395750422929388j),(0.002791625952770772-0.00576519599273198j),1720000000
(-0.8869933553662764-0.3363668523678571j),(0.0026974515362072292-0.005728333352908122j),1722500000
(-0.8884641223119423-0.33333275259636863j),(0.002606350296098383-0.005571090997624717j),1725000000
(-0.8916660646264442-0.32774954107205695j),(0.002672306999130881-0.00552000024439409j),1727500000
(-0.8935935140681704-0.32388809861331763j),(0.0026458663537208735-0.005447807029666636j),1730000000
(-0.8930456561184665-0.31928262215103986j),(0.0026360632035293927-0.005310561345994028j),1732500000
(-0.8949553811783718-0.31536934108755005j),(0.0028074966529788073-0.005295851425690182j),1735000000
(-0.8969630705536121-0.3126947972166425j),(0.002871524352922684-0.005244515357534062j),1737500000
(-0.8989540717222116-0.3213848793386013j),(0.0032097881159016913-0.005351419629599297j),1740000000
(-0.8934888802024391-0.3058883971356248j),(0.0034997680902499407-0.005350114425575859j),1742500000
(-0.8973813833963208-0.29921369250804064j),(0.0037292889372612407-0.005546124219826653j),1745000000
(-0.8969006778271953-0.2964534973331993j),(0.003965196933499767-0.005730722353026673j),1747500000
(-0.8971077984141922-0.29186774089957196j),(0.004301640408252844-0.006005504251581439j),1750000000
(-0.8979678218161002-0.291181426261711j),(0.004297710487306377-0.005920671574130347j),1750000000
(-0.8990581512371998-0.2844533562575724j),(0.0045462373372752996-0.006249315564132231j),1752500000
(-0.8969422666402168-0.28512025891818693j),(0.004801384464078744-0.006758205074502483j),1755000000
(-0.9009689620450525-0.27895803059327334j),(0.00495021782934911-0.007250260195764499j),1757500000
(-0.8979451153042738-0.2767372653445294j),(0.005147769772553372-0.007891064756529937j),1760000000
(-0.9008189720473878-0.27265638593116653j),(0.005164039374855789-0.008599187510683563j),1762500000
(-0.8997653633165251-0.270142983036535j),(0.005002793966508501-0.0094207182030967j),1765000000
(-0.901128214087815-0.2675753026954644j),(0.004838670936278406-0.010199601046953673j),1767500000
(-0.9004596452403674-0.26285325969631934j),(0.0044044575461250155-0.010984885202314361j),1770000000
(-0.9018365904113015-0.25986626459645507j),(0.003902469426307291-0.01169000244870953j),1772500000
(-0.9036841420448183-0.25481143181302174j),(0.003240985755082807-0.012386063467831464j),1775000000
(-0.9045735444245265-0.25340365165229883j),(0.002524267912800091-0.012994049428474265j),1777500000
(-0.9053762295402532-0.24918322255511172j),(0.0016879406454596982-0.0134926439170212j),1780000000
(-0.9054390668129684-0.24477679183781734j),(0.0007963838222937278-0.01379671290493326j),1782500000
(-0.9082457322295845-0.24256234625130205j),(-0.00014067513421386825-0.014077757684491035j),1785000000
(-0.9083614806408563-0.23895772811337812j),(-0.0010782150596926922-0.014177680939722392j),1787500000
(-0.9104701610354407-0.23641453682010244j),(-0.0019955143306140313-0.014151124259835864j),1790000000
(-0.9105046255529744-0.2322861921463764j),(-0.0028947962938601058-0.013985810992669868j),1792500000
(-0.9112545475405865-0.22998961356709643j),(-0.0036927559629363975-0.013822152022998035j),1795000000
(-0.9120459487396063-0.22447470844573303j),(-0.004451347438684631-0.013524675425459055j),1797500000
(-0.9175235169455878-0.21705171510053495j),(-0.005312047031199804-0.013056568941229411j),1800000000
(-0.9142934930652645-0.21752340671628673j),(-0.005881126527281387-0.012782959047032503j),1802500000
(-0.916341810860074-0.2112834781944234j),(-0.006553709816143645-0.012265708177859441j),1805000000
(-0.9168128455871196-0.20834479243330836j),(-0.007083800186097558-0.011769488347064322j),1807500000
(-0.9170600070364997-0.20310460744867004j),(-0.007575090974205036-0.0112539604113667j),1810000000
(-0.9184378152830835-0.20054981680638873j),(-0.007979189331471988-0.010650242635240129j),1812500000
(-0.9177895673662808-0.1964476088831262j),(-0.008346993518182067-0.010103867499025428j),1815000000
(-0.9202497183874717-0.19330719926932502j),(-0.008595617614580279-0.009501807284169828j),1817500000
(-0.918821100943306-0.19022878609478616j),(-0.008802596317913441-0.00897588333180438j),1820000000
(-0.9218011078658893-0.18336848089023702j),(-0.009054216147574273-0.008325745276916943j),1822500000
(-0.922171316767257-0.18082599111988937j),(-0.009199063925268277-0.007799488692656258j),1825000000
(-0.9240188360702054-0.17609894383603936j),(-0.009227290747750572-0.0072696532820063315j),1827500000
(-0.9232907663051005-0.17392053450996142j),(-0.009201786879910112-0.0066973714856403185j),1830000000
(-0.9234233617675828-0.16990817752951728j),(-0.009086254259341217-0.006281108649495318j),1832500000
(-0.9249239957116672-0.16543594778089166j),(-0.009042110974727-0.0058010669201289606j),1835000000
(-0.9245943759708234-0.16118314637918038j),(-0.00881947330792013-0.0055285402708438545j),1837500000
(-0.9264338309789951-0.15869820732056134j),(-0.008680589968968668-0.005201281616101707j),1840000000
(-0.9254265253060084-0.1522859317014515j),(-0.008504782839899343-0.004900507085066796j),1842500000
(-0.9278707249726013-0.15065442004971497j),(-0.008453543889211325-0.004727744265877975j),1845000000
(-0.9263956020138743-0.1478354411178035j),(-0.008344851935568446-0.00454062426453849j),1847500000
(-0.9278084515635334-0.14083070721548924j),(-0.008212251206557133-0.004332618835758852j),1850000000
(-0.9281842488260582-0.14012636550144283j),(-0.008094744463191292-0.004294089994419039j),1852500000
(-0.9288521907969752-0.13640389389057006j),(-0.008059675382550436-0.004133242496554414j),1855000000
(-0.9296369208661479-0.13008611276502785j),(-0.007962474826489773-0.00399955415193024j),1857500000
(-0.9292762688614761-0.12524352609118017j),(-0.007873294522807923-0.004004344321522149j),1860000000
(-0.9314500350850186-0.12089592929895464j),(-0.007912771016620732-0.0038936623832323417j),1862500000
(-0.9305211653631269-0.12255151691814527j),(-0.007926396439569447-0.0039105725385431885j),1865000000
(-0.9317880973537962-0.11327077651606747j),(-0.007913287445657134-0.0037830796861910545j),1867500000
(-0.9340958100716961-0.10728369830107719j),(-0.007965150054326804-0.003709223473692567j),1870000000
(-0.9325438968530352-0.10447480501521113j),(-0.008000672289790322-0.0036313248806481247j),1872500000
(-0.9291947446670127-0.10365890554950745j),(-0.007967587835467495-0.003561220850674084j),1875000000
(-0.9323295058060347-0.09855304765644636j),(-0.0080490791478033-0.0035026405224159018j),1877500000
(-0.9322792655635407-0.09327863061592187j),(-0.00812641888437124-0.003298431920368376j),1880000000
(-0.9321065445714831-0.08794665644118141j),(-0.00821629705498845-0.0032299724515928597j),1882500000
(-0.9324720553426546-0.0884586262782044j),(-0.0083566831152596-0.0031304537107698866j),1885000000
(-0.9330872725232584-0.08428987556273096j),(-0.008399520573920497-0.0030602115725925976j),1887500000
(-0.932871700919286-0.07775762963051473j),(-0.00854235144770213-0.0029141501992728963j),1890000000
(-0.9317595438268084-0.07668970346088674j),(-0.008652278524272692-0.0028578002510418823j),1892500000
(-0.9324767288468006-0.07104895863951596j),(-0.008753880426773457-0.002639244380595022j),1895000000
(-0.9304992831065789-0.07028162340701594j),(-0.008832696175023183-0.002495511879264092j),1897500000
(-0.9334108728514764-0.06258297439802792j),(-0.008975070419727171-0.0022379180343330644j),1900000000
(-0.9322378473029812-0.059651361880828806j),(-0.009047913938141415-0.00210447484812926j),1902500000
(-0.9330785693752426-0.05821334755104982j),(-0.009249292431066692-0.0019150817843193388j),1905000000
(-0.9309205090554176-0.05680097768089209j),(-0.009355068112124427-0.0016914606783773839j),1907500000
(-0.9317704527620169-0.050172425763902406j),(-0.009379344885593017-0.00150260251341715j),1910000000
(-0.9315861839425396-0.04393139728644967j),(-0.00947372401422034-0.001255902627484298j),1912500000
(-0.9320308901321561-0.03841202668910487j),(-0.009603444242926404-0.000990248774315406j),1915000000
(-0.9309701445911849-0.03410919972434351j),(-0.00967484627548991-0.0007651266386897554j),1917500000
(-0.9240806079650181-0.03002604115791239j),(-0.009584025204923002-0.0006061459233969356j),1920000000
(-0.930667689141503-0.030561877980291953j),(-0.00966856833177378-0.0002674883596609137j),1922500000
(-0.930903047228607-0.027213226560673928j),(-0.00975771432705725+2.1535414053850928e-05j),1925000000
(-0.9318032010519628-0.02462513063438267j),(-0.00971917868495037+0.00026965386768632623j),1927500000
(-0.9286501733637622-0.021398632175131983j),(-0.009763040040026802+0.0005423874093307818j),1930000000
(-0.9298697413919536-0.01915895410272409j),(-0.009781330025938515+0.0007664949026989299j),1932500000
(-0.9296927820488413-0.010525411793680644j),(-0.009731777787344848+0.0010726424457885683j),1935000000
(-0.9300519127561964-0.00897150243049838j),(-0.009713449828234574+0.001435573387510619j),1937500000
(-0.9297622437392669-0.004463796649104313j),(-0.009728886805387998+0.0017747033955140884j),1940000000
(-0.9290844109005911-0.005247172798881612j),(-0.009702842114325705+0.00207482488919766j),1942500000
(-0.9303007049788506-0.0005225697705349215j),(-0.009610279388385937+0.002358764470212578j),1945000000
(-0.9291943503869188+0.0013778089207395568j),(-0.009499916973780656+0.0027214452091634234j),1947500000
(-0.9293876242550629+0.005798666117174741j),(-0.009374026349941207+0.0030199410875104147j),1950000000
(-0.9280847430221074+0.010103336319009665j),(-0.009146869080649357+0.0033220489959686476j),1952500000
(-0.9285076288388928+0.015441655209895025j),(-0.009110686863684575+0.003589782099411156j),1955000000
(-0.9278121159083036+0.015881505095499158j),(-0.009014145900560365+0.00392719517339442j),1957500000
(-0.9289191769822276+0.023109007022124244j),(-0.008807100771866251+0.004219128464245908j),1960000000
(-0.9287286360132089+0.02617523190543827j),(-0.0085573588734276+0.00449905901876789j),1962500000
(-0.9283991913451638+0.02805623290943791j),(-0.008286959120773721+0.0047810423089738804j),1965000000
(-0.9275696412110219+0.033439700681272624j),(-0.008139660054046607+0.00505824749554843j),1967500000
(-0.9272127124075487+0.03766924905725054j),(-0.007814125755127728+0.0052403521924543625j),1970000000
(-0.92795308895459+0.042116950219167705j),(-0.0075282020648657815+0.005480102889664586j),1972500000
(-0.9283744176394366+0.0420875303131101j),(-0.007240609744771484+0.005604064885046058j),1975000000
(-0.9283175168520106+0.04572522340063589j),(-0.006890820537891624+0.005778963524627141j),1977500000
(-0.9257654921419295+0.05255968707370829j),(-0.00659998586044632+0.005936145200338162j),1980000000
(-0.9273930166042071+0.05047303808529892j),(-0.006331190484045129+0.0060824924485991215j),1982500000
(-0.9253008472013857+0.05899539943349415j),(-0.006088960061318935+0.00614830096765629j),1985000000
(-0.926140685909238+0.06308220693868381j),(-0.005819950952967681+0.006237205371485669j),1987500000
(-0.9270890252454081+0.06470341402071206j),(-0.005462871045310717+0.00632318994458537j),1990000000
(-0.9258849662743228+0.07149289191015491j),(-0.005215239084663961+0.006374884072767921j),1992500000
(-0.9267469035890443+0.07062906297122927j),(-0.004924651547926871+0.006418718908626948j),1995000000
(-0.928040937289893+0.07415543831412855j),(-0.004701497553911904+0.0064906136984866705j),1997500000
(-0.9274577048781598+0.07643280808326275j),(-0.0044499077516990315+0.006431774921627042j),2000000000
(-0.9263306497548206+0.07711649622186097j),(-0.0044022851291992396+0.006414042367476652j),2000000000
(-0.9242409987588148+0.0822172979196488j),(-0.004106957005727171+0.006465006840537434j),2002500000
(-0.9203721223492493+0.0835881142396576j),(-0.003877839428693885+0.006375227158579369j),2005000000
(-0.922771954095608+0.09649072163486676j),(-0.0035158645015382645+0.006365316101060418j),2007500000
(-0.9238328972175235+0.09758095010174968j),(-0.0033689371126305427+0.006410710763925629j),2010000000
(-0.9211148328561655+0.10460130683825543j),(-0.0031033385280517666+0.006372326650920538j),2012500000
(-0.92155743955087+0.10480883880684283j),(-0.002924251888542135+0.00625048803913317j),2015000000
(-0.9181467829106729+0.10801123895546821j),(-0.0026719077193051305+0.006180998337887984j),2017500000
(-0.9248545567051245+0.10898951946969415j),(-0.0024660016127126807+0.006161381874177705j),2020000000
(-0.9177003634289314+0.11294954453546621j),(-0.002274320103444388+0.00598856894039235j),2022500000
(-0.9193222565864692+0.12120863461096383j),(-0.002044327203287259+0.005977538626266521j),2025000000
(-0.9188182754260511+0.12502912666760788j),(-0.0018644276153679023+0.005880572181684955j),2027500000
(-0.9158202536058804+0.13191082501565563j),(-0.0017035125365439578+0.005709165740154479j),2030000000
(-0.9192497718884431+0.13381685842445146j),(-0.0015328292914162643+0.005710005915434083j),2032500000
(-0.9173976375252733+0.13437541790194407j),(-0.0014234609050238632+0.005607464116390001j),2035000000
(-0.9179252686812376+0.13815446513130344j),(-0.0012739945545769476+0.00548080514462628j),2037500000
(-0.9185147109732036+0.1518353344327399j),(-0.001032711244601406+0.00539258957883341j),2040000000
(-0.9163753231136181+0.15144324509358875j),(-0.0009245088658920202+0.005248381045676183j),2042500000
(-0.9150505269655185+0.15478638425196337j),(-0.0008913087366517036+0.005128373187783621j),2045000000
(-0.913307615924963+0.16001575067327578j),(-0.0007324751688868654+0.005056982593169175j),2047500000
(-0.9159020359374782+0.1592179027137988j),(-0.0006784969197423292+0.004907176245150383j),2050000000
(-0.9119964129511064+0.17049909353755166j),(-0.0005855050118994725+0.004795405588611717j),2052500000
(-0.9133938966469024+0.1734579378771102j),(-0.0004296338880111295+0.004720802765041226j),2055000000
(-0.9113935446219802+0.17711868056995667j),(-0.00027935793672440403+0.004633029207680977j),2057500000
(-0.9102964277496942+0.182960823215375j),(-0.00027141488631653746+0.004453352591739365j),2060000000
(-0.9077481171277377+0.1864997862751342j),(-0.00023267174291952516+0.0043932047152508685j),2062500000
(-0.9067562205898834+0.1956394466593457j),(-0.00011603290151186772+0.004261877781241743j),2065000000
(-0.90505928232967+0.1936679314025204j),(-0.0001523076944399449+0.004170160659832187j),2067500000
(-0.9041817515345956+0.20243053787891668j),(-6.100151755841055e-05+0.004055803907797688j),2070000000
(-0.9033407303238545+0.2033726943786781j),(-5.329628835549669e-05+0.003959472017949021j),2072500000
(-0.9025599146116808+0.2099693282594527j),(4.339363197964133e-05+0.0037594015380865813j),2075000000
(-0.9017947831759234+0.21415489014108463j),(6.856824449978028e-05+0.003655305955153322j),2077500000
(-0.8986688328781757+0.21960421424022963j),(0.00010767482672837303+0.0035782901582045584j),2080000000
(-0.9006560481255046+0.22163164356913923j),(0.00015685865649303404+0.0035045789704487803j),2082500000
(-0.8973872325915803+0.22390528756446162j),(0.00017162330666701799+0.0034847077313333035j),2085000000
(-0.897496172542575+0.22995096035575324j),(0.00020605790999429386+0.0033774632251900418j),2087500000
(-0.8933045167089658+0.2384116959708273j),(0.00019879613921264456+0.0033215352664349965j),2090000000
(-0.8949173931021889+0.23903206151706563j),(0.00016177123058199141+0.0031858680621417892j),2092500000
(-0.8929613148130167+0.24287772295883395j),(0.0001549985234098128+0.0031186788121896113j),2095000000
(-0.8921715395264109+0.24719626259442037j),(0.00014503874164329734+0.0030204974224143904j),2097500000
(-0.8914874264363292+0.2523486323457844j),(0.00022181680479710066+0.002953526681627039j),2100000000
(-0.8895580427281742+0.2551659822522008j),(0.00023015745683825444+0.0029251372805701712j),2102500000
(-0.887891152385226+0.2601228506228874j),(0.00026875711913632884+0.0029048527325907167j),2105000000
(-0.8868799096979848+0.26210160762540935j),(0.00022703489446731161+0.002789617264860277j),2107500000
(-0.8871327365982483+0.2683074012173889j),(0.00022067543464278036+0.002773279722254114j),2110000000
(-0.8831054297312367+0.27225479848732903j),(0.00021654085977093867+0.002649131017028119j),2112500000
(-0.882964649525589+0.2774141409135905j),(0.00023002295898162797+0.002605060619462875j),2115000000
(-0.8785231773156807+0.2804756334737799j),(0.0002605322552760828+0.0025773386055077336j),2117500000
(-0.8790100662523198+0.28748431476168246j),(0.00022390595046868918+0.0024973906956971327j),2120000000
(-0.8753333917052851+0.29245359350901556j),(0.0001839122057873667+0.0024679599430771954j),2122500000
(-0.8769782536022445+0.2937630089629558j),(0.00019249751093795744+0.0024325227940437655j),2125000000
(-0.8746305688892684+0.29846773317835285j),(0.00021811058503972086+0.002397647761439564j),2127500000
(-0.8718073901970628+0.3025563385463495j),(0.0001785185302312805+0.0023732524189951872j),2130000000
(-0.8700411478528775+0.3056403132469372j),(0.00018382737836900812+0.002371455211967545j),2132500000
(-0.8692038512861406+0.311814275329049j),(0.0002243402937000697+0.002256897752997275j),2135000000
(-0.8664062719272492+0.3146563368354986j),(0.0002572026469161381+0.0021786907816046283j),2137500000
(-0.8651889425189356+0.3199006712637019j),(0.0002039349775314066+0.0022269044974498864j),2140000000
(-0.8640741181300484+0.3206487081636454j),(0.0002027993636150388+0.0021527728113828045j),2142500000
(-0.8600245354104485+0.32741974173341476j),(0.00018658488710827226+0.002128197970394638j),2145000000
(-0.8605997993708706+0.32840475438458017j),(0.00017281796608455493+0.002101435963537558j),2147500000
(-0.8592362484903916+0.332020724205207j),(0.00012491946224150376+0.002139587180250929j),2150000000
(-0.8587062237453458+0.3386015866652253j),(0.00015034820859409414+0.0020874602289155677j),2152500000
(-0.8564250647863477+0.3429940954192412j),(0.00011055647099925891+0.0021119873609578245j),2155000000
(-0.854189765114657+0.34748802559924513j),(0.00012944078091229244+0.002013195432849043j),2157500000
(-0.8513310070364929+0.349541690168304j),(0.0001524653043565025+0.0019674696640943007j),2160000000
(-0.8519043298993454+0.3541213535193064j),(3.387272484396681e-05+0.0018568153779865847j),2162500000
(-0.8488405480357554+0.3583995218118309j),(6.0476738739382365e-05+0.0018994279129905783j),2165000000
(-0.8439510973078891+0.3622519830731126j),(1.9474908341202155e-05+0.0019881915363321847j),2167500000
(-0.8434750277587749+0.3681550583402331j),(5.364618210140954e-05+0.0019568460317777744j),2170000000
(-0.8415893322832922+0.37110222057470255j),(-2.0987851857801083e-05+0.001908220125039258j),2172500000
(-0.8409381962789091+0.37459561150740656j),(-1.7427550718086376e-06+0.001910490971064523j),2175000000
(-0.8390649878019628+0.3755238604244412j),(3.2421843135853906e-06+0.0018428369414282126j),2177500000
(-0.8371201584453198+0.3814286182414234j),(2.723410089927308e-05+0.0018619892752228901j),2180000000
(-0.8358029318348797+0.38564703431456404j),(6.723271191240379e-06+0.0017534707898339734j),2182500000
(-0.8334409488127207+0.3873078458025638j),(-2.755702779860739e-05+0.0017910657622339456j),2185000000
(-0.8303423795298364+0.3929483438584088j),(-4.0774264724666084e-05+0.0017570285918134722j),2187500000
(-0.8280661355816209+0.39637917246614984j),(-6.148956594158284e-05+0.0017451135566309086j),2190000000
(-0.8279353205987966+0.40207413548429133j),(-8.859593857986907e-05+0.0017151901765088571j),2192500000
(-0.8269353796291222+0.40190820485680606j),(-0.0001032897959482294+0.0017920001162505974j),2195000000
(-0.8251955962884179+0.40756374434157777j),(-0.00016183997861571813+0.001768724731708926j),2197500000
(-0.8229871884048218+0.4081932245476049j),(-8.313024242921516e-05+0.0018494481395062623j),2200000000
(-0.8215580512742141+0.4133193731370371j),(-0.00017171460267626166+0.0018284467965166403j),2202500000
(-0.8170258250089196+0.4176301486366086j),(-0.00022813157734022035+0.0018136999954389188j),2205000000
(-0.8154025352433076+0.42235507238349573j),(-0.00012419799536780678+0.0018336568917324393j),2207500000
(-0.8118488457635065+0.428051053642902j),(-0.00019071535805951673+0.0018733630332120343j),2210000000
(-0.8092135769424919+0.43422165774325494j),(-0.00015647153928090554+0.0018400026982546458j),2212500000
(-0.8100942947684788+0.4335043950133038j),(-8.571649899088165e-05+0.0018429355037564395j),2215000000
(-0.8080791352380371+0.43433325766155406j),(-0.00011252890637805702+0.0018353857490645193j),2217500000
(-0.8020360261410531+0.4375207285867205j),(-0.00021879317822321782+0.0018393234555346837j),2220000000
(-0.7996938596065917+0.44425039983301456j),(-0.0001848163989570797+0.001867646225091396j),2222500000
(-0.800460386771634+0.4461325412756104j),(-0.0002211082838231408+0.0018540182034519845j),2225000000
(-0.7973767628184177+0.44875972465631664j),(-0.0002185758107095795+0.0018659657981774827j),2227500000
(-0.7955118718747151+0.45265033493323464j),(-0.00028056145598203547+0.0018751664349996346j),2230000000
(-0.790488172455515+0.4568839858493587j),(-0.00016054584786465395+0.00186580079934892j),2232500000
(-0.788917060864688+0.4621073297700178j),(-0.00023419785821875283+0.0019047078476123276j),2235000000
(-0.7877388615968103+0.4648217270887437j),(-0.00021556774187317333+0.0018635348580338285j),2237500000
(-0.7868325231049974+0.4662396169420584j),(-0.000219246917079366+0.0019245080436420374j),2240000000
(-0.7845624092140222+0.46927046465338174j),(-0.00022700603268921494+0.0019247999208447176j),2242500000
(-0.7801479461684325+0.4742241881330495j),(-0.00015102863627102243+0.0019667259607880267j),2245000000
(-0.7787418433630588+0.4795107917598531j),(-0.00015042629950556455+0.0019830132010091117j),2247500000
(-0.7742248312911018+0.483555341565484j),(-0.00018301603887981507+0.0019974318336075597j),2250000000
(-0.7717047758641921+0.4855532874450242j),(1.3086680431432244e-05+0.0019670568075396784j),2250000000
(-0.7726418696331814+0.4864065621236766j),(7.861663579471792e-06+0.0019584151484053083j),2252500000
(-0.7700859595543279+0.4865588656439248j),(2.016138855642766e-05+0.0020304353703063517j),2255000000
(-0.7686338502146125+0.4913519472085232j),(5.769143939746996e-05+0.0019980478895780217j),2257500000
(-0.7630908366640945+0.4978813731201545j),(7.160503509774354e-05+0.0019950729117861783j),2260000000
(-0.7622557669223786+0.501500620056023j),(7.991428539703109e-05+0.002021097814565282j),2262500000
(-0.7616619162769102+0.499655706596515j),(6.763388558879272e-05+0.0019972973574455453j),2265000000
(-0.7574648056547468+0.5059842176306188j),(0.00012745683467194703+0.001974832160082632j),2267500000
(-0.7538392564880406+0.513185310807364j),(0.00021418602411320216+0.0020452619354931496j),2270000000
(-0.7502321941319521+0.514450528643396j),(0.0002172509605045662+0.002035109472038486j),2272500000
(-0.7501135874307616+0.5200581941133773j),(0.00021164137305081546+0.002028727854648218j),2275000000
(-0.7447366152894918+0.5237701634698404j),(0.0002351213663177581+0.0020079215524438023j),2277500000
(-0.7429278979966225+0.5295130837011551j),(0.0003284299360467262+0.002060232067034823j),2280000000
(-0.7413776438903766+0.5285688388276555j),(0.00033249028230000695+0.0020762341830922004j),2282500000
(-0.7387624959728896+0.5324597988258138j),(0.0003563297713469187+0.0019671820349756223j),2285000000
(-0.7362054220667521+0.5347141507285759j),(0.0003833100334922412+0.0019228569549170481j),2287500000
(-0.7320114283972872+0.5373001470750969j),(0.0003823132255000285+0.0019330266741493596j),2290000000
(-0.7281624205720351+0.5448318767642114j),(0.00037690348806896496+0.001973079559573229j),2292500000
(-0.7251541150009259+0.5475478082757095j),(0.0004183156573714263+0.0019395496927930636j),2295000000
(-0.7253700178564322+0.5477291992204937j),(0.0004111830390932155+0.0019345850392213846j),2297500000
(-0.7204241206457058+0.5530092678670779j),(0.00040628337896366504+0.0018929327941836203j),2300000000
(-0.7177373663752317+0.5580294829070245j),(0.00046324932873409956+0.0018789984768466128j),2302500000
(-0.7133042100144837+0.5615673312319528j),(0.00040645787412489664+0.0019451551707316645j),2305000000
(-0.7097557402358613+0.5668359800960187j),(0.0005271418771879054+0.0019282098892466856j),2307500000
(-0.7076781608600483+0.565955817574021j),(0.0005098626235772996+0.0019243730877633487j),2310000000
(-0.7045480414533084+0.5733902830639905j),(0.0005321180924794352+0.001949235593538422j),2312500000
(-0.7013002218723422+0.5742439642891957j),(0.0005561481125073892+0.0019121481623998033j),2315000000
(-0.6972359287870283+0.5800598979726457j),(0.0006172378531242364+0.001865357039359718j),2317500000
(-0.6951883044758564+0.5819436914406098j),(0.0005984812616201053+0.0018457876557072571j),2320000000
(-0.6892084445934255+0.5875366998158427j),(0.0005838471302647511+0.0018376815184897315j),2322500000
(-0.6867136245321515+0.5892689116341794j),(0.0005930696641651684+0.0018341706832313595j),2325000000
(-0.6806803383983263+0.5937111425676233j),(0.000632363332484817+0.0018281757781741772j),2327500000
(-0.6784652291564355+0.5956832060938155j),(0.0006602792376518193+0.0018419794641438875j),2330000000
(-0.6735316592655448+0.5970263196436231j),(0.0006779307418116635+0.0018715388801158071j),2332500000
(-0.6724630716527669+0.6017456305883715j),(0.0006648288043602954+0.0017951267997371359j),2335000000
(-0.6681961407526503+0.6060153896565037j),(0.0006863064205827441+0.00171937127084412j),2337500000
(-0.6641828204630507+0.6105942089252371j),(0.0007392118329047453+0.0017363982723814192j),2340000000
(-0.6622418028644251+0.6132515161492942j),(0.0008107274167748559+0.001766155259681635j),2342500000
(-0.6596190448053392+0.6154226237931422j),(0.0008614135398119902+0.0018122580094479387j),2345000000
(-0.653460554965289+0.6195427496352014j),(0.0008711005095242015+0.001762637825680031j),2347500000
(-0.6517251423546327+0.6196172742483081j),(0.0008975893820590307+0.0017570598731986064j),2350000000
(-0.6478943283899778+0.6246654908538696j),(0.0008767355702307216+0.0017118383045763405j),2352500000
(-0.6422616206283216+0.6299945590254512j),(0.0009019107690191302+0.0016339333867527344j),2355000000
(-0.6404549188721613+0.6315149923495725j),(0.0009430584183126803+0.0015868117508431234j),2357500000
(-0.6331570036457923+0.6356185484959549j),(0.0009471526525276876+0.001651804371133194j),2360000000
(-0.6310072516873614+0.6407890897472668j),(0.0009859274110989049+0.0015769677331355792j),2362500000
(-0.6287599853930811+0.6412698045320717j),(0.0010206328980952542+0.0015336376277614227j),2365000000
(-0.6248037593445942+0.6456306033036096j),(0.0010735138147245674+0.0014583625924702258j),2367500000
(-0.6216519861874649+0.6465704207289706j),(0.001024942164727557+0.0014603797285434531j),2370000000
(-0.6165829556678575+0.651538415564985j),(0.0010537104385895768+0.0014418833713211894j),2372500000
(-0.6130095000626333+0.6534510499635633j),(0.0010206346917881332+0.0014684711035659924j),2375000000
(-0.6075534864837221+0.6577862917775397j),(0.0010226622612751473+0.0014497920086026868j),2377500000
(-0.6033055930313105+0.6621831721576944j),(0.0010061126944855996+0.0014048637888366237j),2380000000
(-0.6006173644289072+0.6628898146161932j),(0.001049045704075578+0.0013546650704777583j),2382500000
(-0.59530017152531+0.6693089437593124j),(0.0010519640735293528+0.001267018125317524j),2385000000
(-0.593152122927274+0.6716623129221803j),(0.0010564068918739887+0.0012614206122434784j),2387500000
(-0.592328931176315+0.673632722419264j),(0.0011278845468835129+0.0012941663067654685j),2390000000
(-0.5886394870990466+0.6741769092827504j),(0.0010951069216365323+0.00121336945071209j),2392500000
(-0.5826190423551383+0.6799809503437911j),(0.0010729592570685167+0.001160429313697171j),2395000000
(-0.5788998721979486+0.6826392436523069j),(0.0010822891093455207+0.0011396913165902416j),2397500000
(-0.5722322596618511+0.6810585658184178j),(0.0010962480958800328+0.0011871129091878309j),2400000000
(-0.5664674473952095+0.6911399163066156j),(0.0010992913392771835+0.0011214945240155985j),2402500000
(-0.5638722524710982+0.6925022347536028j),(0.0010645183146336212+0.0010997263831022685j),2405000000
(-0.5605271101798174+0.6961766180949213j),(0.001078183020523434+0.0010921190400246346j),2407500000
(-0.5555598969628978+0.6988712834570711j),(0.0010860862773456217+0.001077374094492042j),2410000000
(-0.5501620919032378+0.7022927517919656j),(0.001097609214070484+0.0010486981441551887j),2412500000
(-0.5461846913888619+0.7038792228709875j),(0.0010638336321873376+0.0009617919707224294j),2415000000
(-0.5397680532830782+0.7091006875230683j),(0.0010792130027147697+0.000961437755243744j),2417500000
(-0.5405434244322521+0.7092189334240186j),(0.0010280792568252697+0.0009293845035543071j),2420000000
(-0.5334493521922588+0.7148933676041885j),(0.0011119465107601828+0.0009507792970612755j),2422500000
(-0.5289144596549614+0.7163594954524364j),(0.0011118549642222687+0.0008867724884005315j),2425000000
(-0.5280042345887233+0.7184203390907321j),(0.0010787288501628541+0.0008396121723480258j),2427500000
(-0.5212739771526984+0.72327882220128j),(0.0010097417280993495+0.0008699125048678914j),2430000000
(-0.5200290715570168+0.7226432072654131j),(0.0010658102164276518+0.0009121761255945365j),2432500000
(-0.5113069704248067+0.727558947954445j),(0.0010472851976463333+0.0008976165616411899j),2435000000
(-0.5054226485353278+0.7300719188208754j),(0.001060493908322255+0.0008246079536674215j),2437500000
(-0.5047184431230254+0.7330399572675073j),(0.0011060432778577203+0.0008341489989947056j),2440000000
(-0.49949438774418176+0.7353563198746987j),(0.00106165444551013+0.0007682130689739453j),2442500000
(-0.49593595786734895+0.7380193925044806j),(0.0010880210308523+0.0008370700297277838j),2445000000
(-0.4877711722142296+0.7408188277403278j),(0.001111497820008387+0.0008353687615012628j),2447500000
(-0.48794346161299934+0.7428616000486074j),(0.001119986651899704+0.0007594621648130055j),2450000000
(-0.483684979250964+0.7463375375934574j),(0.001136813514824157+0.0007966979729357968j),2452500000
(-0.479417187979118+0.7491539331226025j),(0.0011602827446462642+0.0007135093463292231j),2455000000
(-0.4744656901232396+0.7492084489518784j),(0.0011062415430858994+0.0007208256743656577j),2457500000
(-0.470746776097266+0.7514429973311542j),(0.001135856125438539+0.0007035273109433834j),2460000000
(-0.46260345798605407+0.7571253330364104j),(0.0011790440558424144+0.0006563232999086298j),2462500000
(-0.45900672085884336+0.7592213553777163j),(0.001084760082155205+0.000601456069708402j),2465000000
(-0.45586468983582823+0.7624077239495519j),(0.0011292299392602128+0.0006715075454544711j),2467500000
(-0.4492386968393954+0.7642507248404911j),(0.0010960446127202491+0.0006570953054419752j),2470000000
(-0.4474282392808633+0.7668497357706391j),(0.0011323578888585073+0.0006515933922733932j),2472500000
(-0.444984285345313+0.7678491778472942j),(0.00117467457095953+0.0005888908977381461j),2475000000
(-0.43893702191768186+0.7706406329595109j),(0.00113676223439754+0.0005773785824923496j),2477500000
(-0.4348475566311273+0.7693417624517989j),(0.0011766919749118822+0.0005444759529976424j),2480000000
(-0.4299369890191662+0.7723587874737816j),(0.0011285758053001405+0.0005903813860632939j),2482500000
(-0.4270176415361863+0.7747596030649839j),(0.001147450651219459+0.0005260934188706679j),2485000000
(-0.42111871646704807+0.7792163452077304j),(0.0011143013827175426+0.0005315607668746176j),2487500000
(-0.4183021897639605+0.7827214360547354j),(0.0011599799864119374+0.0005314176008673881j),2490000000
(-0.4144272653428407+0.7827551554611545j),(0.0011738465533814352+0.000496844750760264j),2492500000
(-0.4098386757705447+0.7876935437247579j),(0.0012190317350223082+0.00044412787926929284j),2495000000
(-0.4049123941845515+0.788514280003967j),(0.0011916816946919428+0.00042197573142982957j),2497500000
(-0.39874797782251703+0.7914015031166642j),(0.0011852588512032242+0.0004088788946266656j),2500000000
(-0.39924986820467906+0.7921408899970763j),(0.0012280851758064099+0.00038351707713997355j),2500000000
(-0.39327287576490433+0.7917580927247695j),(0.0012196478161846872+0.00042495386231618747j),2502500000
(-0.3901843046798804+0.7935977679419856j),(0.0012586918962216576+0.0004229802909816451j),2505000000
(-0.3866024286777787+0.795932286908617j),(0.001241326668860745+0.00039949403270046746j),2507500000
(-0.3849197710196763+0.796547320572687j),(0.0012346843400114545+0.00032362122297973885j),2510000000
(-0.37864038576013814+0.7982717320419588j),(0.0012851772210586438+0.00027693573515210647j),2512500000
(-0.37621016991937284+0.7974702092675326j),(0.0012589326958015962+0.00036682584075539183j),2515000000
(-0.3700837637739442+0.8006127469485438j),(0.0013177568444555986+0.0002833663251255684j),2517500000
(-0.36088381820916454+0.8031448651142651j),(0.0012624849123263624+0.00023307157825260498j),2520000000
(-0.3613119055052931+0.8039332972254651j),(0.0013306659028654137+0.00022109159626118667j),2522500000
(-0.356682337402735+0.8036650291434468j),(0.0012905457839979893+0.0002045039119891805j),2525000000
(-0.3532038786110815+0.8066993246182961j),(0.0012980521492897542+0.00016607183297015347j),2527500000
(-0.34647462172625193+0.8081414741448455j),(0.0013318956797742955+0.00014921023127037168j),2530000000
(-0.34382503334804027+0.8118971513921285j),(0.0013453162112233668+0.00012748812489163903j),2532500000
(-0.34017453328114156+0.8108495485738662j),(0.0013639375439030376+9.622750822476234e-05j),2535000000
(-0.33430587065024764+0.8133890909517435j),(0.0013425447314569783+4.828990136518168e-05j),2537500000
(-0.3323235783279108+0.8121537954066728j),(0.0014018226786502456+9.427534004470934e-05j),2540000000
(-0.32683648014564265+0.8143835491100049j),(0.001350477561007466+5.910040604075439e-05j),2542500000
(-0.3183893782391495+0.8189685612245844j),(0.0013724256764356788-1.4746898945761233e-05j),2545000000
(-0.31341519195762807+0.8204433718037402j),(0.001369310965442138-8.748407076636509e-05j),2547500000
(-0.30825262423900585+0.8210139661763214j),(0.0014137522578653015-7.639689186557486e-05j),2550000000
(-0.30409495637909384+0.8209285986590673j),(0.001395344419598369-0.00011365759770853582j),2552500000
(-0.29935498433424684+0.8233204651282108j),(0.001411875970738741-0.00017878760421387836j),2555000000
(-0.2959915105409767+0.8277213370145754j),(0.00138265268832147-0.00015109789257222945j),2557500000
(-0.2940308642830122+0.8273248507532588j),(0.0014385738778357696-0.0002038803963777284j),2560000000
(-0.2839941866522126+0.8289425230375727j),(0.001414200960032806-0.00017837334348420232j),2562500000
(-0.27976789549403247+0.829612376356401j),(0.0014484484517239694-0.00029385744522440846j),2565000000
(-0.27544726629635546+0.8316868145989257j),(0.0014524218977599805-0.0002680647244549838j),2567500000
(-0.2695399343542521+0.8317164686384105j),(0.001484281487985163-0.00037390265567787984j),2570000000
(-0.2662359951242231+0.8328174301571889j),(0.001430720811498129-0.000423339124967519j),2572500000
(-0.2614412287233591+0.8328305096718392j),(0.0014386639883567-0.0004920661779481506j),2575000000
(-0.2527939656144946+0.8371139570949564j),(0.001438903516404067-0.0004565856733352062j),2577500000
(-0.2507082386372227+0.8357601881334795j),(0.0014886467898272621-0.0004564134213511292j),2580000000
(-0.24045150950116265+0.8431262415313038j),(0.0014671048645804265-0.0004890576894310368j),2582500000
(-0.24002921097356647+0.8416596619729901j),(0.0014602644584303483-0.0005141192812370843j),2585000000
(-0.23635115850113445+0.8422615777618082j),(0.0014732100492994605-0.0006339099157417168j),2587500000
(-0.2276810393947657+0.8384352961694193j),(0.0015669360317413542-0.0006849802589947722j),2590000000
(-0.22683959534765494+0.8417448326503556j),(0.001528264572495419-0.0007921149173714031j),2592500000
(-0.21876707457617292+0.8426945948716799j),(0.0014881854426980104-0.0008352915193204698j),2595000000
(-0.2151073106459316+0.8452894073656545j),(0.0015245595030319759-0.0008726350731073194j),2597500000
(-0.20864105940433825+0.8459022937636691j),(0.001542724608819943-0.000843670650575268j),2600000000
(-0.20351852114634048+0.8470038339554194j),(0.0015697720758455506-0.0009272652988527857j),2602500000
(-0.199602326031808+0.8484695659879725j),(0.0015933709947633344-0.00101559724821008j),2605000000
(-0.19160174657060944+0.8479827832307213j),(0.0015538491574618924-0.0010252413139078356j),2607500000
(-0.185011670171744+0.8505071323966077j),(0.0015558345276230087-0.0010837674077121791j),2610000000
(-0.18108393054208588+0.8490580237175883j),(0.0015564900606931961-0.001217025575210275j),2612500000
(-0.17500962541431778+0.8505971558163715j),(0.001565135155435515-0.001242637037097032j),2615000000
(-0.17143359510609732+0.8492740936936521j),(0.0016561879004183655-0.0012989093966637626j),2617500000
(-0.16294965179095228+0.8496780644707268j),(0.001619113968874417-0.0013640496714148822j),2620000000
(-0.1627082576687462+0.8498200995530317j),(0.0016318784110634732-0.0014199565347108277j),2622500000
(-0.15630412920715245+0.8491939293944825j),(0.0016176628554345701-0.0015494391012958212j),2625000000
(-0.15414826560959932+0.8504049799391421j),(0.0015769191139810435-0.0015904101290656583j),2627500000
(-0.1474261595826897+0.8504621805170403j),(0.0015144957757282512-0.0015862565518549347j),2630000000
(-0.13803368469242938+0.8503032619421289j),(0.0016091900515640724-0.001691754141918206j),2632500000
(-0.13259954236458532+0.8493838763656548j),(0.0016921970268318003-0.0018125937435484974j),2635000000
(-0.12671060268769277+0.8483099644059422j),(0.0015593165793908372-0.001887446740684112j),2637500000
(-0.11818086636772496+0.8469029797055366j),(0.0016120225729692628-0.0020440037673197884j),2640000000
(-0.11923099499497661+0.8490929818273087j),(0.0015915429975026975-0.0021099025700757573j),2642500000
(-0.10944501020766292+0.8508933288833596j),(0.0015770259610266785-0.00216556076429846j),2645000000
(-0.10827562207743226+0.8525378700684254j),(0.0015793852895754977-0.0022809313342620936j),2647500000
(-0.0983484871215821+0.8484301675341173j),(0.0016533591249942752-0.0023802429064546313j),2650000000
(-0.09300324337521708+0.8500838556350566j),(0.0015022739603336075-0.0024739865944716014j),2652500000
(-0.08657540675376851+0.8536098834340857j),(0.001573112558966276-0.0026412850627474498j),2655000000
(-0.0792242772128728+0.8539868907235862j),(0.0014804105490378778-0.0028018637176541435j),2657500000
(-0.07717816043704546+0.8523396438286434j),(0.001475539279889249-0.0028486944730525938j),2660000000
(-0.07122414806569505+0.85258468078186j),(0.0015491437971730528-0.0029972805674756712j),2662500000
(-0.07167570816391719+0.8530671617482001j),(0.0014025397440289706-0.0030843522579742117j),2665000000
(-0.05821270755909993+0.8546317848727291j),(0.0013339869155558125-0.003156123077379648j),2667500000
(-0.05646948158005837+0.8557785772922505j),(0.0012524681429867267-0.0033019013251903745j),2670000000
(-0.04619069866196259+0.853524809025535j),(0.0012468255649006636-0.0035223935171808983j),2672500000
(-0.04512396146702644+0.8542915862276791j),(0.0012191222245147592-0.0036067628646933993j),2675000000
(-0.035673111807273304+0.8541237119031032j),(0.001185013560720231-0.003791167533272951j),2677500000
(-0.042462590344178916+0.8559023308678266j),(0.0011476241418096325-0.003881046827786556j),2680000000
(-0.028840788342755268+0.8535297292017023j),(0.0010192831656467855-0.004047939013873552j),2682500000
(-0.02057965528795227+0.8496642951515548j),(0.0010042212265504937-0.004228570557600217j),2685000000
(-0.017894805368575132+0.8554007913004197j),(0.0008324375611751963-0.004302961258442872j),2687500000
(-0.014124802363722098+0.8508957539414983j),(0.0008621441752995674-0.004609931882102916j),2690000000
(-0.0007156462606713436+0.8520621182773414j),(0.0006374419866205722-0.004724533904379569j),2692500000
(0.0006733867655388853+0.8464836500505444j),(0.0005180565697102713-0.004864131075702496j),2695000000
(-0.00048194698312055537+0.853753472403397j),(0.00039015634454428916-0.005069207201856361j),2697500000
(0.007741597906912638+0.8471914680476765j),(0.0002188411155083938-0.005220713193590239j),2700000000
(0.015182877358191842+0.8513890969385574j),(4.400448415240691e-05-0.005387176220843075j),2702500000
(0.027011165532617495+0.8515867029048826j),(-0.00013291235231131505-0.005530216408740706j),2705000000
(0.02763046725058101+0.8484510894705095j),(-0.0003149785152064401-0.005680230568115084j),2707500000
(0.04167525337536406+0.854427285484019j),(-0.00042379254958835663-0.005948254661877883j),2710000000
(0.03919170964732649+0.8508630877076178j),(-0.0006851350996457742-0.006081592113561113j),2712500000
(0.04774446079989925+0.8530567930903165j),(-0.0008830381431874169-0.006194813554273048j),2715000000
(0.04804577721826748+0.8479006977175074j),(-0.001188258179050028-0.006352734100910147j),2717500000
(0.05823541269448245+0.850183339423474j),(-0.0014419195462263106-0.006545892534947943j),2720000000
(0.06449621173784466+0.8508721824138j),(-0.0017196745239244204-0.0067344032905170045j),2722500000
(0.07789242442972602+0.8479950206479231j),(-0.002060102411480809-0.006871130712973059j),2725000000
(0.07409272777964543+0.846176926093753j),(-0.0023903313826427945-0.007031961849195361j),2727500000
(0.07677253123325178+0.8455361101997753j),(-0.0027158718698340554-0.007178345250866204j),2730000000
(0.08860512341844691+0.8409925775959618j),(-0.002929051544371832-0.007241544387724071j),2732500000
(0.09150827188709212+0.8463824257036155j),(-0.0034753301298664427-0.007330479598912696j),2735000000
(0.09382095754763461+0.8445101532926517j),(-0.0038226228014007955-0.007471771637713135j),2737500000
(0.10534230524903233+0.8481291125948043j),(-0.004248169694560752-0.0073974019945879585j),2740000000
(0.10501227669903516+0.8423423352720564j),(-0.004637368737925056-0.007531951537911745j),2742500000
(0.11234917161142058+0.8423469952467256j),(-0.0051719581075339565-0.007475347061604026j),2745000000
(0.11686360007517681+0.837294997529815j),(-0.005472073615710175-0.007452174163555644j),2747500000
(0.11613947287999082+0.8363094913145687j),(-0.005960527958839129-0.007459184532840051j),2750000000
(0.11265882806949065+0.8355061793383566j),(-0.005946598703501234-0.0074318965874527534j),2750000000
(0.12119418324020666+0.8368874207866582j),(-0.00647068534847164-0.007385233874941067j),2752500000
(0.13310586412825082+0.837996338328056j),(-0.006908635473823148-0.007231082690843279j),2755000000
(0.13169192826822454+0.838836069121961j),(-0.007451169510950676-0.007240487161305195j),2757500000
(0.13957507606752484+0.8379630922770469j),(-0.007922449986071691-0.006981498372946551j),2760000000
(0.14111385793092618+0.8361859928865882j),(-0.008456257245962995-0.006773681031820668j),2762500000
(0.1506709387985513+0.8355520215236536j),(-0.008843670997854814-0.006510386925452772j),2765000000
(0.15627381992757403+0.8345525551946413j),(-0.009371965655546504-0.006222031968614704j),2767500000
(0.16048573098914523+0.834609565763127j),(-0.009698541385706543-0.005971513464263241j),2770000000
(0.16984746610248283+0.8336965507613531j),(-0.01028774631650586-0.00547049059487821j),2772500000
(0.17353228372674678+0.8289894488127268j),(-0.01058248368910037-0.005046089258552987j),2775000000
(0.1752960568196038+0.8216567555814043j),(-0.011078370815814023-0.004615970093877265j),2777500000
(0.17782458599395948+0.8222497337128145j),(-0.011455413879619968-0.004292840860770342j),2780000000
(0.18274735348987356+0.8228531901912327j),(-0.011808097137962903-0.003819469852194187j),2782500000
(0.1891688275697997+0.8213758320716344j),(-0.012153451145973673-0.0032922811002889358j),2785000000
(0.19477654277092457+0.8195336777728237j),(-0.012427893412576298-0.002713938603750331j),2787500000
(0.20043168754543803+0.8166061875181752j),(-0.012613280749465307-0.002255524321932006j),2790000000
(0.20195465859682116+0.8177857707530467j),(-0.012936716632911306-0.00166451852982435j),2792500000
(0.2069053907533012+0.8176642981883163j),(-0.013058760879844372-0.0011775915733781956j),2795000000
(0.2143636394571807+0.8153093423859582j),(-0.01322153747285118-0.0005031005171263315j),2797500000
(0.2090293712750535+0.8146922254530439j),(-0.01329534319435747+2.8183045925705714e-05j),2800000000
(0.21130507479161806+0.8112909585832675j),(-0.013432232714603483+0.0006619623510088263j),2802500000
(0.2160951712278558+0.8100635060205027j),(-0.013472872754568046+0.0011543618754588161j),2805000000
(0.2183194292692385+0.8102415097373207j),(-0.013461364194701949+0.0016893427664757894j),2807500000
(0.22483954673361833+0.8074158752484422j),(-0.013455747108456075+0.002388485579510042j),2810000000
(0.22459298840335606+0.8045599115563979j),(-0.013414344438410882+0.002950546715359336j),2812500000
(0.22893551035114837+0.805722636946129j),(-0.013337945053209784+0.003346230399798101j),2815000000
(0.2319791492605915+0.8039272907944843j),(-0.013194597681032932+0.003874660245823223j),2817500000
(0.2392900905168538+0.7981519670848518j),(-0.013076620134716119+0.004309248127505641j),2820000000
(0.2437478107633595+0.7986214719764j),(-0.012891302977990802+0.004897134717874196j),2822500000
(0.25133191895946133+0.8008356774726322j),(-0.012776042626726212+0.005477678237766561j),2825000000
(0.25453935657413457+0.7992613375159825j),(-0.012655263052383878+0.005875593158952238j),2827500000
(0.25045150232361324+0.7989520838543146j),(-0.012569726723646946+0.006419573236811132j),2830000000
(0.2648076560076849+0.7910476216821936j),(-0.012232097241688385+0.006955468392091151j),2832500000
(0.2642162773164448+0.7929486802406798j),(-0.011973572709482691+0.007306575112917501j),2835000000
(0.27143359926223415+0.7887289781495835j),(-0.011744219806723898+0.0076205576621812595j),2837500000
(0.2762382598949255+0.7910367064515857j),(-0.011523980160260633+0.008091073855401762j),2840000000
(0.2813506987683638+0.7894917921778316j),(-0.01133816260438056+0.008582445271443815j),2842500000
(0.29022862077944317+0.784269373289113j),(-0.011008081925325482+0.00899933258215852j),2845000000
(0.29384924276294416+0.7868440300565861j),(-0.010735565684656312+0.009527859947640114j),2847500000
(0.29770833509178124+0.784563096856285j),(-0.010364279147912348+0.009890179947981997j),2850000000
(0.3083094202544907+0.7834212930590699j),(-0.009947331134895326+0.010388517273672163j),2852500000
(0.311953137276888+0.7818544534458796j),(-0.009683196577575194+0.010639192951463816j),2855000000
(0.31573088800200716+0.77605754442938j),(-0.009307310102182205+0.010989681492305194j),2857500000
(0.3133291047071471+0.7757011192044035j),(-0.008977974524654863+0.011149748312699445j),2860000000
(0.3226975596085168+0.7692131860814881j),(-0.008484447619685982+0.011548052108573842j),2862500000
(0.3227398776690148+0.769835354060044j),(-0.008257212542743907+0.011715791172453612j),2865000000
(0.32766862170801414+0.7664295522955841j),(-0.007799435634634565+0.012138440605012363j),2867500000
(0.3306194429882321+0.7637807699564892j),(-0.007283648313376953+0.01234007359021979j),2870000000
(0.3345372573916148+0.7592447824862791j),(-0.006946911624910559+0.012464924865002742j),2872500000
(0.3448910583237552+0.7551746374036156j),(-0.006319855499430125+0.012801290633010417j),2875000000
(0.35125388830349474+0.7509930552130485j),(-0.005901260037104819+0.012911152359083354j),2877500000
(0.3580966096038937+0.7513588757601566j),(-0.005518564420651101+0.013057470309561489j),2880000000
(0.3639073617470218+0.7505500693307824j),(-0.005051547978329586+0.01314294665634778j),2882500000
(0.36266232305754315+0.7508879116390339j),(-0.0047069352565564035+0.013210776200604873j),2885000000
(0.369663786932128+0.7433692411124344j),(-0.004085845210155681+0.013407141030972623j),2887500000
(0.3710271244105851+0.7441952738156834j),(-0.003787389917344498+0.013387630747876978j),2890000000
(0.37920037763392955+0.7378856570590451j),(-0.0032186831674835006+0.013562439787267832j),2892500000
(0.37835529000780316+0.7404968555819569j),(-0.0027917341709057285+0.013510010963701503j),2895000000
(0.38129498994930133+0.7349817583008539j),(-0.0022654738322278683+0.013619883720671367j),2897500000
(0.3874383165640825+0.7319520835158276j),(-0.0018663587645313666+0.013553132403463165j),2900000000
(0.3921199540959486+0.7297843496354625j),(-0.0015605190732563155+0.013511266497564697j),2902500000
(0.40180487576947066+0.7237273907122007j),(-0.0011165128764859004+0.013423235439296178j),2905000000
(0.4055799465601051+0.7205468604639488j),(-0.0007665143721563+0.013450341143860137j),2907500000
(0.40964234932966664+0.7182243171775062j),(-0.00028946843303003325+0.013332836492807263j),2910000000
(0.4098199930942365+0.7190260006864071j),(3.611496035908464e-05+0.01322338306428383j),2912500000
(0.41720096359742603+0.7130586078672183j),(0.0004138145927792031+0.013149578208732315j),2915000000
(0.4203357826258517+0.7109489121970826j),(0.0009461801624812808+0.012990513307453226j),2917500000
(0.4225107362349367+0.7096247280104389j),(0.0012277260539849005+0.012896434754838818j),2920000000
(0.4309384063081638+0.7071729299496103j),(0.0015935697631137514+0.012710605812260738j),2922500000
(0.4317926133192107+0.704416786529743j),(0.0018204719291863686+0.0126262023681599j),2925000000
(0.43875441054216324+0.6965256115496127j),(0.002083894129796535+0.012480529572783224j),2927500000
(0.44498991454335884+0.7000822343392297j),(0.002452108759671591+0.01221759778592722j),2930000000
(0.4451200451809337+0.7062303287836604j),(0.002580064004689998+0.012108329790122937j),2932500000
(0.4501509775354416+0.6919923571403039j),(0.0030189658005041627+0.011908705659689081j),2935000000
(0.45433854196658635+0.6901409943334165j),(0.0033126120236139675+0.01174717013762159j),2937500000
(0.46075803786091646+0.6864389350713684j),(0.003594954616417958+0.011564993324008732j),2940000000
(0.46702412915546393+0.6826237469378248j),(0.003852499853593116+0.011477953550756433j),2942500000
(0.46594364800342974+0.679433328809076j),(0.003983401866801897+0.011161647713131799j),2945000000
(0.479814952904255+0.6652441672577561j),(0.004329482394686219+0.011000207502560496j),2947500000
(0.47901823689657796+0.6716118202411021j),(0.004402810494232926+0.0108364178508635j),2950000000
(0.48675960085359465+0.6641911255748982j),(0.004646328308747897+0.010508631357040428j),2952500000
(0.49237163118829413+0.6630477268198701j),(0.004821491313571806+0.010278434699928417j),2955000000
(0.5001177031776046+0.6559637158442017j),(0.004960919452310595+0.010133395589139012j),2957500000
(0.4999915734889782+0.6511575643657338j),(0.005168649349612694+0.009925567391204631j),2960000000
(0.5041707111721752+0.6504189518378098j),(0.0052970975608311365+0.009729838792094382j),2962500000
(0.5007978214333785+0.6506519831397467j),(0.005263036865710099+0.009431072387824297j),2965000000
(0.5103125842509296+0.6474888196480407j),(0.005449010823181277+0.009245637416769158j),2967500000
(0.5164444821963753+0.6380184950174767j),(0.005630312550877475+0.0089997329408114j),2970000000
(0.5166332300654313+0.6390834030521642j),(0.00571462793679495+0.008786357060418712j),2972500000
(0.5274617469042092+0.6324562323808378j),(0.005839049702964352+0.0086439799613872j),2975000000
(0.5308140000184495+0.6268591231278419j),(0.005787091700293438+0.00846972996488078j),2977500000
(0.542434215338499+0.6250014528148621j),(0.005851997725331347+0.008270177219551075j),2980000000
(0.5416367978792233+0.6219452424986117j),(0.005977754105505536+0.008160781085983356j),2982500000
(0.5446557975658969+0.6220486570715141j),(0.0059804026355473935+0.007933592250721188j),2985000000
(0.5480056834581428+0.61265354203561j),(0.0060246243018569606+0.007772214359527579j),2987500000
(0.5539914843668244+0.6111814006662641j),(0.005975201346955483+0.007596840533683822j),2990000000
(0.5614401714737184+0.604640583445652j),(0.005995829048724545+0.0075238703761141374j),2992500000
(0.5630924807332354+0.6039160997761405j),(0.006079732933132143+0.00744966824445883j),2995000000
(0.5644629465113078+0.602052332430979j),(0.006122691471597489+0.007382873986038788j),2997500000
(0.5712492101088277+0.6005283875562005j),(0.006178123706288202+0.007316434337993004j),3000000000
(0.5831347460691703+0.595600552284768j),(0.006125960208502947+0.007323016513987931j),3000000000
(0.5873025273153418+0.5865793836560962j),(0.006086678267212128+0.007237787116221276j),3002500000
(0.5928849545036267+0.5830817496635091j),(0.006064184083921038+0.00724323270691831j),3005000000
(0.5965299558559178+0.5798327033109552j),(0.0061463676814753525+0.007176362307516023j),3007500000
(0.5941706657662184+0.5774136507564134j),(0.006250432210373432+0.007140656962756309j),3010000000
(0.6039421171994697+0.5708275567768146j),(0.006342727217707455+0.007017153909293541j),3012500000
(0.6062745458815749+0.566320382588556j),(0.006345343468895127+0.007018946770701771j),3015000000
(0.6105273970188857+0.5692277792085971j),(0.006492677208477634+0.006905986510254166j),3017500000
(0.6162254515935576+0.563451831040694j),(0.006542383141664836+0.006800343292441129j),3020000000
(0.6188941280809674+0.5592565914820649j),(0.006608824572130199+0.006762357455117403j),3022500000
(0.6216785157478114+0.5527607370067537j),(0.006664102217860018+0.006726032379345586j),3025000000
(0.6239215132471504+0.5507968919615961j),(0.006718861323425809+0.006693456971478036j),3027500000
(0.6265670089091677+0.5477440987168891j),(0.006928653689730662+0.006606827312574501j),3030000000
(0.6292849884277073+0.5436609254000011j),(0.007011980149582673+0.0065130445632246535j),3032500000
(0.6320249960707395+0.5399101456714541j),(0.0070679163965416585+0.00643067086463244j),3035000000
(0.636437318968163+0.5339254784601323j),(0.007157882433914825+0.006376786444082122j),3037500000
(0.640691795347359+0.5322746269993655j),(0.007249771043011859+0.006411982012022268j),3040000000
(0.6445126511496702+0.5267989801479037j),(0.0073837016722981185+0.00623819084602964j),3042500000
(0.6478650110356553+0.5257970636654781j),(0.007387350483078756+0.006188872458573921j),3045000000
(0.6488874390216457+0.5220013574341318j),(0.007498353079457995+0.0060911506238488025j),3047500000
(0.6530007486255811+0.5191632979427466j),(0.00760515955309772+0.0058979749629584416j),3050000000
(0.6493465237685316+0.5182560680045453j),(0.007711496928758808+0.005816610524356588j),3052500000
(0.6504851418534041+0.5154892477969061j),(0.0077176397882908875+0.005772790067088389j),3055000000
(0.6544601725986612+0.5106020357740713j),(0.00785361794483007+0.005664489653497347j),3057500000
(0.6567172094181876+0.5055600264102361j),(0.007888955362502831+0.0056036265032865205j),3060000000
(0.6594266560878115+0.5027627543525114j),(0.008029537508069659+0.005595208670675823j),3062500000
(0.6619241086973684+0.5004566683858851j),(0.008106705016259952+0.005577625956534076j),3065000000
(0.6662262787535705+0.4932678443938797j),(0.008226025314011811+0.005346854477929582j),3067500000
(0.6680970458764786+0.48776043291475635j),(0.008372998827980626+0.005277717803095959j),3070000000
(0.6718626052301538+0.4863688947322985j),(0.008276739070330101+0.00523505996112717j),3072500000
(0.6754974962530015+0.4799601449957676j),(0.008357579554304037+0.005163801883241196j),3075000000
(0.6769878651676072+0.4789376606275314j),(0.008440901218990517+0.005079637519292093j),3077500000
(0.6791283329427211+0.4758916533954353j),(0.00856751824602984+0.005027950534783462j),3080000000
(0.6819476411257721+0.47257498546199406j),(0.0086449927007056+0.004841182490135425j),3082500000
(0.6830328839610675+0.46645954022460046j),(0.008839438721258122+0.004784726531500343j),3085000000
(0.6867846442921562+0.4642655612734457j),(0.008885298390374578+0.004696259331166609j),3087500000
(0.6878766628824307+0.46038571355286284j),(0.008894086003272409+0.004635478957381287j),3090000000
(0.6884907287441957+0.45698062859389293j),(0.008876320578657358+0.004416648713661811j),3092500000
(0.6925682329547888+0.4526265436891563j),(0.009010542029261494+0.004437108910388607j),3095000000
(0.6946843992329021+0.44964013004185577j),(0.009132490799638182+0.004276321251915234j),3097500000
(0.6987290766971997+0.4440665754575482j),(0.009194796579186539+0.004227062197947008j),3100000000
(0.6995305856639744+0.43974389088804045j),(0.009233690452599471+0.004176129447968424j),3102500000
(0.7033115648613182+0.4346481472144071j),(0.009282136841803635+0.004084336904828014j),3105000000
(0.706313385517152+0.42957176781526885j),(0.009550856616212093+0.003915677876785541j),3107500000
(0.7079514927615849+0.4289870506538722j),(0.009576265617086296+0.0037640956219258115j),3110000000
(0.7090795402361765+0.42645822320692556j),(0.009606279537416525+0.0038287273416474903j),3112500000
(0.7092072200693603+0.42533983999019553j),(0.009634672883001336+0.003677728939804892j),3115000000
(0.7138693246359693+0.419102384526781j),(0.009808681794911416+0.003569163162529332j),3117500000
(0.7175986659435879+0.4127444301750845j),(0.00982839257052075+0.003523531444593461j),3120000000
(0.7203797879334778+0.41005315325779573j),(0.010000701454334581+0.003293890009836797j),3122500000
(0.7208646442206307+0.4093754450954555j),(0.010113843226325697+0.003186253767934393j),3125000000
(0.7248584386585765+0.40398199536475754j),(0.010323412327298154+0.0031956473048232606j),3127500000
(0.7281460020367994+0.39402820023876933j),(0.010452754476123859+0.0030273277207511474j),3130000000
(0.7278257891417168+0.3978215360025474j),(0.010557976652936656+0.0028856580085043814j),3132500000
(0.7291537106114979+0.3902805992453828j),(0.010600175483003906+0.0027435585573989626j),3135000000
(0.7306728361947342+0.3902988963206089j),(0.01051804984828581+0.0026376509905749607j),3137500000
(0.7350891996881508+0.3802332967781982j),(0.01059972287693435+0.0025656624242586332j),3140000000
(0.7377528923256829+0.3748426234592414j),(0.010783394011758726+0.0023757219812320794j),3142500000
(0.7380149602484491+0.3736469774963099j),(0.01085993956021901+0.002370160828999898j),3145000000
(0.7403129139971806+0.36251477025746254j),(0.011002812371972086+0.0020716555985919377j),3147500000
(0.7436200434399015+0.35982557191312753j),(0.01113557801379969+0.00199490375284294j),3150000000
(0.7453047121607884+0.3529092920022714j),(0.011165550859985189+0.0017958667347757822j),3152500000
(0.7460153088247641+0.35399568442689366j),(0.011310449740994486+0.001646003912663509j),3155000000
(0.74656774274937+0.3499288768249953j),(0.011376598420479455+0.001574980967154813j),3157500000
(0.7480892035339629+0.34249914446951996j),(0.011409684580995106+0.0014128331516496113j),3160000000
(0.7492551214498013+0.3399354610305278j),(0.011489859352468287+0.0012565223516868916j),3162500000
(0.7540831094658655+0.32631530508032447j),(0.011577482775208477+0.0011128606823193094j),3165000000
(0.7535575026331998+0.33192488584161833j),(0.011624867711801075+0.0009493090438808937j),3167500000
(0.7556011681175023+0.3244442447457972j),(0.01174327096316947+0.0008924126401291212j),3170000000
(0.7584167473528849+0.3167626747419454j),(0.011887954974807897+0.0006478170933563634j),3172500000
(0.756514253048726+0.3193613372061303j),(0.012070665669041003+0.0004558007046245328j),3175000000
(0.7597668102310956+0.3140935041199969j),(0.012001514553969648+0.0003591911139367534j),3177500000
(0.7614240129615891+0.3066984241744059j),(0.012260359513688722+0.00010593563250078345j),3180000000
(0.7625581615165723+0.3030386679086921j),(0.012267583085832496-2.598570122637478e-05j),3182500000
(0.7636617931617405+0.29741183873531674j),(0.012321022760915767-0.00046896437470466713j),3185000000
(0.7633007565793373+0.2941359646865444j),(0.012364991195177602-0.0005112766004140637j),3187500000
(0.768518908365127+0.282679979662136j),(0.01240478615974296-0.0007581259306272941j),3190000000
(0.7679451108451393+0.28322610740127674j),(0.012530732336817282-0.0009926674899963257j),3192500000
(0.7728767970452375+0.2746967986006366j),(0.012572243049122722-0.0011795183465468646j),3195000000
(0.7729456841094938+0.27272650481953153j),(0.012692779451913532-0.0014447253030511796j),3197500000
(0.7740884148741896+0.26803187705125775j),(0.012733608936009685-0.0016587767050946064j),3200000000
(0.7756354812071606+0.25912376667405274j),(0.012728391733237244-0.0019678676855449757j),3202500000
(0.7767665380558725+0.2583494611503092j),(0.012948638363717246-0.0020401889661630125j),3205000000
(0.7766760081913189+0.25258090041666853j),(0.012900304699281788-0.0023388296345079004j),3207500000
(0.7794407650245646+0.2480400323445542j),(0.012967536673591351-0.002600955828310996j),3210000000
(0.7837531804562179+0.23984852688594505j),(0.013000181882763778-0.0028801498876149514j),3212500000
(0.7827553092251096+0.24203379302280795j),(0.013074237788141303-0.0030770154399157035j),3215000000
(0.7858815573022281+0.23145092287703067j),(0.013145403759416115-0.0033525343400538695j),3217500000
(0.7846117254049217+0.2295123277204621j),(0.01315434375482518-0.0036317364044506084j),3220000000
(0.7847440586104978+0.22543153059047125j),(0.013058101044405598-0.0038236163887462034j),3222500000
(0.789029391387244+0.21343276192516228j),(0.013064508754924296-0.004220832625189069j),3225000000
(0.79084546986458+0.21297861390349124j),(0.013219564599560486-0.004396264716094798j),3227500000
(0.7928448308641917+0.20244022273763215j),(0.013136196672664193-0.004840368836497141j),3230000000
(0.7943157175347052+0.1989663754614584j),(0.013194145331315419-0.00508058349565412j),3232500000
(0.794516501523399+0.19228986282724503j),(0.013098252032255816-0.0054148338871148624j),3235000000
(0.7965365327801752+0.18930691850038545j),(0.013123163389344623-0.005687907505976061j),3237500000
(0.7983820349537973+0.17780151681905365j),(0.013108024352233285-0.005964674273349178j),3240000000
(0.8013211513099748+0.17290169399670322j),(0.01303346365707633-0.006144374996870255j),3242500000
(0.7995118813637357+0.17577439071475695j),(0.012920029791472996-0.0064275596120775755j),3245000000
(0.8000718898260343+0.16810671038973313j),(0.012811976866865308-0.006689732261951147j),3247500000
(0.8017657046165639+0.16380980624266148j),(0.01286556990142901-0.0068654954589784725j),3250000000
(0.8123560592361705+0.14574898038722528j),(0.012820087206168604-0.006920451783983072j),3250000000
(0.8123719190279721+0.14206770330599888j),(0.012901957857307684-0.007226762844425529j),3252500000
(0.8147058846247975+0.1360905239495585j),(0.012735280933108975-0.007581287187943673j),3255000000
(0.8134438474423128+0.13260347957558774j),(0.012631838077728379-0.007922347022150254j),3257500000
(0.8156038706102745+0.12611406892547183j),(0.012460999667892282-0.00813534807687105j),3260000000
(0.8174231581884936+0.11822346163971006j),(0.012413156058473228-0.008459462708655026j),3262500000
(0.8185094717535062+0.11566855482678569j),(0.012270662802733912-0.00869406146980776j),3265000000
(0.818645232798795+0.10945631959222574j),(0.012090703662869228-0.009094472142740674j),3267500000
(0.819782076649001+0.1048557660709314j),(0.011925729602808457-0.009371939457966235j),3270000000
(0.817400754360371+0.1042667524986863j),(0.011881894609224689-0.009687834558297106j),3272500000
(0.8198890694977826+0.09684606850361474j),(0.0115200963772133-0.009945841836457102j),3275000000
(0.820804404420086+0.09274039081452742j),(0.011500575597310424-0.010233582151048625j),3277500000
(0.822616285980413+0.08054584396799505j),(0.01120784033362193-0.010547616611902606j),3280000000
(0.823016659578825+0.08178123236611662j),(0.011170930291053633-0.010841849103542519j),3282500000
(0.8214062532043445+0.07539639884205572j),(0.011013322388130681-0.01091586490159085j),3285000000
(0.8248418510892519+0.0679676852083484j),(0.010732209079835152-0.011333888361193502j),3287500000
(0.822973399848562+0.0675731921007602j),(0.010618539814915506-0.011570795886701561j),3290000000
(0.8240204845869761+0.06367824698547109j),(0.010432242749303138-0.011750368800201834j),3292500000
(0.8234685799045764+0.0583820273406469j),(0.010172607454430266-0.01205713099075166j),3295000000
(0.824864278488139+0.052946303105338134j),(0.009999145997028199-0.012269593156836248j),3297500000
(0.8177509670016874+0.05789625881591752j),(0.00983653975967691-0.01249956012343381j),3300000000
(0.8196008512511004+0.05139497212473575j),(0.009568631013453507-0.012690807974655282j),3302500000
(0.8207370689567258+0.04690342950835661j),(0.009239188251542529-0.013025658054901497j),3305000000
(0.8197746649820346+0.04665631292541371j),(0.009137488728961538-0.013271322863084077j),3307500000
(0.8213977463673803+0.03782659265897464j),(0.008833918986791442-0.013541374788686156j),3310000000
(0.8199303836091437+0.03604624540205605j),(0.00857045008119111-0.013631576097344167j),3312500000
(0.8212711595533494+0.029780800640292038j),(0.0083508459186724-0.013850035560293272j),3315000000
(0.8206448714155188+0.02427633071785115j),(0.007974106134177547-0.014068771716022787j),3317500000
(0.8227379612068142+0.017552171780945574j),(0.0078099456346518-0.014419596435284303j),3320000000
(0.8200614574371401+0.017636040360239413j),(0.007535907863240935-0.014527634864133686j),3322500000
(0.8215326566927197+0.014119922220822504j),(0.007043265760294513-0.014833528612405977j),3325000000
(0.8208319314654537+0.008653414377309635j),(0.006691467345469768-0.015044708697681175j),3327500000
(0.8221627491883723+0.00019092967925256953j),(0.006284389739885661-0.01525024233266473j),3330000000
(0.8240193917401794-0.005053235731671559j),(0.006128071828044803-0.015293207594097797j),3332500000
(0.8235652142367166-0.016684689965881194j),(0.0057688476570719-0.015499391076051739j),3335000000
(0.8255200483208397-0.01935557035384156j),(0.005313360724405223-0.01567713465816836j),3337500000
(0.8223348379664769-0.02488353361920236j),(0.004857824563502361-0.015931905569364215j),3340000000
(0.8234691318854571-0.03016291296577512j),(0.004583635827371265-0.016011793653411214j),3342500000
(0.8226134447504018-0.03400674126968982j),(0.00422623700120723-0.01606463494840874j),3345000000
(0.8225006272524022-0.03746175013880247j),(0.0038809522261809165-0.016074065158791517j),3347500000
(0.8221140307553279-0.042378405666632944j),(0.0034346757394152867-0.016269538379911824j),3350000000
(0.8221038911421821-0.043602476710811286j),(0.0031116270000206823-0.01626697331120558j),3352500000
(0.8220376554930939-0.048867651683353705j),(0.002604449255828439-0.016387197347876907j),3355000000
(0.8203975428841352-0.05363134143410479j),(0.002227274336922069-0.01633980010536422j),3357500000
(0.820791773733849-0.059414900557441114j),(0.0019186652333862092-0.016281164499649947j),3360000000
(0.8184484763442036-0.06691517283154852j),(0.0014653699001891435-0.016377651809597733j),3362500000
(0.8183956148276215-0.06673617334996168j),(0.0012800107862113018-0.016312943429433586j),3365000000
(0.815566412387882-0.071274515949515j),(0.0010118308369556745-0.016249237423366238j),3367500000
(0.815505066025831-0.08055739075217419j),(0.0003478049467656769-0.016277625544150222j),3370000000
(0.8161053782582581-0.0777649607435592j),(0.00011428289746752765-0.016272944846347233j),3372500000
(0.8137588862538343-0.0875129760087166j),(-0.00021782002211051662-0.01617083831005441j),3375000000
(0.8147020960626091-0.08858183541735844j),(-0.0006423474564916068-0.016150780821625473j),3377500000
(0.8064200957364787-0.08867719793490415j),(-0.0006502627776977894-0.015955416631312985j),3380000000
(0.7926334611308501-0.09176305138007179j),(-0.0010105361856460136-0.015723947400157635j),3382500000
(0.792076758189297-0.09044760718753245j),(-0.001275668381812669-0.015616841299956956j),3385000000
(0.8012112550984651-0.10239613731431309j),(-0.0017489377518074346-0.015678973213440892j),3387500000
(0.8079998039223061-0.10761336420011082j),(-0.0021064635352490675-0.015800960847170503j),3390000000
(0.8064399499005752-0.11596330409706723j),(-0.002588076286801023-0.01580445396505193j),3392500000
(0.8061236063067726-0.11254776742821164j),(-0.0028077196218483534-0.015672613748075544j),3395000000
(0.804701650423423-0.12059490483090629j),(-0.003096152038262454-0.01560650600746199j),3397500000
(0.7985685581828119-0.1309535048512576j),(-0.003433746281003215-0.01562143501599277j),3400000000
(0.8018555438953092-0.1309650234692126j),(-0.0036407749456556105-0.01569692752564236j),3402500000
(0.7994457327611157-0.1336230905139713j),(-0.003979963225584308-0.015447675059897975j),3405000000
(0.7986414848469564-0.1387023702549884j),(-0.0043570464138276005-0.015421133071296196j),3407500000
(0.7986762000902737-0.13837190730717935j),(-0.004775694548906516-0.015263322218749964j),3410000000
(0.7964223098717663-0.14302967340085093j),(-0.005297916146240189-0.015145315007936137j),3412500000
(0.7964238176126159-0.14462059530859453j),(-0.005672325888308723-0.015153150134995519j),3415000000
(0.7954523646148319-0.1463948592358316j),(-0.005981743714994138-0.01490030217469088j),3417500000
(0.7936201605823954-0.15271891357099j),(-0.006299757678458516-0.014584780210480628j),3420000000
(0.7933256686035899-0.15632887983930657j),(-0.006662570566533596-0.014371643501800535j),3422500000
(0.7969102936989165-0.15514666696737597j),(-0.00684497179591125-0.014065848316115081j),3425000000
(0.7945126895092254-0.16620399608338238j),(-0.007289437718203399-0.013700998237839861j),3427500000
(0.7926109582933883-0.16915481702968183j),(-0.007279553347588978-0.01332199760681779j),3430000000
(0.787779623699-0.17828691007158928j),(-0.0075877627574051885-0.013073760351310365j),3432500000
(0.7905277352174988-0.1771907343430268j),(-0.007637448392870015-0.012884964918898213j),3435000000
(0.7893967103927283-0.1789980770363084j),(-0.007902041042427083-0.012685983977761271j),3437500000
(0.7899201417697743-0.18048220716754024j),(-0.008005866481370683-0.012480456040189252j),3440000000
(0.7864742810277935-0.18393229122720048j),(-0.008158596433907206-0.012197120423313933j),3442500000
(0.7819652124277052-0.1965305975074933j),(-0.008401834732130986-0.012058203875603564j),3445000000
(0.7871432260001701-0.18857833742952573j),(-0.00862220475227208-0.011757968996432992j),3447500000
(0.7808673514883339-0.19869139627788276j),(-0.008816592770705194-0.011560723537957226j),3450000000
(0.7805188540210442-0.2049958785897359j),(-0.0088937879695383-0.011399112107845747j),3452500000
(0.7801963947932624-0.20261819120842153j),(-0.009132080038882183-0.011247234322716551j),3455000000
(0.7766866355211564-0.21188287922293625j),(-0.009222334450885324-0.010984814968087698j),3457500000
(0.7760625276769262-0.21557034106169712j),(-0.009491858448194827-0.010774114902328713j),3460000000
(0.7769801049070589-0.21377897656982958j),(-0.009638541759686097-0.01053342816998753j),3462500000
(0.7735990749174673-0.22129480722059333j),(-0.00972297069100793-0.01017127562940625j),3465000000
(0.7742361527065368-0.2198391140605545j),(-0.009849325318767657-0.010066852637630666j),3467500000
(0.7711545213847727-0.22786960292722483j),(-0.009959168391015929-0.009720009680115695j),3470000000
(0.768044765330513-0.2307535457724326j),(-0.010136964442983025-0.009414781469723233j),3472500000
(0.768952872547503-0.23310262949905503j),(-0.01026600254401141-0.009207105800992214j),3475000000
(0.76761272724331-0.23954659870238182j),(-0.010456177160099165-0.009069696241946517j),3477500000
(0.7694800690123333-0.23492942749492143j),(-0.010526268225065827-0.0087263105954217j),3480000000
(0.7627401513520025-0.24455839193937487j),(-0.010655700270193795-0.00822990439392354j),3482500000
(0.7632729727102625-0.24529303361286925j),(-0.010728221257679036-0.008062683921258916j),3485000000
(0.7638563743489127-0.24788868057234745j),(-0.010879231465401316-0.007856594612979311j),3487500000
(0.7584105430801433-0.2566360936338986j),(-0.010886154430700184-0.007421730451964689j),3490000000
(0.7593013923734946-0.26012229603646986j),(-0.010938884297888241-0.007306355244352766j),3492500000
(0.7556672864164575-0.26542689697232635j),(-0.010965170076517603-0.006979619246345194j),3495000000
(0.7584950662634471-0.261300190787343j),(-0.010964441954470954-0.0067163856381504804j),3497500000
(0.7588453661570952-0.2634307964582276j),(-0.01099546866630461-0.006353554625189234j),3500000000
(0.7590563268641258-0.2625364833281749j),(-0.010923022589855839-0.006365202052126376j),3500000000
(0.7555308508128216-0.27182278661777426j),(-0.010990608397631503-0.006116624063848344j),3502500000
(0.7506086877202253-0.2735476569338233j),(-0.010988830743009634-0.005896402413386234j),3505000000
(0.7523394844498633-0.2760146745238118j),(-0.010937830365258375-0.0056609184886644735j),3507500000
(0.7525294097178473-0.27713952556259214j),(-0.011012288259270947-0.005350952289384815j),3510000000
(0.7491190782841561-0.2825757660789877j),(-0.010833906387465704-0.00522323121123081j),3512500000
(0.7478863642555905-0.28803324195503754j),(-0.010837344906876522-0.005038101784608682j),3515000000
(0.7473327720048687-0.2855281700375378j),(-0.010843418624558612-0.004761164955355262j),3517500000
(0.7438714678323206-0.29410607305936703j),(-0.010825275600989247-0.0044343005845919655j),3520000000
(0.7415858440728109-0.3010863053966765j),(-0.010759554478201136-0.004229719553284995j),3522500000
(0.7438222208720653-0.29648481521568554j),(-0.010680639269231209-0.004102982264262196j),3525000000
(0.7423722943000742-0.30432596599625633j),(-0.010722620118823297-0.003828061863375246j),3527500000
(0.741671115506544-0.3049504980483495j),(-0.010729286340095387-0.0036140608906530557j),3530000000
(0.7379297906400426-0.3076821654475384j),(-0.010742367575668056-0.003549973883739205j),3532500000
(0.7357017371508627-0.31195106303288084j),(-0.010556431948297905-0.0032165899769761963j),3535000000
(0.7337639845360013-0.3149672094052284j),(-0.010536340430334497-0.003210509220104552j),3537500000
(0.7337543228308003-0.31528124335953517j),(-0.010468126088968495-0.0029261816117584403j),3540000000
(0.7350670429305859-0.3139081835702402j),(-0.010421653242774057-0.0029107596388728155j),3542500000
(0.7339839078764816-0.31680123373117575j),(-0.010251960272600157-0.0026792031601992373j),3545000000
(0.7312317002132034-0.32879362578103566j),(-0.010338436438126907-0.002276213474379931j),3547500000
(0.7283215202553833-0.3266941114534066j),(-0.01027027439897411-0.0021575366847096707j),3550000000
(0.7250692647263854-0.33359366291676845j),(-0.010138262620888825-0.0020260071462592164j),3552500000
(0.7230968070592572-0.336782720958607j),(-0.010102439340495746-0.0019015802329296664j),3555000000
(0.7227755832702133-0.3367685333563179j),(-0.009998958666531688-0.0018229515639644068j),3557500000
(0.7198476817298756-0.3439360042365539j),(-0.009984645442007334-0.0015897283664267963j),3560000000
(0.7197119425686667-0.35043375094492163j),(-0.00979033106364529-0.0015062904473517125j),3562500000
(0.7186643248295751-0.35248821794045204j),(-0.00955085804524489-0.0012969317922325223j),3565000000
(0.7191100394923082-0.34941481595058216j),(-0.00954444433813746-0.0012655427119102674j),3567500000
(0.7156541731586883-0.3550663141976414j),(-0.009508075358091964-0.001015362261036146j),3570000000
(0.7137085087073449-0.36018992444401493j),(-0.00946771931444115-0.0007649497241060856j),3572500000
(0.7121003887249155-0.3615378546941923j),(-0.00922174799392407-0.0006873968761360396j),3575000000
(0.7106087438186534-0.3628295931546724j),(-0.009238521709568431-0.000755372007856024j),3577500000
(0.7103027625645737-0.36977181942425724j),(-0.009142167948506849-0.0003500464885947663j),3580000000
(0.7087691116038083-0.3697437694709971j),(-0.009051688978861754-0.00024994951744083694j),3582500000
(0.7084184213961194-0.3748059107253006j),(-0.00890762654496389-0.00015745219764969504j),3585000000
(0.7060728996670719-0.37404122895890357j),(-0.00872539455240662-0.00015340840005652622j),3587500000
(0.7056440445253626-0.37890196821381816j),(-0.008715835782996383+0.00013700475509194796j),3590000000
(0.7024333539049518-0.3852333924658947j),(-0.008486340790296+8.461960603915481e-05j),3592500000
(0.7013647776985134-0.38855957100411476j),(-0.008567421661238032+0.0001209329524479911j),3595000000
(0.6998400265100178-0.3966334148478529j),(-0.008251050667290741+0.0003159024091801698j),3597500000
(0.6966469261005772-0.40502716931687993j),(-0.008332207792816508+0.0005578311655515158j),3600000000
(0.6974483632330651-0.4033653220809601j),(-0.008209065064539021+0.0003035094157711096j),3602500000
(0.6947406966447338-0.40423989017758855j),(-0.008101984691040887+0.0005199119139241854j),3605000000
(0.6952640237459864-0.40800084179013957j),(-0.007956258086839287+0.000673133249472437j),3607500000
(0.6929528430307812-0.4132474618267418j),(-0.00783244717501691+0.0009227535946026452j),3610000000
(0.6957892639362286-0.4098610022667956j),(-0.007793124788250318+0.0008232462485770045j),3612500000
(0.6930576292110249-0.4133513456824173j),(-0.007491538687417767+0.0008148343275562764j),3615000000
(0.6890193405700646-0.41946444775816877j),(-0.007392575233848698+0.0009119764508657355j),3617500000
(0.6871874213405909-0.4246380023968016j),(-0.007259256349894426+0.0010183742641125292j),3620000000
(0.6855695462512342-0.4281413091831171j),(-0.007255098071378414+0.0011855999522634565j),3622500000
(0.685884830852726-0.4285161730752665j),(-0.007113565923048591+0.0010029038104140892j),3625000000
(0.684173322635313-0.43185375924824604j),(-0.0070066650847328835+0.0009693290776536144j),3627500000
(0.6842433323474927-0.4337529973745258j),(-0.006856933876536049+0.0009140290034138441j),3630000000
(0.6814633545264991-0.43944789729107536j),(-0.006768603452113207+0.0009754354530222394j),3632500000
(0.6787039446730045-0.4411542806744884j),(-0.0066706326137704035+0.0010768040972133144j),3635000000
(0.6782476319668231-0.44016152508889206j),(-0.0064944262648318615+0.0010640467670429187j),3637500000
(0.6719667837445279-0.45079600932417374j),(-0.006611416283016448+0.0010476439911550055j),3640000000
(0.6706560533769733-0.4526056811057609j),(-0.00662706316533041+0.001173389712861185j),3642500000
(0.6698226772186427-0.4581442480045696j),(-0.006322574332457106+0.001237386706158087j),3645000000
(0.6685134736186575-0.45769975986647693j),(-0.006268536642267152+0.00125716776391391j),3647500000
(0.6665696129581963-0.46444357245992707j),(-0.0061950650221001225+0.001256941335105548j),3650000000
(0.6666091399317428-0.46825317553707185j),(-0.0061690688007596615+0.0011710762251713205j),3652500000
(0.6622618454543657-0.4735607928421387j),(-0.005974731869138497+0.0011461057230445948j),3655000000
(0.6588533578184927-0.4772123464894037j),(-0.005911775745411601+0.001124053475208114j),3657500000
(0.6567302301159584-0.4754748018605152j),(-0.005825858458205996+0.00097821736838255j),3660000000
(0.654487992497799-0.4828652473986588j),(-0.005752205344696647+0.0010543918744498582j),3662500000
(0.6553555029280569-0.4813768594082361j),(-0.005642180198223315+0.0010439403190380906j),3665000000
(0.6566992626914345-0.48402837000170557j),(-0.005730391400579527+0.0010766400730310224j),3667500000
(0.6501313124519309-0.49070708027967913j),(-0.005686288315041855+0.0009295196247869999j),3670000000
(0.6493285347431162-0.4927441786668058j),(-0.005531053482328283+0.000867120638781936j),3672500000
(0.6438993345246866-0.4992335473653323j),(-0.005400670742362433+0.0007927340976628203j),3675000000
(0.6447911768157212-0.5015404241134229j),(-0.00543505668844687+0.001027637978932124j),3677500000
(0.6420639182460024-0.50585247681405j),(-0.0054052365857979534+0.0009203937468010735j),3680000000
(0.6413604787894592-0.5104671076490918j),(-0.005384776106704291+0.0009596607190185389j),3682500000
(0.6344242050542352-0.5125251434101191j),(-0.005368099511174734+0.0009409464889209505j),3685000000
(0.6311647266885506-0.5147270360265886j),(-0.005453290118039012+0.001011445402510944j),3687500000
(0.6266352551310711-0.5176009185872168j),(-0.005228351240835834+0.0009666753933149156j),3690000000
(0.621712075253346-0.5243564570344506j),(-0.005264161695668422+0.0008847923477975949j),3692500000
(0.6213107092027667-0.527261411519531j),(-0.005153325521844578+0.000734816381968733j),3695000000
(0.6186953177513276-0.5275576561313813j),(-0.005047620271428471+0.0007294604641448872j),3697500000
(0.6183462249688991-0.5257426202634128j),(-0.0051661097606926255+0.0006690638011531604j),3700000000
(0.6170875351000518-0.5259437626341564j),(-0.005041642330480554+0.0008223328741852788j),3702500000
(0.6129462151903137-0.5311753934872614j),(-0.0049132292241122425+0.0006331375701006379j),3705000000
(0.6164269219320098-0.5270397027953511j),(-0.004936628189480761+0.0005314065788857528j),3707500000
(0.6161000586556816-0.5292378217757596j),(-0.004912765821771722+0.0004841584335988281j),3710000000
(0.6104160354874131-0.5333575626137859j),(-0.00502270991423841+0.0004151951231196969j),3712500000
(0.6079709233025815-0.5374626703294025j),(-0.004989428942679734+0.0002754970557226715j),3715000000
(0.6090186787733386-0.541321537604302j),(-0.0049825717541803335+0.0003089821408472372j),3717500000
(0.6120847978304387-0.5381589051687427j),(-0.005005615632656124+0.0002461391443363784j),3720000000
(0.6051863231391521-0.5480768947662035j),(-0.004784257602508606+0.00022395552015849946j),3722500000
(0.6108599073755889-0.5405806113407735j),(-0.00513580965577053+0.00017455867059740923j),3725000000
(0.5999061685836269-0.5523176809331798j),(-0.005082462743571584+0.00026856571871493047j),3727500000
(0.6056523785119241-0.549027161465258j),(-0.00521864690367284+3.6778544651656396e-05j),3730000000
(0.6037738743763124-0.5497579940917626j),(-0.005363043697670913+0.00011062309513926554j),3732500000
(0.6007630197982078-0.555061425461094j),(-0.005209712004486105+0.00019420978518134053j),3735000000
(0.5955989545187389-0.5563374483613602j),(-0.005335458160571004-1.8508268980301573e-05j),3737500000
(0.5908528914867935-0.5630861595581254j),(-0.005323544885860207-0.00010427039163516405j),3740000000
(0.5843454516052319-0.5632497751531204j),(-0.005286513469522713-2.6220026700413754e-05j),3742500000
(0.5872836626921795-0.5602759773628699j),(-0.005468534577776459-0.0004939810349068821j),3745000000
(0.575274035779391-0.5698357318993936j),(-0.0053541838922380085-6.40976534975852e-05j),3747500000
(0.5831497153916806-0.5626951304959813j),(-0.005144043621147747-0.00018075863271037448j),3750000000
(0.580069815688855-0.5686287155813601j),(-0.005421272111300328-0.00027171333299492924j),3750000000
(0.585533562070223-0.5619444998371896j),(-0.005432518767194527-0.00027226991068678526j),3752500000
(0.5757848472916425-0.571202735058433j),(-0.00547744692567646-0.00035859962521537646j),3755000000
(0.5681421877460111-0.5730258525250103j),(-0.005482001148701169-0.00026674833944968475j),3757500000
(0.5699287250357069-0.5693046337121737j),(-0.005444883240029766-0.00034280668479544677j),3760000000
(0.5646126868348214-0.5775008320727786j),(-0.005867637219114671-0.000621674816854569j),3762500000
(0.5666201821466728-0.577121230691997j),(-0.005718758834315655-0.0007946847460588843j),3765000000
(0.557910225143042-0.5802150115871891j),(-0.005755875541670864-0.00048436297168231567j),3767500000
(0.554292104870213-0.5821662615311829j),(-0.0056883809794627494-0.0007013779408617576j),3770000000
(0.548332775797262-0.5778725731244889j),(-0.005635496874048595-0.0006765427285364393j),3772500000
(0.5451276706043138-0.5742017070735722j),(-0.00561339999264054-0.0006645953755877038j),3775000000
(0.5451794724927022-0.5767039620916742j),(-0.005928670817347823-0.0005890989611978292j),3777500000
(0.5422058922436789-0.5806628200634291j),(-0.006054725825961875-0.000687760015146005j),3780000000
(0.5381518521849982-0.5782362185638042j),(-0.006231785012177723-0.0007200745735948716j),3782500000
(0.5315953813587471-0.5786161551066668j),(-0.0060732686451989305-0.001079591110609597j),3785000000
(0.526236083690172-0.5864547464484076j),(-0.006196198250369581-0.000907040767501524j),3787500000
(0.5296473890526593-0.5792971458204836j),(-0.0058028177882985706-0.0009588709578962355j),3790000000
(0.5221220491613886-0.5851411038514738j),(-0.006153223282869897-0.0009467308556124766j),3792500000
(0.5197352202102269-0.5838111192397253j),(-0.0065419803774281575-0.0009913540752184984j),3795000000
(0.5151125807775392-0.5834959211876082j),(-0.006814079479510868-0.0008055813261160438j),3797500000
(0.5116560674667435-0.5869212418746962j),(-0.006772282076653459-0.0012105730364968918j),3800000000
(0.508010902929399-0.5824293110230355j),(-0.0065040229350520895-0.0009054937105124041j),3802500000
(0.5016260000752284-0.586304315292755j),(-0.006494127182185337-0.0014681607808715825j),3805000000
(0.4998419905765497-0.5833799749131627j),(-0.006831168994542406-0.0014777543788391074j),3807500000
(0.49647137571720173-0.5838992685415064j),(-0.007149017463115764-0.0013408768471975382j),3810000000
(0.4934551592107043-0.5844574855778035j),(-0.00748192278459115-0.0013044884251927212j),3812500000
(0.4907062440204378-0.5842988446178179j),(-0.007567041708615412-0.0015224625521050748j),3815000000
(0.4821424605927231-0.5876711786784372j),(-0.007657544451410847-0.0018260516986874122j),3817500000
(0.48345682324394323-0.5842494325613826j),(-0.007942214819065383-0.0017125936770676785j),3820000000
(0.47960212594629253-0.5836184263953483j),(-0.008019676771859498-0.0021292474028298805j),3822500000
(0.4734865767318378-0.584084319090332j),(-0.008409304174502771-0.0018734336036242288j),3825000000
(0.47321127580370725-0.5795093714078253j),(-0.008555866276735484-0.002345237605149805j),3827500000
(0.4643715819682844-0.5824082875058098j),(-0.00866761351370944-0.0021963250394753126j),3830000000
(0.4646935601523021-0.5802924722291779j),(-0.008741772878870718-0.0022194501971275218j),3832500000
(0.4633814845129564-0.5861927369739173j),(-0.009122770003259768-0.001882564667561996j),3835000000
(0.46405860453459374-0.582511990712411j),(-0.009661002201236302-0.001807858109070414j),3837500000
(0.4582752339532645-0.5792395711599041j),(-0.0095693749804564-0.0020842383108642605j),3840000000
(0.4528910738267662-0.5834188709675967j),(-0.010234687425677626-0.001963683910682535j),3842500000
(0.4488781174085817-0.5859734854643168j),(-0.01038405838218454-0.0016327356914502657j),3845000000
(0.447069002420093-0.5862968266269126j),(-0.010680780295319558-0.0017562047468209028j),3847500000
(0.44373988416977034-0.5842601464085342j),(-0.011012810291717882-0.0019586220452130175j),3850000000
(0.44235556101131707-0.5841228260666832j),(-0.011318611342515585-0.001927894922139606j),3852500000
(0.440641095127167-0.5833593475399245j),(-0.011889544120600967-0.0014617587972381265j),3855000000
(0.43671896435649193-0.585015703006088j),(-0.011992347120635004-0.0014272120765263434j),3857500000
(0.4341586960628004-0.5820456720619591j),(-0.012231804722523033-0.0012000562494018264j),3860000000
(0.43233341911783885-0.5806297134985339j),(-0.012611876742102793-0.0011050276273707692j),3862500000
(0.43134362350559835-0.5827291903507239j),(-0.013042659874139453-0.0010152125521312248j),3865000000
(0.431217880138158-0.5779477539065373j),(-0.013111522723098607-0.0008636159240325372j),3867500000
(0.42894880552845693-0.5800161496642668j),(-0.013448081312128362-0.0005054065050191161j),3870000000
(0.4304934653532343-0.5771912703875862j),(-0.013712067822613853-0.0005369485945854696j),3872500000
(0.42836796367661273-0.5784518073454322j),(-0.01422495684936787-9.18964871215516e-05j),3875000000
(0.42606409198446116-0.578276895229509j),(-0.014421241151083472-4.925454147740641e-05j),3877500000
(0.4228207649085978-0.5761450502625236j),(-0.014662185175260837+0.0004897843258014631j),3880000000
(0.4243384842290074-0.5781890534890137j),(-0.015175027186616827+0.0009537749719456679j),3882500000
(0.4272134702474424-0.5748648520725027j),(-0.01564315626914673+0.0015994397087848397j),3885000000
(0.4231834894324678-0.5774924857408894j),(-0.015813815751492148+0.0014943927139931222j),3887500000
(0.4227540354345579-0.5794603072314991j),(-0.016119533611176472+0.0018008751838835331j),3890000000
(0.42681990918607116-0.578759027089543j),(-0.016518317438995053+0.00204711306029476j),3892500000
(0.4254683873179424-0.5809747473138596j),(-0.016815376470334077+0.0027410983272191016j),3895000000
(0.4286656007329683-0.5800087209450803j),(-0.017039598203003523+0.002808852779060535j),3897500000
(0.4245444574702267-0.5842618100084723j),(-0.01734296808356603+0.003547658874816768j),3900000000
(0.42644687278190985-0.5821652626499563j),(-0.017160195646030017+0.003713199143749768j),3902500000
(0.4279741797419248-0.5832035742158528j),(-0.01735231131946616+0.004232524837106712j),3905000000
(0.42694728261582926-0.5851353973375095j),(-0.017635691189618986+0.004979723625768234j),3907500000
(0.43516561910564006-0.5853258980963847j),(-0.01785747722632022+0.005038960417926962j),3910000000
(0.42939257926565644-0.5948946319455217j),(-0.01825589580562066+0.005923573098921136j),3912500000
(0.4358949968679489-0.5908559494782564j),(-0.01848953993784497+0.00627468616969464j),3915000000
(0.4312949085499822-0.5922341785395477j),(-0.01859594947145867+0.006914486103903119j),3917500000
(0.4377620510547849-0.5923276496668938j),(-0.01880914160505473+0.0075520365739363176j),3920000000
(0.43388025863640534-0.5968530142661723j),(-0.019005881067195186+0.00803785833780096j),3922500000
(0.43370065477838254-0.6004610854749338j),(-0.018891313871274573+0.008787671229057326j),3925000000
(0.4355306383191008-0.6015407358042087j),(-0.0189584905253788+0.009496832367761155j),3927500000
(0.43271532566755516-0.6068354458072156j),(-0.018782601893459+0.010073655667744867j),3930000000
(0.4315271280844684-0.6123128298522736j),(-0.018973206287828285+0.010889135320783313j),3932500000
(0.43651140895630963-0.6089655915251917j),(-0.019070028389772634+0.011352929509389785j),3935000000
(0.4358063396424455-0.6139612249436518j),(-0.019103747114005337+0.012030764611217791j),3937500000
(0.43293788413239-0.6147341144886533j),(-0.018989020269446457+0.01254261268236419j),3940000000
(0.43276937483272154-0.6178123144893745j),(-0.018913163947835845+0.013291970606350489j),3942500000
(0.43466356785643345-0.6201274053404562j),(-0.018984738225392855+0.013945132805457786j),3945000000
(0.4346586667628294-0.6241091827304212j),(-0.018843262507827283+0.01442871182084524j),3947500000
(0.4375898622015669-0.6277734211787359j),(-0.01865202354375832+0.014948136606164494j),3950000000
(0.43823033495664787-0.628281095377338j),(-0.0185181773431037+0.01569754811386537j),3952500000
(0.4334365538940478-0.6322762100728728j),(-0.01812264391859903+0.01661294636969082j),3955000000
(0.43955025481100635-0.6332628412537687j),(-0.018156220901953058+0.017172346700865062j),3957500000
(0.43291522665367227-0.638254852977023j),(-0.017700235572722496+0.01801444802672745j),3960000000
(0.43100859151572674-0.6395067933443349j),(-0.01751824046166377+0.018623432708836422j),3962500000
(0.43690059432479794-0.6409577326064478j),(-0.01741790548599298+0.01924347210778627j),3965000000
(0.4316398216112851-0.6455287151276378j),(-0.01675783696180596+0.019963206730726837j),3967500000
(0.4268767801275518-0.6475518226306329j),(-0.016329704062389646+0.02075826721959131j),3970000000
(0.4220167818725459-0.6469291998343579j),(-0.016489338921242325+0.021372333026546814j),3972500000
(0.4201785784269233-0.653593898974509j),(-0.015650226208103173+0.021916023134431157j),3975000000
(0.42723308299532614-0.6514237986294915j),(-0.015018661317272367+0.02248338097092733j),3977500000
(0.42804639349472484-0.653087686041489j),(-0.014831450561620111+0.023117796393542663j),3980000000
(0.42009740374431925-0.6554623176738945j),(-0.014003385581239638+0.02381766650972659j),3982500000
(0.4217805416538745-0.6540434773647301j),(-0.013863848317561617+0.024586775561363225j),3985000000
(0.4176054749062727-0.6579992243411983j),(-0.013321235438908932+0.025068863365594253j),3987500000
(0.417390666186652-0.6569530589866357j),(-0.01265881008939499+0.02552532580857108j),3990000000
(0.4217161025505915-0.6561431181415917j),(-0.012073811352086997+0.025901489580865134j),3992500000
(0.41694509419747827-0.6591389155171665j),(-0.011267994170440736+0.026626571821772128j),3995000000
(0.42043313481584293-0.6565955708439576j),(-0.010530725003198503+0.026975291698433334j),3997500000
(0.418244827394746-0.6537335800400433j),(-0.010171810834376242+0.027521894694911314j),4000000000
(0.4154966938084942-0.6551238954973647j),(-0.010114101373483168+0.027529473734769872j),4000000000
(0.4123356083580636-0.6585405545386004j),(-0.009177428089515932+0.027899961063231223j),4002500000
(0.41916756152823587-0.6553435967290315j),(-0.008443358603578584+0.028299673345781873j),4005000000
(0.41393931022108993-0.6568326384151805j),(-0.007722210466693241+0.028889522251527147j),4007500000
(0.41014201911552844-0.6566533862866741j),(-0.0070515839639484655+0.028975234681928974j),4010000000
(0.40744184130858746-0.6597977726634761j),(-0.006138468863779883+0.02945204962030258j),4012500000
(0.4142069822825147-0.6596843441050516j),(-0.005578431893150818+0.029639207051893542j),4015000000
(0.4170443188583598-0.6593896796443113j),(-0.004716841778136299+0.029854105792766594j),4017500000
(0.4191173090775138-0.6579086588747658j),(-0.0040194839922125915+0.030101469040752372j),4020000000
(0.41419614006667976-0.6588962149217714j),(-0.0030933779556619263+0.030273089944954857j),4022500000
(0.4169576161188098-0.6622535388456873j),(-0.0016843268708016126+0.030438711559918445j),4025000000
(0.4132770658043398-0.6658469066792966j),(-0.0008132614081898238+0.030638440807458485j),4027500000
(0.4129189922368856-0.670177216396021j),(0.00033732532777946825+0.03060170916404643j),4030000000
(0.40935959703556307-0.6715164555679722j),(0.000984273359809319+0.030604864365481852j),4032500000
(0.41317114114933107-0.6668334901656612j),(0.0021526282910451474+0.030565924231357875j),4035000000
(0.41437832735159463-0.6677136105234304j),(0.0032699950447449867+0.030399931855154723j),4037500000
(0.41234570435531714-0.6679262665231782j),(0.004276438403934442+0.030448895779462987j),4040000000
(0.40956230650769176-0.6718690245869321j),(0.005161582874860912+0.030157031111084417j),4042500000
(0.4075969163625463-0.6714871171108132j),(0.005897193414247055+0.029918342303500805j),4045000000
(0.4054735852723965-0.6755584402010799j),(0.007231983627587367+0.029366336866776633j),4047500000
(0.4047775600726785-0.6746117701874412j),(0.008146073885294966+0.028890089289788964j),4050000000
(0.4018212925818801-0.6814252217554893j),(0.009034091906871057+0.028466449363464884j),4052500000
(0.4040159246730036-0.6795022790884104j),(0.00971032819724655+0.02808977832601403j),4055000000
(0.39729283382477404-0.6854291042442289j),(0.010587306503041828+0.027347292252039235j),4057500000
(0.4026355078929933-0.6804320097398973j),(0.011055015198519452+0.027011651674783234j),4060000000
(0.39666713498833456-0.6857159787014004j),(0.011805842004344999+0.02618550178140668j),4062500000
(0.39894273565885774-0.6857164224336533j),(0.012746285697965494+0.02554039549989296j),4065000000
(0.399866965459582-0.6846869912223057j),(0.01335009939631082+0.02488420485687989j),4067500000
(0.3954276008515809-0.6882945437292697j),(0.013781763408152996+0.0242102766358488j),4070000000
(0.38621663521820465-0.6929243619068789j),(0.01442643858690349+0.023327690625772217j),4072500000
(0.3890723483942722-0.6921842945964339j),(0.014707733525087974+0.022454615689805994j),4075000000
(0.3952478108507688-0.6863786169279723j),(0.015106637474830773+0.021787463090285016j),4077500000
(0.3894742686133231-0.6931929743596904j),(0.015347207927956644+0.021269787076399586j),4080000000
(0.3786375139695568-0.6990043907025001j),(0.01572155313451089+0.02027899769351673j),4082500000
(0.38439129077782364-0.699488153528085j),(0.016035253088646784+0.019828481845803395j),4085000000
(0.3810932312236807-0.6988463811436454j),(0.015946211490206242+0.019181346650468514j),4087500000
(0.3819161877379798-0.6997964683042411j),(0.016289232793963885+0.01846799657215317j),4090000000
(0.37495281554611826-0.7024989174203679j),(0.01638173200320669+0.017516768479956462j),4092500000
(0.37356621257896383-0.7065005986085936j),(0.016496619720890005+0.01694113374848944j),4095000000
(0.372712610075661-0.7046661371451949j),(0.016516462033841686+0.01634849520713786j),4097500000
(0.3692699147794945-0.7084626568803163j),(0.01643102089670037+0.01596358869306071j),4100000000
(0.3699427541334107-0.7118939787312495j),(0.016586172085989507+0.01538248369897433j),4102500000
(0.3646485398269756-0.7159646733805063j),(0.016654816180205465+0.014658798064354116j),4105000000
(0.3593931521154517-0.7214273008857881j),(0.0167574581870946+0.014124384092741572j),4107500000
(0.3624820287781334-0.7178181163193353j),(0.01636275338081535+0.01389725851370971j),4110000000
(0.3565861349607713-0.7240730091620182j),(0.016160084826265582+0.013470107374646611j),4112500000
(0.3589749910724943-0.724741714871294j),(0.016335088759644505+0.013105888921594021j),4115000000
(0.3569032039509381-0.7267626771357806j),(0.016040605327158553+0.012802179207685822j),4117500000
(0.35172089855590016-0.7293252746638403j),(0.01591740982218765+0.012228601719395115j),4120000000
(0.34904803480099794-0.7296358277271017j),(0.015721421354137725+0.011963627498020577j),4122500000
(0.3439879148984784-0.7357908773349796j),(0.015730230523742436+0.01149963376607159j),4125000000
(0.34441273357141317-0.7363757042370711j),(0.015581455336615289+0.011314675066578841j),4127500000
(0.33836656489730876-0.7406136610513077j),(0.015507051130565927+0.010993106028585158j),4130000000
(0.338089039030501-0.7394238244116155j),(0.015451301816430738+0.01082508307046095j),4132500000
(0.3325238109722278-0.7435254299780535j),(0.015258203755678594+0.010468592708451038j),4135000000
(0.32737123482946157-0.7472952435292798j),(0.015350240331298018+0.010251140536202057j),4137500000
(0.3241706253824689-0.7484821275312897j),(0.01513118335572569+0.010215687761382031j),4140000000
(0.3197354163522575-0.7504484910896395j),(0.015019513902714672+0.010107553637633512j),4142500000
(0.3204496358310013-0.7513021289500466j),(0.014833916035632694+0.009961402071191417j),4145000000
(0.3189100993380377-0.7535864736580637j),(0.014718874242045574+0.00981328602993821j),4147500000
(0.3129864007771121-0.7572014888824156j),(0.014616572198025287+0.009585665708534072j),4150000000
(0.31260936594237815-0.7588529975537431j),(0.01473310978330537+0.009689510404801401j),4152500000
(0.30715524370059133-0.7612546600629273j),(0.01479361458966376+0.009554862100808867j),4155000000
(0.3065999508534934-0.7639526872474187j),(0.014840672494845041+0.009377425606277294j),4157500000
(0.3038191833865663-0.7629187358539997j),(0.014771700496772497+0.009291659936674359j),4160000000
(0.2984849302619766-0.7666740640549891j),(0.014771546806954496+0.00905864800637218j),4162500000
(0.2947625415179593-0.7676709548801276j),(0.014847249752797624+0.00901921067614162j),4165000000
(0.29632597730819066-0.7675352313338323j),(0.014631926705556388+0.009077518132819843j),4167500000
(0.2933609057615055-0.7713094201403458j),(0.01480407985949059+0.008839919328997655j),4170000000
(0.2949608755280887-0.7698960405214231j),(0.014784250625298383+0.008895331948644648j),4172500000
(0.2856189255596454-0.7728156145548146j),(0.014855785424497081+0.00876581435328535j),4175000000
(0.2871620571839397-0.7728382375821977j),(0.01495939968328491+0.008837416439350236j),4177500000
(0.28578462387741677-0.7784853971945448j),(0.015029453325010246+0.00866063809541819j),4180000000
(0.28714635365622204-0.7793378820075636j),(0.015113250538227214+0.008404174009974678j),4182500000
(0.2833128824411133-0.7828124402079363j),(0.015217784103875056+0.008523674676064562j),4185000000
(0.2780740499850644-0.7836569218522553j),(0.015333001296978342+0.008407103461987135j),4187500000
(0.27804796311150237-0.7856542053749936j),(0.015369415902385337+0.008375729701570788j),4190000000
(0.2777145388528379-0.7862554329484659j),(0.015432714018682127+0.008511285476209447j),4192500000
(0.27588823515306626-0.7889324674674965j),(0.01561737370411372+0.008345491443587962j),4195000000
(0.2758517526983378-0.7886536024002413j),(0.01573778863558214+0.008253282591953051j),4197500000
(0.2701254966472107-0.7903398902158087j),(0.015858390684465894+0.008070307693749433j),4200000000
(0.26742315264682376-0.7952206925315689j),(0.015947180922371428+0.00801198140793174j),4202500000
(0.2616988130572388-0.7972043363501417j),(0.01614943422371317+0.007856208929895078j),4205000000
(0.2631264520891742-0.8003224639816391j),(0.01643507189407489+0.007734597535304217j),4207500000
(0.2622244318733574-0.799105349670785j),(0.01657748869242063+0.007773663571562185j),4210000000
(0.2606792021138869-0.8022998796785252j),(0.016693337367033614+0.007498344735896206j),4212500000
(0.2607245832575265-0.8021619073256623j),(0.016964983972141637+0.00738717498157519j),4215000000
(0.2555101370340617-0.8064150351235576j),(0.017072755930195548+0.007260239728127067j),4217500000
(0.25533054538746247-0.8072139543370523j),(0.0172789095535093+0.006930456103484539j),4220000000
(0.25084275839979403-0.8082783242716125j),(0.017304970099177877+0.0067519238304819635j),4222500000
(0.2453176538727019-0.809268189652598j),(0.01745940287693009+0.006528248967596193j),4225000000
(0.24756564542955553-0.8113501627226569j),(0.01760342710155301+0.006560980494715415j),4227500000
(0.24323770844490702-0.8135064895734004j),(0.017779899536422398+0.006264454763908428j),4230000000
(0.24527320733818941-0.8130972716910062j),(0.017726159649326154+0.006154359975853321j),4232500000
(0.2391769065229923-0.8169293904950616j),(0.017958094226462527+0.005929216532254127j),4235000000
(0.23376943577785286-0.8156832481116423j),(0.018098564258953585+0.005381064475660821j),4237500000
(0.2362179248294779-0.8178338333454029j),(0.01813260292312644+0.005522264418272897j),4240000000
(0.2188474083999129-0.8222390843937158j),(0.018294998348809207+0.005003016532870091j),4242500000
(0.22951442095303692-0.8215301433298153j),(0.01840437636831124+0.005057444728986109j),4245000000
(0.2270803128478417-0.8207962112638432j),(0.018552831584116164+0.004781226915504426j),4247500000
(0.2257291130640518-0.8218612572640162j),(0.018653430854948774+0.004534139216268647j),4250000000
(0.22955993910401398-0.821767689936671j),(0.018558571332846635+0.004532942398729873j),4250000000
(0.2195908139261514-0.8253078889577369j),(0.018727814334167807+0.004290088541829967j),4252500000
(0.21513392107205334-0.8268146270739942j),(0.018693967586487618+0.004055505029694965j),4255000000
(0.21477373708219713-0.8285932707966017j),(0.01892167683719076+0.0038174215513708497j),4257500000
(0.21221146052340237-0.8276876721431794j),(0.018827424581390282+0.0035685094118037127j),4260000000
(0.20776392061809038-0.8280326469014084j),(0.01910207048449088+0.0032998676758170115j),4262500000
(0.2044311098811183-0.8287877827976666j),(0.019225305431842782+0.0031817858127427046j),4265000000
(0.19959496029627213-0.8299607574080098j),(0.01919061492664377+0.0027903601615878355j),4267500000
(0.19936105577527724-0.8274234978230253j),(0.01914112972056576+0.0027323745832050655j),4270000000
(0.19267614343900252-0.8284576982478663j),(0.01914458847609374+0.0023608395655695833j),4272500000
(0.18871225100698114-0.8279979875604812j),(0.019156784951768417+0.002076704394136405j),4275000000
(0.190000242419592-0.8258683411454413j),(0.01924043268775123+0.0019650059443530703j),4277500000
(0.18986505698731057-0.8250858068612824j),(0.01926040423427896+0.0016349275106187756j),4280000000
(0.18754602702984002-0.8224126540774077j),(0.01923354783401368+0.001497299784349154j),4282500000
(0.1813097043545847-0.8243931674777669j),(0.01940901652692252+0.0011145040924134034j),4285000000
(0.18185330816180947-0.8209925681708566j),(0.019395318288467658+0.0009077641881706793j),4287500000
(0.17522474237985675-0.8243297871125217j),(0.01937792970212592+0.0005476692761724447j),4290000000
(0.18270424884891515-0.8205518560277406j),(0.019457456279648257+0.00048014366850394983j),4292500000
(0.1778767606838546-0.8198389268938067j),(0.019561272822810893+0.00029992964859165607j),4295000000
(0.17518908195507937-0.8189974614949167j),(0.019659697660493428-0.00012930166958718806j),4297500000
(0.17276540591910466-0.8164673568045544j),(0.019690767546329882-0.0002819573405774369j),4300000000
(0.1779825883003911-0.8144564966996745j),(0.019712949496782612-0.0005283154259786986j),4302500000
(0.1724157888131432-0.8188089037700224j),(0.019762430890243703-0.0006970747566049683j),4305000000
(0.15950576676701983-0.822224280619886j),(0.0196682957760824-0.0012253121543445268j),4307500000
(0.16615617554241432-0.8203784469309504j),(0.019810468998958622-0.001432850716099644j),4310000000
(0.1716466534153764-0.8176071072698254j),(0.019787931369356818-0.0013470212328878122j),4312500000
(0.16394220679823046-0.8193047317056793j),(0.019852878880482733-0.0019363248510191253j),4315000000
(0.17279406844281406-0.8213405965794902j),(0.019996429788390432-0.0021607697052342684j),4317500000
(0.17436930642815593-0.8228186463922219j),(0.020000497939108873-0.002513478723099156j),4320000000
(0.17206988480345312-0.8255354355909484j),(0.020124181262012784-0.002807392158549463j),4322500000
(0.1667018170040501-0.8255683408580222j),(0.02015307248574114-0.003235826323294466j),4325000000
(0.1660238628029773-0.8272817359240567j),(0.020155800052318255-0.0037895752997808797j),4327500000
(0.1641021975599887-0.8306253127316655j),(0.020213046083765274-0.004011391518380174j),4330000000
(0.16672630602226285-0.8307237875748081j),(0.020095865419695765-0.004255470666225428j),4332500000
(0.16024201357015327-0.8312698350554115j),(0.020002365543642837-0.004605819497643021j),4335000000
(0.15610657082309978-0.8332041179904534j),(0.01984117314754816-0.005179384320598447j),4337500000
(0.15443954030036527-0.8354869494136703j),(0.019793575807441673-0.005340190885070213j),4340000000
(0.1505472522510851-0.8370851418200683j),(0.01964682465514591-0.005760710121333938j),4342500000
(0.1510765373330897-0.8378815615997705j),(0.019718675434283517-0.005986905966389451j),4345000000
(0.14046858433972428-0.8378497926039553j),(0.019585368798796705-0.006482360613331883j),4347500000
(0.14014480319825215-0.8404861414205095j),(0.019446198033292738-0.006892076547746271j),4350000000
(0.13800811193835102-0.8389901325603741j),(0.019482374844586273-0.007147403225289664j),4352500000
(0.1407924454551586-0.8420473866100232j),(0.01930545204850608-0.007265188818678799j),4355000000
(0.13030826346818625-0.8407676193928598j),(0.01906684741679637-0.007711001643992197j),4357500000
(0.12525549714401224-0.8430109638115206j),(0.018854916907394492-0.008213294583774832j),4360000000
(0.12753030085980907-0.8418874294505997j),(0.018708463896254825-0.008510427146458475j),4362500000
(0.1208711029783744-0.8413718335111491j),(0.018554931534543375-0.008727711921181878j),4365000000
(0.10976851442751501-0.8428430120569058j),(0.01834694078793331-0.00899142708665938j),4367500000
(0.1126097615550232-0.8424117921027396j),(0.01816238777010102-0.00908785076443603j),4370000000
(0.10688399195603651-0.842843020090408j),(0.01787304248925702-0.009702381510665402j),4372500000
(0.1048335544429552-0.8403895145646552j),(0.01767594994559203-0.009978289113827157j),4375000000
(0.10481747674538405-0.8423087053932137j),(0.01774035854574092-0.010012506093622822j),4377500000
(0.10035121448056106-0.8440129377702656j),(0.017477181993923417-0.010469168825556615j),4380000000
(0.09849509773826995-0.8434748522416311j),(0.01730897113130125-0.010655185712082073j),4382500000
(0.09399565817150603-0.842059093702131j),(0.016810614545905017-0.011080357544947402j),4385000000
(0.09527346104368621-0.8426152260248567j),(0.016704520438148643-0.011255647702276569j),4387500000
(0.08696511622876561-0.8434479448870494j),(0.01647683772654427-0.01146722091304992j),4390000000
(0.08710635681843368-0.8440713479839643j),(0.016318529129481823-0.011516057412245748j),4392500000
(0.08474878439611193-0.8447262126450267j),(0.01615644435589914-0.011801355005993313j),4395000000
(0.08424687311882845-0.8442699390434696j),(0.016035523351624302-0.011998672405426857j),4397500000
(0.07828498627843533-0.8460149045753484j),(0.015728835434749712-0.012207382677187267j),4400000000
(0.07594263362925774-0.8464914679887128j),(0.015504506981615745-0.012511509058016316j),4402500000
(0.07440168554225501-0.8460685490668058j),(0.01531677938964392-0.012577765345356843j),4405000000
(0.06531909048617537-0.8448292035843641j),(0.015057536917487705-0.012734291630811415j),4407500000
(0.06836368179993854-0.8457714339962517j),(0.014950258548949841-0.0127910643048587j),4410000000
(0.06186538851864495-0.8465753664110208j),(0.014532036547869175-0.0131979439121917j),4412500000
(0.06477039640202072-0.8476809195460077j),(0.014441405085674926-0.01325347773530447j),4415000000
(0.06265746599018573-0.8484989720348927j),(0.014312518978218574-0.013563670290642265j),4417500000
(0.056811519131457974-0.8476625977644433j),(0.014055627735297147-0.013866222087935183j),4420000000
(0.054662920178892405-0.8484443425948159j),(0.013805130588202905-0.013830774998394338j),4422500000
(0.05013667068664336-0.8488544711309512j),(0.013604863518056015-0.014065945313174207j),4425000000
(0.05215601203950794-0.849932464809574j),(0.01335595334637383-0.01417618825371744j),4427500000
(0.05072870386729462-0.8493970334061994j),(0.013138022702474645-0.014297172835509969j),4430000000
(0.040117168016974555-0.8508615395728785j),(0.012829219520746123-0.014491407688616155j),4432500000
(0.044552004084105964-0.8467970201530313j),(0.012895531486860227-0.01425746230468657j),4435000000
(0.03737345975501553-0.849305609502718j),(0.012686531097957629-0.014552716220027984j),4437500000
(0.036647364489290145-0.8486183004987027j),(0.012312399611450415-0.014741817975962426j),4440000000
(0.032387147141780814-0.8497663664701086j),(0.012141841941826591-0.014913607436625297j),4442500000
(0.03205595842241893-0.8484266535296329j),(0.011964585293159328-0.014947035085873238j),4445000000
(0.02751373571059485-0.8488333940687214j),(0.01172376343631164-0.015104829471132442j),4447500000
(0.029382301662291846-0.850621595333666j),(0.011537242828308786-0.01530204522480167j),4450000000
(0.029781616459507186-0.8493721958539981j),(0.011326587033364548-0.015375544495701981j),4452500000
(0.019664798661955824-0.8495878750499891j),(0.0110931789519902-0.015468372584762611j),4455000000
(0.01865135229200931-0.8461574812225068j),(0.010859812833943439-0.015549694760674264j),4457500000
(0.016969326594315416-0.8474642437635541j),(0.01063056302197357-0.0157610855525507j),4460000000
(0.017927646175123487-0.8448022220714086j),(0.010479634261879018-0.015763464542341604j),4462500000
(0.01715310987213858-0.8456893677862034j),(0.010345246712415181-0.015748504139692046j),4465000000
(0.012547329373968038-0.8464536064242022j),(0.01012255209074788-0.015942759769066648j),4467500000
(0.016196756943817673-0.8468045959549543j),(0.01001780686764741-0.015897156861255368j),4470000000
(0.011476180397064058-0.8468159887502205j),(0.00973567427936516-0.01602793435908518j),4472500000
(0.007993869122231377-0.8470157642651307j),(0.009430209867153625-0.016087381173623853j),4475000000
(0.012715365117920499-0.8453569511262286j),(0.009468266673596149-0.015943676259648005j),4477500000
(0.016401976243738486-0.8460979606108273j),(0.009402293662553851-0.01608247506167702j),4480000000
(0.010472586399951564-0.8488213666114907j),(0.009167176449243253-0.016281826823928987j),4482500000
(0.00750167955060543-0.8520164111879771j),(0.009038937914366788-0.016443277482875687j),4485000000
(0.008898673397948887-0.8510199406776274j),(0.009092619610143387-0.016409745721464194j),4487500000
(0.003224843739432414-0.8488614304222709j),(0.008801677216820104-0.016482795914815947j),4490000000
(-0.0018832521300863347-0.8510885014746956j),(0.008535758155098222-0.01670685396345425j),4492500000
(-0.0008382648393847196-0.8516405544649958j),(0.008439647735398239-0.016991696928477427j),4495000000
(-0.00820158238358984-0.8522191797805774j),(0.00807136326233075-0.017076696657855j),4497500000
(-0.009188089091280908-0.8514559579077423j),(0.007903261937924191-0.017176644066425127j),4500000000
(-0.00868479286451924-0.8519704429041439j),(0.008084889069047656-0.01710524214964261j),4500000000
(-0.00836196080580818-0.8494632465507653j),(0.007756611585463598-0.01713216250208611j),4502500000
(-0.015193697639431842-0.8527875163370767j),(0.007813695286465586-0.01725754722752975j),4505000000
(-0.029040685901808503-0.8541180755841409j),(0.0071454243059798075-0.0174853580702968j),4507500000
(-0.01932350487043298-0.8535045321896342j),(0.007153468865699386-0.017578933724443593j),4510000000
(-0.021956896501369814-0.8533983906306829j),(0.007005877278097048-0.017806695090921427j),4512500000
(-0.02610500833762043-0.8549887695482082j),(0.006801442038619442-0.017960632803299615j),4515000000
(-0.02851933565914754-0.8528848991878503j),(0.006637575036232422-0.017974434442617232j),4517500000
(-0.033325074745391106-0.8531378588288666j),(0.006372872760131258-0.018148082827830196j),4520000000
(-0.033192408703023236-0.8522181803096935j),(0.006308751310850827-0.018149409274482234j),4522500000
(-0.03430691117038077-0.8545094169332018j),(0.006038459424628742-0.018210189475418914j),4525000000
(-0.04263654696733636-0.8535940841685704j),(0.005379733685923942-0.018447934890094504j),4527500000
(-0.047773812144742765-0.853006684812527j),(0.005109919822531649-0.018419217662755148j),4530000000
(-0.05065564534050323-0.8536737717483588j),(0.00481883913939278-0.018717705998201044j),4532500000
(-0.05332414582686781-0.8512609498118646j),(0.004880203965400554-0.01869131621573032j),4535000000
(-0.05841675042475906-0.8507480415554873j),(0.004224556877394116-0.018869068455615364j),4537500000
(-0.05956710935418944-0.8481244442087504j),(0.003859492381658635-0.01875788216714686j),4540000000
(-0.06201341345124095-0.8474388958757338j),(0.003619557810234586-0.0188466863648731j),4542500000
(-0.07604585268043908-0.8467110796431099j),(0.00340316742751147-0.0188575833733462j),4545000000
(-0.06876146979274386-0.8491940302851102j),(0.003115393296145667-0.018869663609620488j),4547500000
(-0.07523170388671317-0.8484073601702375j),(0.002855581746835704-0.01898829998421618j),4550000000
(-0.07525277046225386-0.8467771756450382j),(0.0023967503337608952-0.01915706528435067j),4552500000
(-0.07983016266121658-0.843637046275765j),(0.002132928511185429-0.01897813887828571j),4555000000
(-0.08496367104100368-0.8405586444834197j),(0.0016350978934729322-0.018812973350597718j),4557500000
(-0.08161977511119577-0.8393506452694713j),(0.0017381487512993737-0.0188082585115152j),4560000000
(-0.09599572546793672-0.8359483029247938j),(0.0013253948815977403-0.01869192205892697j),4562500000
(-0.0937286387962179-0.8355514412503317j),(0.00105066402105353-0.018656937656910455j),4565000000
(-0.08888658361005378-0.8326037697872793j),(0.0009906721775861506-0.01871877410797024j),4567500000
(-0.09195133578602248-0.8319425573149974j),(0.0003922493987358129-0.01862541388547659j),4570000000
(-0.08834378110287261-0.8294494897184201j),(0.0002610791901819869-0.018518447242789383j),4572500000
(-0.09651477531648543-0.8304379002466178j),(-0.00029753110784206207-0.018537780116856282j),4575000000
(-0.0922531097129432-0.8315533844020968j),(-0.0003811542497447627-0.01839349774599252j),4577500000
(-0.09565629981872859-0.8305209573725616j),(-0.0006808582940714561-0.018350030992166286j),4580000000
(-0.10378107630395647-0.8271090461606047j),(-0.0011660517705414835-0.01815555823309312j),4582500000
(-0.10041998739471669-0.8264071332518833j),(-0.0013286270555639339-0.018259080732658604j),4585000000
(-0.10353701308730139-0.8263798996329239j),(-0.0014793598626866337-0.018063555972844918j),4587500000
(-0.1027020232276893-0.8251916211965256j),(-0.0017544145242495918-0.018025681000330997j),4590000000
(-0.10506990734713757-0.8234946249524062j),(-0.0018558327981908099-0.017850672747248008j),4592500000
(-0.10469628629482837-0.8209090604641471j),(-0.002303126482283448-0.017602169874181006j),4595000000
(-0.10530394746602169-0.8222862198943651j),(-0.002258277317436455-0.017678669052076684j),4597500000
(-0.10829491440767812-0.8240970435421023j),(-0.002619592269703344-0.017589246773699652j),4600000000
(-0.108116199960904-0.8237917928684526j),(-0.002847701916032082-0.01742119679306292j),4602500000
(-0.10805729263592957-0.8228768215217017j),(-0.0032613890501685446-0.017381143742218847j),4605000000
(-0.11232425833775339-0.821059103514379j),(-0.0035486247445150774-0.017159354767036727j),4607500000
(-0.10869056036757942-0.8196166976081478j),(-0.0034233541216435446-0.017106329595196878j),4610000000
(-0.11230482305208549-0.8180825097754505j),(-0.003613368074117474-0.0169415380033383j),4612500000
(-0.11505264641096326-0.8222394498696001j),(-0.00389246478264073-0.017063348113040274j),4615000000
(-0.1203865938734452-0.8239721554305633j),(-0.004046972468802994-0.016930500756189855j),4617500000
(-0.11885467880429235-0.8262914831933155j),(-0.004424211918414479-0.016904961058588037j),4620000000
(-0.11790378591149803-0.8266849666447645j),(-0.004683908664008083-0.01669982218755583j),4622500000
(-0.11818348732249032-0.8284925738169758j),(-0.004920400831321172-0.016463662397392338j),4625000000
(-0.12646417694206571-0.8268458453694564j),(-0.005177225336455036-0.016357399129174482j),4627500000
(-0.1276595732665063-0.8271770130188029j),(-0.005408958091432479-0.016234780629149122j),4630000000
(-0.13028968226325863-0.826459694089767j),(-0.005332534344407294-0.0161371168137328j),4632500000
(-0.13603336047980444-0.82700063865985j),(-0.005743245704542477-0.016023410993925343j),4635000000
(-0.13874394960410358-0.8276436676854142j),(-0.005848849619703044-0.015884329655913017j),4637500000
(-0.14432745955903373-0.8277903139736809j),(-0.006030905662218826-0.015626363447495458j),4640000000
(-0.1453329091491681-0.8280950080776038j),(-0.006093080334380368-0.015631873928537904j),4642500000
(-0.15197076993713365-0.8245842203869034j),(-0.006166518347242553-0.015307942927870584j),4645000000
(-0.15702669521105042-0.8270582474868119j),(-0.006499782250726846-0.015155065131940443j),4647500000
(-0.15486289253110028-0.8287012050639743j),(-0.006565524190337598-0.015063980258532202j),4650000000
(-0.16524098647123922-0.8265150177962014j),(-0.006988260790924511-0.014866986364223346j),4652500000
(-0.1591129098574452-0.8253681961001795j),(-0.00694274344564243-0.014791389118462398j),4655000000
(-0.16785799010217436-0.82503934554079j),(-0.0070922554434823945-0.014678086616254355j),4657500000
(-0.1683859120275071-0.8242233856623565j),(-0.007263450894347013-0.014497309457133548j),4660000000
(-0.17091498468477198-0.8250326178060378j),(-0.007341337909645609-0.014496479413496646j),4662500000
(-0.1749395107884778-0.8265470350439919j),(-0.007635575369268478-0.014401447503354703j),4665000000
(-0.1795093571243214-0.8233930676561271j),(-0.00776604647441353-0.014245894423107778j),4667500000
(-0.18092845158587015-0.8215712765119257j),(-0.007818492219165186-0.014047234523223276j),4670000000
(-0.18534176451947135-0.8174096525901107j),(-0.008201445879103214-0.013656463274649143j),4672500000
(-0.1877524339052176-0.8198509635050683j),(-0.008051952870440653-0.013718755720581453j),4675000000
(-0.18168158876158394-0.8226498674577389j),(-0.008175802237700468-0.013575911870872082j),4677500000
(-0.19092063773656864-0.8184870033837998j),(-0.008447591794249355-0.013360358049191182j),4680000000
(-0.19500192652402962-0.8152632308246187j),(-0.008443214086657911-0.0131816687786299j),4682500000
(-0.19350193508303953-0.8159571000954201j),(-0.008649764509821738-0.013093093624454152j),4685000000
(-0.19710503613256883-0.8168791077224338j),(-0.008857352995261296-0.01282560210057941j),4687500000
(-0.19948732786815898-0.8166970880794792j),(-0.00893419085802611-0.012843368442098697j),4690000000
(-0.19907474384621038-0.8137319956339164j),(-0.008975810808624463-0.012704124613657625j),4692500000
(-0.20575630894306485-0.8108016370109578j),(-0.009322910795416185-0.012414288544548527j),4695000000
(-0.20438042256202607-0.8147062731227217j),(-0.009377900872143446-0.012262881682017975j),4697500000
(-0.2099294897121303-0.814761113500392j),(-0.009444703110223298-0.012058807129972341j),4700000000
(-0.20306120811423245-0.8154210182335511j),(-0.009448477523767113-0.01204504798982656j),4702500000
(-0.20765884549306196-0.8121702467534847j),(-0.009588373465639788-0.011728281625489619j),4705000000
(-0.2170584119893291-0.8106215114250152j),(-0.009598966097039639-0.011542819813519902j),4707500000
(-0.21680806527889404-0.8086012695084361j),(-0.009671836312596807-0.011307687580626835j),4710000000
(-0.22072417230501723-0.8082588080147883j),(-0.009660654869923273-0.011259214776751864j),4712500000
(-0.22360551186541933-0.806376009894592j),(-0.009814445318884934-0.011125421580481175j),4715000000
(-0.22292276649588527-0.8062786552084411j),(-0.009960590268881494-0.010995592508314767j),4717500000
(-0.22102715403567505-0.8053804159205107j),(-0.009943521948751857-0.010765707061735554j),4720000000
(-0.224119413046643-0.8039023381563069j),(-0.009881165618676387-0.010602282136000637j),4722500000
(-0.2278039474743858-0.8039045805425253j),(-0.009984718639152955-0.010428635780521183j),4725000000
(-0.2251295893922761-0.8033237080895961j),(-0.009992689335092226-0.010114538506264925j),4727500000
(-0.23242301021442166-0.7984816247074934j),(-0.010227886194973444-0.009916367025302806j),4730000000
(-0.22394456836443602-0.7937438467234491j),(-0.010010654400679775-0.009641435919917231j),4732500000
(-0.2359521465662275-0.7960749544282978j),(-0.010113167929535836-0.009588185724993575j),4735000000
(-0.23368254057444332-0.7984762212723545j),(-0.010159902446896622-0.009462717623277482j),4737500000
(-0.23163052836934692-0.7973796014335409j),(-0.009998153929903943-0.009309707813182544j),4740000000
(-0.2329652305335617-0.7923118487357813j),(-0.009939893822164316-0.009165161714704759j),4742500000
(-0.23539914255503017-0.7895305254151175j),(-0.009912147496965477-0.008886312621721465j),4745000000
(-0.24019042702296017-0.7880476544777621j),(-0.00978021664076243-0.008707583952539743j),4747500000
(-0.24160551208904657-0.7882072949921508j),(-0.009971446397054575-0.008618576882303903j),4750000000
(-0.24566563315550188-0.7872035261699676j),(-0.009900752531352173-0.008635893899986674j),4750000000
(-0.24315977093658087-0.7873634361970739j),(-0.009965220926406107-0.008174785875574941j),4752500000
(-0.24405609394920622-0.7851776375999936j),(-0.010018756077394286-0.00813144094252918j),4755000000
(-0.24472307382719305-0.7857788369650589j),(-0.009815785372532913-0.008187693762108693j),4757500000
(-0.25051387827969507-0.7834986497763837j),(-0.009679026067776032-0.00817997512388196j),4760000000
(-0.2488895834468664-0.7815731000308852j),(-0.009570790734610883-0.00804381339004032j),4762500000
(-0.2559360066028945-0.7782958268112199j),(-0.0097098846770264-0.007574679295647232j),4765000000
(-0.25040191052630806-0.7799700535461438j),(-0.00955036444203492-0.007670508394852542j),4767500000
(-0.25244584373807993-0.7805918496566664j),(-0.0093312870986428-0.007438890331671986j),4770000000
(-0.25152464939758457-0.7809249118753029j),(-0.009352895254098865-0.007360013818479731j),4772500000
(-0.25451288407298606-0.7801494148761172j),(-0.009209018652380475-0.0071409020740868115j),4775000000
(-0.25929915187091024-0.7759963590285904j),(-0.009193002015685157-0.007136281008215625j),4777500000
(-0.25712964707760677-0.777660002831613j),(-0.009074600577483773-0.006982758978562515j),4780000000
(-0.26201011728191276-0.7730244096965901j),(-0.008997214979965414-0.0068464529175418344j),4782500000
(-0.2641831188853171-0.777529832577021j),(-0.00880704874153937-0.006938023462009412j),4785000000
(-0.271409021687724-0.7768052778246312j),(-0.00878149100959376-0.0068548305197204664j),4787500000
(-0.2730722433030922-0.7773330409077949j),(-0.008651960381592605-0.006664491684988669j),4790000000
(-0.27522316899612737-0.7744684019107231j),(-0.00856994515473918-0.006560694522482055j),4792500000
(-0.2801992182431419-0.7743260858362966j),(-0.008381803830251172-0.0066302185322266475j),4795000000
(-0.283804923172434-0.7724216897339793j),(-0.008334882828678553-0.006599886259499599j),4797500000
(-0.29219901555201383-0.7694770062704163j),(-0.008123885808040536-0.006592348055106621j),4800000000
(-0.2915818097450001-0.7697423451114638j),(-0.008046558282802612-0.006611215819359159j),4802500000
(-0.30298582073163266-0.7656774112203429j),(-0.00798154577525562-0.006471155234146919j),4805000000
(-0.304499495259112-0.7660425887817666j),(-0.007985197873020227-0.00673551763463936j),4807500000
(-0.30784449214532117-0.7634879472176955j),(-0.007762787219608149-0.006675437151805096j),4810000000
(-0.31017923918820695-0.7614254415301793j),(-0.007685381596858587-0.006759639283568801j),4812500000
(-0.31207733078028954-0.7590861674332391j),(-0.007482060988975249-0.00687522747449249j),4815000000
(-0.320117981981315-0.7553051192489443j),(-0.00753601612826796-0.006896526070483266j),4817500000
(-0.31646458497886476-0.7537944872302947j),(-0.007378485508749073-0.007079361918738557j),4820000000
(-0.3260886256543475-0.7492934363963715j),(-0.007294611101407546-0.0070403083925236936j),4822500000
(-0.3265896042460147-0.7491810324647521j),(-0.007355713510004413-0.007108115679667623j),4825000000
(-0.3282564073285518-0.7456845324811223j),(-0.007245168526279769-0.007319729194106289j),4827500000
(-0.3316014074824998-0.7418353011186263j),(-0.007319115139459192-0.007191720775687911j),4830000000
(-0.33433546367265116-0.7371908056942351j),(-0.007116527416382387-0.007411718535897988j),4832500000
(-0.33303860470127417-0.7379525089197709j),(-0.007122045920895668-0.007510902838632517j),4835000000
(-0.33405047175340014-0.7356916331370661j),(-0.007158760807218896-0.007640890575320879j),4837500000
(-0.3407960876182541-0.7296720122802557j),(-0.007129084382720531-0.007881439522162073j),4840000000
(-0.3494565596163953-0.7238467127907755j),(-0.00724211986073841-0.007774547677536013j),4842500000
(-0.34367848606328516-0.7276030913367397j),(-0.007101315853867111-0.007990317451153538j),4845000000
(-0.3503114619298642-0.718508455064305j),(-0.007155138847802658-0.008073005405657037j),4847500000
(-0.347665503795032-0.7180780157957596j),(-0.007167177534407466-0.00816825325951772j),4850000000
(-0.3510477900914993-0.7137579892289339j),(-0.007272340327274697-0.008325637705867365j),4852500000
(-0.34955846959203996-0.7143224904278906j),(-0.007266363249920732-0.008645734229835045j),4855000000
(-0.35437426007339956-0.7096817277834842j),(-0.0074078290022454-0.008701006337554096j),4857500000
(-0.3531523688557478-0.7084796672348501j),(-0.007656560402898573-0.00893565119702222j),4860000000
(-0.3573654644778401-0.7052745670964287j),(-0.007724618498521856-0.009186380772680754j),4862500000
(-0.3599942900992647-0.7023218970567987j),(-0.00785598108120481-0.009478588358984939j),4865000000
(-0.35902518778810066-0.7032809738730758j),(-0.008048063910041672-0.009487264065312435j),4867500000
(-0.3612934636790079-0.6982763508962588j),(-0.008209921295881138-0.009793236818517063j),4870000000
(-0.3658173691166187-0.6982535386103136j),(-0.00858586632780306-0.009887759377634225j),4872500000
(-0.369167644138887-0.695596179328423j),(-0.008880684113308578-0.010001851437332234j),4875000000
(-0.3697690090495585-0.6942684154863381j),(-0.008945194687372145-0.010294838339291455j),4877500000
(-0.3665549269366676-0.6933439666551751j),(-0.009000322574680345-0.010544996175508645j),4880000000
(-0.37046497298208825-0.6892288624447134j),(-0.0093595975674831-0.010525479432803428j),4882500000
(-0.36894801464921295-0.6902677324054923j),(-0.009658976711919611-0.010844194350261783j),4885000000
(-0.37112557458655465-0.6880511954413977j),(-0.010012637358598787-0.010812018452776843j),4887500000
(-0.37531356883426836-0.6868676567749821j),(-0.010499518322174928-0.01090784754713852j),4890000000
(-0.37588296768638735-0.6846952424699009j),(-0.01071217751397113-0.010961792177951232j),4892500000
(-0.3776394952111904-0.6853784723136807j),(-0.011214724902913142-0.010943414634551943j),4895000000
(-0.3763539151799163-0.686159662196613j),(-0.011537173001201514-0.011081347805859662j),4897500000
(-0.38199335157299386-0.6800872843129334j),(-0.011764328982654945-0.011143289483123119j),4900000000
(-0.38071431826519075-0.6799210267953972j),(-0.012014944136803998-0.01123197063233752j),4902500000
(-0.3860723621736181-0.67691018592402j),(-0.012438450567636504-0.011008575195503648j),4905000000
(-0.38830020039604124-0.676445434125967j),(-0.012952070230980713-0.010810686943953103j),4907500000
(-0.3866451844637358-0.6792324711001463j),(-0.013309645893182112-0.010993719246164792j),4910000000
(-0.39005407172682804-0.6781702451216827j),(-0.013582208757300407-0.010905988648144026j),4912500000
(-0.3887323503841823-0.6813169393130063j),(-0.013850137924421649-0.011135943291872365j),4915000000
(-0.39530765348898816-0.6775047203189569j),(-0.01436113300616166-0.011029736978658207j),4917500000
(-0.3953752302057958-0.6770050666098815j),(-0.014740775557621589-0.010927382979580085j),4920000000
(-0.3990580884121047-0.6772478188222808j),(-0.01499022568112549-0.010854713697468729j),4922500000
(-0.4027973116911472-0.673926346658482j),(-0.015484718950809708-0.010504281897310458j),4925000000
(-0.39919162723014245-0.6787006021587123j),(-0.015702686739982857-0.010701419270694451j),4927500000
(-0.4057396937596634-0.673182485496727j),(-0.01632466135885084-0.010420260974520791j),4930000000
(-0.404898856699029-0.6744145182855715j),(-0.016650503051852797-0.010359198046009198j),4932500000
(-0.4141136793497302-0.6733572857058889j),(-0.01723971269391-0.01016313599166997j),4935000000
(-0.4139644230924225-0.6755627904254637j),(-0.017741874414508123-0.010081214087422196j),4937500000
(-0.41684685023579543-0.671977160416295j),(-0.017996273414645-0.009908766322702621j),4940000000
(-0.4181336714217217-0.6705587876868492j),(-0.018531697249657482-0.009503074765143758j),4942500000
(-0.4179066993484932-0.6691373263274729j),(-0.01883631815465443-0.009364085163254167j),4945000000
(-0.42060006376748177-0.66469231612592j),(-0.019340338238201686-0.008867760296024832j),4947500000
(-0.4202829973811667-0.6653755682395309j),(-0.019710197717073802-0.00852388981058577j),4950000000
(-0.4259702345433857-0.6612832446446737j),(-0.02029461351895255-0.008181340997717904j),4952500000
(-0.42669342356967777-0.6623133352414959j),(-0.020603114911978436-0.007619657369250868j),4955000000
(-0.4278139728364186-0.65862638468522j),(-0.020975216196918525-0.00739150070890056j),4957500000
(-0.4299519194716303-0.6576553911434742j),(-0.021148063262469933-0.006698669352825798j),4960000000
(-0.4287493259256979-0.6575372985607368j),(-0.021416700322261683-0.006314220403386156j),4962500000
(-0.4285866280110872-0.6545944964772207j),(-0.02150646711196107-0.005945491258838703j),4965000000
(-0.42872125575628434-0.6532546248919855j),(-0.02169862720398159-0.005397705612145331j),4967500000
(-0.4298636079478411-0.6490399235007095j),(-0.021975970631659427-0.005045770688127256j),4970000000
(-0.4368260825663759-0.6478919967414609j),(-0.022331576362958513-0.004300410599874112j),4972500000
(-0.43234740151826634-0.6491425685344894j),(-0.0225088750084152-0.00400362425948536j),4975000000
(-0.4389919147338794-0.6441076689217352j),(-0.02261414769719123-0.0033372677157141872j),4977500000
(-0.4405537148347339-0.6392940962342674j),(-0.02260125335642579-0.0030739804735846962j),4980000000
(-0.438087626522666-0.6397631721112036j),(-0.022793639991648858-0.0026347839451327662j),4982500000
(-0.440850129393303-0.6369764214349733j),(-0.023042187190069265-0.0019475715764276707j),4985000000
(-0.44343304710079906-0.6348073629277894j),(-0.023184066196723398-0.0015658561761881806j),4987500000
(-0.44543633312935527-0.633650564394842j),(-0.023271356923064358-0.0009819888116988202j),4990000000
(-0.4434833938227376-0.6320358622015412j),(-0.02328932006441653-0.00025772769191688806j),4992500000
(-0.4453788263857899-0.6276311442495842j),(-0.02338289157176049+0.00027231179118421527j),4995000000
(-0.4466610030221988-0.6235086823788011j),(-0.023349853299888715+0.000950482966642568j),4997500000
(-0.446536684174882-0.6221394279827601j),(-0.02338023574715298+0.001386417539772371j),5000000000
(-0.44432476569624785-0.623459314384483j),(-0.023405117141162765+0.0012755645852225586j),5000000000
(-0.4444454876298857-0.6205512296884896j),(-0.023420353344868996+0.0016575886519346063j),5002500000
(-0.45359180007218497-0.616777865643965j),(-0.02327314141844098+0.002254685202868368j),5005000000
(-0.45201029560769684-0.6154257357100822j),(-0.023253551814198782+0.002748377549067612j),5007500000
(-0.45216530541034-0.6143176982062954j),(-0.02328499713727162+0.003265046231486629j),5010000000
(-0.4494553189275156-0.6114333391557013j),(-0.022983109123868042+0.0036492229042242846j),5012500000
(-0.45295866268355695-0.6078520834737704j),(-0.022943166183531767+0.0041044322690275675j),5015000000
(-0.45582812980937126-0.6043682895120545j),(-0.02264806665360312+0.0047392882339567025j),5017500000
(-0.4585697270971747-0.6016778052980407j),(-0.02269079037608179+0.0050457062347118095j),5020000000
(-0.4596125050176811-0.5996895673028999j),(-0.02252618983637997+0.00560354609601385j),5022500000
(-0.45784051913597773-0.5984922417418713j),(-0.022622740328952715+0.00607820240943311j),5025000000
(-0.4639989207269925-0.592574832052048j),(-0.02231643861337287+0.006666794770758846j),5027500000
(-0.4611537162845764-0.5914401643865189j),(-0.022064305356475696+0.007084396942931396j),5030000000
(-0.46126174813505094-0.5901152579116159j),(-0.022032137116815422+0.007486698999400501j),5032500000
(-0.46175703650018807-0.5863055633128356j),(-0.021760967463884815+0.008181707500094686j),5035000000
(-0.463144039810978-0.5834902860993766j),(-0.021610515986490816+0.008554506191751762j),5037500000
(-0.4658287585724312-0.5773394799223617j),(-0.02119946023981191+0.009120693383118692j),5040000000
(-0.466936695662047-0.5779245306350689j),(-0.021099941580125098+0.009289890153925447j),5042500000
(-0.46899601671614166-0.5718084278544139j),(-0.020655364871975064+0.009869446710587931j),5045000000
(-0.46923535450597953-0.569586283099404j),(-0.02035229718413603+0.010491638556151189j),5047500000
(-0.472137689964366-0.565625797341684j),(-0.020294179853005113+0.010697608842660881j),5050000000
(-0.46945437570046955-0.5659818270784104j),(-0.020038734119943044+0.010821583750668794j),5052500000
(-0.47295350603534914-0.5652224565828031j),(-0.01974462642207253+0.01127783957348032j),5055000000
(-0.47384369787649006-0.5606038117537961j),(-0.019268905604529374+0.011826917247555059j),5057500000
(-0.47443644606515034-0.5602239483048346j),(-0.019289641207809804+0.012107681608589847j),5060000000
(-0.4807241261896388-0.5541594561700791j),(-0.018789815755884155+0.012712644634416615j),5062500000
(-0.47870719009719565-0.556457749842012j),(-0.018736470313513873+0.012783962781951696j),5065000000
(-0.48292039890792915-0.5521801954582618j),(-0.018132834109343084+0.01325937716999237j),5067500000
(-0.48374671901326954-0.5549328073677899j),(-0.017773419230704073+0.013652462315197695j),5070000000
(-0.4864000852015171-0.5536830680225314j),(-0.017563154836316076+0.013875379554854895j),5072500000
(-0.491706345728737-0.5481674443165359j),(-0.016787307593545093+0.014637378314982425j),5075000000
(-0.48955595590108464-0.54962375366936j),(-0.016683465938308523+0.014605251436805982j),5077500000
(-0.4985270312010008-0.540460283375942j),(-0.016102750302630222+0.015155657854475892j),5080000000
(-0.5006512359437738-0.5423056790767083j),(-0.015545296975725346+0.015392483219972924j),5082500000
(-0.5020920849942047-0.5390177866026031j),(-0.015171852327409117+0.015415465182126204j),5085000000
(-0.5065282446691844-0.5328394788580126j),(-0.014489057413316984+0.01600312469614188j),5087500000
(-0.5076001728035252-0.5310635761443938j),(-0.014373332402194135+0.016113084156941855j),5090000000
(-0.5140237271971185-0.5219925803556337j),(-0.013487950346185771+0.016634953634032237j),5092500000
(-0.5154854079384787-0.521761322486006j),(-0.013109276347786594+0.01648747761849697j),5095000000
(-0.5188625935629364-0.5174581304754272j),(-0.012968820681661828+0.016431756895430756j),5097500000
(-0.5266556252581786-0.5162101428780486j),(-0.011776795632881946+0.017405952249672042j),5100000000
(-0.5259770356477346-0.5134506845075716j),(-0.01181125769371458+0.01686483965627522j),5102500000
(-0.5285456336687601-0.5098781497404511j),(-0.011254327457959725+0.017152442992077424j),5105000000
(-0.5276232664364986-0.5048949901098934j),(-0.010788579452838669+0.017096028482652497j),5107500000
(-0.5315937283756433-0.49725774485513957j),(-0.010007910543465975+0.01732270845305703j),5110000000
(-0.5304213903314916-0.496370161085867j),(-0.009844060855233172+0.017116766220852415j),5112500000
(-0.5343906128833027-0.489041694621854j),(-0.009175444408298995+0.017094100324889165j),5115000000
(-0.5341608433305687-0.48664678710819315j),(-0.008868866492293606+0.017178300959492947j),5117500000
(-0.5358380088810505-0.48134759819779804j),(-0.008501791423053082+0.01709627427042238j),5120000000
(-0.540543353450374-0.47167034037653055j),(-0.0077921200641821306+0.017180808628011357j),5122500000
(-0.5385109571699129-0.47396119942992276j),(-0.0076674864813846425+0.017034769669659836j),5125000000
(-0.5398062741974212-0.4669095104492863j),(-0.007173565910260743+0.01690472857110445j),5127500000
(-0.5384562975174255-0.4645631510811643j),(-0.006826250781150685+0.017063884084796654j),5130000000
(-0.5390646285557121-0.45940299525637346j),(-0.006356577055530553+0.01677965525059099j),5132500000
(-0.539212300193699-0.45562314782532987j),(-0.005824789186430271+0.016716670572264267j),5135000000
(-0.5426769092771827-0.44816186995150675j),(-0.0057347139750567365+0.016702125260434183j),5137500000
(-0.5430733248867176-0.44374854950812176j),(-0.005293500433912079+0.01640957792434568j),5140000000
(-0.5415122582695074-0.44743332705654437j),(-0.005059762231623951+0.01632886930697366j),5142500000
(-0.5439858066417379-0.4377601691113629j),(-0.004505278367152586+0.016321647843892225j),5145000000
(-0.5426680807212341-0.4401376243858035j),(-0.0041634836057259155+0.01600801940426828j),5147500000
(-0.5452347185907428-0.43401532810555643j),(-0.0038868789336377+0.015799508611164078j),5150000000
(-0.5463151892398017-0.42911453167967084j),(-0.0035125134636745914+0.015689424799019504j),5152500000
(-0.5460031130169724-0.43054181122464474j),(-0.0035289098245845788+0.015386610323802553j),5155000000
(-0.549317624077414-0.4237361626050983j),(-0.00311718987788777+0.015287594276952272j),5157500000
(-0.5485751297758023-0.42659233023617477j),(-0.0031948862451547755+0.01497951819777675j),5160000000
(-0.5560299719528384-0.40983908681503134j),(-0.0027669939723497542+0.014721821949708516j),5162500000
(-0.5553889842245611-0.4131024375377109j),(-0.0025082104265426964+0.014610836735067282j),5165000000
(-0.5605979606626073-0.4002807274436045j),(-0.002050071349743424+0.014438912319819341j),5167500000
(-0.5563622795403049-0.40737908974667575j),(-0.0021008670920790477+0.014074032351827373j),5170000000
(-0.5560776197352791-0.4016691003270309j),(-0.0019360275686702492+0.013981994834235489j),5172500000
(-0.5591169235225562-0.39850468780070447j),(-0.00165542723192494+0.013857655584709003j),5175000000
(-0.5617775765065193-0.39048308245947805j),(-0.0015706521403885127+0.013551597975744125j),5177500000
(-0.56308879793095-0.38825861386283195j),(-0.0012525767363514636+0.013358990213346765j),5180000000
(-0.5606464681388148-0.3889177803983871j),(-0.0012025409364031438+0.013038468843849967j),5182500000
(-0.5615374535329103-0.38442672448561505j),(-0.001108785731792956+0.012981120331473259j),5185000000
(-0.5618715131665362-0.38230770196138025j),(-0.0009952896787409253+0.012811974097015994j),5187500000
(-0.5638409533081223-0.3753424452987752j),(-0.0008411513142619622+0.012570100620831295j),5190000000
(-0.5646382371265904-0.3744012519109671j),(-0.0005544700898475857+0.012436277268778105j),5192500000
(-0.5650684618203272-0.37179162199510984j),(-0.00032525481709035054+0.012345991733136377j),5195000000
(-0.5677599209420284-0.3713528594614791j),(-0.0003005911503732684+0.01206381719021696j),5197500000
(-0.5666736601095196-0.36745131151664057j),(-0.0004046065517711283+0.012020964074438102j),5200000000
(-0.5699737454887656-0.36070380360084714j),(-0.00032161984981650383+0.011758194380981348j),5202500000
(-0.5691891512542863-0.36004017382661946j),(-0.00022559711685834593+0.011564924154690877j),5205000000
(-0.5704957954914285-0.3542576600768668j),(-0.00016426983548015824+0.011282415822266452j),5207500000
(-0.5719367198804356-0.3539616133716011j),(-0.00010823280834579334+0.01103939527078632j),5210000000
(-0.5729162613483899-0.34996041625636964j),(-0.00024194792168050438+0.010995819056231834j),5212500000
(-0.5748287553901374-0.3453863688930563j),(-0.00012162417182236832+0.01084574662743548j),5215000000
(-0.57128775494063-0.34707315276284373j),(1.1983762066288e-05+0.010654496506667234j),5217500000
(-0.5757146603032799-0.3410263481491735j),(1.1847431120630186e-05+0.010744317927174818j),5220000000
(-0.5763277955638326-0.3395826176882366j),(9.668889332995888e-05+0.010315508162016578j),5222500000
(-0.5758220863372017-0.3357173064060402j),(9.970832855443506e-05+0.0101032469388674j),5225000000
(-0.5767780559017541-0.3320326081345146j),(0.00018853511209323696+0.010112677062702772j),5227500000
(-0.5768222403510818-0.32771047169186157j),(0.00012075666687290868+0.00974339816341674j),5230000000
(-0.5771536372906203-0.3250207314613523j),(2.2222800046472287e-06+0.009814003415044818j),5232500000
(-0.5790725837191433-0.3210518418862479j),(9.160299898079225e-05+0.009519308099154475j),5235000000
(-0.5792146061252625-0.3184093951830632j),(0.00024408506626733+0.009355250937757489j),5237500000
(-0.5784766538394768-0.31496557309385176j),(0.0002806562519091719+0.009243131704863867j),5240000000
(-0.5798025245135939-0.30960499724836216j),(0.00016614686001392064+0.009158554199641093j),5242500000
(-0.5822295740423639-0.30143670958325464j),(0.000230108538342095+0.009125183980988364j),5245000000
(-0.5817282671102891-0.29956350392257086j),(1.9427770741778643e-05+0.008904198057528883j),5247500000
(-0.5797705321795575-0.296821577415374j),(-7.235529586340796e-05+0.008899365335584391j),5250000000
(-0.5814653006395974-0.2917319376526869j),(-0.0002013067130916344+0.008730906138938215j),5250000000
(-0.5826453990128562-0.2884139888446253j),(-0.0004044870366129999+0.00874781052075678j),5252500000
(-0.5794721012649778-0.28556843919447233j),(-0.0001800075685320696+0.00852789389155466j),5255000000
(-0.5810934005424295-0.28147331673962883j),(-0.00016283973471686527+0.008642329698477233j),5257500000
(-0.5797191635638586-0.2781121414405861j),(-0.000224832751254765+0.008595357481283617j),5260000000
(-0.5797267097967604-0.27365948953330094j),(-0.0003309991884232544+0.008595977374204032j),5262500000
(-0.580391639125749-0.26774312469644845j),(-0.00019914202370066526+0.00871472620886605j),5265000000
(-0.5764600357552304-0.26494117560235037j),(-0.0003695105723678244+0.008521368549829317j),5267500000
(-0.576432900820767-0.2626036238705684j),(-0.00044306013209858777+0.008442920077186911j),5270000000
(-0.575893566629427-0.25784456677433j),(-0.0005159832087611531+0.008328763451242711j),5272500000
(-0.5772873782156512-0.2519949612513235j),(-0.0004947785767264146+0.008443656885111287j),5275000000
(-0.5759603336017028-0.24804916457802156j),(-0.00043647833629913987+0.008449466886453549j),5277500000
(-0.574830528979116-0.2454405599660304j),(-0.0005757263197324869+0.008435243128110139j),5280000000
(-0.5753440231728078-0.23854270491622376j),(-0.0005217455067948522+0.008494505996014774j),5282500000
(-0.5732070488599875-0.23603097650855429j),(-0.00048630300618252405+0.008425612278121943j),5285000000
(-0.5738022388480073-0.23056027801218054j),(-0.00045385686472855513+0.008388434859730396j),5287500000
(-0.5715862836121726-0.22879719355933412j),(-0.0004691312266309804+0.00829478711716403j),5290000000
(-0.5725812813271023-0.22330200440511613j),(-0.0005162657777379053+0.008295222290269955j),5292500000
(-0.5701862120412857-0.2197867487088466j),(-0.0004884523143926856+0.008294239420051955j),5295000000
(-0.5702378676621919-0.2132339694306501j),(-0.0006000824078584573+0.008392548407433077j),5297500000
(-0.5682340840748713-0.20810603005814032j),(-0.0005047081766525541+0.008494166173772045j),5300000000
(-0.566349573200911-0.20572123617093258j),(-0.0006333610160820646+0.008608054758865799j),5302500000
(-0.5651279710683991-0.2001623343484003j),(-0.0007787816883657072+0.008524687124919588j),5305000000
(-0.5631330603205187-0.1986940736607256j),(-0.0007510983780361202+0.008623059503260316j),5307500000
(-0.561329077876182-0.19126563684805348j),(-0.0007529032497304866+0.008562024579240194j),5310000000
(-0.5601239939622406-0.18986197871147398j),(-0.0008212199697334368+0.008528125061101796j),5312500000
(-0.5590780333826156-0.17952647201315058j),(-0.000625248458019014+0.008493654163029156j),5315000000
(-0.5565181058125298-0.1773019494251779j),(-0.0006283218008522561+0.00879480642066089j),5317500000
(-0.5540756422053412-0.17783414728031724j),(-0.0007318328901808143+0.008806484215945074j),5320000000
(-0.5517005107016747-0.17687520657818975j),(-0.0007173408514020005+0.008597599044454758j),5322500000
(-0.5507702154901672-0.16521338792210905j),(-0.0006431284391636251+0.00886794455777994j),5325000000
(-0.5497375117583942-0.15853369663169983j),(-0.0005652837928756299+0.008818428765319356j),5327500000
(-0.5470577310633908-0.15680819796767093j),(-0.0006038735535329774+0.008813550062935575j),5330000000
(-0.5441539151556207-0.14983341601590078j),(-0.0006999311910158268+0.008952155122787266j),5332500000
(-0.5435101132242464-0.14485291750462598j),(-0.0005746838968674315+0.0091482769351842j),5335000000
(-0.5418609430348056-0.14222983769530403j),(-0.0005264425732843777+0.009054106746750832j),5337500000
(-0.5392260486534096-0.13857610039364812j),(-0.00020485800889052767+0.009234305124627888j),5340000000
(-0.532218756924283-0.13460379736770392j),(-0.0006463046123415542+0.009382031317497671j),5342500000
(-0.5368874251099712-0.13592062389271675j),(-0.0005753226145271463+0.009365598532987436j),5345000000
(-0.5353861786535817-0.1247378454696727j),(-0.0005438303531044229+0.009545814151804737j),5347500000
(-0.5333768861917888-0.11833582734918878j),(-0.0006302934872423282+0.00941820582334315j),5350000000
(-0.5332097881944228-0.12003887761713801j),(-0.0006992989086497935+0.009714185728471362j),5352500000
(-0.5247429260162769-0.11590541133838192j),(-0.0006381338991732603+0.009734056162223595j),5355000000
(-0.5261933637067748-0.11289391877740032j),(-0.00046506085351555586+0.009772817082492445j),5357500000
(-0.5229011786514847-0.10757881620454895j),(-0.0005998100771702821+0.00960907677342456j),5360000000
(-0.5238069251459804-0.10537673427378347j),(-0.0006610617190970226+0.009880192765439482j),5362500000
(-0.5204536558563423-0.0998841537599206j),(-0.0008169584335635986+0.009939933745115788j),5365000000
(-0.5185049571215349-0.09249511954364444j),(-0.0004988087451474551+0.010029074251210485j),5367500000
(-0.5174690347792416-0.08831175725696712j),(-0.00032731052486511413+0.010102562078690354j),5370000000
(-0.5168407028998998-0.0812080912645128j),(-0.00011139836757097204+0.010183623631107305j),5372500000
(-0.5136302856929296-0.07200592418824522j),(-0.00014778251761221871+0.010499924998592444j),5375000000
(-0.5143474787384373-0.07221820325613763j),(-5.6014930502246174e-05+0.01042891867520187j),5377500000
(-0.5116059995350654-0.06577329429763211j),(7.062313583150631e-05+0.010261655572311196j),5380000000
(-0.5090369454842406-0.06379329113601172j),(-0.0001297732731357431+0.010676661424029527j),5382500000
(-0.5073835128947666-0.05549081554470772j),(-2.786745377370204e-05+0.010856769581913133j),5385000000
(-0.5035578477449636-0.04838964422930617j),(9.47385725778904e-05+0.0108562640310669j),5387500000
(-0.5022341523526869-0.0444276427594653j),(-2.4677092456188018e-05+0.010962640209437146j),5390000000
(-0.5000070022712675-0.04022579273882158j),(0.00023742649548363215+0.011173809566676891j),5392500000
(-0.4970896785536191-0.03319134249508532j),(0.00010890234493503992+0.011347422490746214j),5395000000
(-0.4951020343560245-0.029867150354084906j),(0.00030604270726790415+0.011370857850223562j),5397500000
(-0.4935570632438287-0.026642905173638484j),(0.0003527319825364709+0.01144848951063873j),5400000000
(-0.48946341022643075-0.024719893388387915j),(0.00045465770749920177+0.011674292937007844j),5402500000
(-0.4813513401787802-0.012226102849775766j),(0.000649423548003001+0.011697083356554536j),5405000000
(-0.48164529401500594-0.012951976563563795j),(0.0006237972802602343+0.012110714846229489j),5407500000
(-0.47730021742772805-0.005206232344357898j),(0.0008597883859966753+0.012250262213093997j),5410000000
(-0.4762625982304754-0.0019177115113149894j),(0.0010839835118925892+0.01254295829483164j),5412500000
(-0.4693658867117559+0.007040973687884557j),(0.0011654092633560684+0.012529202944694874j),5415000000
(-0.46753713148869996+0.01155310470424522j),(0.0013966531669213464+0.01265281273047012j),5417500000
(-0.46707239745483237+0.012008210555704495j),(0.0016290875185545912+0.01292482614185292j),5420000000
(-0.4615593250659754+0.020137740870376706j),(0.0017583826377564082+0.013022838797028561j),5422500000
(-0.45925743749528664+0.021948595936078345j),(0.0020232368622918615+0.013054614911060101j),5425000000
(-0.4547702313136616+0.02821686142488022j),(0.0019018685568418434+0.013262494421868274j),5427500000
(-0.4527049437267366+0.03210389467364764j),(0.002327823337650573+0.013477538922019415j),5430000000
(-0.44892800004259437+0.03472111469924128j),(0.002565101381751441+0.013450586444153105j),5432500000
(-0.44285376130638354+0.04670643538101138j),(0.0029005311469723185+0.013644988389197407j),5435000000
(-0.43884825582147474+0.05225343270051156j),(0.0031639330721228353+0.013790913576321211j),5437500000
(-0.4420833600999242+0.0426287224834961j),(0.003243754557046155+0.013930139115125247j),5440000000
(-0.43296709136409994+0.06350512274031916j),(0.003932652897377525+0.013773548465254247j),5442500000
(-0.4346519635020722+0.052406601062935966j),(0.0034158459942982894+0.014057811734506303j),5445000000
(-0.43405372830994954+0.050892779494066814j),(0.0033062646857935714+0.014455573416040975j),5447500000
(-0.42872651984543886+0.06125226168986404j),(0.0038453778941577215+0.014411191454394871j),5450000000
(-0.4223889383006027+0.07174548142564251j),(0.004509356339553126+0.01431992781450557j),5452500000
(-0.41849939156347893+0.07493863525407687j),(0.005031558842627816+0.014244426381158417j),5455000000
(-0.4168713257925838+0.07338573756907407j),(0.005107649078106998+0.014530036872568534j),5457500000
(-0.41111969018583416+0.08599958577671776j),(0.0054376456097507565+0.014384883768048355j),5460000000
(-0.4095206730956477+0.08452438712872343j),(0.005582597394792506+0.01435683126866792j),5462500000
(-0.4063796296343922+0.09192040616456144j),(0.0058385220692680085+0.014252273379060761j),5465000000
(-0.40132673171769334+0.09474632690185043j),(0.006111492812024766+0.014347389614613182j),5467500000
(-0.3981104800053721+0.09510443838788026j),(0.006569400937798341+0.014320942111952398j),5470000000
(-0.39574694402953037+0.09988239170630725j),(0.006784957543015765+0.01441776375973096j),5472500000
(-0.3934107448251485+0.09977068201801476j),(0.006823164691110633+0.01470061154821839j),5475000000
(-0.3909555831894523+0.10542456029415626j),(0.007105277358544317+0.014868719209175438j),5477500000
(-0.38720286350600225+0.106836326235516j),(0.0074969441992365805+0.014795004794385357j),5480000000
(-0.3832894355370885+0.10883783629180964j),(0.00777466524874291+0.014882888524555233j),5482500000
(-0.3799419803186649+0.111597483493057j),(0.008137442556161431+0.014877158400742992j),5485000000
(-0.3760697638273479+0.11190674274568352j),(0.00857871449784274+0.015148832148498818j),5487500000
(-0.37220184075148816+0.11806959797349778j),(0.009316853468916319+0.014835164469661441j),5490000000
(-0.36818783375431835+0.11280130357421522j),(0.009403960891723793+0.015045539470514067j),5492500000
(-0.36747700806744266+0.12249519409350498j),(0.009982324672197618+0.01497610044958865j),5495000000
(-0.3650631077748448+0.12179277664178158j),(0.010567284476346285+0.015139450871847341j),5497500000
(-0.36011402461544584+0.12676903716513496j),(0.010908189802265765+0.01503386816149821j),5500000000
(-0.3605985100705454+0.12695178675560714j),(0.011086960773088165+0.015045565192773044j),5500000000
(-0.35594578751128253+0.12784900883311412j),(0.011521042618504427+0.015127107209734831j),5502500000
(-0.3530329576890013+0.1281997657367208j),(0.011966541131812487+0.01485490723098261j),5505000000
(-0.3517778405298778+0.13428413685097762j),(0.012675732601280423+0.01439688852191222j),5507500000
(-0.35014280785158886+0.13393872038739918j),(0.013260090383177972+0.014370851971928528j),5510000000
(-0.3469918904828062+0.13634691523677986j),(0.01339177185039842+0.013873972171013514j),5512500000
(-0.3437313750760831+0.13663687744163514j),(0.013721736628082326+0.013446937349545298j),5515000000
(-0.3401842684339084+0.13853445571973888j),(0.014366337252358261+0.013111372785960189j),5517500000
(-0.33525340507156676+0.1398028657352902j),(0.014879561257349613+0.01274228083266451j),5520000000
(-0.33322609346684506+0.14321298363901064j),(0.015003212879462956+0.012359784850749345j),5522500000
(-0.3316430906031194+0.14568310591735092j),(0.015242427856209226+0.011944625042268458j),5525000000
(-0.327378182902905+0.14570336318505955j),(0.015369929053209821+0.011686755663455586j),5527500000
(-0.32429253697575927+0.1477876343208256j),(0.015721699031427866+0.011169422866043267j),5530000000
(-0.3192366010920058+0.14837463136580026j),(0.01574750599659574+0.01088606962328945j),5532500000
(-0.3158315571658765+0.1521491713972061j),(0.015867119117479768+0.010607632490502644j),5535000000
(-0.31323739204988943+0.15570176933897611j),(0.01618843083549349+0.01004760286796819j),5537500000
(-0.30888640985504984+0.15478942445259405j),(0.016398832749794007+0.009918861183807677j),5540000000
(-0.30614654325823054+0.1564578166891099j),(0.01678564322266766+0.009259210871095495j),5542500000
(-0.30181287617382035+0.15899025198092792j),(0.01684509210086164+0.009167876906824883j),5545000000
(-0.29800919433150447+0.16084622614689573j),(0.01695522244426029+0.008574823453715737j),5547500000
(-0.2940087055534455+0.16359678853747678j),(0.017108981906153516+0.007851861987188864j),5550000000
(-0.2881586438415007+0.16328594466642612j),(0.017056014057440522+0.008026928813946852j),5552500000
(-0.28346808650229893+0.16767294461249727j),(0.01725027960627795+0.007574328279326806j),5555000000
(-0.2769386724195473+0.172010871805149j),(0.01751527615711887+0.006975706422881111j),5557500000
(-0.2717900230030146+0.1744863910564958j),(0.017683965322172368+0.006559690918461399j),5560000000
(-0.267190811220936+0.1764709377997174j),(0.0173559343967341+0.006265022303380664j),5562500000
(-0.2622888491489859+0.17753557446494717j),(0.017537644965772457+0.006023928503598969j),5565000000
(-0.2572010373342386+0.1788655727280486j),(0.017462168107487453+0.005719353761057242j),5567500000
(-0.25192129922309836+0.17987024649445432j),(0.01739404884634485+0.005300665531906898j),5570000000
(-0.2462138550166966+0.1821473651713376j),(0.01750887731621017+0.004995662221509983j),5572500000
(-0.24053392729263806+0.18483838481167753j),(0.0176667843238072+0.004679812687685893j),5575000000
(-0.23658301074891158+0.1860133603385035j),(0.017908520471157312+0.004423861698184149j),5577500000
(-0.23135147258240898+0.18820752606976723j),(0.01791152825349418+0.004400865277117996j),5580000000
(-0.2270789703048341+0.1896360300241654j),(0.018049073185990215+0.0035120915726933864j),5582500000
(-0.2216286177443777+0.19066484802813308j),(0.017964517323464085+0.0033267658603931983j),5585000000
(-0.2170015452512211+0.19182401098415217j),(0.01795175843827472+0.00309917995674154j),5587500000
(-0.21212863433448056+0.1932255613568127j),(0.017857699371939515+0.0023948996802131894j),5590000000
(-0.20841523239401538+0.1931685304948506j),(0.018014223730614006+0.0024128907845972895j),5592500000
(-0.2021122912347418+0.1929994797279996j),(0.017951474234059413+0.0016428530356167321j),5595000000
(-0.19367151133013502+0.1913126736661809j),(0.017789927100333013+0.001022650911683241j),5597500000
(-0.19151709939756767+0.1945887287329967j),(0.017637693419419797+0.0008487381114222894j),5600000000
(-0.18768322195525264+0.19844081242919429j),(0.017677300218302255+0.0005379198210201429j),5602500000
(-0.18001531072069904+0.1968029704378766j),(0.01752717835077886+0.00044729646640022364j),5605000000
(-0.17537632268115985+0.19607793256614353j),(0.017422473085440655+3.200821265239936e-05j),5607500000
(-0.17087432203596944+0.19549322869132624j),(0.017393563793055785-0.00015825549435452156j),5610000000
(-0.16676043905138233+0.197637789063472j),(0.017252160753824748-0.00033080867156327725j),5612500000
(-0.16104278266471636+0.19650360830035415j),(0.01701688105782667-0.0008184815981388716j),5615000000
(-0.15647802455745533+0.19704160110318494j),(0.017045999863908066-0.0011329609599072612j),5617500000
(-0.15222987494272053+0.19680895983619603j),(0.016991139896759603-0.0013281320667417136j),5620000000
(-0.14865137346183332+0.19826432806251187j),(0.01674383915990321-0.0014857587886849498j),5622500000
(-0.1428579768377758+0.19700698334432618j),(0.01654999141866267-0.0019971993101023052j),5625000000
(-0.1403584002220202+0.20002192162386856j),(0.01629671903624305-0.0021016444003137697j),5627500000
(-0.1341861888099988+0.19943067212976603j),(0.016210072842979997-0.0023499691300810114j),5630000000
(-0.12955840602727406+0.20022395179447394j),(0.01611942000972449-0.002774431739591676j),5632500000
(-0.12768794185945326+0.19977221138417223j),(0.015778316076528083-0.002846718178225585j),5635000000
(-0.12013308572026393+0.1980930081855845j),(0.015829670146634334-0.0032619340580401237j),5637500000
(-0.11773614916005265+0.200025723587598j),(0.015499689661991969-0.0035476371809191986j),5640000000
(-0.10906738095477593+0.1998127298643061j),(0.015343697668389994-0.0037844304325415114j),5642500000
(-0.11281479364412138+0.20154867754740577j),(0.015151717253069267-0.0038879899880223203j),5645000000
(-0.10717385502911754+0.20360124631654744j),(0.01470415055605562-0.004009443504825739j),5647500000
(-0.10043477906014688+0.2033725121552923j),(0.014563377868335288-0.004293371948027467j),5650000000
(-0.09781958889631401+0.20398268804021907j),(0.01422126629166117-0.004464361426690704j),5652500000
(-0.0946082453558715+0.20551697918477455j),(0.014123778963142054-0.004674544169865036j),5655000000
(-0.08696011471952615+0.20521006895990213j),(0.01390313667980473-0.004525143894356008j),5657500000
(-0.08590954943548293+0.20631387558532885j),(0.013763933766903965-0.0048767266356959035j),5660000000
(-0.08304310094965932+0.2078587775887669j),(0.013528900976887198-0.005092861949997656j),5662500000
(-0.08005914693653453+0.20906595605133793j),(0.013491433509953665-0.0051715156531839165j),5665000000
(-0.07578972046595533+0.21057069456304195j),(0.013291081330785638-0.00539281325104665j),5667500000
(-0.0689167833317179+0.21281501996043717j),(0.012774593767066297-0.005678097629768425j),5670000000
(-0.06235787892108528+0.21339082594895498j),(0.012763374629767009-0.0054983569557344085j),5672500000
(-0.06049537390504161+0.21299724399302375j),(0.012608118433483903-0.005561822073090885j),5675000000
(-0.05107827433915136+0.21381506510600687j),(0.012358580919579813-0.00580643860231872j),5677500000
(-0.042952441575518994+0.21605420578894247j),(0.012138275744959964-0.005855799223469698j),5680000000
(-0.041186217441866554+0.2160902140824072j),(0.011934079948342136-0.005697041481460664j),5682500000
(-0.039752925703802164+0.21448118953530163j),(0.01155947376312916-0.0055612850963935615j),5685000000
(-0.03311601685447914+0.21592374660435146j),(0.011515994253308032-0.005898123949877328j),5687500000
(-0.027152867758887603+0.2154962368811771j),(0.011439983420109748-0.005821983117824085j),5690000000
(-0.019848936389771803+0.2181490693909434j),(0.01137993439109722-0.005932041354438654j),5692500000
(-0.020036668753540154+0.21862654912258336j),(0.011337545043857472-0.005802482303849061j),5695000000
(-0.01442981410795255+0.2187108169921413j),(0.011291496680328967-0.005978348379163542j),5697500000
(-0.009765661809664821+0.2198574044793172j),(0.011053436164529386-0.00627238478861424j),5700000000
(-0.0018209482749053933+0.21957116085976358j),(0.010951726533854055-0.006148249695905033j),5702500000
(0.0036855491755933274+0.22169902807797182j),(0.0105404858184501-0.006543382215396014j),5705000000
(0.004798408647460438+0.2190575632478743j),(0.010312789414494995-0.006621002731372304j),5707500000
(0.00905721284838772+0.22264625412354141j),(0.010297958312417855-0.006354420312967055j),5710000000
(0.015150335133319832+0.22527197814847874j),(0.010365811695396802-0.006534506617713354j),5712500000
(0.018251322611708497+0.2235716705574343j),(0.01014008372694311-0.006387169089501208j),5715000000
(0.02409861440541076+0.22357888251671654j),(0.009800887869939085-0.006531296956865594j),5717500000
(0.024038484231166023+0.22090561831639743j),(0.009896435399450239-0.006243836093863672j),5720000000
(0.03293321932814757+0.22413029675125973j),(0.009941007084276482-0.006325982957436667j),5722500000
(0.025054484035182754+0.2184215689058993j),(0.010161898488079338-0.006129293934548403j),5725000000
(0.039178342777748336+0.22505027292765004j),(0.009822770419475628-0.0062951433214816005j),5727500000
(0.03891829015990571+0.22298710914835468j),(0.009932432960479881-0.006437929012177047j),5730000000
(0.03944159640510315+0.21976458504456836j),(0.010247449670279763-0.006353310397570192j),5732500000
(0.05040787452395864+0.2247330424629541j),(0.00998555988964635-0.006732146504747925j),5735000000
(0.053071691979147656+0.2248464531833738j),(0.01013921737577803-0.006672103907789473j),5737500000
(0.05589532829884221+0.2250124679215872j),(0.009883454365091348-0.006638613683087712j),5740000000
(0.05665541610231429+0.22112401893424827j),(0.009788401011242742-0.006691886305463966j),5742500000
(0.06033761277755214+0.22099752932769942j),(0.009704938800829156-0.006867368782331839j),5745000000
(0.06451404005936912+0.22375695103974913j),(0.009722711793636539-0.006984443839278429j),5747500000
(0.0681579350347624+0.2231380732696307j),(0.009764515772662227-0.007075914991681604j),5750000000
(0.06658131144907926+0.22280313852787603j),(0.009682038625857942-0.007056375026425993j),5750000000
(0.07064390734855473+0.2215614069372964j),(0.009615804076946769-0.007063324284302411j),5752500000
(0.07360671229258493+0.21958031010769657j),(0.009637329467508875-0.007009826122428684j),5755000000
(0.07632669877323348+0.21959697987507362j),(0.00970301670399827-0.007221092495290316j),5757500000
(0.08220438964179626+0.22248022525084862j),(0.0095197355174863-0.007415905787835045j),5760000000
(0.08259454044805482+0.21782708964599554j),(0.00945817835489852-0.007367334928790637j),5762500000
(0.08445299337834045+0.21503040291738656j),(0.009770657902456863-0.0071914189027082655j),5765000000
(0.08606528976390576+0.2127897915988419j),(0.009706150139720227-0.007362938432458873j),5767500000
(0.08929272881692801+0.21481711941608936j),(0.009685898920869756-0.007579711856796494j),5770000000
(0.0914962141010087+0.2164448292637694j),(0.009903130977044232-0.00797783497190435j),5772500000
(0.09419808530866866+0.21385497585178365j),(0.009752751190044-0.008219405500670426j),5775000000
(0.09909556872750706+0.2122564240169758j),(0.009893936916898728-0.008369591686060005j),5777500000
(0.10200467749626788+0.21197533101286087j),(0.009770061280101681-0.008458992465795416j),5780000000
(0.10563962874357267+0.2099570429997437j),(0.009744894001212777-0.008645080963776926j),5782500000
(0.10920167430653722+0.2083049531637959j),(0.009544492041221663-0.00881518439027976j),5785000000
(0.11251266387599147+0.2047518652576653j),(0.00937456104450466-0.008918615932918723j),5787500000
(0.11351695564217043+0.20543380276993833j),(0.009520903144268709-0.009151292538926785j),5790000000
(0.11577520054530775+0.20497808571413836j),(0.009852394331318657-0.009290917616989513j),5792500000
(0.1146820282832289+0.20781111660977541j),(0.009870486622722151-0.009263243302374205j),5795000000
(0.11906165807592599+0.2055410582637403j),(0.00985954504722272-0.009724333145063022j),5797500000
(0.12550465312045253+0.20348609175132235j),(0.010006561566467335-0.009912631123664235j),5800000000
(0.12736793340252833+0.20294245742681366j),(0.009862865506567295-0.01046058067959335j),5802500000
(0.13269486026300503+0.20158763082399236j),(0.009844772580931792-0.010747216566785497j),5805000000
(0.13480684150568928+0.20097016517448735j),(0.009987851785714033-0.010858397590980505j),5807500000
(0.1354504146250117+0.20170545022837055j),(0.009997321612887857-0.011240760611291796j),5810000000
(0.1375763355424627+0.20143563536931008j),(0.00988312584353361-0.011690222602693413j),5812500000
(0.14198270259426396+0.20111941552485557j),(0.009502844413350867-0.011933159656520018j),5815000000
(0.1466895838728284+0.20035230433920595j),(0.009478156495870575-0.012421954135125618j),5817500000
(0.15115068222224928+0.1997383719681006j),(0.009561186660851005-0.012865935780133522j),5820000000
(0.15251435186837597+0.19780987127062652j),(0.009376931787097647-0.013301237519175878j),5822500000
(0.1567577570338472+0.19819615300443222j),(0.009496400565984248-0.013466633685378582j),5825000000
(0.15875307807728067+0.19664920956573667j),(0.009409826585866865-0.014028786751133723j),5827500000
(0.16200288730498333+0.19435978507396703j),(0.0090167148024053-0.014280622351383368j),5830000000
(0.16642727033191887+0.19247816660270187j),(0.008832269640827615-0.014658415572194357j),5832500000
(0.16888437153848013+0.18992891451170682j),(0.00875943617509054-0.01521688589582535j),5835000000
(0.17518521330269834+0.19184168135148322j),(0.00847656686872681-0.015643709121049745j),5837500000
(0.17653606211938186+0.18946669515959141j),(0.008264993440550691-0.01620226279281795j),5840000000
(0.17708404867765556+0.1837379241399642j),(0.007848777005541744-0.016709546242706905j),5842500000
(0.17810050341039801+0.18000840203583232j),(0.00730675546304868-0.017117872304125533j),5845000000
(0.18417920547512187+0.18488583854969612j),(0.007524944446513163-0.017619522692286747j),5847500000
(0.18692002548502656+0.18410970662943688j),(0.0068588434340588166-0.01784212468932705j),5850000000
(0.19222840091789384+0.18285629399613687j),(0.006610450079757778-0.018460378578843088j),5852500000
(0.19430670678290388+0.17494926055495863j),(0.006170553665746712-0.019154313150111065j),5855000000
(0.20028929908050996+0.17823832624230576j),(0.005811659230438726-0.019469688870051755j),5857500000
(0.20376395667666264+0.17999524205788173j),(0.005212997260125255-0.020018891693891056j),5860000000
(0.2060855055029427+0.1769305716161712j),(0.00439358766516845-0.020274151536610753j),5862500000
(0.20827525596856789+0.17423412343339745j),(0.0038353039709161196-0.020737481689971603j),5865000000
(0.20836237013393374+0.16718467672015844j),(0.0031572091297954654-0.021104438012639237j),5867500000
(0.21338325785668985+0.17168032967478847j),(0.0027885510646611144-0.02149692891658951j),5870000000
(0.21663156596004854+0.16260770423909157j),(0.0020174078546681944-0.021896451740554258j),5872500000
(0.21956754638480544+0.167296228124724j),(0.001392048415330564-0.022145925805080274j),5875000000
(0.22057387328420025+0.15940716808981864j),(0.0005703923150246988-0.022324866725848675j),5877500000
(0.22315876116527927+0.15927145174627033j),(-0.00029637599555655504-0.022377765548125598j),5880000000
(0.22473670146226113+0.15988072807461332j),(-0.0009792375433910518-0.02284782161619237j),5882500000
(0.22906948819078735+0.15277777925846617j),(-0.0018816627632114084-0.022945320043290657j),5885000000
(0.2307956355774072+0.15651636818200607j),(-0.0024068392753359208-0.022856861631219784j),5887500000
(0.23410848145693774+0.14890775278730925j),(-0.003223882888011146-0.02328336469998421j),5890000000
(0.23718910762589793+0.14957516838964882j),(-0.003890940069731873-0.023462598134262724j),5892500000
(0.24025601998181917+0.14316382854153692j),(-0.005044755284938555-0.02366162970966839j),5895000000
(0.242984640635052+0.15403750569487173j),(-0.00616179887640211-0.023454578822819244j),5897500000
(0.2448291139198587+0.154230064920398j),(-0.007433826732033377-0.023188146545615303j),5900000000
(0.24594001047000144+0.1512741820100455j),(-0.008273521905185884-0.023009522483485402j),5902500000
(0.248602031950283+0.14760324205921432j),(-0.00903878510065169-0.022942847897487517j),5905000000
(0.2547424213968645+0.1397556589195327j),(-0.010272662037054313-0.022640149706961356j),5907500000
(0.2559959467654622+0.1427381223461258j),(-0.010854338660640138-0.022484803058006188j),5910000000
(0.25854538833865076+0.13972674166920962j),(-0.01163237515707968-0.022061232098889563j),5912500000
(0.26480260008280504+0.13465883308322282j),(-0.012899596773336658-0.021649683671539598j),5915000000
(0.2627280796893738+0.14718461402262342j),(-0.013104659881548332-0.021800176277840675j),5917500000
(0.26969503042868415+0.13569419078436762j),(-0.014368128976426673-0.021180403602518043j),5920000000
(0.2669869005683233+0.14436354752163671j),(-0.015079715049016567-0.021088078597846036j),5922500000
(0.27434528324922247+0.13973323493654127j),(-0.016212408439648024-0.0202365234402011j),5925000000
(0.27796742557016146+0.13643455759757472j),(-0.016927699071277457-0.01956847375424676j),5927500000
(0.2810419223997324+0.1356321594279031j),(-0.018115772973605445-0.019234095179970444j),5930000000
(0.28304702348982413+0.13536537126984127j),(-0.018907372468660987-0.01819316595289482j),5932500000
(0.2863754925503397+0.13883824302374734j),(-0.019571214818331923-0.01752991577290259j),5935000000
(0.29376689169998943+0.13165562778008466j),(-0.020488637573296976-0.0165981166448603j),5937500000
(0.29246951494039924+0.1376039252713213j),(-0.020742437885002213-0.015680608887465485j),5940000000
(0.30287524494697465+0.13132867918100502j),(-0.02142836020000623-0.015094925658757974j),5942500000
(0.3041174214279774+0.13202570236253625j),(-0.02201726372810738-0.014173883842667401j),5945000000
(0.30737803453122403+0.13092213210549628j),(-0.02220711420069337-0.013370410021947289j),5947500000
(0.3144142635059597+0.12570231120130892j),(-0.023014375902344227-0.012437462680063497j),5950000000
(0.3206992140723549+0.12455807245098088j),(-0.023296640773752215-0.011726229070126696j),5952500000
(0.32836272754187895+0.12064004163052161j),(-0.02374294253688834-0.010692795698970772j),5955000000
(0.33026872813218+0.12290585544785837j),(-0.024171119373989407-0.009445926364874301j),5957500000
(0.3349133965275677+0.1194289775132223j),(-0.024418116937769473-0.008591421833094949j),5960000000
(0.3329919838838613+0.124483986251793j),(-0.024596419324856424-0.007574233148607881j),5962500000
(0.3402323521705638+0.11986550690514947j),(-0.024976079470356655-0.006324569729899871j),5965000000
(0.3431939777892865+0.118713022824874j),(-0.02505942412080787-0.004819287322737694j),5967500000
(0.34410530769540426+0.1176134787388426j),(-0.024942523653244703-0.004092625486063827j),5970000000
(0.352563836672414+0.11355954525533163j),(-0.02506039230954259-0.0027269161543325903j),5972500000
(0.35594287993697094+0.11278958953774684j),(-0.024784231684501883-0.0015816557240109325j),5975000000
(0.36027687035626177+0.11026135066475645j),(-0.024549914997651946-0.0002499101364200753j),5977500000
(0.3611035504439241+0.10938725056163826j),(-0.024143120257361345+0.00037944786714261687j),5980000000
(0.36446754063010783+0.10584907302593118j),(-0.02410076527897373+0.000995116068140729j),5982500000
(0.3705583108588079+0.10458558977641175j),(-0.023501396624674684+0.0022856508412191366j),5985000000
(0.36734082937496215+0.1050514199485873j),(-0.023534994953802173+0.00297486444100151j),5987500000
(0.3750941686582918+0.10019765576675708j),(-0.023041356400312976+0.003514155887999821j),5990000000
(0.3722921172362626+0.09995127181939895j),(-0.022679312344114067+0.0038962617350732126j),5992500000
(0.3843701845196653+0.09656492146021638j),(-0.02207201189808945+0.005083583553247222j),5995000000
(0.3855926303580186+0.09612939228625088j),(-0.021627115915878736+0.005791527770230443j),5997500000
(0.387306483780386+0.09285224534162312j),(-0.021169817232085716+0.006458905827274579j),6000000000
(0.3907919195884325+0.09145817675565886j),(-0.021266068226537597+0.006761096518635464j),6000000000
(0.38889791398164797+0.09162472489716382j),(-0.020597114546602364+0.007204953616755842j),6002500000
(0.398573198631933+0.08912884758043187j),(-0.019944825202744924+0.008068613464890495j),6005000000
(0.3943510468444453+0.08618141154948288j),(-0.019618632729095163+0.0080119243777389j),6007500000
(0.39721022744761714+0.08318982043692978j),(-0.019210070456370132+0.008820792380032692j),6010000000
(0.4020040791906859+0.08416366153080025j),(-0.01842096998511512+0.00950034875811845j),6012500000
(0.403615859876343+0.0837026756149931j),(-0.017659482634183717+0.0101686374772555j),6015000000
(0.40864080028748245+0.08148777658518282j),(-0.016936685946224793+0.01080997608668938j),6017500000
(0.40631848592648706+0.07531128152023214j),(-0.016221089991903904+0.010462055416715048j),6020000000
(0.4128716533396095+0.07356155060111504j),(-0.015595335626646034+0.010729400695600482j),6022500000
(0.41374634578862823+0.07322986810022611j),(-0.01510446246259625+0.010498544779364943j),6025000000
(0.4174083174419891+0.07336655224654118j),(-0.014677116101376743+0.010922664392169474j),6027500000
(0.42256238209926955+0.0705362039101095j),(-0.013990787764410262+0.01143356843945847j),6030000000
(0.42014436295173196+0.06520603506938176j),(-0.014117751432173059+0.011076058659953869j),6032500000
(0.42514798452437313+0.06538441071902394j),(-0.012875876180321839+0.011014949335847814j),6035000000
(0.42312252772319003+0.06326211825949324j),(-0.013062170305782238+0.011266540395994314j),6037500000
(0.42745124646721494+0.05903879313454664j),(-0.012286578506808726+0.010923023786617256j),6040000000
(0.42731321637634356+0.052692673792147995j),(-0.01183153424397345+0.011405441230877252j),6042500000
(0.4320072428207518+0.052062553333868465j),(-0.011550503447716812+0.01133462102308449j),6045000000
(0.4345515878488891+0.05425111770739876j),(-0.011100627555143483+0.01099396451975806j),6047500000
(0.43634282387028095+0.05105270387445421j),(-0.011087969480363063+0.010605898538554861j),6050000000
(0.4407245069417153+0.04856793113864368j),(-0.010803270368442834+0.011184073660759155j),6052500000
(0.4425941695798093+0.04109268052441967j),(-0.011177330541576411+0.010680822132291812j),6055000000
(0.44342560519996616+0.0423154467819425j),(-0.010729887432058532+0.010774507093197595j),6057500000
(0.4438734057176536+0.03973484772567351j),(-0.010645343109819034+0.010869616038255186j),6060000000
(0.4471479625393424+0.036711392780017796j),(-0.010661084753215347+0.010789955266001431j),6062500000
(0.45144663344341573+0.0338305585611056j),(-0.01033374748895245+0.010265830117177605j),6065000000
(0.4513439481747773+0.02907677115529856j),(-0.010922133892207246+0.010500175858515681j),6067500000
(0.4544886176553948+0.027213911764705556j),(-0.01090107736135572+0.010975969172931872j),6070000000
(0.4557724005841069+0.02473152976179791j),(-0.010925770108984385+0.011055762479587462j),6072500000
(0.4557790300669608+0.023057999921929195j),(-0.010793580355723552+0.011095402790395642j),6075000000
(0.46009522066879854+0.019938745513541408j),(-0.011135700563560084+0.011670931274946526j),6077500000
(0.4610339187437337+0.018655208118193906j),(-0.01153247864304854+0.011877366594764974j),6080000000
(0.46035486556519195+0.016377327909190078j),(-0.011587308033140615+0.012540125201206464j),6082500000
(0.4678066995717+0.017026942904617287j),(-0.011531212100350758+0.012785948697145208j),6085000000
(0.46532965395975373+0.014010475762597582j),(-0.01141871350059305+0.013262558925139821j),6087500000
(0.4709370635664602+0.012831878374430616j),(-0.011780602267284123+0.013841232450296786j),6090000000
(0.46962956311928467+0.012401872850251294j),(-0.011193845793608739+0.014269441077530037j),6092500000
(0.46594268364067626+0.008812457808576056j),(-0.011579836241631693+0.015403263643039358j),6095000000
(0.46447038028267584+0.007677369637407214j),(-0.011779955666980195+0.01583915561304834j),6097500000
(0.46885005733480745+0.007330683885469355j),(-0.011209317755984835+0.01637572873479473j),6100000000
(0.4817444689881866+0.0065766345503431856j),(-0.011367048947751488+0.0165963960733238j),6102500000
(0.47966223457140417+0.005587396109999193j),(-0.009992711964959107+0.017590403264611008j),6105000000
(0.4809922744291187+0.00491297364889394j),(-0.009384314505855798+0.01819973439433627j),6107500000
(0.48527690821480585+0.004302496077358831j),(-0.009611103073685519+0.019162540224798713j),6110000000
(0.4873349361797951+0.001357417788115527j),(-0.008344449282314995+0.01939793916265923j),6112500000
(0.4886683931931028-0.00387290230198897j),(-0.007415095358999736+0.019633008148209036j),6115000000
(0.4944000530256268-0.0056192173421362795j),(-0.0074292590675589356+0.019754256078541508j),6117500000
(0.49094819115876204-0.00806471552920417j),(-0.0065896443401762435+0.020270942318377984j),6120000000
(0.49762247886150907-0.008325927106235744j),(-0.0057926102155701036+0.02054151015556642j),6122500000
(0.5005115578676056-0.00834402654362573j),(-0.004789953708885207+0.020923712128172452j),6125000000
(0.4990420237867554-0.014185689893859068j),(-0.00476566377999409+0.020809110957395086j),6127500000
(0.49886819359951495-0.021436249574558943j),(-0.0035806065668624494+0.02133829890403183j),6130000000
(0.5036237349954191-0.01985352552435051j),(-0.002720978782424344+0.02099542689347726j),6132500000
(0.5038231719548927-0.022704881077722554j),(-0.0016291421692309345+0.021218102120576815j),6135000000
(0.4960331385778365-0.03146303854162573j),(-0.0012728989726158509+0.020693824154781965j),6137500000
(0.5038061142336264-0.02629760994030817j),(-0.0012434634105361092+0.021319879326959643j),6140000000
(0.5064178210661981-0.030774985269811365j),(-0.0004966783922618509+0.020565763173273667j),6142500000
(0.5079592510924846-0.02856202814828511j),(-0.0002434759244715817+0.021069195759022052j),6145000000
(0.5032491069034553-0.0318258942093328j),(0.0010308332380437883+0.020390390508807466j),6147500000
(0.5070585656373242-0.0398621074850346j),(0.00130114354964736+0.02031740671487008j),6150000000
(0.5180656305436424-0.03992114813289942j),(0.001723417629392137+0.019528781266211742j),6152500000
(0.5113479406700489-0.0428408102222486j),(0.0022067934164451113+0.019920418857945914j),6155000000
(0.5073079854010122-0.05353147326304869j),(0.00301670326255417+0.019513759982118146j),6157500000
(0.5133291093467572-0.04488882404800257j),(0.003592277457891822+0.020351159145147502j),6160000000
(0.5136539955566212-0.06154183186150682j),(0.0042574795135940655+0.019536474468409334j),6162500000
(0.5129822714910733-0.05778565937880584j),(0.004021090112735385+0.018939631041216216j),6165000000
(0.5153617539545544-0.06306748658351556j),(0.004843694315542699+0.018932740989775664j),6167500000
(0.5193362515147094-0.05546314648330541j),(0.0048303288259212715+0.018835374316993933j),6170000000
(0.5219274314914797-0.0584306921493925j),(0.005505697693687245+0.018947686914318407j),6172500000
(0.5181209766559204-0.06486078879146537j),(0.005921982561443802+0.018666134121219972j),6175000000
(0.5304918907508872-0.0517607502123161j),(0.006666600261827719+0.017589315006949737j),6177500000
(0.5283191031792314-0.06649837658607821j),(0.0072155260106489425+0.01863327624196671j),6180000000
(0.5220459617953817-0.0760924128970511j),(0.0068252359611276+0.017433495917277126j),6182500000
(0.5289361783362707-0.06660527944112776j),(0.007546224443166031+0.01791343913760677j),6185000000
(0.5291310967895221-0.08486640260543947j),(0.00792388190186116+0.016239611278738353j),6187500000
(0.5330690443161666-0.08755640442066988j),(0.008217981644176931+0.016600235325796894j),6190000000
(0.5381393660608633-0.07779103680778164j),(0.008532136270328568+0.01690163499384785j),6192500000
(0.5374836873911393-0.08135556810306578j),(0.00913642914500881+0.016653279807461712j),6195000000
(0.5340936447252117-0.08149596799133409j),(0.008028919633494079+0.015326371911894997j),6197500000
(0.5343848376687248-0.08534683434877346j),(0.009265684521314255+0.015598122241950342j),6200000000
(0.5362344911551792-0.08982024640411243j),(0.009900478747543203+0.016050831190169604j),6202500000
(0.5423622645174376-0.09394427088023044j),(0.010118197178811163+0.015038949343232366j),6205000000
(0.5473881064944579-0.09698587674990948j),(0.010609094898098135+0.014686742305076387j),6207500000
(0.5473743156234019-0.09146520043323589j),(0.010493067608596715+0.014152376959846343j),6210000000
(0.550027715071697-0.09682384195746602j),(0.010971949376840663+0.01443837509745362j),6212500000
(0.5477663690884849-0.09651080335373854j),(0.01092957687866618+0.014218777633674316j),6215000000
(0.5496660467549369-0.10170686787741746j),(0.010833842874185881+0.013884901477558527j),6217500000
(0.5498549263191144-0.10708932493824282j),(0.010495445589218447+0.013137025652876j),6220000000
(0.5527355849294822-0.10351893858213748j),(0.010481038464891686+0.01314809955620066j),6222500000
(0.5562056563569454-0.1141350200920422j),(0.01136217348993895+0.01294292789921272j),6225000000
(0.556418167210132-0.10959317384535981j),(0.011044583322764645+0.012397285188167505j),6227500000
(0.5499150914141574-0.10747763404229657j),(0.011129354795739775+0.012140568879093644j),6230000000
(0.5611260074378477-0.11778158626582132j),(0.011997544489166165+0.012305430049762027j),6232500000
(0.5613178792273295-0.11777963882041552j),(0.010962625722031471+0.012347112589505832j),6235000000
(0.5607318456822913-0.1278311539266407j),(0.011610520784563127+0.011554833105949062j),6237500000
(0.5650314413408261-0.11882049902845085j),(0.01174912536743953+0.010326113088787059j),6240000000
(0.5658076873071373-0.1261638009139059j),(0.011563511899942794+0.010599358503530967j),6242500000
(0.5714626596890283-0.12667236244837063j),(0.012315871448862476+0.012045274560726712j),6245000000
(0.5697430630887446-0.1231810637189991j),(0.012753936633109851+0.01222290301504721j),6247500000
(0.577667073302277-0.13637122195385235j),(0.012738365048793481+0.01069132814033568j),6250000000
(0.5700504708883274-0.12399230522154121j),(0.01259883868360007+0.010950820429648846j),6250000000
(0.5745416952623432-0.1377654022475107j),(0.012866740697724298+0.010430836379275724j),6253125000
(0.5731180942468929-0.14007434774036837j),(0.011927625522735465+0.010245591541031517j),6256250000
(0.5824506475213324-0.14019236039960514j),(0.012909536208230196+0.009850760319463874j),6259375000
(0.5836608969440794-0.1545676018510418j),(0.014069893042924645+0.009672573273643244j),6262500000
(0.5852049698105563-0.1449841654413308j),(0.013737309859880352+0.00895304384744362j),6265625000
(0.5887042920802626-0.1568322740100726j),(0.012996236499858286+0.009456943857343553j),6268750000
(0.5888707427302002-0.15351065902721817j),(0.013496986387694802+0.008617232717145784j),6271875000
(0.5911280908113686-0.16463282668865287j),(0.012832237563066007+0.008362602210233057j),6275000000
(0.5851773119597189-0.16528260534606282j),(0.01367431613633646+0.008311637714533988j),6278125000
(0.5843831119579984-0.16927541709541338j),(0.013824705301585829+0.00843170597689644j),6281250000
(0.5884163473333422-0.18085397521455285j),(0.014316363400670573+0.008019863221872904j),6284375000
(0.5906361904079205-0.18294358567599664j),(0.014597051705614317+0.007569897142269954j),6287500000
(0.5935010224504194-0.18673952344782427j),(0.013558960716792854+0.007798892614911582j),6290625000
(0.5873928730378675-0.1874366832116393j),(0.013769413484785628+0.0070927716756087325j),6293750000
(0.591384132407114-0.19458291692986227j),(0.014430637156683265+0.006992968358137749j),6296875000
(0.5904040024976983-0.19809682561733247j),(0.015250736365686874+0.007292128473186169j),6300000000
(0.5924304263601771-0.2054346018409194j),(0.01468233430840067+0.008077116242795862j),6303125000
(0.5935551888593044-0.20041857979006802j),(0.016027075358391745+0.00618027393467754j),6306250000
(0.5757140064258777-0.2167183361888509j),(0.015178198995848302+0.006129773811596908j),6309375000
(0.5862943452130895-0.22967968828863716j),(0.015354339017363884+0.002398493224225815j),6312500000
(0.5586988588556953-0.24558983025832604j),(0.01589433764643334+0.002459769505876199j),6315625000
(0.5803184183617756-0.23877150748864512j),(0.017199132319342853+0.0034347588118391857j),6318750000
(0.5705016601309114-0.23928502769996762j),(0.01749704593900617+0.004325028029062768j),6321875000
(0.5634189881169648-0.22354605434891325j),(0.014935752511784776+0.0005606624242272672j),6325000000
(0.5813650883716517-0.2373122088732216j),(0.01683970722439136+0.001997356778699442j),6328125000
(0.5722765515493977-0.22814176493716812j),(0.014631644727417315+0.004824058273599526j),6331250000
(0.5720940153506691-0.22745187420229823j),(0.019338738594492047+0.002471399522967949j),6334375000
(0.596158342680503-0.25744509204021454j),(0.02065641076305637+0.004211684287401922j),6337500000
(0.5883517077255712-0.2420249214726759j),(0.01814725633682943-0.00012875818869440827j),6340625000
(0.5812960032199983-0.254799262762245j),(0.02017704630183185+0.002825648441099661j),6343750000
(0.5586235470434566-0.2511119798561478j),(0.020960057783594634-3.8579136141875725e-05j),6346875000
(0.5923329179769053-0.2751955358784931j),(0.018348933334973817+0.004030082221899358j),6350000000
(0.574504706574582-0.25659933590002704j),(0.01748290154832616+0.0015635552376033566j),6353125000
(0.6079456034033912-0.2641836547246539j),(0.01814116006982965+0.005237374917878481j),6356250000
(0.6118747829949697-0.2652768706497546j),(0.021748014846404217+0.004518284915830018j),6359375000
(0.5880623469025071-0.2684973246888009j),(0.022722258056349327-0.000857626867816535j),6362500000
(0.6030453637116417-0.27733467672482015j),(0.018677944326024383-0.0008609725713439949j),6365625000
(0.5837716982316058-0.30845013370151386j),(0.019718920224682683+0.0028395158525640497j),6368750000
(0.6292666624173024-0.291809677893079j),(0.01683802481289519-0.0011651557406030313j),6371875000
(0.6050436951529997-0.2864379398616628j),(0.019398082839754915-0.0011307984836699597j),6375000000
(0.5955800776309436-0.2732207777378144j),(0.017922655067924956+0.0023907221245148885j),6378125000
(0.5740143312368824-0.31367609915529576j),(0.025112156527297803+0.0014906263888395108j),6381250000
(0.5957852692141671-0.3094896755681152j),(0.0168470973131652-0.0021455125884681046j),6384375000
(0.5895694972398025-0.26813448440451826j),(0.017588439671774467-0.0008787443309142477j),6387500000
(0.5720618033682164-0.24694543973685731j),(0.022169811438230394+0.0010103651083233094j),6390625000
(0.6240022403601689-0.2878546417799428j),(0.023012245515299175-0.002682191367708748j),6393750000
(0.6118222012882031-0.26295879814729245j),(0.021438424871080202-0.00689874479640915j),6396875000
(0.586366036380907-0.2558513784162864j),(0.022376488207888207-0.005783803354101584j),6400000000
(0.5998321869014723-0.2513766119429627j),(0.022634964127216273-0.005639415164189469j),6403125000
(0.5737714249867948-0.3259938284133408j),(0.02631441365611862-0.005377422517591604j),6406250000
(0.6363546705458184-0.29552693807874525j),(0.02398038210112585-0.013107934788067675j),6409375000
(0.5970755839075804-0.30777931805826453j),(0.02260876964408134-0.010235592232083028j),6412500000
(0.6468240409706728-0.3413269261914333j),(0.027198344141599506-0.013224361703430084j),6415625000
(0.6140909292156984-0.35659833203645236j),(0.023774073018054984-0.011042318726546827j),6418750000
(0.5894544759246437-0.3095188624194131j),(0.01905439314016874-0.012416616679407817j),6421875000
(0.5694479618621137-0.3555955819042859j),(0.02541984869782767-0.012066187322765999j),6425000000
(0.558768216026895-0.333512706442421j),(0.019973316223857965-0.016285526591974266j),6428125000
(0.5637931368397224-0.3826594713811119j),(0.02220990056415258-0.016002827943981945j),6431250000
(0.5708378023349747-0.3130188426039001j),(0.02509323371880835-0.012273720317868091j),6434375000
(0.5672635406371407-0.32827188152406167j),(0.022969387722542315-0.015652582360069944j),6437500000
(0.5229908140544473-0.36442558028852357j),(0.02063609363518839-0.014644262401421443j),6440625000
(0.578995794607217-0.31355093713316173j),(0.019647178720741294-0.015655906999768453j),6443750000
(0.5480877413589673-0.3159429626897521j),(0.020597760286022122-0.016475132967890174j),6446875000
(0.5855822685014497-0.3700215325884598j),(0.025896562423297697-0.021316102152674977j),6450000000
(0.6146476672540749-0.30297734102940405j),(0.024566152396657305-0.022257178840669047j),6453125000
(0.5289233925423898-0.3545292484688848j),(0.02324068244861644-0.020773094767961256j),6456250000
(0.5664664087400483-0.37866234044918623j),(0.02185173749303064-0.02454799298891706j),6459375000
(0.5543267396259202-0.34721043252163475j),(0.019873917883994497-0.0223336295061118j),6462500000
(0.5583672643675107-0.3958796343580408j),(0.021707270376035176-0.025298565289269274j),6465625000
(0.5735720935607269-0.3267100414314756j),(0.01904955313098512-0.028886966208455975j),6468750000
(0.5673476155919178-0.28248079771261775j),(0.018931618337842206-0.026591148487176284j),6471875000
(0.5643801472002626-0.33359201613589995j),(0.015597862142283665-0.024657090366717403j),6475000000
(0.49787679372549354-0.3822114086131837j),(0.01154215638771112-0.025147318625362777j),6478125000
(0.5364963252314869-0.34443747075485837j),(0.016694712464649902-0.024731766619454032j),6481250000
(0.5613709057462757-0.36517689585969526j),(0.01632415249611385-0.026756424958499822j),6484375000
(0.5384747954055918-0.40304871964360206j),(0.016210141601054846-0.02967721217453154j),6487500000
(0.5686361657685877-0.4191814435900011j),(0.011806410597092549-0.034691614248889925j),6490625000
(0.5531561457299785-0.4214085415321311j),(0.008459323209819333-0.03196128617721064j),6493750000
(0.5250126332610014-0.4927295840462867j),(0.009481042105201199-0.030303446483216624j),6496875000
(0.5542063073882204-0.5337148285646922j),(0.0049066089125794155-0.03420639492315727j),6500000000
