S11,S21,freq
(-0.20816802807289086-0.839761045314536j),(0.011611983108843892-0.020251722397631507j),4500000000
(-0.1936585163275779-0.8409035927128491j),(0.011809904175196385-0.020070691371664923j),4500250000
(-0.1909302942207195-0.8403139046981806j),(0.01207783597362793-0.01993287932701776j),4500500000
(-0.2002492939817759-0.8379385128000453j),(0.011756182465363607-0.02027011198065314j),4500750000
(-0.18980515428500164-0.838939324280296j),(0.011920898004468307-0.020113399683473216j),4501000000
(-0.19517943143242716-0.8392092415265104j),(0.011960283683533326-0.020163206549323028j),4501250000
(-0.1996165330064743-0.8365878466105985j),(0.011743792372373411-0.020321995989482762j),4501500000
(-0.19042997182239535-0.8387768320533447j),(0.01202120476043457-0.02003457610261126j),4501750000
(-0.20296229407521968-0.8371340623770985j),(0.011624302826481981-0.020323898307826428j),4502000000
(-0.19704482331353135-0.8412449437498676j),(0.011872223106603602-0.020193849410706368j),4502250000
(-0.19973619922806995-0.8375380669513726j),(0.011802259065392774-0.02017108689066871j),4502500000
(-0.19661964170677806-0.8401469016382122j),(0.011896191712987267-0.020251497907333875j),4502750000
(-0.2018763882730789-0.8373399966561531j),(0.01179493895824441-0.020338222602441103j),4503000000
(-0.2053084051341318-0.8392870569527456j),(0.011659996563756957-0.02038882726000058j),4503250000
(-0.1997452662619538-0.8386937783328388j),(0.011715162980666879-0.020293935766063427j),4503500000
(-0.20587345486458317-0.8376773851346833j),(0.01165325394181043-0.02037343317172378j),4503750000
(-0.20031154957015412-0.839265096618561j),(0.011704579810736908-0.020281460649235722j),4504000000
(-0.20327773950965286-0.8389781978431831j),(0.011855965692752244-0.020383731371123592j),4504250000
(-0.2114770872861658-0.8389678008203033j),(0.011575452420928667-0.020634641922176542j),4504500000
(-0.2006058189113123-0.8374254752506726j),(0.011908159988033153-0.02051136169577493j),4504750000
(-0.2077372082060876-0.8384226048227527j),(0.01169915156100308-0.020490324031708442j),4505000000
(-0.20484313068600443-0.838304502097352j),(0.011772367982000674-0.02051994812119718j),4505250000
(-0.20607500348713534-0.8376399407104671j),(0.01166532958363075-0.020532235711340885j),4505500000
(-0.21492713591354987-0.8387548019053912j),(0.011542016465869836-0.020776876497198164j),4505750000
(-0.20468010751086382-0.8396184303074399j),(0.01178979831702111-0.020521559965726525j),4506000000
(-0.21064630904174775-0.837706283003922j),(0.011656518926744412-0.020568189115617357j),4506250000
(-0.21443048246784888-0.8371987061381939j),(0.011574693782262417-0.020629142083361002j),4506500000
(-0.2122249162308191-0.8361994740106596j),(0.011739938076636942-0.020589508995490596j),4506750000
(-0.21095560206722208-0.8368440493416719j),(0.011676901382140508-0.02073962212557826j),4507000000
(-0.20574637571695506-0.8385590942830793j),(0.01185546001303962-0.020606010713667564j),4507250000
(-0.2184803328037609-0.8377371208542368j),(0.01159204626875054-0.020831273880148597j),4507500000
(-0.20495553606640712-0.8387408196287657j),(0.011743866161143318-0.020792898875677028j),4507750000
(-0.21305854847342368-0.8375077881965156j),(0.01162073942611392-0.02081384936272864j),4508000000
(-0.2180037685608997-0.8371596303788778j),(0.01136338348106606-0.02093164292080364j),4508250000
(-0.21307776293211494-0.8368330103991902j),(0.011616634770515763-0.020770041047769024j),4508500000
(-0.21327878090400726-0.8406397275993545j),(0.011547188903365695-0.020895744128586965j),4508750000
(-0.2156100147281227-0.838686254703342j),(0.0115524236911392-0.021004339259221377j),4509000000
(-0.2164636962887094-0.8389190523433322j),(0.011339596432808375-0.020995571167421515j),4509250000
(-0.21282150179911616-0.8391152192317831j),(0.011381773580929172-0.02105772765317496j),4509500000
(-0.2135451530193889-0.8376095304774064j),(0.011405072751774287-0.021109563324266424j),4509750000
(-0.21320946804920757-0.8385358786919112j),(0.011317521979558874-0.02116256342246288j),4510000000
(-0.2156544869168498-0.8388651217247588j),(0.011117586918850795-0.02113573690937062j),4510250000
(-0.21467313077688122-0.8387880298614656j),(0.011377670889838987-0.021220921811790274j),4510500000
(-0.2129193250870751-0.8394422223723454j),(0.011250049174344853-0.021168749297314174j),4510750000
(-0.22210996595767105-0.8377482135615849j),(0.01104651977040666-0.021314360458454095j),4511000000
(-0.21356853803768666-0.8382502440845464j),(0.011159998197676805-0.02129322961495141j),4511250000
(-0.21303536631837472-0.838935330682616j),(0.01141710736692975-0.02124700521264091j),4511500000
(-0.2127432390700962-0.8395291607230645j),(0.011254646878588266-0.021347831808042943j),4511750000
(-0.2176140642660839-0.83826120760958j),(0.011345333476849734-0.021314672591966136j),4512000000
(-0.21869087443545399-0.8384836454671846j),(0.010982693578647772-0.0214494774475651j),4512250000
(-0.21515782820839274-0.8371383614110758j),(0.011106309985633564-0.021486250179809572j),4512500000
(-0.21567508142861705-0.8382637199166301j),(0.011050018291399077-0.021418287222300502j),4512750000
(-0.21792623079883963-0.8366269479350393j),(0.01103583036308875-0.02152352378846451j),4513000000
(-0.2158415166098198-0.8380167360365264j),(0.011147320240936811-0.021420866770611863j),4513250000
(-0.218054048621605-0.8385363272649224j),(0.01117838721282203-0.021472418161129898j),4513500000
(-0.21754235226836452-0.8390488070690573j),(0.010961066492979444-0.021567721269824373j),4513750000
(-0.21649153239747945-0.8374078116539833j),(0.011003159938202093-0.021419518053542724j),4514000000
(-0.21982138967829365-0.8390222358868681j),(0.010941783287395326-0.021601920029279534j),4514250000
(-0.22056837174975608-0.8389158286466091j),(0.010958729237894796-0.02163794619436927j),4514500000
(-0.21967560526942756-0.8368763036619812j),(0.010931098087160829-0.02165171263930369j),4514750000
(-0.21773531883136296-0.8371366794168965j),(0.010943221053798418-0.02156528707252488j),4515000000
(-0.2214313902175746-0.8374491070124488j),(0.01090670049051898-0.02163289539367303j),4515250000
(-0.2235515977787435-0.8374352130571246j),(0.010745769298701763-0.02185837118335579j),4515500000
(-0.21631197508933214-0.8353039128303305j),(0.011050583130628962-0.02163594124315321j),4515750000
(-0.22544676254327317-0.8356306510784747j),(0.010704265021944378-0.0218246628510542j),4516000000
(-0.22158320493235206-0.8355348832746947j),(0.010975765730932936-0.02181152160894653j),4516250000
(-0.22356980187067255-0.8352811183738386j),(0.010992731918590262-0.021776859276462647j),4516500000
(-0.22229160337067172-0.8342485478351905j),(0.010714571914135211-0.021830809485449496j),4516750000
(-0.2278320439588752-0.8343353681522935j),(0.010789687163656362-0.021759379921308105j),4517000000
(-0.22224942935308145-0.8332654689945926j),(0.010744984232171783-0.02184460747917109j),4517250000
(-0.22100078065811765-0.834514574158111j),(0.010857083906496619-0.02175275299077944j),4517500000
(-0.22612333597688694-0.8333856115941279j),(0.010658017881289996-0.021963559771189998j),4517750000
(-0.22455108347389494-0.8345605992234544j),(0.010758572093314605-0.022024041498334767j),4518000000
(-0.22421679624795804-0.8331736921391305j),(0.010623747530119118-0.022057527513702966j),4518250000
(-0.2280148588787228-0.8327222423298517j),(0.010627244395730344-0.021996722015258933j),4518500000
(-0.22410472166380424-0.8334853086803333j),(0.010881984832532388-0.02194576231066617j),4518750000
(-0.22827244931648344-0.8334946815633865j),(0.01068112350461694-0.022134317399588852j),4519000000
(-0.22551444107834517-0.83480778086965j),(0.010640794805255673-0.02209722569164677j),4519250000
(-0.2244283581381784-0.8350629684038018j),(0.010668033554728906-0.02193080128026127j),4519500000
(-0.22748415953628018-0.8330342479078627j),(0.010670234715688412-0.022179168194138243j),4519750000
(-0.225878762655147-0.8334709688015611j),(0.010677473422200785-0.02214389024756395j),4520000000
(-0.23452353845361634-0.832868152198238j),(0.010464128381174007-0.022369041743725657j),4520250000
(-0.21935097696511552-0.835697449286802j),(0.010667461537640864-0.022169308364142156j),4520500000
(-0.22706293389921925-0.8323173062382537j),(0.010659195397463943-0.022216105387468887j),4520750000
(-0.22722023490437082-0.8334616760255391j),(0.010595049438971311-0.02227410966047102j),4521000000
(-0.22606908199153736-0.8335421145312297j),(0.01074701269168797-0.022326974010571203j),4521250000
(-0.23139744718260355-0.8325572906788242j),(0.010436307743617911-0.022312033881197586j),4521500000
(-0.22505561309209296-0.8343129701783585j),(0.010680486801121146-0.022301706950686614j),4521750000
(-0.2324239615686854-0.8318224909298128j),(0.010418911169630944-0.022449068467725562j),4522000000
(-0.22947994397775145-0.8317105811899734j),(0.010494743244855258-0.022303302302087647j),4522250000
(-0.23131604093705863-0.830364510741542j),(0.010379041329651225-0.022450699708477843j),4522500000
(-0.2281228683698847-0.8327758443062199j),(0.010442693462997941-0.02243708905230093j),4522750000
(-0.23143760232198163-0.8309405809165507j),(0.010461239549572732-0.02238668922528868j),4523000000
(-0.2354597773372772-0.8299732197288439j),(0.010348276962363984-0.022555645005380445j),4523250000
(-0.22579618540748297-0.8324297091634294j),(0.010527115181580565-0.022421795087290867j),4523500000
(-0.2287021363879509-0.8326229599487602j),(0.010367639334290342-0.0225137533117548j),4523750000
(-0.228521493999218-0.8318410845886912j),(0.010279562433323057-0.0225255100866918j),4524000000
(-0.22986094223901812-0.8302717208036898j),(0.010376802276125226-0.022509040901941484j),4524250000
(-0.2331703936580638-0.8317291130355073j),(0.010116456238333574-0.022725243648643582j),4524500000
(-0.22685325621833274-0.8321772054362808j),(0.010365466380205683-0.022532456217598647j),4524750000
(-0.23189030430541727-0.8309084817718236j),(0.010263280658135901-0.0226840152422924j),4525000000
(-0.23272952978859773-0.8307202776414687j),(0.01014648265707195-0.022600080356988652j),4525000000
(-0.22743180692283135-0.8328340121306965j),(0.01022184979415976-0.022755856544426866j),4525250000
(-0.23143135501551676-0.8294895392514066j),(0.010051181383929266-0.022708100116589622j),4525500000
(-0.2382194334533608-0.8307487875228097j),(0.009960108714625986-0.022846835932432787j),4525750000
(-0.23279622475802617-0.830072227266569j),(0.009972863236173862-0.0227553546197688j),4526000000
(-0.23537297977709526-0.8301094088590844j),(0.00999740002560703-0.02289239379711983j),4526250000
(-0.23006432145140068-0.8288287670773463j),(0.010030825422005424-0.02284324176141327j),4526500000
(-0.23790085500743446-0.8271036785850117j),(0.009760428485392835-0.02288031003043121j),4526750000
(-0.23787400807258852-0.8286207402317556j),(0.009793753499523543-0.022870727170894247j),4527000000
(-0.23203768837198518-0.8288326792542591j),(0.009936567039060974-0.022922520877586443j),4527250000
(-0.2376764880912663-0.8281745340253325j),(0.009780372303217906-0.023037670927868577j),4527500000
(-0.2387029191272188-0.8279433832578442j),(0.009722910776468977-0.02298793314898611j),4527750000
(-0.23512243995491042-0.8274448019535537j),(0.009750569455498605-0.023058522091594938j),4528000000
(-0.23740185083822662-0.8279382292950687j),(0.009714303510184631-0.023118448135043004j),4528250000
(-0.2369555539593755-0.8272916232083012j),(0.009759803458195866-0.022958220732297804j),4528500000
(-0.24609832898150089-0.8233572407378791j),(0.009663814287705363-0.02301606562590732j),4528750000
(-0.24190342295643483-0.8240625162572935j),(0.009524238771587734-0.02304013469934215j),4529000000
(-0.2396623694378626-0.8255587172760166j),(0.009502161784991251-0.023205405314001424j),4529250000
(-0.2395985260783777-0.8252867694807339j),(0.009416846507907896-0.023117880478568772j),4529500000
(-0.23641122280968893-0.8274703892300762j),(0.009742017241364039-0.023038491570797178j),4529750000
(-0.24144705801339633-0.8260278694678473j),(0.009308608288940081-0.023226760792521735j),4530000000
(-0.24193808665167574-0.8257599161711807j),(0.009584301482367542-0.023136954103188466j),4530250000
(-0.24890087333150124-0.8228794856696815j),(0.009247720243020573-0.023400822213155318j),4530500000
(-0.23834074716103182-0.8256175885254006j),(0.009457107621010456-0.02339158689803103j),4530750000
(-0.24555118234132658-0.8239023800181726j),(0.009286264264174272-0.023478426194458897j),4531000000
(-0.24388881568590012-0.8263969939982028j),(0.009265043645937941-0.023503316371444514j),4531250000
(-0.2400706712764753-0.8271514176686898j),(0.00939024325081056-0.023369928448476383j),4531500000
(-0.24044394158957474-0.8254691206649436j),(0.009388426207393896-0.02340487460425727j),4531750000
(-0.24700254436925165-0.8234198733750283j),(0.009129337810157592-0.02351740776582163j),4532000000
(-0.2425017927369548-0.8248010802803322j),(0.009309876886968289-0.023486873028643662j),4532250000
(-0.2477071982674679-0.8243789693242325j),(0.009213399486897238-0.02363346283535917j),4532500000
(-0.24774662150877022-0.8220545128402537j),(0.009267741687680426-0.02356902273620342j),4532750000
(-0.24785553943053024-0.8227833689753443j),(0.009126652232298447-0.023537883110958266j),4533000000
(-0.24654127514420954-0.8230224645563697j),(0.009212878706294801-0.023549948444274584j),4533250000
(-0.24939208558915255-0.8231349563826877j),(0.008971808773460849-0.02364517396218756j),4533500000
(-0.24424906555141535-0.8227865812223703j),(0.009290607287409663-0.023667503567375788j),4533750000
(-0.24788572920471702-0.8207849854930523j),(0.009027385314605283-0.023792553936609832j),4534000000
(-0.2462324424304331-0.8229284360805921j),(0.00916952652432267-0.023613198263333312j),4534250000
(-0.24813037927232895-0.8206713003722722j),(0.009143628073424732-0.023770895989338264j),4534500000
(-0.2494689188374152-0.8220835147949769j),(0.008975854458838469-0.02381750710505889j),4534750000
(-0.2480846671470789-0.8214372335670495j),(0.00906693881357792-0.02386841219895693j),4535000000
(-0.25180556264795806-0.8210958157477704j),(0.008740266891087384-0.023889067163335193j),4535250000
(-0.2451109792882095-0.8209169242837231j),(0.0092988639306803-0.02377401123338974j),4535500000
(-0.25543214194615066-0.8222231508510471j),(0.008810166416147075-0.0239718148260115j),4535750000
(-0.2496891238599159-0.8215860298309661j),(0.008865407969874024-0.023933524228298867j),4536000000
(-0.25194045340070376-0.8208960697408497j),(0.008901581013734432-0.023929927097970972j),4536250000
(-0.25241602637816857-0.8207469408547875j),(0.008662678799032432-0.024058964661316837j),4536500000
(-0.2540337408927313-0.8190281944995842j),(0.008805739991346482-0.023993356978912517j),4536750000
(-0.2508573891656802-0.819539737776379j),(0.008519615772464887-0.024022720638952784j),4537000000
(-0.25164265056687357-0.8207010076605188j),(0.008768246497685714-0.024052366786943474j),4537250000
(-0.2551938802162066-0.8178800822074997j),(0.008499627063924771-0.024103947447481625j),4537500000
(-0.25005928285152657-0.8211265230838022j),(0.008645141359907063-0.02415220366639769j),4537750000
(-0.25495595576578794-0.8188414934658221j),(0.008320905197667074-0.024177580019608305j),4538000000
(-0.24979280762641135-0.8215592609510829j),(0.00850997201846046-0.024118310276242467j),4538250000
(-0.2527973533860196-0.8164039281927525j),(0.008425124936465512-0.024128137982879796j),4538500000
(-0.2549031176737401-0.8158497405761735j),(0.008210544854326372-0.024140934595784307j),4538750000
(-0.25324979801584907-0.8175808553127774j),(0.008447997589961578-0.024178330851993744j),4539000000
(-0.254677162545478-0.8164988529835802j),(0.008203730457272787-0.024220404598653586j),4539250000
(-0.25469218611065114-0.8162946517802702j),(0.008260270162970481-0.024090576466825688j),4539500000
(-0.25495919848145254-0.8159664056882175j),(0.00825660227779621-0.02434627431826039j),4539750000
(-0.2526732293460386-0.8156150350886188j),(0.00829195075036887-0.024079355141152326j),4540000000
(-0.25704582006189797-0.8138307703602499j),(0.007993466914166827-0.02429671925895618j),4540250000
(-0.25720646347783777-0.815146219086722j),(0.007946055034525536-0.024340365658826347j),4540500000
(-0.2511681222241427-0.8187319974920949j),(0.008257927102905453-0.024343433615226853j),4540750000
(-0.2583875430037632-0.8127083718528366j),(0.007930600910259027-0.024401162986483274j),4541000000
(-0.2589547133888451-0.813278549420493j),(0.008080285625276558-0.024413085609377043j),4541250000
(-0.26130694319540027-0.8122504844827715j),(0.00795002567369425-0.024470337949705347j),4541500000
(-0.258388295933179-0.8141943604488373j),(0.007885459371855528-0.02442366996910153j),4541750000
(-0.26173085982890515-0.8105311177790216j),(0.007935631140478292-0.02440150987672177j),4542000000
(-0.2580565335357712-0.8137152048987324j),(0.007781655592849726-0.02449195029238218j),4542250000
(-0.2563717747080287-0.8133415503457382j),(0.007832239495416622-0.024373812832435924j),4542500000
(-0.26243040634455106-0.8114563238940083j),(0.007758869298330553-0.024534606606825958j),4542750000
(-0.25679972832198505-0.8133255719770474j),(0.007913884726911267-0.024512619614746226j),4543000000
(-0.2628383035563798-0.8107156361088323j),(0.007690460311702101-0.024560210596376152j),4543250000
(-0.25997259862261435-0.8131099542518876j),(0.007644529227942003-0.02449457867764654j),4543500000
(-0.25945987256341874-0.8102377225855533j),(0.0075837340348455-0.024530160078197492j),4543750000
(-0.2589152655146209-0.8111359847872155j),(0.007700021881349164-0.02448699641252901j),4544000000
(-0.25950673610856917-0.8098749985426574j),(0.007762338342421242-0.024503357289202735j),4544250000
(-0.2649213278626157-0.8092117130620972j),(0.007562260969322769-0.024526828590638955j),4544500000
(-0.25814800140635896-0.8090859174566237j),(0.007591439302324352-0.024631431183223473j),4544750000
(-0.2637472879100933-0.8076596539979705j),(0.007498695758471501-0.024691414766941946j),4545000000
(-0.26266341252714864-0.8087789653382707j),(0.007503561624021715-0.024683784158015438j),4545250000
(-0.26410272457160067-0.8077644537335177j),(0.0073521439496981485-0.02457283563118248j),4545500000
(-0.2661372655707342-0.8059880952703663j),(0.0073050573285376764-0.02471906976516807j),4545750000
(-0.267560959501067-0.8067193342058092j),(0.007422855655476507-0.024724524911867267j),4546000000
(-0.26866473576762767-0.806689763803162j),(0.007205344250447703-0.024837278145210334j),4546250000
(-0.2644963430475898-0.8081562909898097j),(0.0072440106351974315-0.024784750595971017j),4546500000
(-0.26414364142447483-0.8077755760706355j),(0.007448300985105521-0.024831197963134644j),4546750000
(-0.2687406009910163-0.8066281026058847j),(0.007249492537795941-0.024818080638182024j),4547000000
(-0.26309082222301317-0.8064007616596095j),(0.007074809312200043-0.024904841947383693j),4547250000
(-0.2676746379915807-0.807124669693487j),(0.007043709450987046-0.024888235930575306j),4547500000
(-0.2665241432779737-0.8092300766626823j),(0.007144949241961486-0.024917392442266696j),4547750000
(-0.2670922052290407-0.807646750311331j),(0.007134498356683602-0.024862693574112926j),4548000000
(-0.26680790258846315-0.8080801011690429j),(0.006870193508331742-0.025089853441451974j),4548250000
(-0.2651820587143018-0.8070733607473609j),(0.007130384728975227-0.025089304294249756j),4548500000
(-0.25873232164679666-0.8100122031524781j),(0.0071827529148536405-0.025077267051174055j),4548750000
(-0.26784271104362195-0.806709523013466j),(0.006981815777894441-0.0250747020921474j),4549000000
(-0.26692268757736487-0.8058860181194515j),(0.006872367637282552-0.025094987888101095j),4549250000
(-0.2649684714832916-0.808717667901274j),(0.006753043702157121-0.025283542838094576j),4549500000
(-0.26550222347078-0.8066876875806841j),(0.006937521451077853-0.025213134873078212j),4549750000
(-0.2651826442698962-0.8067825949387124j),(0.006797896797857668-0.025250402930092838j),4550000000
(-0.26968983630495535-0.8054950690710737j),(0.006669057644472824-0.02511809086897774j),4550000000
(-0.26662887365537297-0.8076786590744874j),(0.0065586182743806315-0.025229557952975087j),4550250000
(-0.26200918795792183-0.8080139929534799j),(0.006790616300461369-0.025246856679436148j),4550500000
(-0.27468151741405195-0.8030154500901883j),(0.006341254786464877-0.02526572331264034j),4550750000
(-0.26413501936682265-0.8067599656165861j),(0.006754886163043438-0.025308777072057795j),4551000000
(-0.27162408870814-0.8037803381738484j),(0.006509192787817631-0.025239199178782097j),4551250000
(-0.26353403983169077-0.807275905594249j),(0.006530656030483283-0.02539605846724443j),4551500000
(-0.2648453038186267-0.8069499392296139j),(0.006543785942877164-0.02528551675678665j),4551750000
(-0.2742333964468612-0.8019868813370272j),(0.006144997612150567-0.025338647744748248j),4552000000
(-0.2718278135920179-0.8036694223757211j),(0.0062942430943730854-0.025435749940520256j),4552250000
(-0.2654580311852425-0.8057708196783977j),(0.006460683550501245-0.025412683142040333j),4552500000
(-0.27287570987772564-0.8026440536006589j),(0.006257217527147221-0.02541934818385665j),4552750000
(-0.2643942723013241-0.8046663411751654j),(0.006502262700575296-0.02542000958107273j),4553000000
(-0.2720957899060482-0.802488348963583j),(0.006109754180872566-0.02554665610330585j),4553250000
(-0.27235984962732107-0.8021949660520085j),(0.005885989348349625-0.02555264907869059j),4553500000
(-0.26603556635817616-0.8041555758528218j),(0.006239828001290564-0.025530010718703165j),4553750000
(-0.2674772668699566-0.8035919511785468j),(0.005972582034442165-0.025556145606791394j),4554000000
(-0.2689073847542992-0.8020570953584323j),(0.006082527185666063-0.02548740018910154j),4554250000
(-0.27487015003468623-0.8011899946684028j),(0.005767878755835195-0.02563966542950614j),4554500000
(-0.2641429911997973-0.8043952518296801j),(0.006182785357683289-0.025566733731691143j),4554750000
(-0.26929279957241786-0.8013763710614237j),(0.0059484995183364305-0.025552812631031416j),4555000000
(-0.26859587870311225-0.801241905897787j),(0.005923660517486903-0.025712986627625j),4555250000
(-0.2698596523548851-0.7993692644027165j),(0.006091361947394748-0.02555428929540509j),4555500000
(-0.2739322352373733-0.7980299905025486j),(0.005576623000587694-0.025612011764836354j),4555750000
(-0.2659606837707585-0.8011826685366185j),(0.005943395442091557-0.025670055966807447j),4556000000
(-0.2776783922431355-0.7960709721362937j),(0.005564372497440264-0.025775999913758937j),4556250000
(-0.26429866106185146-0.8002043823435862j),(0.0058467603954795045-0.02566315523418114j),4556500000
(-0.2703708667657558-0.7985431335460784j),(0.0057114881090922776-0.025668589732034123j),4556750000
(-0.27517033605735863-0.7961579836035829j),(0.005492249157214233-0.025711732704764265j),4557000000
(-0.2736606177311485-0.7968906822511951j),(0.005662498211489614-0.025641821246529386j),4557250000
(-0.2686885049138839-0.7989456677225859j),(0.005530658264395824-0.025643026941419404j),4557500000
(-0.27004356595086915-0.798120701047439j),(0.005673744830778633-0.025709030712704507j),4557750000
(-0.27552970082988326-0.796026035036588j),(0.005457955744461569-0.025680893666203984j),4558000000
(-0.2718510148254697-0.7966081117597156j),(0.005536040998475773-0.025769777412436388j),4558250000
(-0.27529510426290377-0.7954360773973547j),(0.005539462585797805-0.025754982576313444j),4558500000
(-0.2767829188643244-0.7946438375449075j),(0.00531934980674619-0.02574242865126603j),4558750000
(-0.27191129317352536-0.7968138847638762j),(0.005622605555493462-0.0257988268399358j),4559000000
(-0.2795472727212426-0.794219981628781j),(0.005303303482501799-0.025755555230731676j),4559250000
(-0.27427657023160834-0.7956686125674495j),(0.00533225784253243-0.025778548681620952j),4559500000
(-0.27902490328944785-0.7923092831302743j),(0.005274426773395249-0.025817553252432807j),4559750000
(-0.28600272699685214-0.791821315118381j),(0.004885664511833801-0.025997944121717714j),4560000000
(-0.27857060210769075-0.7931247301684721j),(0.005322653335625211-0.025784419297022507j),4560250000
(-0.2782529878717841-0.7922279364267709j),(0.005160445141615684-0.025831850483028017j),4560500000
(-0.27828973032608795-0.7919367033471906j),(0.005299879474444397-0.025916750255114928j),4560750000
(-0.2806287715417342-0.7897374962393856j),(0.0050689750294025514-0.025731200223051615j),4561000000
(-0.28080525727599553-0.791366041220313j),(0.004970647315273499-0.02580802372537645j),4561250000
(-0.27865462475399766-0.7892793712183032j),(0.0049856788798145445-0.02584797438867787j),4561500000
(-0.28505378779224744-0.7883586900742497j),(0.004719261850255355-0.025947934332798933j),4561750000
(-0.28334243142144205-0.7882669513601523j),(0.004803131441220782-0.025878236624191742j),4562000000
(-0.2776617064186356-0.7912011614716936j),(0.005015263979784308-0.025865002946449157j),4562250000
(-0.2786759395126254-0.7884635827648464j),(0.004752175135101729-0.025775760745303668j),4562500000
(-0.28223889257667123-0.7896487494629796j),(0.004594370789462047-0.025895056383881804j),4562750000
(-0.2858175519975957-0.7878878616787713j),(0.004592243853354712-0.025834467806171362j),4563000000
(-0.28211058003049877-0.7886788681388205j),(0.0047492158193226525-0.02592044209738561j),4563250000
(-0.28157308586394947-0.788898871346108j),(0.004578338889121512-0.025936968115535863j),4563500000
(-0.2824644491245683-0.7887066504812537j),(0.0047094344433890375-0.026020850772567043j),4563750000
(-0.2796374279490312-0.7893439122586317j),(0.004721349515227053-0.026044558007900363j),4564000000
(-0.28394644606550445-0.7873845679995406j),(0.0044274959704477855-0.025928366386424758j),4564250000
(-0.2785432749042387-0.789999908354967j),(0.004607834007275274-0.026079720395379674j),4564500000
(-0.2847260006824887-0.7868755792197545j),(0.004432478309730079-0.02599771773939603j),4564750000
(-0.28262636828154847-0.7877252166835197j),(0.004202574985378672-0.02601230943098576j),4565000000
(-0.2742057432178665-0.789569084839191j),(0.004566422766182245-0.026135486125922015j),4565250000
(-0.2885591670739545-0.7838455729600898j),(0.0041442424162526515-0.02603155134497454j),4565500000
(-0.27738408778568835-0.7893100932330368j),(0.004355800990814616-0.02603962715345739j),4565750000
(-0.2812286046096644-0.7872963235069039j),(0.004186475063792255-0.026086606231195204j),4566000000
(-0.283814460200595-0.7869825299981181j),(0.003957039712213302-0.02618996321984438j),4566250000
(-0.2814494037858548-0.787903442027671j),(0.004063751418105055-0.026142895014106417j),4566500000
(-0.2815027325683615-0.7866632445680558j),(0.003930405796656329-0.026119466509742985j),4566750000
(-0.27478944616144524-0.7879515503823553j),(0.004240683795895249-0.026142906078580868j),4567000000
(-0.28603425309423425-0.784137030456408j),(0.0037694430901535013-0.026247377495130956j),4567250000
(-0.2753933676698782-0.7875906295339723j),(0.004030461029997023-0.02625736766601999j),4567500000
(-0.27977213496084796-0.7845677198405123j),(0.003917000144165551-0.026211721815108863j),4567750000
(-0.277882621237995-0.7864435452018167j),(0.003955453214721358-0.026310056043063638j),4568000000
(-0.28013504455619254-0.7865593343978032j),(0.0038844444456461523-0.02621235588517316j),4568250000
(-0.2798283842774751-0.7850365894720461j),(0.003786106576162445-0.026292905199651596j),4568500000
(-0.2808336167163449-0.7845179972504257j),(0.0036883323307830007-0.026273207467612678j),4568750000
(-0.27890366932667526-0.7877140190820772j),(0.00368779991433754-0.026342437318190633j),4569000000
(-0.2798298679933149-0.7858375653097528j),(0.0035148664346747807-0.026475060385580597j),4569250000
(-0.28340087702663097-0.7838809664998515j),(0.003642091544572653-0.026397748527508272j),4569500000
(-0.28234608177636905-0.7859674029571388j),(0.0034212642843639623-0.02650901162030414j),4569750000
(-0.28045255468228514-0.7855825487380699j),(0.003668984966331814-0.026462133794291506j),4570000000
(-0.2816082017067054-0.7847058272494524j),(0.0034010038485849095-0.02644495405336414j),4570250000
(-0.27936271594641027-0.7851254725974743j),(0.003430037665131754-0.026451528984233984j),4570500000
(-0.2820934699688702-0.783721804250763j),(0.0032023991478263704-0.026533501680453424j),4570750000
(-0.2779728280870785-0.78562423764275j),(0.003464918518639546-0.026362848813790033j),4571000000
(-0.2821815474813754-0.7826129614309963j),(0.003337931450653974-0.02642281589616294j),4571250000
(-0.2803419243092678-0.7843786498780505j),(0.0031877308958574405-0.026513820416798867j),4571500000
(-0.2799005829927939-0.7842250358748619j),(0.0034250581532008694-0.026426085558045966j),4571750000
(-0.2798159104894975-0.7832526785159857j),(0.0033948704268305227-0.026418759228454828j),4572000000
(-0.2840486623030215-0.7816708907640593j),(0.003074725862052218-0.026567655597743416j),4572250000
(-0.2810899020213511-0.7822479409013807j),(0.003190820251094877-0.02653797235916074j),4572500000
(-0.278823415735547-0.7825960551688932j),(0.003186776037541656-0.026601488574379703j),4572750000
(-0.28226776739828535-0.7813510650187744j),(0.0031828959500507024-0.026528558562835376j),4573000000
(-0.28015768152485837-0.7809644566116286j),(0.003000528454429024-0.02660642642572284j),4573250000
(-0.2786646503814579-0.7832320592039786j),(0.003100547034958627-0.026564523225822204j),4573500000
(-0.2817843970392667-0.7827895268744612j),(0.002816332732339883-0.02665178004711146j),4573750000
(-0.2785831124875566-0.7830752313061217j),(0.0029597276101813105-0.026690807537947996j),4574000000
(-0.2831530839358739-0.7823077635613175j),(0.002808093564598568-0.026615560301136168j),4574250000
(-0.2823124664363424-0.7822888278603107j),(0.002745711623546832-0.026711556817754063j),4574500000
(-0.28324026044820755-0.782295458085895j),(0.0026665240014749243-0.026647558032051388j),4574750000
(-0.2808451920791579-0.783555616690409j),(0.0027998203065165784-0.026575768702605727j),4575000000
(-0.28574156875649487-0.7820105601642384j),(0.0023125480923464952-0.02665270103657519j),4575000000
(-0.2768811127327375-0.7842953090254291j),(0.0027732249942773067-0.026748871386416077j),4575250000
(-0.2840329447134514-0.7822409994718784j),(0.0023358808953946424-0.02667554413030103j),4575500000
(-0.28039805136683477-0.78296903103343j),(0.0025586316623206176-0.026668076021850243j),4575750000
(-0.2804540978057959-0.7837062143167626j),(0.0024579575989355945-0.02660341811459385j),4576000000
(-0.2827564199241528-0.7823168778027155j),(0.0022173229728156955-0.02672751609504238j),4576250000
(-0.2873972634340435-0.7801807852994054j),(0.002284426014401723-0.026508982713508402j),4576500000
(-0.28487300237540425-0.7808634006576616j),(0.0021387486557204443-0.026741560080216078j),4576750000
(-0.28188636814857704-0.782971932364999j),(0.002102703400289806-0.02679494346219632j),4577000000
(-0.2848695643486524-0.7815834677606436j),(0.002218938337495723-0.02680535045440733j),4577250000
(-0.28570793779113846-0.7812098551867762j),(0.00196406229684288-0.026637112647199108j),4577500000
(-0.28027396430314644-0.7833480929845179j),(0.0018662436152302331-0.02674073246172932j),4577750000
(-0.28534895948702144-0.7814871104813375j),(0.0017343925779267212-0.026734239085934794j),4578000000
(-0.2814608100571459-0.782369943906428j),(0.0018565258708089843-0.026860553603340165j),4578250000
(-0.2819734421566559-0.7809985281319886j),(0.0019871955809500604-0.02656516031376928j),4578500000
(-0.2827450959595904-0.7813762598696902j),(0.0017406438029938386-0.026804346465475234j),4578750000
(-0.28262549724999436-0.7809744552510948j),(0.0018105166940673117-0.02684313650144151j),4579000000
(-0.28219538058339283-0.7820388165816761j),(0.0017048333109121018-0.02667773298588192j),4579250000
(-0.2809739411213054-0.7811050564269395j),(0.0018521553080470326-0.02679215536537707j),4579500000
(-0.28438276350853336-0.7797418958991836j),(0.0016055892270786538-0.026702772573909298j),4579750000
(-0.2832899927713841-0.7815344816735174j),(0.001480480919045722-0.02682130671667987j),4580000000
(-0.28548780886736896-0.7800574996217753j),(0.0015957769968545652-0.026753757702721568j),4580250000
(-0.2881374960544043-0.7783212214493219j),(0.0013607181405280188-0.026833330574000048j),4580500000
(-0.2852914345687992-0.7792512128665365j),(0.0015070648621339196-0.026953205605138267j),4580750000
(-0.28644096619991005-0.778689048793134j),(0.0013107583830266876-0.026914866419432613j),4581000000
(-0.28401935508890214-0.7790090212352083j),(0.0015628905441576238-0.026808338960195594j),4581250000
(-0.2868636422602407-0.778212980889454j),(0.0012956772937188711-0.026846969304371887j),4581500000
(-0.287605532009763-0.7770180562991621j),(0.0011979481929647526-0.02696068768174024j),4581750000
(-0.2875490666624061-0.7778381026513067j),(0.0012393181346097549-0.026924560233095612j),4582000000
(-0.28852703870522106-0.777163096433315j),(0.0009975395299962162-0.02689285628755153j),4582250000
(-0.28568535247744187-0.7766235104102567j),(0.0013016472279275622-0.026865255881457828j),4582500000
(-0.2891249495203544-0.7764931805398284j),(0.0010104416042898017-0.026925209731443876j),4582750000
(-0.283185809767305-0.7781418430032301j),(0.0009177595571723137-0.026870876974282257j),4583000000
(-0.2926453818765458-0.773931588824428j),(0.0008875794987796485-0.02692103812974571j),4583250000
(-0.28648673102507566-0.7753462238032511j),(0.0010267967712785085-0.027007119069857775j),4583500000
(-0.2886553232621477-0.774705404988223j),(0.0008714311575377018-0.027036294755308103j),4583750000
(-0.28831221290435355-0.7745339876079104j),(0.0007313052369651157-0.027005042221282225j),4584000000
(-0.2866797141773342-0.7740896602988532j),(0.0009632953118643146-0.027011158742758577j),4584250000
(-0.28534374997644213-0.7765382451548013j),(0.0008984277300210647-0.027016579358567973j),4584500000
(-0.2870571525198101-0.775004840692711j),(0.0007897982394883107-0.02711953562947569j),4584750000
(-0.29167237492680453-0.7740565178679065j),(0.0006038487406434799-0.027133045001180175j),4585000000
(-0.2881892417553923-0.7741123506382425j),(0.0005810257270031463-0.02707957251122923j),4585250000
(-0.2892680818837488-0.7745353708711629j),(0.0006736608791929966-0.02714784433137349j),4585500000
(-0.2951849261824881-0.7709259394471712j),(0.000518432689029534-0.027072362393665193j),4585750000
(-0.28831870264414955-0.7744203246390389j),(0.0005381562963360648-0.02704775417280346j),4586000000
(-0.2933420908914859-0.7729915043179064j),(0.00028115751869137867-0.027157873303294434j),4586250000
(-0.2900448773440807-0.7740512111759964j),(0.0004918855537681607-0.02709991075739864j),4586500000
(-0.29347629384216356-0.772221546631894j),(0.00029630973028343943-0.027114663475704903j),4586750000
(-0.29337851417649236-0.7725786372491161j),(0.0001178114165198722-0.02719555757331187j),4587000000
(-0.29191273423498904-0.7730081255318241j),(0.00025147362801288507-0.027117838891957357j),4587250000
(-0.29230584108787944-0.7726974863553848j),(0.00012984375444562504-0.02718779656350504j),4587500000
(-0.29215925959367933-0.772375208432919j),(5.305876915542851e-05-0.02709922896599195j),4587750000
(-0.29113228060818747-0.7728844662413267j),(0.00039156247283611556-0.027202109946598944j),4588000000
(-0.29144577874147876-0.7721932218171286j),(-2.1561944893902507e-05-0.02731551205244118j),4588250000
(-0.2894532208272793-0.7734525478477807j),(0.00021940325290009232-0.027284463622566542j),4588500000
(-0.2932183738587582-0.7706808345106622j),(5.643201670614724e-05-0.027181421352248047j),4588750000
(-0.2896473183324038-0.7722464312047783j),(6.313766883273009e-07-0.027336704647949038j),4589000000
(-0.2940632124260942-0.7704336997955483j),(-0.00014418268993411122-0.027257661468912345j),4589250000
(-0.29437679739395317-0.7701003928428799j),(-0.0002239301509627794-0.027124959021896475j),4589500000
(-0.2939777449549021-0.769268936803885j),(-2.9369269416040268e-05-0.027330997109712325j),4589750000
(-0.29604481504563895-0.7697718184035774j),(-0.0003399208454242168-0.027166305207367288j),4590000000
(-0.29094879345074287-0.771053518075399j),(-0.00022101249706987618-0.027309341708425104j),4590250000
(-0.2939641109597327-0.7701188498458348j),(-0.0003108114063681928-0.02723882271537507j),4590500000
(-0.2953358886835801-0.7698432203697877j),(-0.0005053007487412589-0.027224533035784024j),4590750000
(-0.29269430116760703-0.7695030905947662j),(-0.0003223257381063235-0.02731477705188427j),4591000000
(-0.2938099765486814-0.7691037823305868j),(-0.0006242456963577257-0.02727701765167922j),4591250000
(-0.29355471730458266-0.7688677111860142j),(-0.0004736212450505862-0.02744681045810739j),4591500000
(-0.2951266969839449-0.768680659311522j),(-0.0006222570501385276-0.027268438933674408j),4591750000
(-0.291116560110661-0.7690337870022317j),(-0.0005061201943086305-0.027230376210127326j),4592000000
(-0.295108935923845-0.7679655273200087j),(-0.0005832411400216431-0.02732661630541902j),4592250000
(-0.289851908015247-0.7708737228568329j),(-0.00036945597766811214-0.02726896575752117j),4592500000
(-0.29431289252859033-0.7668021696943863j),(-0.0007489671800630943-0.027191428304782987j),4592750000
(-0.2951067044454705-0.7676456578704101j),(-0.000802151857183997-0.02738524381582224j),4593000000
(-0.2934298760847781-0.7679220935959539j),(-0.0007189295200713997-0.027297727958763326j),4593250000
(-0.2954516191649039-0.7654243916764667j),(-0.0009280000773813752-0.027303092761014447j),4593500000
(-0.29851323767811017-0.764654697120501j),(-0.0010921304143324075-0.02739448023218947j),4593750000
(-0.29527767027445007-0.7660850345796405j),(-0.0010234900272201434-0.027313313838701912j),4594000000
(-0.29343029767390877-0.7664260533275804j),(-0.0010000312243078368-0.027319268766343656j),4594250000
(-0.2930673202876668-0.7654006157385201j),(-0.0009486800109348072-0.027432847223928834j),4594500000
(-0.2952387850097163-0.7645424666277586j),(-0.0012151981113339228-0.027382225198123455j),4594750000
(-0.29577700870259244-0.7633060801417363j),(-0.0010544818237501587-0.02735704654868553j),4595000000
(-0.2954561171537975-0.7640194562951704j),(-0.0011741290194700175-0.027310221985505496j),4595250000
(-0.2944840535930247-0.7650284445365326j),(-0.0012097647540240605-0.027455288056302127j),4595500000
(-0.2962196570866928-0.7636916009686644j),(-0.0013872724783885017-0.027323815429588637j),4595750000
(-0.2977714695464061-0.7633707289305701j),(-0.0015274740653836447-0.027375351573622742j),4596000000
(-0.29410125784250263-0.7668425710117327j),(-0.0016223721566051945-0.027452292231983935j),4596250000
(-0.2992235279026183-0.7638397926527993j),(-0.0015058182141900662-0.02739092101212776j),4596500000
(-0.2958142070626013-0.7648300608201641j),(-0.0016088012818087868-0.027459145855352387j),4596750000
(-0.2970202334609579-0.7654153188838237j),(-0.001550177753610485-0.02743841797468392j),4597000000
(-0.298972969993996-0.7638369384079736j),(-0.0017408426135938682-0.02745431949736022j),4597250000
(-0.29696927528228445-0.7649822305920552j),(-0.0016834818619251958-0.02751552161656979j),4597500000
(-0.2965947765933689-0.7653787119143812j),(-0.0016874812139897337-0.027531837656256095j),4597750000
(-0.29698734329736554-0.7650025744644887j),(-0.0017043562500426786-0.027390990098807542j),4598000000
(-0.30026132108065506-0.7629639919549467j),(-0.0018491368451156289-0.027390186617532026j),4598250000
(-0.30160951484647214-0.7637362615699848j),(-0.0020872961555720177-0.027386521402612538j),4598500000
(-0.2973163102269364-0.7653055892227575j),(-0.0018914836048531149-0.02749749618703666j),4598750000
(-0.30291656322071414-0.7625410315085311j),(-0.0019531930111616586-0.027473023465063067j),4599000000
(-0.29795639741549573-0.7649428087452935j),(-0.0020466937488108645-0.027449484618007863j),4599250000
(-0.30171503976414576-0.7628618731346816j),(-0.002084446007621439-0.02737778469046093j),4599500000
(-0.29863236720626946-0.7641230613833538j),(-0.002345728082423731-0.02762489437485662j),4599750000
(-0.30001145648202554-0.7636475360967265j),(-0.002048538240857302-0.027440278088186984j),4600000000
(-0.30075795438767433-0.7630206056601199j),(-0.00234143200096035-0.027482100098339842j),4600000000
(-0.306046608992818-0.760266489379407j),(-0.002471325105656577-0.027532270328116993j),4600250000
(-0.3022957129580504-0.761692640820671j),(-0.0022329644582994067-0.0273433962455726j),4600500000
(-0.30221828598693906-0.7629149579065053j),(-0.002591591149776795-0.02750444478777197j),4600750000
(-0.29600175699653336-0.7645982862637001j),(-0.0021963471044243567-0.027565592915515615j),4601000000
(-0.3063393668429267-0.7607570980400422j),(-0.0026686645699186195-0.027367914377487326j),4601250000
(-0.3021183195402425-0.7625420627495854j),(-0.0025118262338133684-0.027407549838749094j),4601500000
(-0.30061422263380255-0.7626456933299796j),(-0.0026900475466429415-0.027429248224254913j),4601750000
(-0.30420983490043235-0.761650826341111j),(-0.002959397932346596-0.027332765887469062j),4602000000
(-0.2991296976887786-0.7632020831683193j),(-0.002664661481468371-0.027520785659999224j),4602250000
(-0.30209984608901036-0.7628643067582114j),(-0.002854812859370785-0.027410157795122236j),4602500000
(-0.3015999999730783-0.7625816182865232j),(-0.003170871313794947-0.0273126582235536j),4602750000
(-0.29983525907413633-0.7629672474449808j),(-0.0030522056372739715-0.027386944315791032j),4603000000
(-0.301306448696535-0.7629471454660965j),(-0.0030346701600458947-0.027534248957503102j),4603250000
(-0.30409412404800307-0.7601374335040415j),(-0.0032938612532486733-0.027430457987386685j),4603500000
(-0.30450832179237175-0.7606281754193408j),(-0.0034436509688185344-0.02742810212151837j),4603750000
(-0.29929868462018105-0.7621764760795898j),(-0.0033806862102354514-0.02742425389131116j),4604000000
(-0.3021696994297059-0.7617438561945128j),(-0.0033533528678999043-0.027333041865238456j),4604250000
(-0.30071274182924346-0.7623969794320474j),(-0.003567239622909099-0.027537165727008636j),4604500000
(-0.29980841099633837-0.7621069853891369j),(-0.003441515285827264-0.027371108971006978j),4604750000
(-0.30320252406460707-0.7611256874616976j),(-0.0037637996905182922-0.02736336519119703j),4605000000
(-0.30456100312306317-0.7589346698767273j),(-0.0037024602921117405-0.02720205225622404j),4605250000
(-0.30323371225811624-0.7596670161183855j),(-0.0038314968222926188-0.027324843856114445j),4605500000
(-0.2998903235872753-0.7598115607100592j),(-0.0037994175626922554-0.027388264549770766j),4605750000
(-0.3035742003748453-0.7585224304774528j),(-0.003856761804870535-0.027342419979945624j),4606000000
(-0.29627521900226184-0.7613522339384003j),(-0.0038698979429928667-0.027354405843789124j),4606250000
(-0.2996646902754346-0.7587898314169486j),(-0.003935029495441614-0.027331772513659938j),4606500000
(-0.30725404447797516-0.756896457783986j),(-0.004280481708637574-0.027169590494821712j),4606750000
(-0.30107185241020973-0.758010488859484j),(-0.004106094925089974-0.02730202261901106j),4607000000
(-0.2993143597367603-0.7599833873776987j),(-0.003931069321570031-0.027267913013069522j),4607250000
(-0.29991732299233653-0.7592936782794057j),(-0.0040325586416568955-0.027326869835555746j),4607500000
(-0.3051769202812231-0.7560924534250238j),(-0.004272917919043582-0.027139063606679514j),4607750000
(-0.3016157819906135-0.7576975964747062j),(-0.004179631956682351-0.027216517071976965j),4608000000
(-0.30317527011074336-0.7576298717154115j),(-0.00421300707408574-0.02718843415078056j),4608250000
(-0.29884459105389577-0.7583414488741902j),(-0.004208553470991977-0.027185544404943595j),4608500000
(-0.3024323050311495-0.7561716757935838j),(-0.004199253088340068-0.02712273154591695j),4608750000
(-0.3028739489989824-0.7567625715786076j),(-0.004221099461745835-0.02707609794124714j),4609000000
(-0.30024413925978477-0.7571183763450017j),(-0.004172522485945527-0.027250189757085954j),4609250000
(-0.30765710949313224-0.7520134850098648j),(-0.004467944435026212-0.027005622698335417j),4609500000
(-0.30415371815319503-0.7543180059362334j),(-0.004318009009983244-0.027047144712224684j),4609750000
(-0.2998996196253651-0.7556303239965488j),(-0.004210891492521608-0.02703509317454181j),4610000000
(-0.3021288632719785-0.754971572206653j),(-0.004418245780105307-0.027067463942721377j),4610250000
(-0.30969907709261013-0.7498745364702447j),(-0.004624747332023544-0.0268746784127544j),4610500000
(-0.3062151748287077-0.7524368949294105j),(-0.004729172573624471-0.02708245861354066j),4610750000
(-0.29772523437403253-0.7551917131642173j),(-0.004147314082225656-0.027114640298880936j),4611000000
(-0.30887545086306184-0.7500202328705191j),(-0.004777481239147962-0.026906580791051748j),4611250000
(-0.29793614641054694-0.7542007068152835j),(-0.00444444975717064-0.027065780713150914j),4611500000
(-0.30498772914064015-0.7510529303847924j),(-0.004588449398579706-0.026972988255131322j),4611750000
(-0.3070134057267447-0.7507129792032006j),(-0.004845120207275687-0.02694664394142575j),4612000000
(-0.3044051145935817-0.7521472217636679j),(-0.004626987005915042-0.02697489757811649j),4612250000
(-0.30763371065233464-0.7519960679626115j),(-0.004901131563587053-0.026954670098240645j),4612500000
(-0.3015953417059605-0.7533788024856132j),(-0.004716810439583665-0.027028434368260558j),4612750000
(-0.31122102024723414-0.7506928974826379j),(-0.005237169129752821-0.027052627998367315j),4613000000
(-0.3037927366452116-0.7545434369271566j),(-0.0047442603374737895-0.027120189526212226j),4613250000
(-0.2991178344823109-0.757593301385895j),(-0.004740736861534298-0.027212296527513547j),4613500000
(-0.30654939419236527-0.7536622191054547j),(-0.005045891505502964-0.027122919078720942j),4613750000
(-0.30578428332213536-0.7535804788556818j),(-0.005036717479919031-0.027135433673289217j),4614000000
(-0.30646206070885734-0.753814149567851j),(-0.0052948094678809746-0.027044791669677264j),4614250000
(-0.3107183773311349-0.7520310438256104j),(-0.005312632043964945-0.027047860120689805j),4614500000
(-0.31325745880456485-0.7508795173779557j),(-0.005360445352858936-0.026945401590248715j),4614750000
(-0.3044738205026098-0.7551768341752291j),(-0.005108728566689549-0.027156659770822957j),4615000000
(-0.3108061794393384-0.7530403518773768j),(-0.005454469577741955-0.02708786468845581j),4615250000
(-0.30729966793502916-0.7544879908668081j),(-0.005403257339358115-0.02725766412800617j),4615500000
(-0.3107418027872383-0.7537196761717754j),(-0.005533934402636258-0.02716330776908384j),4615750000
(-0.31455541599635223-0.7523455781871643j),(-0.005814668587189111-0.02701529196820939j),4616000000
(-0.3103055121073976-0.7538191836318846j),(-0.005525483862008055-0.02712966550051866j),4616250000
(-0.3119372229776162-0.7539592503835555j),(-0.005739448137538375-0.027084166219314695j),4616500000
(-0.3122165710301282-0.7534719509802396j),(-0.005732081216578892-0.027098173091663257j),4616750000
(-0.3093439356167194-0.7545838337667758j),(-0.005716705318092699-0.02711564612128748j),4617000000
(-0.3134000618285382-0.752328966961063j),(-0.005909787761399426-0.02697604474522153j),4617250000
(-0.30789674131596406-0.7562610212144433j),(-0.005657971028879346-0.02719678587705893j),4617500000
(-0.31310466075412974-0.7531429075605064j),(-0.005912433025812935-0.027141815924427395j),4617750000
(-0.3139770490968342-0.7536305002827257j),(-0.0058909439637375395-0.02697045214688422j),4618000000
(-0.31090453526401596-0.7547408251157971j),(-0.006064148054230345-0.027123154970459137j),4618250000
(-0.311964195678992-0.7538041634353353j),(-0.0061082547037809-0.026884355269472467j),4618500000
(-0.3129164962594853-0.7539987855908749j),(-0.006047349524594813-0.02702585089606259j),4618750000
(-0.31393555996489186-0.7535561449246275j),(-0.006155950443709259-0.02700297819657526j),4619000000
(-0.31311816457634317-0.7559684968663357j),(-0.006408581916383695-0.0270972369828743j),4619250000
(-0.31166410878680856-0.7552799526378683j),(-0.006252321599334306-0.027054930248487187j),4619500000
(-0.31281020018330796-0.7550085394978119j),(-0.006539323651105916-0.02704610680336808j),4619750000
(-0.3150591788199584-0.7530098494619692j),(-0.006627326121243341-0.026835679480213353j),4620000000
(-0.30838805379391215-0.7573649538385945j),(-0.006450262389170648-0.026964222464547435j),4620250000
(-0.30934964457651926-0.7562611042411911j),(-0.0063926896630167-0.027012502454952007j),4620500000
(-0.3147329821476817-0.7534692228649558j),(-0.006789967164877019-0.026849899759830525j),4620750000
(-0.31245116270355067-0.755646214897473j),(-0.006711412398905431-0.026866659811307748j),4621000000
(-0.3106307386854948-0.7561619624699372j),(-0.0065594114933082235-0.026998826890529952j),4621250000
(-0.3104017787563406-0.7559774209258963j),(-0.006908110200232633-0.026864114757592556j),4621500000
(-0.30904122237034903-0.7554935687731295j),(-0.006645466332383738-0.02699992484810916j),4621750000
(-0.3168751719165676-0.7520450905376895j),(-0.007105598355537357-0.026730689144769216j),4622000000
(-0.30814659834010605-0.7555782533160419j),(-0.006819175428587599-0.02685769277002932j),4622250000
(-0.3127138093460603-0.7533249823099125j),(-0.007021118558753809-0.02676562639747674j),4622500000
(-0.3129601606679566-0.7539155885482871j),(-0.007130479949377768-0.026732209831375146j),4622750000
(-0.312820559364877-0.753987039194274j),(-0.007064745461703004-0.026794751609770337j),4623000000
(-0.31364116115613244-0.7534195426082643j),(-0.0072694679685917475-0.026618603198041657j),4623250000
(-0.31318121624330486-0.7540665355760404j),(-0.00722462478296375-0.02677103752766063j),4623500000
(-0.31742847874667934-0.751455830703624j),(-0.007536810449000958-0.026687318893895046j),4623750000
(-0.3190022565475377-0.7514732270411114j),(-0.0073411573427118754-0.02675071962096419j),4624000000
(-0.31570981932170455-0.7526658073090523j),(-0.0074648387846894294-0.026682335881583714j),4624250000
(-0.3139024034533191-0.7539481619983722j),(-0.0075770662787727405-0.026601813125027348j),4624500000
(-0.3147715273794266-0.7520923456446393j),(-0.007462902819800615-0.026547667075421316j),4624750000
(-0.31830956563023155-0.7514710718205186j),(-0.007742975745744559-0.02661689201726363j),4625000000
(-0.316839482538358-0.7528734956839891j),(-0.00790389286636886-0.026610533149545j),4625000000
(-0.31497450407997296-0.7530203858170358j),(-0.007626229179457706-0.02662745317085732j),4625250000
(-0.3213030836116417-0.7502756376877153j),(-0.00793783676846587-0.026564991502377778j),4625500000
(-0.31851305712882455-0.7508108268172505j),(-0.008039899877566694-0.026452260909553525j),4625750000
(-0.3155807185037659-0.7511282315838664j),(-0.007714568432806098-0.02649950385706912j),4626000000
(-0.3200694374495176-0.7499256469043941j),(-0.00812796507581735-0.026459936854919448j),4626250000
(-0.31612823146121016-0.7517425801033164j),(-0.00818790508831945-0.02645494811573331j),4626500000
(-0.31839766151007526-0.7511165102839745j),(-0.008134918713830142-0.026496656012010737j),4626750000
(-0.3193358971442347-0.7503629307610502j),(-0.008267647662700897-0.026459726796899015j),4627000000
(-0.3201514592634671-0.7497419149120579j),(-0.0082735757328341-0.026357593758574365j),4627250000
(-0.32234450052395625-0.7460702310184462j),(-0.00853338984100541-0.026295096361849023j),4627500000
(-0.3193630426419332-0.7499205877503987j),(-0.008275678023145938-0.026406260525087617j),4627750000
(-0.31879427941623917-0.7499457788709922j),(-0.008435644012273324-0.026527683521590094j),4628000000
(-0.3206772664424342-0.7474253677716783j),(-0.008489346465245603-0.02641866224887178j),4628250000
(-0.3222157302112365-0.7468675750430498j),(-0.008533370428377676-0.026331106735708855j),4628500000
(-0.32457871672612687-0.7477458636317292j),(-0.008719989523915323-0.02630162759208002j),4628750000
(-0.3219030786552929-0.7478773989116118j),(-0.008658576145341358-0.026431719019451273j),4629000000
(-0.3265307698549696-0.744292994911568j),(-0.008842795709952965-0.02617882749364767j),4629250000
(-0.323199286352511-0.7475561841553695j),(-0.008633382479676098-0.02623582942748652j),4629500000
(-0.328169147107027-0.7441220598374235j),(-0.008959693247021302-0.026164643958898216j),4629750000
(-0.3245058345267672-0.747309039661027j),(-0.008789561617352263-0.026228974319675382j),4630000000
(-0.3243713946228935-0.7464892954026802j),(-0.008900526650121154-0.0263255944719971j),4630250000
(-0.3278633767742067-0.7453287803165037j),(-0.008978047332835123-0.026135905777125542j),4630500000
(-0.3240214514598454-0.7462005826841265j),(-0.008816532360249475-0.026264972668358446j),4630750000
(-0.3294376311614553-0.7436768679014039j),(-0.009111306184625391-0.026127273634470437j),4631000000
(-0.3234058270913296-0.7450141700798284j),(-0.00902533024603968-0.026131546735657794j),4631250000
(-0.3265120465348677-0.7432781748013368j),(-0.00907296835415548-0.026115418135752376j),4631500000
(-0.3299719370451256-0.7450076369124365j),(-0.009240949456176303-0.026207973868575218j),4631750000
(-0.3263166446115123-0.7443198317899566j),(-0.009070601072986531-0.02621060217278683j),4632000000
(-0.32878588577030704-0.7432096192647796j),(-0.009357328284173842-0.026136147190546723j),4632250000
(-0.32675260840537823-0.744785692686786j),(-0.009123098724279502-0.026080963521912272j),4632500000
(-0.3291525608586565-0.7416512314378543j),(-0.0092991591935172-0.02596498535081327j),4632750000
(-0.32938459964796435-0.7429208419608058j),(-0.009502397320260685-0.026061523788840406j),4633000000
(-0.3282187704544947-0.7423075172251261j),(-0.009327885487293488-0.026027370439827637j),4633250000
(-0.33246845348511067-0.7398202214615309j),(-0.009590413925745533-0.025992351236317688j),4633500000
(-0.3303262053639668-0.7423521487195682j),(-0.009478653964762116-0.0260253174425674j),4633750000
(-0.3323567528970161-0.7399810132990752j),(-0.009423314639552679-0.02601238238918206j),4634000000
(-0.3313998080527605-0.7415779220463343j),(-0.009482879695998488-0.025908921026139953j),4634250000
(-0.33544083328639857-0.7406493614753696j),(-0.009426833726213975-0.02612600235119506j),4634500000
(-0.33347069986637345-0.7404083692910278j),(-0.00976787405204409-0.02584856057255731j),4634750000
(-0.3315795325355982-0.7414802024882847j),(-0.009727070918639358-0.025819229483094286j),4635000000
(-0.3344754315399682-0.7390176663675335j),(-0.009817039586618998-0.025768658961502582j),4635250000
(-0.33219791442107094-0.7411582614388089j),(-0.009868119199710758-0.02578566865151055j),4635500000
(-0.33275839294278037-0.7403074386500904j),(-0.009944316749990665-0.025778587842293352j),4635750000
(-0.33709874912451354-0.7394222185046375j),(-0.010006575479136116-0.02571728489529275j),4636000000
(-0.3341319585732627-0.7407927832844458j),(-0.009911548161618027-0.025823180239516352j),4636250000
(-0.3371424407945612-0.7391542578434359j),(-0.010025485910474783-0.02570308027793817j),4636500000
(-0.3354027780819954-0.7410814347557401j),(-0.009952264652200688-0.025575497390517534j),4636750000
(-0.33671805155185264-0.7393173236528171j),(-0.010052154673000292-0.025675407224757966j),4637000000
(-0.335102003843821-0.7409428801737006j),(-0.010173780929585296-0.02570397094385654j),4637250000
(-0.33701748414368105-0.738986357279409j),(-0.010274874658969035-0.02560113399286945j),4637500000
(-0.337650140170415-0.7391150210083284j),(-0.01033023227981763-0.02555867907181511j),4637750000
(-0.33633993343725505-0.7397593247610201j),(-0.01017216654946261-0.025641758720138262j),4638000000
(-0.33699828342404875-0.7390393104396358j),(-0.010448940063325248-0.025446058686053024j),4638250000
(-0.33997097877649324-0.7376214023344199j),(-0.010286867349960782-0.025494012306688366j),4638500000
(-0.3415587401805069-0.7354288323380768j),(-0.010655390199509524-0.025422457595333715j),4638750000
(-0.33671138920707966-0.7383579272706933j),(-0.010538817359995865-0.025434667257047402j),4639000000
(-0.3372365091668601-0.737657283386677j),(-0.0104897384520003-0.02539922968672642j),4639250000
(-0.3413912734741645-0.7350290068089068j),(-0.010726341480582532-0.025308296845222955j),4639500000
(-0.3389027234186455-0.7364141412483418j),(-0.010787630484272-0.025370181906270054j),4639750000
(-0.34256940367399-0.7354004716155614j),(-0.010828871681772713-0.025289321570714486j),4640000000
(-0.33987373845841623-0.7370917465869918j),(-0.01065602126362929-0.025332248440317992j),4640250000
(-0.3391520590501745-0.7357592712195985j),(-0.010629162380082609-0.02530663263545474j),4640500000
(-0.34384888446373596-0.7340393468338383j),(-0.010976323260038211-0.025274582225853246j),4640750000
(-0.3416422056985138-0.7357263620677246j),(-0.0107647959716602-0.025289947699810342j),4641000000
(-0.34032463924759593-0.7357176379349403j),(-0.010806955637340732-0.025242220089906536j),4641250000
(-0.3403462552988778-0.7360821776102988j),(-0.010700678290244745-0.02523627732273663j),4641500000
(-0.3448573324079684-0.7342358626950263j),(-0.011091878440091015-0.025041315892010512j),4641750000
(-0.3429835923793311-0.733773608867551j),(-0.010969373034276303-0.025060889981910084j),4642000000
(-0.34271327734628865-0.7344757156377639j),(-0.0110227019328881-0.025143568656311358j),4642250000
(-0.3437443238871656-0.7333965562361974j),(-0.010935424841112568-0.025241579163196054j),4642500000
(-0.34659373329782817-0.7317043613847403j),(-0.011256856094648257-0.024959690017304637j),4642750000
(-0.34366504234127526-0.7327327588867293j),(-0.011146398898503052-0.02501914858344533j),4643000000
(-0.34302476148773264-0.7328424511012498j),(-0.011114367742205852-0.02506235820420188j),4643250000
(-0.3460185751739434-0.7317638147634014j),(-0.011317456511181913-0.024943031077962745j),4643500000
(-0.34254641764792787-0.7345055105659171j),(-0.011299876892450756-0.025084182704978242j),4643750000
(-0.349044844962602-0.7290897777007632j),(-0.011507695508857678-0.024811610856826143j),4644000000
(-0.3445594849251019-0.7306002395975283j),(-0.011262926886922703-0.024922567345423526j),4644250000
(-0.34188412890572-0.7320214218509926j),(-0.01127185152106925-0.02505784789635647j),4644500000
(-0.35008893504128225-0.7281103060463618j),(-0.011549677489021087-0.024811608641758933j),4644750000
(-0.34293030443653233-0.7318366225031624j),(-0.011322754926588893-0.02488544617501525j),4645000000
(-0.3498160114074974-0.727066344700509j),(-0.011677586432760751-0.02473218171557396j),4645250000
(-0.3442308653645157-0.7314826353389816j),(-0.011442508864184433-0.024914252199662163j),4645500000
(-0.34603043661466604-0.7300332548340293j),(-0.011616776811060242-0.02475772644790139j),4645750000
(-0.34771295602008384-0.7301836883732549j),(-0.011699506167488164-0.0248019610176703j),4646000000
(-0.34865273008863706-0.7304947495067708j),(-0.011615195485240194-0.024734955613154877j),4646250000
(-0.34870616670339405-0.7289370332774788j),(-0.011859742631680978-0.024642942734150238j),4646500000
(-0.3486714715345282-0.7302542195582501j),(-0.011702594307813225-0.024820695909365063j),4646750000
(-0.35275657688483936-0.728690689118987j),(-0.012039085505928696-0.02452388935068428j),4647000000
(-0.3460065091489278-0.7311958756318873j),(-0.011863635195004623-0.024717964940380626j),4647250000
(-0.350305970833594-0.7293314910740871j),(-0.012082401084862669-0.02452129192408275j),4647500000
(-0.3544087109091448-0.7255644621957451j),(-0.012208799164175669-0.024491943676190044j),4647750000
(-0.35038605918679705-0.729577673750605j),(-0.0120970255343396-0.02466819837443038j),4648000000
(-0.3517961919843798-0.7289383979818738j),(-0.012278520800225434-0.024342215281189763j),4648250000
(-0.35038906697625977-0.7290497399880332j),(-0.01218061882568186-0.024500077610269667j),4648500000
(-0.3574110520926848-0.7256499167548738j),(-0.012588274599043825-0.024288457375883483j),4648750000
(-0.3500783140043789-0.7284237258762449j),(-0.012388183401051316-0.024325206989927028j),4649000000
(-0.3545707438094531-0.725887934308532j),(-0.012470749600378934-0.024205669201816167j),4649250000
(-0.35401266257507796-0.7270120508715249j),(-0.012500419381491594-0.02428033403453983j),4649500000
(-0.35273915442431536-0.7272126668591105j),(-0.012594317577839704-0.024175144153430955j),4649750000
(-0.3583422499420453-0.725206408290215j),(-0.012839033407389011-0.02405843068661342j),4650000000
(-0.3489391049373041-0.7283049855694194j),(-0.012630284097206505-0.024169366931076092j),4650000000
(-0.35116590095872446-0.7279944736387967j),(-0.012713735575751567-0.024104034267994078j),4650250000
(-0.35250305506251434-0.7266326342129552j),(-0.012644129965905722-0.02419174415883635j),4650500000
(-0.3586593727800641-0.7233098396029966j),(-0.012912870379784435-0.0240045804411612j),4650750000
(-0.35471769661158326-0.7254578453736845j),(-0.012799658519982007-0.0238915570290963j),4651000000
(-0.3530216083910753-0.7268593997797279j),(-0.012799954028564296-0.024105518369620313j),4651250000
(-0.35480091759762467-0.7242753481769887j),(-0.012853061310086528-0.024007112112536668j),4651500000
(-0.3573381675485105-0.7242356051673953j),(-0.012974787601069036-0.023927358041309812j),4651750000
(-0.35243476222981107-0.7260190870801678j),(-0.012913729982205165-0.023824464354875435j),4652000000
(-0.35605453170300344-0.7243412849689491j),(-0.013048602367109651-0.023785480690735876j),4652250000
(-0.35407318662691867-0.7249055206699829j),(-0.012997753568752728-0.023965323627184152j),4652500000
(-0.3540517926296295-0.7255171197208456j),(-0.012940508291050019-0.023869609500017673j),4652750000
(-0.35802300346165056-0.7233526527530059j),(-0.0132962835810506-0.023672638860971124j),4653000000
(-0.3543985551889925-0.7233260025123823j),(-0.013165579518659968-0.02379331257177373j),4653250000
(-0.35745784654114116-0.721948424230843j),(-0.013337218673845665-0.02368911749687536j),4653500000
(-0.3539085632026071-0.7246529158938314j),(-0.013197890026101387-0.023814020431597974j),4653750000
(-0.3570804472584025-0.7206832527028048j),(-0.013329321826835074-0.023608603726579015j),4654000000
(-0.35437945335616733-0.7219426680460784j),(-0.013275234732523138-0.02376192127443255j),4654250000
(-0.35427313750414896-0.7238490438431541j),(-0.013377310684157465-0.023697206516827087j),4654500000
(-0.3521337228036792-0.7234743047074433j),(-0.013271092187021105-0.023662847499576416j),4654750000
(-0.3556786937981098-0.7212978835292367j),(-0.013320513748777397-0.02370962727293484j),4655000000
(-0.3582751106837797-0.718656125704854j),(-0.01355549803611383-0.02338777529018497j),4655250000
(-0.356517613935794-0.7193415198253134j),(-0.013579300844257403-0.023410381810115597j),4655500000
(-0.35457287853053765-0.7194491229516254j),(-0.013456057427848007-0.02353630795666348j),4655750000
(-0.3614053886045513-0.7170660149925974j),(-0.013689008897403819-0.023438715235941324j),4656000000
(-0.35579213795489545-0.719525363402469j),(-0.01353751708481966-0.02343642596390985j),4656250000
(-0.3598998957021265-0.7177899637653719j),(-0.013721167219753496-0.023344043561312283j),4656500000
(-0.3584599290523897-0.7193389602050496j),(-0.01372456917695336-0.02336754432417645j),4656750000
(-0.3577736909600936-0.7197072013310516j),(-0.013579908864722412-0.02336286177207308j),4657000000
(-0.3585910574815644-0.7182522954792822j),(-0.014003968986381633-0.023218590657872705j),4657250000
(-0.35693758895535777-0.718983312388305j),(-0.013700187207373557-0.023336175167816192j),4657500000
(-0.36195857440166385-0.7176223682471717j),(-0.013947739639691913-0.02320018354981284j),4657750000
(-0.35754645828823933-0.7185330895747023j),(-0.01376357145155226-0.02324489696549103j),4658000000
(-0.360055726465374-0.7150095618948423j),(-0.01390539861728392-0.023199986026570134j),4658250000
(-0.3594635750882156-0.7169290152526242j),(-0.014038076463589988-0.023134868723025014j),4658500000
(-0.36065885605070747-0.7180010169911172j),(-0.013966945027181155-0.023197748606711813j),4658750000
(-0.3597215367254479-0.7167784317667707j),(-0.01404889671595935-0.02302655002585613j),4659000000
(-0.36189816839913214-0.7168624037871068j),(-0.01419939421046596-0.023090980389603784j),4659250000
(-0.3637319335032091-0.714180674066678j),(-0.014174003018762356-0.023025491613376067j),4659500000
(-0.36223256709434415-0.7154022034633907j),(-0.014261962418116574-0.02298797563459069j),4659750000
(-0.36245032065174904-0.714502226032856j),(-0.01427630206752958-0.02289317159189804j),4660000000
(-0.36302337768861415-0.7137055905198795j),(-0.014361071396349498-0.02282192321102161j),4660250000
(-0.36168303004991836-0.7145881104936053j),(-0.014251199123145857-0.02278432869216305j),4660500000
(-0.3627033626488944-0.7136970642147403j),(-0.01432658276732305-0.022887933781345047j),4660750000
(-0.3613638062725852-0.7139152768809932j),(-0.01431093646462667-0.022926546160702006j),4661000000
(-0.36563954808207844-0.7124993681260297j),(-0.01446666999411083-0.022761792510063578j),4661250000
(-0.3627331000444348-0.7132694093911817j),(-0.014431879320636807-0.02272246371543159j),4661500000
(-0.3642454045465121-0.7125754887147945j),(-0.014507865577870155-0.02268884776493201j),4661750000
(-0.3642520123447717-0.7129643140623199j),(-0.01449041878663442-0.022658577180624997j),4662000000
(-0.36364881788307196-0.7135303391623268j),(-0.014504548865703465-0.02266584011995895j),4662250000
(-0.36613656837785863-0.7118455871175007j),(-0.01459771918643683-0.022598635554532377j),4662500000
(-0.3620126043452109-0.7140270602839807j),(-0.01450402770511684-0.02270107943286641j),4662750000
(-0.36595142510176715-0.712621011263934j),(-0.014573248506305122-0.022691269403439174j),4663000000
(-0.36551223113421827-0.7133105226814979j),(-0.014786598035865113-0.022529653824927665j),4663250000
(-0.36385983742219147-0.7121296839167328j),(-0.014656713551241773-0.022581721713493156j),4663500000
(-0.36636793747851537-0.711822407654765j),(-0.014779232616023727-0.022563271081507765j),4663750000
(-0.3686740350532565-0.7115803737065025j),(-0.014749429608771856-0.022536530844989706j),4664000000
(-0.36818269897573325-0.7122403629082843j),(-0.014949498700943146-0.022437065501330792j),4664250000
(-0.3635499778513126-0.7135223334281939j),(-0.014817092530609106-0.02241214925109161j),4664500000
(-0.3688192746989367-0.709935670077573j),(-0.01501358350877948-0.02239790381875484j),4664750000
(-0.367929980897544-0.7117042195828865j),(-0.015108599627352393-0.022361497024683253j),4665000000
(-0.36633243269992793-0.7114786303642509j),(-0.015028591855036688-0.022327888406272933j),4665250000
(-0.3672037457060573-0.7115657338096143j),(-0.015088970471756126-0.022291645417183408j),4665500000
(-0.369079749796313-0.710310318158723j),(-0.014953617652972831-0.022256549005938448j),4665750000
(-0.37078710313357527-0.7100932768095999j),(-0.015223285470745815-0.022189086077518363j),4666000000
(-0.3663969784776326-0.7108735197717969j),(-0.015196158867119041-0.022244489148751802j),4666250000
(-0.36958308127845374-0.7097878099138007j),(-0.015397204397481844-0.022106226006318654j),4666500000
(-0.36905487176474255-0.7100002537873545j),(-0.015217716661930645-0.02216866782746233j),4666750000
(-0.3678169758949871-0.7091205535378478j),(-0.015190026464237243-0.022177949302229754j),4667000000
(-0.36797711537693784-0.7079154314433572j),(-0.015403099825627091-0.02208680534025726j),4667250000
(-0.3663086530458576-0.7101392983186495j),(-0.015367384244310266-0.02212731432293636j),4667500000
(-0.3723996115293264-0.7066033192442032j),(-0.015485466019203429-0.02186144655465361j),4667750000
(-0.36698745032837965-0.7093856853050056j),(-0.015373820899780215-0.022016130451147132j),4668000000
(-0.36888903815029395-0.7079837081916451j),(-0.015446298709801218-0.021839270354734687j),4668250000
(-0.37106259259958857-0.7065544103460464j),(-0.01568311064427126-0.021761614289465655j),4668500000
(-0.3689896379883567-0.7072635244614076j),(-0.015546931773362933-0.02178829329467602j),4668750000
(-0.3735694195454386-0.7041335792690829j),(-0.015664983013581938-0.021650776176771542j),4669000000
(-0.37266442373921227-0.7048160292366529j),(-0.015741002945133538-0.021593389453699728j),4669250000
(-0.3692043790198338-0.7060157658517365j),(-0.015568331825200767-0.02168515898133169j),4669500000
(-0.3701976991596715-0.7050908401389429j),(-0.01581213742909571-0.021615732599677886j),4669750000
(-0.370038698082754-0.7045152108631505j),(-0.015691537665887722-0.02154495757705032j),4670000000
(-0.3725163646992495-0.7017163981254095j),(-0.01587772766168966-0.021362620131008547j),4670250000
(-0.3705541900996474-0.7034273317244705j),(-0.015892558277155102-0.02131632897270791j),4670500000
(-0.3741289615100762-0.7005881656009436j),(-0.015842135779810803-0.0213577220491174j),4670750000
(-0.3678207094160814-0.703035866338602j),(-0.015836029698106557-0.02142312848800752j),4671000000
(-0.37291185209982336-0.7007646704919178j),(-0.015794070354653925-0.02129266384389603j),4671250000
(-0.3712385479433338-0.7003471596312056j),(-0.015892968214206434-0.021209506135691225j),4671500000
(-0.36965773535204777-0.7017961843048915j),(-0.015924772252807983-0.02128469281828484j),4671750000
(-0.36801685984909466-0.7006290397020382j),(-0.01589437860754899-0.021218117328962338j),4672000000
(-0.36968367021696696-0.6985328960586894j),(-0.015955383383365926-0.02111232607695904j),4672250000
(-0.37363425625051566-0.6972122379552701j),(-0.01593198495084504-0.02107428556291023j),4672500000
(-0.3724814481254303-0.6971611706859843j),(-0.016189760837511016-0.02093056979222098j),4672750000
(-0.3674043710609607-0.7005210001305981j),(-0.015937397210017346-0.021076270319854835j),4673000000
(-0.37785231896332233-0.6955308351420305j),(-0.01618046588738285-0.020966701104895704j),4673250000
(-0.3739968196819333-0.6985126424579803j),(-0.01617070731318194-0.021047464288131913j),4673500000
(-0.3731011842160981-0.6988868941371861j),(-0.0161211188268744-0.021006180814443113j),4673750000
(-0.37008900651037896-0.700472430805125j),(-0.01606143444703733-0.021038020370520095j),4674000000
(-0.37345766079656634-0.6992662803791099j),(-0.01612717855092798-0.020936952600407607j),4674250000
(-0.37621430596375277-0.6977077058676977j),(-0.016427222964130336-0.020740569532557433j),4674500000
(-0.3693838030978905-0.7015085114660933j),(-0.016103501487976856-0.021016505538595798j),4674750000
(-0.3763486714083502-0.697598645365187j),(-0.016397678205769508-0.02072700438632805j),4675000000
(-0.37161537733871386-0.7002372037353014j),(-0.015856672992026682-0.02062538214878685j),4675000000
(-0.37176795626576914-0.7011349061237464j),(-0.015948798982787556-0.02064081022112837j),4675250000
(-0.3757670130587557-0.6987379022660783j),(-0.01614107696577889-0.02044701146109958j),4675500000
(-0.3712325910937652-0.6992872087366254j),(-0.016139626279946986-0.020472275648279557j),4675750000
(-0.3705546551352677-0.7009074122431855j),(-0.016055206444531817-0.02061599721031056j),4676000000
(-0.37162957802462276-0.7008550522212511j),(-0.01596689703344417-0.020537810396436793j),4676250000
(-0.3738926374109623-0.6992912778483975j),(-0.016172838211749845-0.020434162442529033j),4676500000
(-0.37726703241346987-0.6997818249580539j),(-0.016315475191964267-0.020391798042078094j),4676750000
(-0.37110858877607217-0.7009205271667388j),(-0.016312572182085507-0.020510077081611875j),4677000000
(-0.37166118642465906-0.7004037498631963j),(-0.01620291383995271-0.020396411033453493j),4677250000
(-0.3773260378080444-0.6976056786008908j),(-0.016161439100503605-0.020346164821848076j),4677500000
(-0.37170894575474067-0.6976357092909353j),(-0.01629555570677127-0.02032566762197799j),4677750000
(-0.3734102560261463-0.6983313457869533j),(-0.016368491603116958-0.02025633435719415j),4678000000
(-0.37431199423792255-0.6978817519949263j),(-0.016272235983845203-0.020163781380217276j),4678250000
(-0.3693822367415865-0.7000847477626241j),(-0.016260515663454978-0.020361527792883034j),4678500000
(-0.3763153123943038-0.6962439527585482j),(-0.01650574832521896-0.020058103750154016j),4678750000
(-0.3742771034982012-0.6965122809282223j),(-0.016569421840674715-0.020135255327515235j),4679000000
(-0.37387350899740873-0.6968463620285396j),(-0.016386309209633795-0.02019321025480992j),4679250000
(-0.3762770814982562-0.6952578371745158j),(-0.01652238865470464-0.0199912027146003j),4679500000
(-0.37485527680532-0.6979019457445668j),(-0.016351215006796246-0.020175806580435694j),4679750000
(-0.3770567809845978-0.6939079569997124j),(-0.016567560331996738-0.019985763509339772j),4680000000
(-0.3765607065050096-0.6943465787121639j),(-0.016620992954915214-0.01986233156056277j),4680250000
(-0.3770737999652962-0.6933153791396885j),(-0.01660248223017058-0.01990472393142343j),4680500000
(-0.37777778940565854-0.692994094981797j),(-0.01665761158523431-0.019828410215685564j),4680750000
(-0.37243282434955216-0.6949817440496323j),(-0.01654108014559555-0.019993786365773217j),4681000000
(-0.3804080444891561-0.6903707356713231j),(-0.01675086349531432-0.019731318638912497j),4681250000
(-0.3757303490203758-0.6921802554486404j),(-0.016620562232785536-0.01977367205108382j),4681500000
(-0.37322429138910695-0.6933696919842728j),(-0.016556431000831203-0.019905829745782734j),4681750000
(-0.3789653492697052-0.689810180589622j),(-0.01687777756094731-0.01964270282050446j),4682000000
(-0.37536265121696266-0.6915857268130338j),(-0.01671128250064674-0.019746040149034746j),4682250000
(-0.3742255513238548-0.690210380684767j),(-0.016783267852581447-0.019665751674166447j),4682500000
(-0.3781977375950788-0.6898076867857665j),(-0.01689431839177795-0.019680998174907025j),4682750000
(-0.37953764159819353-0.6870587416367064j),(-0.016932319961275418-0.019590006802323864j),4683000000
(-0.3786752785863222-0.6877542096439562j),(-0.01701236302719896-0.019515135130860898j),4683250000
(-0.37594516514400517-0.6878607334039629j),(-0.016872428936493586-0.01959084351671745j),4683500000
(-0.3823493718804864-0.6864897640624348j),(-0.017031115871832387-0.019465581291198627j),4683750000
(-0.37755446895663497-0.6884220098092285j),(-0.017159676294748512-0.01937116057382956j),4684000000
(-0.3811173993069035-0.687176929187651j),(-0.01709759426690797-0.01929082373074107j),4684250000
(-0.3796349258987643-0.6875947877542771j),(-0.01718033600074215-0.01921703524126879j),4684500000
(-0.37906705172642075-0.6875445676294424j),(-0.01719553046894727-0.019347093611618998j),4684750000
(-0.38235407880790323-0.6868815088968332j),(-0.01737946642685495-0.018934821252193156j),4685000000
(-0.3759596060506678-0.6878260687039066j),(-0.017179026402980916-0.019269581454513542j),4685250000
(-0.3821641663900353-0.6875156835809495j),(-0.017345419164425925-0.01911216413340979j),4685500000
(-0.3790091350992608-0.6883405558571061j),(-0.017290655575594657-0.01913025512070831j),4685750000
(-0.37933282586837697-0.6883016773336427j),(-0.017365611123715378-0.01903719602490506j),4686000000
(-0.3819404420982077-0.6869866101403814j),(-0.017545533392408053-0.01900923537215694j),4686250000
(-0.38319036186967903-0.6863157267204566j),(-0.017511208506981454-0.01888455669494064j),4686500000
(-0.3811800145634644-0.6869141645206206j),(-0.017549618966103554-0.01880264825813728j),4686750000
(-0.3788500798462633-0.6873819350807681j),(-0.017573779922622067-0.018840894748078842j),4687000000
(-0.3804417883154348-0.6864839367217463j),(-0.017495689401619302-0.01881761039211071j),4687250000
(-0.38381304638600144-0.6871035643019301j),(-0.017675007176723233-0.018573224076572917j),4687500000
(-0.3776360449512598-0.6889745484619254j),(-0.017483292508754918-0.0187620915858832j),4687750000
(-0.38259958531701965-0.6851595455085278j),(-0.017691288999363147-0.01848881994819448j),4688000000
(-0.37959010612993904-0.6867058828802134j),(-0.01768195838646085-0.018538821335340946j),4688250000
(-0.3826140235582787-0.6858947661998365j),(-0.017670938059773815-0.018481039443288612j),4688500000
(-0.3811733372916676-0.6868355792007201j),(-0.017755294027562086-0.018384725154108064j),4688750000
(-0.3848801350830377-0.6836033786185187j),(-0.017714947277116873-0.0184659786403274j),4689000000
(-0.381662350915901-0.6850557343329492j),(-0.017809209940994913-0.01830975464995842j),4689250000
(-0.37927618680719416-0.6850669131017342j),(-0.01768241716222332-0.018443409387635213j),4689500000
(-0.3839641482458904-0.6840149318449101j),(-0.017884111587785-0.01812655333969828j),4689750000
(-0.38137051018733265-0.6835602137402675j),(-0.017734168247041972-0.018261823384033406j),4690000000
(-0.38161315832085235-0.6831956615355368j),(-0.017832130622943528-0.018078062934186127j),4690250000
(-0.38380350661758594-0.6829085100470108j),(-0.017881057371609284-0.01813202585879701j),4690500000
(-0.38210938435516095-0.6829087094417104j),(-0.017688461330414795-0.0181855989520498j),4690750000
(-0.38500013216136797-0.681046271547981j),(-0.017801252960173878-0.018032607783315915j),4691000000
(-0.3798250689353432-0.6831048995296819j),(-0.01786555944133828-0.018068880101515444j),4691250000
(-0.38669041803334475-0.6789966163626462j),(-0.01795986987989466-0.017890292803859686j),4691500000
(-0.3797550945390082-0.6820463567360725j),(-0.017734970783548847-0.01805996243477329j),4691750000
(-0.3837909160437424-0.6791790934469946j),(-0.01788990981588402-0.017926247531231357j),4692000000
(-0.37975324441852937-0.681675793876473j),(-0.017922437544006662-0.01792301334927376j),4692250000
(-0.3834027541309309-0.6787684754652222j),(-0.017956321714252557-0.01782478725586086j),4692500000
(-0.38376153210497116-0.6780829858861701j),(-0.0179192634835399-0.01780748076528713j),4692750000
(-0.3836924190100102-0.6781742875621863j),(-0.01777445781010223-0.017974462741081235j),4693000000
(-0.38688166712090344-0.6761536227960832j),(-0.018030118024366444-0.017691411596727973j),4693250000
(-0.3814896227285136-0.677631959006795j),(-0.018082691205107925-0.017668673302949304j),4693500000
(-0.38436610440133645-0.6766971704483711j),(-0.017863177194816386-0.01767064803998597j),4693750000
(-0.3847979956400131-0.6751926344603817j),(-0.017996830235361607-0.017570048363932944j),4694000000
(-0.38123688213527734-0.676278426975242j),(-0.018220430786464164-0.017434938018192764j),4694250000
(-0.3857638900087854-0.6743997830870164j),(-0.017978173036742-0.017624269063543682j),4694500000
(-0.3814487989446943-0.6773889613516288j),(-0.018089942283303892-0.017539525221209558j),4694750000
(-0.38560279911795675-0.6751474275670429j),(-0.018205226196232396-0.017405052410468975j),4695000000
(-0.38280684477263277-0.6770837161007175j),(-0.01814181648747625-0.01742427259742057j),4695250000
(-0.3857185820534302-0.6752089571902773j),(-0.01830374389363578-0.017385678820756548j),4695500000
(-0.38516250949713715-0.6764442670810594j),(-0.018156319246990592-0.017337915622909986j),4695750000
(-0.38149038413198977-0.6774790146187797j),(-0.018087935381866135-0.017426639582845536j),4696000000
(-0.387716818212331-0.6749931825636099j),(-0.01829357879605978-0.01730487706652221j),4696250000
(-0.3851034658168518-0.675833824276481j),(-0.018351710585384245-0.017253177278649848j),4696500000
(-0.3819780522284787-0.6772880538931922j),(-0.018132603794042166-0.01727400660939182j),4696750000
(-0.3867770393078422-0.6751648501052286j),(-0.018404580882916913-0.01711905705001395j),4697000000
(-0.3869254852560409-0.6746443281564246j),(-0.018434844677233896-0.01719539655010014j),4697250000
(-0.3865835384176034-0.6743314333579976j),(-0.018391912411087206-0.01703182169628374j),4697500000
(-0.3841021718985395-0.6763421228818656j),(-0.018392281670042834-0.01708531577824922j),4697750000
(-0.38446176458086884-0.6755372555524745j),(-0.018319927883882193-0.017047551728599505j),4698000000
(-0.3895272917119077-0.6736045940810396j),(-0.018544056232232074-0.016811615242741114j),4698250000
(-0.38542207254513183-0.6753036855288307j),(-0.018377603973554563-0.016950074275124162j),4698500000
(-0.38689492756285565-0.6749254351668492j),(-0.018614228517733967-0.0168672291977506j),4698750000
(-0.3856577679355775-0.6752360027645267j),(-0.018468158443729968-0.016780113233298016j),4699000000
(-0.38758874671182036-0.6743614734721584j),(-0.01854376047796625-0.01673141702249001j),4699250000
(-0.3886421193953203-0.6729977030776787j),(-0.018697798680483838-0.01656396641552112j),4699500000
(-0.38490303208805204-0.6741786000587268j),(-0.01846369267996859-0.016801725790154584j),4699750000
(-0.388930057134274-0.6727737748712138j),(-0.018686265583488473-0.01647458575557177j),4700000000
(-0.3853052111715071-0.6747300249181943j),(-0.018492484090288624-0.01663860169346984j),4700000000
(-0.3876247094486799-0.6737051936734972j),(-0.018539224042347494-0.016697290918502333j),4700250000
(-0.3862882493161348-0.6745801566524371j),(-0.018556925461008015-0.016533244406393175j),4700500000
(-0.38715455964085416-0.6735718746196142j),(-0.01857983775818152-0.016651063359192773j),4700750000
(-0.39197119952566734-0.6705927957467251j),(-0.018666490856751042-0.016203189769873453j),4701000000
(-0.3834639847933755-0.6745328955793507j),(-0.018603714802347484-0.016454898071546965j),4701250000
(-0.39216309453017345-0.6711254728122267j),(-0.01856193416295071-0.016347911046544802j),4701500000
(-0.3850428147370961-0.6738884071681561j),(-0.01860532843044035-0.016371206553475116j),4701750000
(-0.38667572509778275-0.6728698450014422j),(-0.018572376153669676-0.01625268935476587j),4702000000
(-0.3896329572850546-0.6714376471268824j),(-0.018698439207642595-0.01617465931521718j),4702250000
(-0.38597652045569997-0.6728254060579051j),(-0.018680535461336044-0.016191285827008014j),4702500000
(-0.3832659361343403-0.6736698152752175j),(-0.01849363856340995-0.016394019460518362j),4702750000
(-0.3873302958484474-0.6717508576664012j),(-0.018669218438579407-0.016106264043091234j),4703000000
(-0.3909404505296506-0.6694240020782093j),(-0.018686972217033394-0.016033346984992j),4703250000
(-0.3871210822906067-0.6713524367287843j),(-0.018668319480474975-0.016059796729009663j),4703500000
(-0.3858815873301279-0.6707943615869579j),(-0.01862129071430077-0.015936208126407943j),4703750000
(-0.39255233443889787-0.666503577077725j),(-0.018753978928946317-0.015890125014416997j),4704000000
(-0.3849563260673389-0.6707470882662174j),(-0.018660332848958183-0.015978217132723984j),4704250000
(-0.3897480613800188-0.6681263060016497j),(-0.01881916129917606-0.0158137721850025j),4704500000
(-0.38928682953309124-0.6672384302765269j),(-0.018896100826634288-0.015731351827416033j),4704750000
(-0.38346863071372467-0.6687801352403825j),(-0.018620886602048973-0.016000789156773134j),4705000000
(-0.39197622331936327-0.6654213350206805j),(-0.01875843827178362-0.015440098088264041j),4705250000
(-0.38358582437560174-0.6683783860119635j),(-0.0185907695468415-0.015818359615361818j),4705500000
(-0.39002392200589325-0.6663494638067324j),(-0.018707420500191075-0.015530132461758769j),4705750000
(-0.38773104580359596-0.6669286952330102j),(-0.018809087846006763-0.015572036810449169j),4706000000
(-0.38821122664522706-0.6666824321087748j),(-0.018712166289382007-0.015762432783930996j),4706250000
(-0.3899335150710029-0.6652573052758354j),(-0.018765438990714364-0.015517272228167593j),4706500000
(-0.3871016220698812-0.6655486014861554j),(-0.018717480556050468-0.0156532115324688j),4706750000
(-0.3910637117815411-0.6640002514172085j),(-0.018916589108387605-0.015437175332232895j),4707000000
(-0.3903470826464175-0.6647948694031407j),(-0.01877070067257342-0.015547937400091662j),4707250000
(-0.39152949594774644-0.6634648422800993j),(-0.018862320424033064-0.01543168683709198j),4707500000
(-0.3916455035288387-0.6643881623566105j),(-0.018846465753943217-0.015316981733532803j),4707750000
(-0.3926358768779639-0.6618272509425366j),(-0.018894996061750713-0.015368270039169012j),4708000000
(-0.3920459316508491-0.6628213659466906j),(-0.018782447226379187-0.01529593928883454j),4708250000
(-0.3911492608037342-0.6622389382365725j),(-0.01883953031959118-0.015266543236246833j),4708500000
(-0.39311707310534566-0.661955216910005j),(-0.01888377041953515-0.015249656757430445j),4708750000
(-0.3905968665016446-0.6620444815061717j),(-0.018758041857515995-0.015385898350311629j),4709000000
(-0.3964872022828721-0.6591479948760457j),(-0.018996079801469876-0.015081485425785489j),4709250000
(-0.39162815880385676-0.6609138880916574j),(-0.018840549639182858-0.015261534368222297j),4709500000
(-0.3935329980063265-0.6595079375501544j),(-0.018869989264795363-0.015118367179955723j),4709750000
(-0.3926061050763667-0.6596683927563436j),(-0.018897089467370686-0.014966893510261063j),4710000000
(-0.39152922021410336-0.6592208512816529j),(-0.018775694963351477-0.01504791188007951j),4710250000
(-0.39431841213096386-0.658084536066369j),(-0.018954954064951658-0.014941037819415904j),4710500000
(-0.39251628906176567-0.6576973331052538j),(-0.018948936616106277-0.01507695716032531j),4710750000
(-0.3948677565536468-0.657546447358218j),(-0.018944386546666366-0.014937295018076056j),4711000000
(-0.3933419997972865-0.6580330982248769j),(-0.018795890670267726-0.015013780880512556j),4711250000
(-0.39550823708407606-0.6568688950090196j),(-0.01898915314051143-0.014776365406439059j),4711500000
(-0.39405375342585963-0.6577070710886476j),(-0.019022108771256218-0.014857310124005277j),4711750000
(-0.3914287770422191-0.6588204673028076j),(-0.01896838812095638-0.014873958815585175j),4712000000
(-0.3947170843606828-0.6578734740487009j),(-0.019110985556485247-0.014733974985431803j),4712250000
(-0.39335369409934134-0.6583346464728903j),(-0.018906114134965072-0.014781472122513304j),4712500000
(-0.3949449010260058-0.6571584944447205j),(-0.01913606008105968-0.014615523041500846j),4712750000
(-0.39308570610561866-0.6575109249563168j),(-0.01902078335455887-0.01463112360961032j),4713000000
(-0.39642114072051526-0.6559920960796045j),(-0.01905629917312797-0.01464284916797148j),4713250000
(-0.39316389459478357-0.6572665003550147j),(-0.01902720491103882-0.014656661488801273j),4713500000
(-0.39212744092209867-0.6572519964753918j),(-0.019080529199583387-0.014581119200416447j),4713750000
(-0.393595915407928-0.6567525612039321j),(-0.019207259483507023-0.014432342508272116j),4714000000
(-0.39144047687616246-0.6573897540343552j),(-0.018964399025635806-0.014586947289028034j),4714250000
(-0.3945981916177919-0.6556576371597564j),(-0.019101938133917418-0.01430439134385142j),4714500000
(-0.39190911843036536-0.6565683333641922j),(-0.01907100413091429-0.01442557258030124j),4714750000
(-0.394027308984077-0.6554415525116756j),(-0.019188963460845053-0.014354972984919325j),4715000000
(-0.390792647975937-0.6565269559637014j),(-0.01916604741075848-0.014406295578805623j),4715250000
(-0.39313832624565764-0.6547856518131108j),(-0.019121112914578384-0.014350113892293972j),4715500000
(-0.39222393502876873-0.6546240187578984j),(-0.019156515662953892-0.01421975451024644j),4715750000
(-0.3896018209799505-0.6556303548608151j),(-0.019102958728589598-0.014376407726529962j),4716000000
(-0.39418717842566864-0.6532104532193054j),(-0.01927235221273408-0.014118242442702824j),4716250000
(-0.389065427116013-0.6551092091962434j),(-0.01911253248048049-0.01428715953893008j),4716500000
(-0.3922845851553541-0.6536715327998672j),(-0.019230121666211-0.01415790683610747j),4716750000
(-0.39134361269009943-0.6549041086536447j),(-0.01912311999914424-0.014073479010347277j),4717000000
(-0.39298056718033925-0.6531634764633222j),(-0.01928073275177976-0.014186279493036589j),4717250000
(-0.3916854521824039-0.6539080049119486j),(-0.019199774212655805-0.014073360154837294j),4717500000
(-0.3922571753087032-0.6528019311247579j),(-0.019177496487634442-0.01402113151584479j),4717750000
(-0.3929167466874272-0.6529239098013023j),(-0.01925640454790547-0.014052290777440798j),4718000000
(-0.39180567227351915-0.6535518623155738j),(-0.019224953767344333-0.01392714408955519j),4718250000
(-0.3946662110462248-0.6518162907843733j),(-0.01924664575294586-0.013804209676162771j),4718500000
(-0.3923571493794789-0.6529529071990295j),(-0.019217746382445115-0.013853385690232086j),4718750000
(-0.39336527846034-0.651401783560813j),(-0.019217496030462623-0.013740519902877715j),4719000000
(-0.39379812343677806-0.6516810244840303j),(-0.019270488790187307-0.013681460042995105j),4719250000
(-0.39232395323680125-0.6513987923394375j),(-0.01922948834765452-0.01377313063387214j),4719500000
(-0.3946406142291201-0.6495308290173069j),(-0.01924920466833342-0.013703193881000808j),4719750000
(-0.3956486622846926-0.6484071528688348j),(-0.019334085287762526-0.013621997197628525j),4720000000
(-0.39467305442211287-0.64892195189165j),(-0.019277149991015857-0.013634692345958538j),4720250000
(-0.39260232325974004-0.6497100828359401j),(-0.019266176090324556-0.013536291387615662j),4720500000
(-0.3941706768148496-0.6485623093239524j),(-0.01927968651324032-0.013569428350975767j),4720750000
(-0.39384497384055744-0.648328329273487j),(-0.019344502792681333-0.013459384743353751j),4721000000
(-0.3911343890853266-0.6491962033816833j),(-0.01922526988203226-0.013504397287840284j),4721250000
(-0.3968801270231463-0.6468667080683955j),(-0.019352623400386734-0.013415985798671768j),4721500000
(-0.39394682571012724-0.6466964072698456j),(-0.019214636061085515-0.013566130369921992j),4721750000
(-0.39679562900496446-0.6456454405950928j),(-0.019367872669340338-0.013297350967244197j),4722000000
(-0.3935216301189047-0.6473673585557179j),(-0.019400617113251313-0.013328379389674651j),4722250000
(-0.39516171137934725-0.6454663054104708j),(-0.01920299758086248-0.013380547844786412j),4722500000
(-0.39409138404449545-0.6469158865268145j),(-0.019285232482760418-0.013190134278154566j),4722750000
(-0.39572646980087867-0.6459901423015885j),(-0.019269128247043216-0.013264746291956639j),4723000000
(-0.3974021520434148-0.645873637248893j),(-0.019487647892456234-0.013154380867926455j),4723250000
(-0.39356903949914906-0.6464412161846685j),(-0.01939732552845108-0.013113527733635885j),4723500000
(-0.39624307170408785-0.6451532131060794j),(-0.019441697311444857-0.012982683340454368j),4723750000
(-0.39336659311858185-0.6461030661628585j),(-0.01936084063737431-0.012977233544406433j),4724000000
(-0.3960218314177989-0.6452005514000025j),(-0.019453810931318517-0.012976156746241752j),4724250000
(-0.39539534907857354-0.6452714012459901j),(-0.019488092412149237-0.0129372476874685j),4724500000
(-0.3971721707737564-0.6446087296506278j),(-0.019493475337294303-0.012805978807074866j),4724750000
(-0.3949249927131817-0.6452077954727775j),(-0.019488789595917277-0.012799477988637778j),4725000000
(-0.39287356119586825-0.6460528557642394j),(-0.01938569753299541-0.012879325274961754j),4725000000
(-0.39620021115423265-0.6446122099955944j),(-0.019413944193267106-0.012686671241214628j),4725250000
(-0.395422066064144-0.6447623831719561j),(-0.019430209644387655-0.012714238859463923j),4725500000
(-0.3971102744980295-0.6438363848921382j),(-0.019544652589195903-0.01258948772308967j),4725750000
(-0.39450349845614374-0.6445652618543348j),(-0.01951370903257362-0.012659721367505703j),4726000000
(-0.3949797385973112-0.6434695640033004j),(-0.01936931703949225-0.012648727970338615j),4726250000
(-0.3969096755387796-0.6427011519458481j),(-0.019604325139919113-0.012515581632182889j),4726500000
(-0.3947580328658925-0.6428154907810347j),(-0.019336920427378147-0.012562385308038954j),4726750000
(-0.39709563617968974-0.6426513406349191j),(-0.019494317511096947-0.012427269057365025j),4727000000
(-0.39373258879151757-0.6433756642979914j),(-0.019281978121813287-0.012631288592408892j),4727250000
(-0.3967621200326704-0.6419258622965544j),(-0.0194885915251974-0.012425425289284761j),4727500000
(-0.39039942121290716-0.6431598903405916j),(-0.0192035005533261-0.012389738249583202j),4727750000
(-0.3950180467896344-0.6412002000177989j),(-0.019278430586068592-0.012423739645266748j),4728000000
(-0.3938282897847711-0.6418050787171444j),(-0.019398546125585957-0.012272205851754696j),4728250000
(-0.39216251842036953-0.6412421394568709j),(-0.019298087847003598-0.012373347827823337j),4728500000
(-0.39494187268251074-0.6405110673511535j),(-0.01948473299525362-0.012131035087042826j),4728750000
(-0.39576309694458667-0.639439709532588j),(-0.01948056480931186-0.01206190278940174j),4729000000
(-0.3944095042776067-0.6384202236836115j),(-0.019429448110804902-0.012085998592714278j),4729250000
(-0.39215337356867264-0.6399406148835235j),(-0.01945245107948614-0.01213623790463687j),4729500000
(-0.39282091782311357-0.6387733822599329j),(-0.019292324417330847-0.012066919915717912j),4729750000
(-0.3952289779954651-0.6380086334752105j),(-0.01948522426016559-0.011861640492429543j),4730000000
(-0.39072965554955397-0.6389418384413584j),(-0.01928101033879561-0.011983721247865313j),4730250000
(-0.3958324233945008-0.6355645250224534j),(-0.019491450490069458-0.011665978981370059j),4730500000
(-0.3906668455925466-0.6376966164141059j),(-0.019273540674222617-0.011898147125179696j),4730750000
(-0.3930526255860417-0.635524883270332j),(-0.01932595500299248-0.011834950980042773j),4731000000
(-0.3919689201744788-0.635514376119644j),(-0.01939264092972503-0.011683486929675758j),4731250000
(-0.3920727345967988-0.6342010795729752j),(-0.01931797422851279-0.011816120989560827j),4731500000
(-0.3861647196443186-0.635869469037514j),(-0.019259221701284957-0.011891801279756512j),4731750000
(-0.3920968197377202-0.6331302318213835j),(-0.01939512784382929-0.011624346710322668j),4732000000
(-0.38863039182429576-0.6336700868238281j),(-0.0192967462806991-0.011651061678066198j),4732250000
(-0.3906376221184702-0.632480538265138j),(-0.019254306205107114-0.011676519827204804j),4732500000
(-0.39015621259552186-0.6324168003467535j),(-0.019423148427035065-0.011588037823004401j),4732750000
(-0.39036218557531366-0.6320710529141071j),(-0.019388217262550553-0.011611696808038263j),4733000000
(-0.3946258899970499-0.6301182685246859j),(-0.01943349227853459-0.011362011542123351j),4733250000
(-0.3891273762337355-0.6330829707913526j),(-0.019296931617783824-0.011423499460755231j),4733500000
(-0.3939858951951201-0.6312833865614335j),(-0.019458531357800072-0.01144773742658646j),4733750000
(-0.3919657074885622-0.6325127076287665j),(-0.019488792933189867-0.011412841314175082j),4734000000
(-0.38720222579821084-0.6349675070092154j),(-0.019390050772765885-0.011491133998738473j),4734250000
(-0.39500200555200304-0.6315174260591667j),(-0.019558129611758592-0.011294652848823871j),4734500000
(-0.38924741836481325-0.6338945429440134j),(-0.019291028918291347-0.011680465389376983j),4734750000
(-0.39682768967413945-0.6306622067377138j),(-0.019582086780586906-0.011254701938137037j),4735000000
(-0.391761260604328-0.6326706454407095j),(-0.019460523984714432-0.01145653890220098j),4735250000
(-0.39426925367972354-0.6315400286862046j),(-0.01961395433093393-0.011303437769861984j),4735500000
(-0.39096614847549155-0.6338649339624026j),(-0.01942577752699134-0.011291307221749229j),4735750000
(-0.3924652960038809-0.6331308571440422j),(-0.01958872625884419-0.011318516266633587j),4736000000
(-0.3929470733702258-0.6324715024891714j),(-0.019629043663012102-0.011160071935024485j),4736250000
(-0.39642823787542536-0.6307587719576877j),(-0.019610834089930373-0.011153717117393408j),4736500000
(-0.3962925748442374-0.6319205442124184j),(-0.019659375449350078-0.01108347786382145j),4736750000
(-0.3942943120180863-0.6317339594919604j),(-0.019578857898502555-0.011229811145221135j),4737000000
(-0.39729783494577936-0.6303937995629909j),(-0.01969139544168441-0.01103346802034907j),4737250000
(-0.39328389691417515-0.6325532190565217j),(-0.019605944473468733-0.011065967291275477j),4737500000
(-0.39490039484292805-0.6318346754971413j),(-0.019544128063568134-0.011132022722583915j),4737750000
(-0.3958121960800011-0.6312192256980135j),(-0.01956973966615836-0.010883630547424451j),4738000000
(-0.39788026179044184-0.6301891589685833j),(-0.01961384581963406-0.011094431692751525j),4738250000
(-0.3953186804961231-0.6310025535528837j),(-0.019725862031998494-0.010912604173723106j),4738500000
(-0.39208674262029247-0.6324771002044304j),(-0.019456758579898165-0.010978573389810004j),4738750000
(-0.3962175343874383-0.6298155570224796j),(-0.019695660577397776-0.010811269965252512j),4739000000
(-0.39448123684657765-0.629789223830923j),(-0.019640326128651592-0.010711585483911393j),4739250000
(-0.39440095781337586-0.6295104273125264j),(-0.019682527273721263-0.010563490953286741j),4739500000
(-0.3919813775008056-0.6313084621617473j),(-0.019622037470584865-0.010695000742590662j),4739750000
(-0.393792448539484-0.6285683743706593j),(-0.01958432535592589-0.010878253944401135j),4740000000
(-0.3959274001935006-0.6272776769171458j),(-0.01959078948080342-0.010470701996331466j),4740250000
(-0.39295335084376914-0.6283523654970494j),(-0.019527302304253785-0.010501029941773089j),4740500000
(-0.39390008748792815-0.6271984016939871j),(-0.019506216437433877-0.01049166753356918j),4740750000
(-0.3897937602056886-0.6285990322202115j),(-0.019486562531328813-0.010470801495915977j),4741000000
(-0.3927415792206793-0.6263061562757346j),(-0.019437205191317072-0.01039070566701709j),4741250000
(-0.3932673748522795-0.6253198615605908j),(-0.019575389196276178-0.010198814627657428j),4741500000
(-0.39283856758182545-0.6252814732378292j),(-0.019347997330111017-0.010441970530132811j),4741750000
(-0.39396947796097154-0.6239915014507809j),(-0.0195508855954372-0.010130617388683368j),4742000000
(-0.39478747792391966-0.6228633327224492j),(-0.019375216711150584-0.010117801091219696j),4742250000
(-0.39283123275765-0.6238037778928541j),(-0.019436515094298133-0.010054923744249916j),4742500000
(-0.390145301702054-0.6248800773183723j),(-0.01944977558263186-0.010118637407248434j),4742750000
(-0.39356054864086226-0.622472737113892j),(-0.019440772410109844-0.01010925739708003j),4743000000
(-0.39235142165346526-0.6221553484351781j),(-0.019434878912186822-0.009864812063954877j),4743250000
(-0.3888056483685649-0.6221363126115211j),(-0.019384147806983127-0.009849191785029696j),4743500000
(-0.3920790737958556-0.620449275096069j),(-0.019449828467967185-0.009843455642101952j),4743750000
(-0.3887433125813997-0.6219962747514016j),(-0.019273321747548627-0.009953337178000045j),4744000000
(-0.39318179367927436-0.6200326188287975j),(-0.01944581581288035-0.00982341898342796j),4744250000
(-0.3915853184648431-0.6207999542656258j),(-0.019355591218987073-0.009847935371577753j),4744500000
(-0.3934986520966877-0.6203869963811868j),(-0.01934619323175683-0.009788109610491355j),4744750000
(-0.3911026310304279-0.621192952418835j),(-0.019333378573980542-0.009809981717960077j),4745000000
(-0.39312858385678795-0.6195701730961989j),(-0.019307639459672055-0.009723778580310573j),4745250000
(-0.39449758731796297-0.6199384652387928j),(-0.019375101708486313-0.009645262216190465j),4745500000
(-0.3922009401187709-0.620474909268349j),(-0.01930136816667238-0.009620270312991907j),4745750000
(-0.39406154868684223-0.6199392148182057j),(-0.01936863414821326-0.009657493167656867j),4746000000
(-0.3950073852232676-0.6182448940999612j),(-0.01931709108592836-0.009636995866056881j),4746250000
(-0.3939243065311592-0.6188270668224602j),(-0.019278478318108666-0.00952632570758062j),4746500000
(-0.39269630414296336-0.6192360826618281j),(-0.019218793522853325-0.009484961390758127j),4746750000
(-0.3945943751581708-0.6181591038364819j),(-0.019238370715786875-0.00952592913879413j),4747000000
(-0.39457624878662273-0.6176385021829153j),(-0.01929485990902213-0.009393830259271777j),4747250000
(-0.39014938243475683-0.6199833048233839j),(-0.01922247437023052-0.009536412397503836j),4747500000
(-0.39689081575635277-0.617094234422019j),(-0.019342987944144702-0.009222005944673988j),4747750000
(-0.39261964768860125-0.618022567450724j),(-0.019098380967205387-0.009385141156576833j),4748000000
(-0.3952678698333288-0.6166977098949006j),(-0.019157506608093153-0.0093562603514238j),4748250000
(-0.3931776743812904-0.6172836167366169j),(-0.01929462722743344-0.009310875499380556j),4748500000
(-0.39422200598347357-0.6165329260574095j),(-0.019240364573136933-0.009387064431970854j),4748750000
(-0.3928021323039992-0.6167333790471484j),(-0.019107322785526886-0.009368034673970984j),4749000000
(-0.3959162455953011-0.6147506246890114j),(-0.01922487523077095-0.00916504827288118j),4749250000
(-0.39597841926846483-0.6141468003391518j),(-0.019227119848537588-0.009084044536582292j),4749500000
(-0.3924716860210868-0.6167288856574246j),(-0.019118980717424693-0.009190128438234215j),4749750000
(-0.39218460305546377-0.6166686094635202j),(-0.019112029797462404-0.009091050239142747j),4750000000
(-0.3951959371524344-0.6149947547126594j),(-0.01933209654828419-0.00914931375191878j),4750000000
(-0.3972093448153379-0.613635425345678j),(-0.019309757187434936-0.008833297457936484j),4750250000
(-0.39203681922508676-0.6161815671361586j),(-0.019145390769255168-0.009122962775675477j),4750500000
(-0.39493527250666705-0.6153471645165725j),(-0.019180162138424196-0.008951579393971322j),4750750000
(-0.39230004437185717-0.6153398602467247j),(-0.01924652384594727-0.009009471457298615j),4751000000
(-0.39126389402477735-0.616771185659171j),(-0.01913154850061763-0.009128904673614437j),4751250000
(-0.3965988734275595-0.613915559842246j),(-0.01932474240792944-0.008652619959003436j),4751500000
(-0.3935722359954653-0.6139261333911422j),(-0.019144017347757503-0.008968423617557364j),4751750000
(-0.39392903943738067-0.6132680871154911j),(-0.019297015113533465-0.00875008558348713j),4752000000
(-0.39157476093121296-0.6142514874281421j),(-0.01913260406347146-0.00889094362863939j),4752250000
(-0.393428589208313-0.613123056171302j),(-0.019229303086570945-0.008650917377674927j),4752500000
(-0.39061392268157336-0.6147145294986631j),(-0.019122183104519293-0.00864606879648092j),4752750000
(-0.3910828001676794-0.6134461806608136j),(-0.01911456999845882-0.008744609869361021j),4753000000
(-0.39059998396327683-0.6134973519543278j),(-0.01912787198106519-0.008739776045701982j),4753250000
(-0.3945853224986204-0.6118499426922949j),(-0.019253049233914143-0.008468477566564022j),4753500000
(-0.3935358073541275-0.6112720963146028j),(-0.019241766784138303-0.008301146634649374j),4753750000
(-0.38545423739303913-0.6143051036095715j),(-0.019083118090150605-0.008684986943692094j),4754000000
(-0.3950576931205579-0.6096941461940986j),(-0.01931421432064868-0.00822057912521284j),4754250000
(-0.3842726541673895-0.614374165180241j),(-0.019044251430124975-0.008534356481930827j),4754500000
(-0.39090829214874745-0.6113113593936698j),(-0.019237014932829564-0.008293123112123034j),4754750000
(-0.3892969892897305-0.6111918426299446j),(-0.01901723140334556-0.008317609064393734j),4755000000
(-0.3919781087229365-0.6105367979095785j),(-0.01918851954360042-0.008275518831030861j),4755250000
(-0.39407217018142293-0.6092770044039018j),(-0.019201158543728856-0.008062750001744591j),4755500000
(-0.3888748156073953-0.6106802095903405j),(-0.018933408356598416-0.008454153181423302j),4755750000
(-0.39429084846933626-0.6085813233204884j),(-0.019184740689663082-0.00817376702865502j),4756000000
(-0.3916943905804233-0.6099163006598456j),(-0.019066329738011895-0.008301115401944888j),4756250000
(-0.3923154362896736-0.6103330496067025j),(-0.019126731851056292-0.008221474541855567j),4756500000
(-0.3907409940745991-0.6109328207513642j),(-0.019083622659610843-0.008150223792510722j),4756750000
(-0.39234557384675767-0.608655405642922j),(-0.0190308140811396-0.008148169521487334j),4757000000
(-0.393508650053129-0.6103112466214653j),(-0.01908676214705144-0.008195263669541597j),4757250000
(-0.3935425042680325-0.6090159996660051j),(-0.01901157065866945-0.008206163103942694j),4757500000
(-0.3909685837968498-0.6099624882390492j),(-0.018925335391734646-0.008336378786753177j),4757750000
(-0.3942953307393247-0.6083603206111873j),(-0.01895819369991755-0.00810278398548501j),4758000000
(-0.39470271613444535-0.6068808657809646j),(-0.01900503694678622-0.008004384859885008j),4758250000
(-0.39198719064351994-0.6084465230717133j),(-0.019000750148885238-0.008163409990155692j),4758500000
(-0.39647270785371147-0.6059740983170296j),(-0.019031722215960556-0.007987607925159308j),4758750000
(-0.39328833905720184-0.6072852904668763j),(-0.01901007364375584-0.008145292105717381j),4759000000
(-0.39414064486353734-0.6066183672181663j),(-0.018920671553583575-0.008131452844686965j),4759250000
(-0.3967200826259499-0.6042056632592415j),(-0.018953610215320778-0.00785833411113469j),4759500000
(-0.39570912975857647-0.6048331226403141j),(-0.01887174641246259-0.008023885609683845j),4759750000
(-0.3927604081945249-0.6060458060529386j),(-0.01886693972049807-0.008096635824828714j),4760000000
(-0.39298420778410575-0.6053717711869688j),(-0.01872635554973497-0.008024607895040494j),4760250000
(-0.3979757327442871-0.6046137094520484j),(-0.018882247506028547-0.007993534989853151j),4760500000
(-0.39767871309065106-0.6023206798698232j),(-0.018903038754845683-0.007736964686859881j),4760750000
(-0.39359943834548344-0.6040669057407718j),(-0.018698651384392015-0.008028908647497439j),4761000000
(-0.39724407545381274-0.6038701038638621j),(-0.01888025983130233-0.007609891069057029j),4761250000
(-0.39036611089680723-0.606378177521661j),(-0.0187272668302551-0.007961431688504364j),4761500000
(-0.3967810345579464-0.604091991830096j),(-0.018837638061156278-0.00773785319332056j),4761750000
(-0.3967280978349301-0.603404760102878j),(-0.018916423506152732-0.007624618246456526j),4762000000
(-0.3948236963851989-0.6037107915958216j),(-0.018754468592655584-0.007417757645586953j),4762250000
(-0.3911483486734943-0.6058726046272526j),(-0.0186988514261688-0.007529274097476985j),4762500000
(-0.3932977478479991-0.6037903809075977j),(-0.018686829834230156-0.007664619598855j),4762750000
(-0.3945809155160864-0.6030100373219676j),(-0.018753248224737302-0.007237002784222391j),4763000000
(-0.3952193146930887-0.6045848565987143j),(-0.018807055815496958-0.0073964362920663955j),4763250000
(-0.39362498993920475-0.6028366621577268j),(-0.018684166989175757-0.00736571238475664j),4763500000
(-0.39060241963720305-0.6055667068305761j),(-0.018858786273402792-0.007295958598167476j),4763750000
(-0.39286737989031456-0.6034706631316834j),(-0.0187608618896154-0.007288223984781691j),4764000000
(-0.3927258699775917-0.601641118652213j),(-0.018725409097159827-0.0070068030146426905j),4764250000
(-0.3913372048912532-0.6017449881402787j),(-0.01861855967060661-0.007121649467476968j),4764500000
(-0.3938538720783599-0.6004410692909092j),(-0.018683719077354506-0.006923532202482392j),4764750000
(-0.3929493516297278-0.6016853962451376j),(-0.0186100175641985-0.006877551930701433j),4765000000
(-0.39338822315430433-0.6001208768764096j),(-0.01870351778694318-0.006880568587975056j),4765250000
(-0.3913390382869383-0.6016844445573752j),(-0.01863984060384547-0.006995046027422247j),4765500000
(-0.3922450167386689-0.5996690649944978j),(-0.018540378615467326-0.00683902902887581j),4765750000
(-0.3903231074450291-0.6016549127166918j),(-0.018565184056946994-0.00666563026459764j),4766000000
(-0.389742015864797-0.601751957387506j),(-0.01859982315944509-0.0069474955780852036j),4766250000
(-0.39059466329981657-0.6013828244401591j),(-0.018566439069375672-0.006812617533829399j),4766500000
(-0.39374814593366336-0.6011139020980585j),(-0.01858269791760082-0.006738649287726062j),4766750000
(-0.39182946675885316-0.6008621697501914j),(-0.018567630419340956-0.0067467910346813344j),4767000000
(-0.3920434077201578-0.6004273124003969j),(-0.018637843340592788-0.0067699501101275185j),4767250000
(-0.39087720907270196-0.6018816826402416j),(-0.018462521440968646-0.006812910481176707j),4767500000
(-0.3891569747326292-0.6033752538914327j),(-0.018319690929239785-0.006846482892737638j),4767750000
(-0.39354961924544024-0.5998931658441543j),(-0.018436891817377433-0.006712330194763111j),4768000000
(-0.39049202658566756-0.6023016533247779j),(-0.01840652554938021-0.006783955743236848j),4768250000
(-0.3914500291842998-0.6007850457555093j),(-0.018291820714901586-0.006762607606264483j),4768500000
(-0.3921306407684463-0.6014694743633254j),(-0.018446307943457647-0.0066258398056118885j),4768750000
(-0.38764427081875213-0.6032266564615822j),(-0.018331369394462876-0.006648633296899322j),4769000000
(-0.3927376412488492-0.5999870488102459j),(-0.018439553299922532-0.006476771883911752j),4769250000
(-0.3882052860545104-0.6032612329243281j),(-0.0182499574953595-0.006695023379398833j),4769500000
(-0.3923141783998299-0.6009260136284816j),(-0.01822567195794024-0.006492814188995205j),4769750000
(-0.39065932051223073-0.6015279191903394j),(-0.018141820113702474-0.006700428783484356j),4770000000
(-0.392266408760716-0.5995178376984261j),(-0.01812687450649674-0.0065678952185414755j),4770250000
(-0.3897406622406295-0.6024413876224727j),(-0.018100519648371914-0.00655183203867229j),4770500000
(-0.3918262455488158-0.601089604731032j),(-0.018209170888776174-0.006592103662338883j),4770750000
(-0.3915067585105428-0.6005746516096679j),(-0.018165211693131945-0.006403806993153431j),4771000000
(-0.3868161996907613-0.6031276792487612j),(-0.01799426638933642-0.006712178831313262j),4771250000
(-0.3915144085128131-0.6013373996920492j),(-0.018168246152030797-0.006436587108377101j),4771500000
(-0.3902842769406007-0.6013429912486775j),(-0.01810433229257482-0.006490131964983106j),4771750000
(-0.3909147343669728-0.6007561258377984j),(-0.018074373934429667-0.006466129529557172j),4772000000
(-0.3884019179688177-0.6019895651043726j),(-0.018075049983743582-0.006458647122927695j),4772250000
(-0.3933149114125971-0.6002497000219468j),(-0.018043324311476483-0.006471669150383074j),4772500000
(-0.3890265700702423-0.6006149772775938j),(-0.01779326507360861-0.0064429598902263265j),4772750000
(-0.39115834000559935-0.6001204926134982j),(-0.018015891454198057-0.006256838411834033j),4773000000
(-0.3903964599622821-0.6007058983496897j),(-0.017906150327924523-0.006451708525766016j),4773250000
(-0.39121773616541683-0.6004469114650692j),(-0.017938429905342033-0.006094906093901087j),4773500000
(-0.3900673126090168-0.5998675753532385j),(-0.017974893873271863-0.006255262037814599j),4773750000
(-0.39361497333459716-0.5984849862484217j),(-0.018001320571052352-0.006093209559081974j),4774000000
(-0.3912964155041651-0.5993701738057384j),(-0.017846268450209434-0.006226398833138249j),4774250000
(-0.39055335356945653-0.599994327466082j),(-0.01795164392974266-0.0061568038863815035j),4774500000
(-0.3908705641430234-0.5989131718618058j),(-0.017831737436888297-0.006127429717643667j),4774750000
(-0.3901016634535786-0.5996858346030466j),(-0.01789864855034974-0.005999161041010533j),4775000000
(-0.39149322201893366-0.5976416344955481j),(-0.01800629846977382-0.006071937147237365j),4775000000
(-0.39015623052633613-0.5991923319384785j),(-0.01788746568351243-0.006114625311763663j),4775250000
(-0.3896920452598927-0.598448497896773j),(-0.017862767432672278-0.006096534773195441j),4775500000
(-0.39173389101250206-0.5987203269387026j),(-0.017854526150276797-0.006026473320400509j),4775750000
(-0.39189457046230874-0.5968851498328233j),(-0.017873453586291298-0.005948048952374998j),4776000000
(-0.3882475601546127-0.5986078511844026j),(-0.01786726632574125-0.006097424321942883j),4776250000
(-0.3902062914353156-0.5968374473352999j),(-0.01782268567899157-0.00594833964352823j),4776500000
(-0.38953206202858087-0.5984620677584525j),(-0.017839060872161795-0.0057971165607106j),4776750000
(-0.3894579328207974-0.5975730676962138j),(-0.017628845699273962-0.005966898006478894j),4777000000
(-0.3901804816689914-0.5961437980860091j),(-0.017673044781288744-0.005868025209586593j),4777250000
(-0.3890581402552014-0.5970672772471893j),(-0.017829801832907336-0.00584779225754363j),4777500000
(-0.38920044902641804-0.5959119711539257j),(-0.01774210454897074-0.005928179204234002j),4777750000
(-0.39124598504483166-0.5959016219658575j),(-0.01776931558818315-0.005609461283212966j),4778000000
(-0.38901085987360096-0.596229812869889j),(-0.017628722044290793-0.00590355195895917j),4778250000
(-0.3917039268201771-0.5947746061364774j),(-0.017592288622493735-0.005714146611553169j),4778500000
(-0.3940066137476213-0.5925452401960504j),(-0.01763225590408163-0.005718348344278007j),4778750000
(-0.39163112410433654-0.5949106239974707j),(-0.017655881144375392-0.005761461752791295j),4779000000
(-0.3915164055881515-0.5934027030242486j),(-0.01754883516723293-0.005629185268367296j),4779250000
(-0.38952988584497683-0.5961137168659473j),(-0.01749369197928479-0.005523765344046949j),4779500000
(-0.3931623444800555-0.594758669174428j),(-0.017658122285309823-0.005616077846777724j),4779750000
(-0.39102056104420746-0.5964040413839484j),(-0.017568361139901997-0.005637881253153388j),4780000000
(-0.3925518696181014-0.5928971000093767j),(-0.017454715294873295-0.0056868873135497j),4780250000
(-0.3914037186318284-0.5936753220103566j),(-0.017415214891004553-0.0054621571418953215j),4780500000
(-0.3875022128743542-0.5950287344555868j),(-0.017379991789877418-0.005527137546534385j),4780750000
(-0.3924362109528519-0.593861088196094j),(-0.01741145871925188-0.005544489821402903j),4781000000
(-0.39136032826369077-0.5951909164905069j),(-0.017503724105091444-0.005466135961539357j),4781250000
(-0.3879008367689536-0.5949974370045594j),(-0.017283335833853594-0.00550196493795819j),4781500000
(-0.39370299250116647-0.5909034282354193j),(-0.01732423838554058-0.005346874803414964j),4781750000
(-0.39031216441828703-0.5928107130744152j),(-0.01719695332864585-0.0054177871688422165j),4782000000
(-0.39063144680248485-0.5923246601408473j),(-0.01729440773791667-0.0054363423928549225j),4782250000
(-0.38985565267572003-0.5936674695527429j),(-0.017271665285064738-0.005394197243321809j),4782500000
(-0.3926734740845247-0.5905784669906781j),(-0.017152979763290208-0.0055234970903864375j),4782750000
(-0.39251324578025554-0.5920143828213118j),(-0.017205977929488265-0.005400885388822169j),4783000000
(-0.3906990311902519-0.5921254290046619j),(-0.017185434167226964-0.005560729281374169j),4783250000
(-0.3939566702021896-0.589809878735704j),(-0.01709187565870118-0.005155137928452093j),4783500000
(-0.3911177165846389-0.5938426214459906j),(-0.017059073731761132-0.005402695814048114j),4783750000
(-0.39286876274835547-0.5920993058385828j),(-0.01715120712357881-0.005294250567056468j),4784000000
(-0.3926869271319208-0.5921147059762014j),(-0.017238867341831637-0.0053344855362799665j),4784250000
(-0.39351032357461285-0.5924597305759143j),(-0.016971552998403958-0.005434721047287031j),4784500000
(-0.3941496705942445-0.5918083144740113j),(-0.01705400626342561-0.005282867102023615j),4784750000
(-0.39171173410777615-0.5938855001571074j),(-0.016923505099757274-0.00526424720680658j),4785000000
(-0.3935946935932364-0.5920582820834717j),(-0.016970065147011375-0.005303938218840646j),4785250000
(-0.39033723506641826-0.5951415951881882j),(-0.01705685268633064-0.005174207645205597j),4785500000
(-0.3941328718702337-0.5927306158406536j),(-0.017097918671713307-0.005306365088027726j),4785750000
(-0.3956392803333737-0.5934761651074356j),(-0.01697347379407622-0.00512091320713862j),4786000000
(-0.3930615851769737-0.5948704746331188j),(-0.01695202249187722-0.005266723715620531j),4786250000
(-0.39643095041871185-0.593032532681897j),(-0.01697105433994464-0.0051378022104725035j),4786500000
(-0.39733400364843124-0.5916386042760056j),(-0.016879785218090505-0.005249275090228135j),4786750000
(-0.3953097006151569-0.5927396969389639j),(-0.016844297106761136-0.005098516029682981j),4787000000
(-0.3958796211753468-0.5905152034670337j),(-0.016931151185521413-0.005117519407050211j),4787250000
(-0.3957179167659802-0.5924953900261075j),(-0.01688039072571998-0.005086250428461701j),4787500000
(-0.39630293922463417-0.5910582287083697j),(-0.016903781662448113-0.005072636126902924j),4787750000
(-0.3947276724216626-0.5931383760625113j),(-0.016870884377464028-0.005001472783638004j),4788000000
(-0.39544445988591576-0.5916021291085171j),(-0.01680104702223927-0.005077596681801574j),4788250000
(-0.39494979971809374-0.5925650095681383j),(-0.01679608509579567-0.00508783131846098j),4788500000
(-0.3972820214457028-0.591773605553276j),(-0.016854405374801405-0.004966894573957445j),4788750000
(-0.3977737123663807-0.5906919519876495j),(-0.016622358389198837-0.005051908019272931j),4789000000
(-0.39513215696383525-0.5919813132967786j),(-0.016743257058136413-0.00497394573181536j),4789250000
(-0.3981947002096116-0.5892094948131459j),(-0.016742052467073536-0.004946912598243204j),4789500000
(-0.3957188864760698-0.5930400520794439j),(-0.01670921382267487-0.004923539718415278j),4789750000
(-0.3994105994395428-0.5906745418830088j),(-0.016721677311857065-0.004968888340822567j),4790000000
(-0.3978103774261533-0.5896427451362124j),(-0.01662538966671808-0.004887067450201217j),4790250000
(-0.3964522217297554-0.5911028223458767j),(-0.016683617208988054-0.004934068750080879j),4790500000
(-0.39715518750981044-0.5908187004563742j),(-0.016669533457429445-0.004913725367697108j),4790750000
(-0.3958267698184126-0.5904614376626887j),(-0.016714575433075078-0.0049988727804918115j),4791000000
(-0.3988446093712182-0.5893585529213649j),(-0.016625224980037604-0.004935288405220167j),4791250000
(-0.3964263914220228-0.5896502108372581j),(-0.016656085180911124-0.004993735835271667j),4791500000
(-0.39529016575575265-0.5901290913627908j),(-0.016426369699691894-0.005001743494939944j),4791750000
(-0.40101133168616615-0.5867030092797894j),(-0.01647167781722798-0.00475634955633236j),4792000000
(-0.39746490629854364-0.5893951798806586j),(-0.016477046116710907-0.004780036144015441j),4792250000
(-0.39933813462664935-0.5867895338937215j),(-0.016410575478308754-0.004850081587744733j),4792500000
(-0.3984319993781692-0.5879138783201227j),(-0.01643883538346402-0.004858285976550438j),4792750000
(-0.39563235962000204-0.5870709050619389j),(-0.01647597518452855-0.004915033592559431j),4793000000
(-0.39727663539784414-0.5880803431086644j),(-0.01646168259224205-0.004802031375620379j),4793250000
(-0.39728148172216-0.587165386015687j),(-0.01643306360828017-0.004837145756042553j),4793500000
(-0.3997191264793161-0.5863893786511402j),(-0.016282816695914092-0.00478502367216351j),4793750000
(-0.3979598682409391-0.5876808207996417j),(-0.016322390608005225-0.004683777731412718j),4794000000
(-0.39761266948862994-0.5863573631669086j),(-0.01618362433417557-0.0048782470050799265j),4794250000
(-0.4001726996708231-0.587393488711642j),(-0.016250078743476726-0.004736333273914382j),4794500000
(-0.3971121485994947-0.588227631928399j),(-0.016197513844150548-0.00467303486815646j),4794750000
(-0.40131039820295983-0.5860275172404098j),(-0.016244243128421862-0.004771013622365547j),4795000000
(-0.40096365393140304-0.5860791756632127j),(-0.016125738168753373-0.004789324139605896j),4795250000
(-0.4000774356710621-0.5847379301477017j),(-0.01597351833415009-0.004745722969641349j),4795500000
(-0.40327603040553833-0.5853826966521571j),(-0.016091013467282037-0.004731195550715065j),4795750000
(-0.40414134476126085-0.5845786802970808j),(-0.016094915880237884-0.0047633703248218j),4796000000
(-0.4043561238271483-0.583432148957695j),(-0.016120900496178443-0.004719398484849633j),4796250000
(-0.40331288186612796-0.5845125949880552j),(-0.016109823380696404-0.004670213436168204j),4796500000
(-0.39978001789609663-0.5847086774417415j),(-0.016007486594317718-0.004824640335031993j),4796750000
(-0.4040817105646338-0.582338729694877j),(-0.01602123431414256-0.004651892420655799j),4797000000
(-0.40273681533488126-0.5853001731413389j),(-0.016059992042377656-0.0046140319434829664j),4797250000
(-0.40392452563089787-0.5827236909196096j),(-0.015901065340046504-0.004739103056446238j),4797500000
(-0.4013644262984373-0.5829013646944807j),(-0.015984827169963498-0.00459492572765514j),4797750000
(-0.40207512683011337-0.5838515286501835j),(-0.015805001343227983-0.004756058288332257j),4798000000
(-0.4036157886722668-0.5822314986528506j),(-0.015699905588564992-0.00459188024834212j),4798250000
(-0.40231713530418145-0.5835255155058956j),(-0.01581536766832898-0.004741522618900476j),4798500000
(-0.40319284718898357-0.5825382963457552j),(-0.015730262721175357-0.004677940871553649j),4798750000
(-0.4027945414630735-0.5818299286083208j),(-0.01572631982610449-0.004662641164857449j),4799000000
(-0.4044277295919735-0.5804984196445437j),(-0.01565746499870263-0.004677992397452308j),4799250000
(-0.40473986938538137-0.5814037166553325j),(-0.015828234663344754-0.004588735629798687j),4799500000
(-0.4026355499118761-0.5837600168812538j),(-0.01565058114712412-0.0047160075607326195j),4799750000
(-0.40589397662955207-0.5784670287334172j),(-0.01577233969385948-0.004533202429042442j),4800000000
(-0.40823324558139606-0.5779868367305728j),(-0.015685079251407486-0.00466672504642714j),4800000000
(-0.4074166149516791-0.5796905257120338j),(-0.01574022895200602-0.004556804679156742j),4800250000
(-0.40386796742336456-0.581112781858227j),(-0.01571354482654182-0.004662459872718561j),4800500000
(-0.4048029339056865-0.580666245902689j),(-0.015664927704907093-0.004755255859876149j),4800750000
(-0.4058573335765758-0.5785226658849643j),(-0.015629220334856014-0.004636643622182293j),4801000000
(-0.4033530282221377-0.5810219725310386j),(-0.015577796218032723-0.004767760303465849j),4801250000
(-0.40796554148250974-0.5786580588482616j),(-0.015643749376914193-0.004492037491382659j),4801500000
(-0.4057896951469183-0.5808933875093159j),(-0.01567363879095058-0.004688760014992168j),4801750000
(-0.40757633785949426-0.5782255736194789j),(-0.015624768079211012-0.0046332698780328085j),4802000000
(-0.4094185989100413-0.574913069352701j),(-0.015591656729887469-0.004569108231707261j),4802250000
(-0.4060207846861228-0.577329666387795j),(-0.015556852972843137-0.004554614864997051j),4802500000
(-0.4078767698390712-0.575749189053829j),(-0.015619375939675785-0.0045074884918011645j),4802750000
(-0.4059829111396496-0.5778854629956752j),(-0.015451475396708837-0.004811971392411395j),4803000000
(-0.40845490493895503-0.5766867571988529j),(-0.015578853213858757-0.004579102541906006j),4803250000
(-0.40892907293187925-0.5745709320928053j),(-0.015493135897917608-0.004559910945884897j),4803500000
(-0.4086325380319148-0.5757787405858404j),(-0.015502044217758785-0.004611227958154443j),4803750000
(-0.4106656453568914-0.5722187241113244j),(-0.01552040083960574-0.004537091849666904j),4804000000
(-0.4076705301697451-0.574006966506192j),(-0.015432878922580717-0.004611841337728349j),4804250000
(-0.4089368431378133-0.5727312687342754j),(-0.015342353114425115-0.004695272774679456j),4804500000
(-0.409034910225735-0.5738212321762115j),(-0.015385030696255587-0.004592657978606587j),4804750000
(-0.407237150937789-0.5742098211778521j),(-0.01556521997759139-0.004611922143996138j),4805000000
(-0.406800678469999-0.5766346553473652j),(-0.015447026860618683-0.004703471790916288j),4805250000
(-0.40745413187849394-0.5746606549720858j),(-0.01553437345082253-0.004728715982734589j),4805500000
(-0.409318028230683-0.5742717954261886j),(-0.015352929451946202-0.004561338192628669j),4805750000
(-0.4094860427112164-0.5737125745008891j),(-0.015498498452185316-0.004529297902087447j),4806000000
(-0.40520810154536324-0.5765354714222906j),(-0.015369286084153054-0.004724273187213022j),4806250000
(-0.41485243915975395-0.5691188279787165j),(-0.015421031421327136-0.004445632279239553j),4806500000
(-0.40880816401016434-0.5744700629686414j),(-0.01536255377518353-0.004641353495722029j),4806750000
(-0.4099638667449282-0.5734024051726162j),(-0.01549204309026781-0.004635556537012879j),4807000000
(-0.41294801877752146-0.5716747674778805j),(-0.015393088375655192-0.004429507823190728j),4807250000
(-0.4085099056209306-0.574245896720405j),(-0.01543354120594258-0.004600997445746721j),4807500000
(-0.409821097528872-0.5713256215112751j),(-0.0151488863549212-0.004645959774829722j),4807750000
(-0.4097396384949626-0.5731327348221779j),(-0.015418384286761294-0.004521493584098927j),4808000000
(-0.4104567203718428-0.5730871496690352j),(-0.015340858094771164-0.004651567184849175j),4808250000
(-0.40980336177823434-0.5725994032301851j),(-0.01536595966544251-0.004535547402488952j),4808500000
(-0.4087845582359506-0.5737850537052973j),(-0.015210723125540844-0.004639028159576335j),4808750000
(-0.41412839511400223-0.56986185208922j),(-0.01529161215628001-0.004541852846277553j),4809000000
(-0.4070904847979551-0.5743359296761963j),(-0.015282059266981356-0.0047101275299266075j),4809250000
(-0.41137286902061604-0.5695475910523333j),(-0.015209786996362072-0.004602393253094427j),4809500000
(-0.4102357754347201-0.5719084300258316j),(-0.015231655880388127-0.004650601606350285j),4809750000
(-0.4087111377126902-0.5706039025412759j),(-0.015217318012723968-0.004853225748005058j),4810000000
(-0.41098064806918205-0.5683719196089206j),(-0.015274746674696084-0.004578287813998199j),4810250000
(-0.41158058426005684-0.5696005616514275j),(-0.015154923706348565-0.004798850895378576j),4810500000
(-0.4101560840415376-0.5706973928781506j),(-0.015315825433064976-0.004474528481205366j),4810750000
(-0.40985873561129066-0.5711506864563515j),(-0.015119381052341853-0.00469407054648777j),4811000000
(-0.413417009602038-0.569770644126571j),(-0.015154404288132686-0.004642173468066855j),4811250000
(-0.41026726781302025-0.5720913729358477j),(-0.015142858731129463-0.004575961703943478j),4811500000
(-0.40943883766363565-0.5687477764221271j),(-0.015081546858309036-0.0044611769580851085j),4811750000
(-0.41218526115882553-0.5670864282474158j),(-0.01508624962695318-0.004508704939537083j),4812000000
(-0.41124611505385394-0.5710852268353398j),(-0.015082658214041528-0.004501885907829565j),4812250000
(-0.40872486448966167-0.570363115163748j),(-0.014996733941344658-0.004762123217346177j),4812500000
(-0.413283491517714-0.5691371773351692j),(-0.015089551577175564-0.004492912549216379j),4812750000
(-0.41306953616146713-0.5665966104233736j),(-0.01502421127275158-0.004365597877596821j),4813000000
(-0.4118293573158631-0.5674258767339406j),(-0.014957993425066518-0.00453035075008624j),4813250000
(-0.41077362136721346-0.5702855757484732j),(-0.014935564407162977-0.004703346132589336j),4813500000
(-0.4116277711654456-0.5676384453978343j),(-0.014959939352439352-0.004474335050495402j),4813750000
(-0.4123834956639118-0.5680972914887167j),(-0.014912056015747934-0.00454186760728201j),4814000000
(-0.412727904069189-0.5677900353551212j),(-0.01482520895031597-0.004653329511988935j),4814250000
(-0.4119351158946343-0.5677165114017365j),(-0.014903946293986038-0.004509163371069218j),4814500000
(-0.4096461888474548-0.5681689622934726j),(-0.014753284711788718-0.004591232606671007j),4814750000
(-0.4125330797452168-0.5664818919922063j),(-0.01492403461150049-0.004408567599765911j),4815000000
(-0.4121289286453501-0.5661055075412642j),(-0.014880217486050349-0.004632666937487517j),4815250000
(-0.41159333513249097-0.5649818518157621j),(-0.014824644565402013-0.004614671929097458j),4815500000
(-0.41355595134153406-0.5638212418510387j),(-0.014697859564832294-0.0045285993201750335j),4815750000
(-0.41504922573420766-0.56434323562959j),(-0.014897453216580167-0.004458782475572981j),4816000000
(-0.41315768234513095-0.5645550288435742j),(-0.014717048262738027-0.004648417860068908j),4816250000
(-0.4121913074705129-0.5661958164888171j),(-0.014706527269963543-0.004635062131996549j),4816500000
(-0.4169847684843885-0.564428252016713j),(-0.014778283266876866-0.00453711327142064j),4816750000
(-0.41486874363488624-0.5645771449349143j),(-0.014783983789336019-0.004605409175952631j),4817000000
(-0.40883763183095695-0.5652483672659752j),(-0.014738374174609485-0.0047922341335781115j),4817250000
(-0.41487371961105224-0.5639879281117588j),(-0.01462132799948559-0.004473430328183509j),4817500000
(-0.41245964553492553-0.5647998137541131j),(-0.014642854245048667-0.0046695461239083386j),4817750000
(-0.41617866617878135-0.5609052474495405j),(-0.01461019979493574-0.004531784331161149j),4818000000
(-0.4140701885208383-0.5629638827724369j),(-0.014611502571911319-0.004574207753639229j),4818250000
(-0.41554111929071386-0.5618063029141628j),(-0.014663425159103518-0.004665677157931222j),4818500000
(-0.41247594311341435-0.5638966096236037j),(-0.014586492887721477-0.004639783284218212j),4818750000
(-0.4126122048356946-0.5624974366329121j),(-0.014627878467503033-0.004746524905300795j),4819000000
(-0.4156088141292543-0.5607931602779185j),(-0.014658388530241246-0.004691520478894858j),4819250000
(-0.41379825639650897-0.5620626771325017j),(-0.014682687927860694-0.004655176798853164j),4819500000
(-0.4137812670633076-0.5615733936942675j),(-0.014467027190366634-0.004927542350485465j),4819750000
(-0.4141378159652591-0.5612093417218447j),(-0.014501808040784388-0.004775423054321854j),4820000000
(-0.4144110465578246-0.5605431788199922j),(-0.014546674873022677-0.004812295819186082j),4820250000
(-0.4153527461803535-0.5589839981256113j),(-0.0145966023919911-0.004504516023318972j),4820500000
(-0.4160184660473646-0.5613117773485776j),(-0.01462200450224038-0.00474835595843595j),4820750000
(-0.41590110020094573-0.5586711086666055j),(-0.014536450311140908-0.004623199213592668j),4821000000
(-0.414824574677386-0.5591620310058046j),(-0.014437119581803416-0.0046488766978279j),4821250000
(-0.41261303063135507-0.5603004433235618j),(-0.014408830758258828-0.004920409421956004j),4821500000
(-0.4149454220264627-0.5587126877261013j),(-0.014421061909389646-0.004770577466896327j),4821750000
(-0.41706864916638586-0.5580255591411702j),(-0.014410993556998247-0.004813634388622176j),4822000000
(-0.41441481389322266-0.5605977625630549j),(-0.014434126308317313-0.004701555860493343j),4822250000
(-0.41515326427731214-0.5605440056937292j),(-0.014494372988256928-0.004759051733428395j),4822500000
(-0.4142663653201908-0.5603363021658032j),(-0.014408712097681929-0.004796475942180327j),4822750000
(-0.41778423809259735-0.5569552526301336j),(-0.014452226324401945-0.004620833215075024j),4823000000
(-0.41401975425289683-0.5625248822433914j),(-0.014356198710135786-0.004734933559473661j),4823250000
(-0.4169401339335292-0.5593483585001734j),(-0.014544490955517884-0.004787642900640498j),4823500000
(-0.412511227042431-0.5632393107617253j),(-0.014486781450104623-0.004797412551955965j),4823750000
(-0.41641073445374965-0.5576630970761367j),(-0.014384731129894565-0.004730181251830922j),4824000000
(-0.4154754029437347-0.5597708601284275j),(-0.014467494031804407-0.004770569022215038j),4824250000
(-0.4128080708372205-0.5605621655544204j),(-0.014443380633526097-0.004735304428009868j),4824500000
(-0.4180673290497784-0.5547337878453726j),(-0.014303480128194788-0.004617492116052009j),4824750000
(-0.4185477331938245-0.5555272144418241j),(-0.014485259988594694-0.004754746869541172j),4825000000
(-0.4153747381653436-0.558172146476073j),(-0.014456833996285496-0.004703454027515624j),4825000000
(-0.41357222924876924-0.5599846462139223j),(-0.014342138392601468-0.004812602924948863j),4825250000
(-0.41585154221002113-0.557128707108931j),(-0.014469957568723166-0.0047923050953544094j),4825500000
(-0.4182303952794893-0.5565278716018736j),(-0.01455328169853743-0.00476308260271132j),4825750000
(-0.4148343931491714-0.5583375581806544j),(-0.01438929501592586-0.004835745624962671j),4826000000
(-0.41502788866177825-0.5581050443771762j),(-0.014383710845819646-0.004844734940711329j),4826250000
(-0.4194546029300437-0.5549297371937187j),(-0.014487956669747172-0.004744100738788248j),4826500000
(-0.4138397948928307-0.5591850131703625j),(-0.014406502230206735-0.004701188538293837j),4826750000
(-0.4175350923803239-0.5548029588296897j),(-0.014334572249858143-0.0047189919865140584j),4827000000
(-0.41584485411551453-0.5568391181612491j),(-0.014452744337502842-0.004813922957586105j),4827250000
(-0.4143648200771584-0.5573447487352854j),(-0.014385368289655694-0.004927965800998992j),4827500000
(-0.41582429964353956-0.555015409182237j),(-0.014304458513093497-0.0048614243727209475j),4827750000
(-0.4152245444868359-0.5573781391034024j),(-0.014480485724144886-0.004708609873095198j),4828000000
(-0.41570110660498744-0.556894719655643j),(-0.0143793879018915-0.00487621790446399j),4828250000
(-0.416138097435114-0.5545969842962374j),(-0.014317007811069439-0.004830615257830616j),4828500000
(-0.41728420171814745-0.5565453647905251j),(-0.01423528972515124-0.004882290916537106j),4828750000
(-0.4154457098878139-0.5551685749615601j),(-0.014305296868682047-0.004947325049495699j),4829000000
(-0.4135491976630454-0.5585102128801261j),(-0.014256536700150984-0.004893144013936485j),4829250000
(-0.41495866483785043-0.5554044123878147j),(-0.014212045676994021-0.005020903702562665j),4829500000
(-0.41611354986899207-0.5542243260593167j),(-0.014301657820987497-0.0047760153901273035j),4829750000
(-0.4138470703690328-0.5557430229607472j),(-0.014099437915991105-0.004986879492754881j),4830000000
(-0.416715918029394-0.5550837582304499j),(-0.014232443919007236-0.004796229756024872j),4830250000
(-0.41669785677792-0.5532781051091172j),(-0.014300058446187687-0.004934092058600627j),4830500000
(-0.4174204450446315-0.5527769170010001j),(-0.014200273643171658-0.004924481794879327j),4830750000
(-0.41428969051301157-0.5542845772156559j),(-0.014217107983595007-0.004907531428794975j),4831000000
(-0.4155506250453756-0.5540619098491557j),(-0.014039540405725439-0.00503382160062243j),4831250000
(-0.41382907155884-0.5533229759962282j),(-0.014071664131737495-0.005012034323025536j),4831500000
(-0.4140188701775438-0.5538012019457054j),(-0.014158100314857616-0.0049562096939623195j),4831750000
(-0.4160127221939184-0.5519393113347921j),(-0.01408848583811533-0.005090620701532941j),4832000000
(-0.4155608343861681-0.5526642990796596j),(-0.014047030946765963-0.005022915867957634j),4832250000
(-0.41269075883383505-0.553902544810372j),(-0.01411783185730533-0.005178405816801583j),4832500000
(-0.41947680229806916-0.551542569213587j),(-0.014154818854776055-0.004960582290348664j),4832750000
(-0.415201015276964-0.5531756988106931j),(-0.014250600681186769-0.005043006377117475j),4833000000
(-0.41603390435277354-0.5533710755624477j),(-0.014009866746488046-0.0051520872739618095j),4833250000
(-0.4173559299493272-0.5517528771025701j),(-0.014218648114917356-0.005011273112979925j),4833500000
(-0.4129533981013228-0.5548182568895017j),(-0.014114063839973056-0.005261401280839481j),4833750000
(-0.41674424118694336-0.5520766372620837j),(-0.014114028507576282-0.00509515728557798j),4834000000
(-0.4174114161933088-0.5516229029625512j),(-0.014262832875985555-0.004895928592230196j),4834250000
(-0.4121070019407681-0.557033396159869j),(-0.014117018546011731-0.005146382276464738j),4834500000
(-0.419469624189938-0.549714973962005j),(-0.014216041846983973-0.004791809941095002j),4834750000
(-0.4131803925298811-0.5552290883356614j),(-0.014167184248309404-0.005081844200248944j),4835000000
(-0.4155054356926911-0.5508893478869812j),(-0.014101668037082267-0.00509038255233587j),4835250000
(-0.41869985172029883-0.5500263132803309j),(-0.014128610422478895-0.005112663368240531j),4835500000
(-0.4188253112452982-0.5506372765156738j),(-0.014179316517841474-0.0051160823066233145j),4835750000
(-0.41791612759852215-0.5504265240356488j),(-0.014237573791058715-0.005027587398067473j),4836000000
(-0.4140812913086787-0.5531483527581526j),(-0.01415567908717681-0.005099510606433043j),4836250000
(-0.4155020226004183-0.5517648430008919j),(-0.014171355716177702-0.005137917874464978j),4836500000
(-0.4180588289198616-0.5495973006433603j),(-0.014148535218065084-0.0051417095465525016j),4836750000
(-0.413632383568789-0.5533224375995305j),(-0.014267034714046717-0.005089872332510141j),4837000000
(-0.41856505430560825-0.5492209205723692j),(-0.01421406770835182-0.005111489879631446j),4837250000
(-0.41619136189350153-0.55014440519522j),(-0.014042574439315662-0.005218742619616797j),4837500000
(-0.4166260914166895-0.5504972895223617j),(-0.014060724562865301-0.005326157982397978j),4837750000
(-0.4207041465804224-0.547804864612666j),(-0.014052655078131977-0.005037983549430823j),4838000000
(-0.41640990611370804-0.5503867907495071j),(-0.014033524120386404-0.005331243486007142j),4838250000
(-0.4168010829571746-0.5520903169741341j),(-0.014136394415937763-0.0054128135180019615j),4838500000
(-0.416082496830651-0.5524783442739347j),(-0.014144705220854767-0.005299259960646824j),4838750000
(-0.41906572479326065-0.548854898205118j),(-0.014075904997446528-0.005316691779268419j),4839000000
(-0.4192128162641286-0.5512847019406162j),(-0.014048068335459355-0.00533933540779924j),4839250000
(-0.4207222015540982-0.5475573260303147j),(-0.013915791136309282-0.005218983997397411j),4839500000
(-0.41996579494019454-0.5490192163471459j),(-0.014061320325636348-0.005288438213613834j),4839750000
(-0.41901851801782924-0.5494570615359529j),(-0.014124670383144623-0.005360719441576591j),4840000000
(-0.41852794343037425-0.5516758294994147j),(-0.014038506706355739-0.005539293019809145j),4840250000
(-0.4241276772363574-0.5462997411964245j),(-0.01417011947986297-0.005275010339378525j),4840500000
(-0.4200877450025744-0.5493649908944297j),(-0.014075984913921001-0.005523948026395085j),4840750000
(-0.42074728506422393-0.5474281413350807j),(-0.01398654061366592-0.005465052400418579j),4841000000
(-0.4188216411147494-0.5503965190615137j),(-0.014064274386112505-0.0054512455419539405j),4841250000
(-0.42004278564665387-0.5497444475263493j),(-0.01401295090582087-0.005523636661167346j),4841500000
(-0.42343750584077894-0.54413467222179j),(-0.014076743749461598-0.005358957570773698j),4841750000
(-0.4211354984971456-0.5479151339084798j),(-0.013989852376058712-0.005434967827739676j),4842000000
(-0.41972180532655134-0.5485428648685176j),(-0.014019482360813124-0.005674791246545194j),4842250000
(-0.41860091379488373-0.5501666592520765j),(-0.014053673032693049-0.005678968190375702j),4842500000
(-0.42207903531391444-0.545848673932371j),(-0.014049370790904207-0.00554160628366234j),4842750000
(-0.42104111757118495-0.5482881508770677j),(-0.014063514993583024-0.005625066348272783j),4843000000
(-0.42273161854083635-0.5451167411664624j),(-0.014066664679104779-0.0054750374704199585j),4843250000
(-0.420958621415355-0.5479210207656366j),(-0.01402347203936383-0.0056263007864206654j),4843500000
(-0.42308420725110885-0.5453445242175826j),(-0.014094436712839479-0.005618951982987215j),4843750000
(-0.42124990203165824-0.5485756629175516j),(-0.014111224148414288-0.005657356816779745j),4844000000
(-0.42298569512064227-0.5446347674703056j),(-0.01410373814259658-0.00563243605080905j),4844250000
(-0.4222883643565081-0.5465283347262889j),(-0.01414588875260715-0.005669521977740566j),4844500000
(-0.42112298237201334-0.5480295883078382j),(-0.014166245258768478-0.005673562811825041j),4844750000
(-0.4233146084351417-0.5442463307585835j),(-0.014159083348700646-0.005642015118955712j),4845000000
(-0.42055990022858675-0.547344986985922j),(-0.014094900783467245-0.005739389823572206j),4845250000
(-0.42307888317647774-0.5447388562641945j),(-0.014246382511059074-0.005669167007600097j),4845500000
(-0.4203123135698427-0.5474698097157876j),(-0.014143295355873707-0.005757156075678548j),4845750000
(-0.421336528430221-0.5459942177402326j),(-0.014150607947700206-0.005862868765264005j),4846000000
(-0.4236948629418663-0.5448950894603489j),(-0.014202135623078812-0.005660177070881678j),4846250000
(-0.42194317188475755-0.546077947134694j),(-0.014164336540842313-0.005727087544812177j),4846500000
(-0.4232950904623116-0.5432790131136472j),(-0.014087039337697664-0.005730370201136911j),4846750000
(-0.4203702762170145-0.5456461397600288j),(-0.014191117490223547-0.005854847809021103j),4847000000
(-0.41930270195763225-0.5458822972277277j),(-0.014246445025565166-0.005933147348494684j),4847250000
(-0.42153705198142827-0.5447493511489924j),(-0.014246714367607815-0.005818334587095131j),4847500000
(-0.41972766596264094-0.5466062676556287j),(-0.014182829723211275-0.0059771595517109765j),4847750000
(-0.42385267118260955-0.5431388789678039j),(-0.014301245418737575-0.005770875218683114j),4848000000
(-0.4195554746983823-0.5468768462028486j),(-0.014197820706534248-0.005908274492210191j),4848250000
(-0.42311066490053484-0.5427508167809708j),(-0.01432236750070899-0.005853699042435565j),4848500000
(-0.4223473492692255-0.5429289661831876j),(-0.014257242979651617-0.005988085500352036j),4848750000
(-0.42348366495997974-0.5417044148694373j),(-0.014202633798230913-0.005894698788279456j),4849000000
(-0.42213112017495286-0.5434353881642562j),(-0.014299951893686779-0.005935664453194834j),4849250000
(-0.42120662692550725-0.5430087881329501j),(-0.014153109171150135-0.005968951712763674j),4849500000
(-0.42390312440302164-0.5416910035183369j),(-0.014283471944684259-0.005890576671096395j),4849750000
(-0.42053555843349993-0.545723325181712j),(-0.014203519442502775-0.006078778938705202j),4850000000
(-0.42309482547034954-0.5431759686060166j),(-0.01435147023542662-0.005929957489570183j),4850000000
(-0.421693025617981-0.5439913044081363j),(-0.014315444309715705-0.00605939101530843j),4850250000
(-0.4245648040328012-0.5403632325701623j),(-0.014207009244883334-0.005964966456763898j),4850500000
(-0.4263834654773477-0.5390904907926298j),(-0.014329677966049286-0.005931520594334679j),4850750000
(-0.42479556627824067-0.541163996723378j),(-0.014379119446494738-0.005886246065603937j),4851000000
(-0.42254419085892897-0.5425693223643463j),(-0.014410459996140084-0.006013535536545047j),4851250000
(-0.42305269335043244-0.5428365551265648j),(-0.014189198409898315-0.006074420917515824j),4851500000
(-0.4264125591300253-0.5399868591014011j),(-0.014507992886973778-0.0059369205387243985j),4851750000
(-0.42517895889949037-0.5401003888014444j),(-0.014501866960574195-0.005840582254949342j),4852000000
(-0.42704687037385747-0.537806345385085j),(-0.014396102350658543-0.005970732410266199j),4852250000
(-0.42410279634965775-0.5410736144852984j),(-0.014360559824121037-0.006235501532533642j),4852500000
(-0.4257046566136828-0.5390474592495436j),(-0.014416285543597529-0.005993965009474466j),4852750000
(-0.4253120775212871-0.5387171263200741j),(-0.014397839040323579-0.005993381822043205j),4853000000
(-0.423574518917361-0.5408145911052233j),(-0.014402727465790162-0.006228452462287341j),4853250000
(-0.42257129642386027-0.5413609021512158j),(-0.014446348401640984-0.0062054461062957585j),4853500000
(-0.42545662535429024-0.5382949802160166j),(-0.014511644432588107-0.005983722653200383j),4853750000
(-0.4261125524835911-0.5376196907166663j),(-0.014505798170158056-0.00610169103929388j),4854000000
(-0.42549179381370483-0.5380905850608354j),(-0.014476796917330063-0.00620193856521282j),4854250000
(-0.42719215498795615-0.5364176305310496j),(-0.014651787830572765-0.006096278551275425j),4854500000
(-0.4259245867722882-0.5377796042283061j),(-0.014467223935190501-0.00616926957381124j),4854750000
(-0.4276221235514943-0.5369749951217024j),(-0.014676906225355944-0.006159078662167262j),4855000000
(-0.42376350562862364-0.539744043744959j),(-0.014717190450896813-0.006242599154062379j),4855250000
(-0.4253705896823239-0.5383405145367043j),(-0.01459587117725464-0.006382352030574605j),4855500000
(-0.42557682353787984-0.5399091739201397j),(-0.014637264573982716-0.006332657023877367j),4855750000
(-0.42656280860901424-0.5369975887241103j),(-0.014699497951162216-0.006129002952421447j),4856000000
(-0.4263555604863871-0.5377413858303025j),(-0.014616932353039647-0.006261762403610156j),4856250000
(-0.4240439697154851-0.5411148702314789j),(-0.014677077186920873-0.006456200523716035j),4856500000
(-0.426968319517254-0.5365848015933092j),(-0.014770591830991674-0.006437804409431771j),4856750000
(-0.42664566264227954-0.5383829309553183j),(-0.01491162766655069-0.006511549194879004j),4857000000
(-0.42721915653232806-0.5371210751817316j),(-0.014853679470513132-0.00640649210305295j),4857250000
(-0.4272603111923993-0.5373980058581317j),(-0.014848325263127092-0.006508158282868919j),4857500000
(-0.425645234050039-0.5387670385719803j),(-0.014839129007438372-0.006504354391274433j),4857750000
(-0.429500001017527-0.5357956996223473j),(-0.01482914081231434-0.006293543685082068j),4858000000
(-0.4274545181719491-0.5370905220513755j),(-0.014871041313367084-0.006531418644020924j),4858250000
(-0.4295702125917808-0.5353361211914205j),(-0.014764545192526918-0.006389963655962032j),4858500000
(-0.42565484300106693-0.5386338073009083j),(-0.01476965967928092-0.006640071194812467j),4858750000
(-0.42606796340185227-0.5375741315840613j),(-0.014930373831878145-0.006475624238256451j),4859000000
(-0.4264132826358811-0.5363433959605515j),(-0.014910662189171494-0.006528890044087246j),4859250000
(-0.4250358675060887-0.5390890310135553j),(-0.01489930500414271-0.006658441401014718j),4859500000
(-0.42841958875060804-0.5362042845687589j),(-0.015049723781550107-0.0065015206035832825j),4859750000
(-0.4290138825864742-0.5343505850212821j),(-0.0149522176718901-0.006547975916652201j),4860000000
(-0.4272602422023006-0.5377317163675739j),(-0.015056822178903521-0.006551972814696206j),4860250000
(-0.4280045506925799-0.5364371261134091j),(-0.015024501751552571-0.006633106704438592j),4860500000
(-0.42979959958199243-0.5343350658315182j),(-0.014987892414348745-0.006679084763283034j),4860750000
(-0.4278333113727515-0.5361816736654347j),(-0.015087563773322066-0.0065575589287938186j),4861000000
(-0.42829097362577184-0.5360593234601615j),(-0.015120990071387756-0.006677686099718589j),4861250000
(-0.43165753934148093-0.5330542204416437j),(-0.015215012648233711-0.006547475392689179j),4861500000
(-0.42654699071615265-0.5370690284320433j),(-0.01509682364305065-0.006823249109413351j),4861750000
(-0.43103128924818435-0.5334987236368114j),(-0.015114088365967417-0.006681853405363888j),4862000000
(-0.4304157192320327-0.5339608542267179j),(-0.015251085486886915-0.0067200326638778025j),4862250000
(-0.4317217089394582-0.5329776942886545j),(-0.015198830217017748-0.006590935554450101j),4862500000
(-0.4281433388169339-0.5363071624063437j),(-0.01524597146812139-0.006685791696767771j),4862750000
(-0.4310215634953893-0.5337243614372144j),(-0.01521061426550684-0.0067069845556855905j),4863000000
(-0.432563041004239-0.5308946632609559j),(-0.015383482589465739-0.006622157183844589j),4863250000
(-0.43029818771917355-0.5339291016732082j),(-0.01528762087532625-0.006811104556047836j),4863500000
(-0.432196416350511-0.5312534652629465j),(-0.015277000533878227-0.006728031295656655j),4863750000
(-0.43483666084418165-0.5288432575748788j),(-0.015397154082659003-0.006826543366718065j),4864000000
(-0.4326460917130845-0.5294799613754366j),(-0.01528399918678959-0.0067459615932683095j),4864250000
(-0.4346564054748903-0.5291272251143648j),(-0.015410132077546051-0.006734920707951558j),4864500000
(-0.4316956215869817-0.5324519433121528j),(-0.015587190162848815-0.006873323153879017j),4864750000
(-0.43473136343525337-0.5283978777215349j),(-0.01533415117156333-0.006800344548956389j),4865000000
(-0.4327806768165451-0.5314705611417664j),(-0.015471993327539684-0.006694383548179416j),4865250000
(-0.4351473785605765-0.5292796724738086j),(-0.015545839060841971-0.006750228232288487j),4865500000
(-0.43338518649868873-0.5313982963314228j),(-0.015528085354738087-0.006772100252194179j),4865750000
(-0.4334394786454916-0.5313846493867547j),(-0.01552151476258986-0.006879601475518159j),4866000000
(-0.4353657941372339-0.5292730508974705j),(-0.015597447077866741-0.0067018998869073886j),4866250000
(-0.43429476725674476-0.5307242755372319j),(-0.015661587256885327-0.006864760894513109j),4866500000
(-0.4339766572583412-0.5307969819893666j),(-0.015681406253814707-0.006787712516947369j),4866750000
(-0.43498048886366497-0.5290679172959477j),(-0.01571699688607561-0.006717041405138283j),4867000000
(-0.43378174722881807-0.5312954635915914j),(-0.01566552536700412-0.006883647502012207j),4867250000
(-0.434586553932493-0.5316281429724422j),(-0.015821050556114904-0.006741944178887879j),4867500000
(-0.4322661176540057-0.5322541686134337j),(-0.015790979572428504-0.006918227840296819j),4867750000
(-0.43295932261238407-0.534053174050657j),(-0.015757215263820776-0.006885361001183803j),4868000000
(-0.43432267105210814-0.5314428927627013j),(-0.015772124480983602-0.006964322615431799j),4868250000
(-0.4356673422171312-0.5298781307064612j),(-0.01583272882196198-0.006837507828608005j),4868500000
(-0.43415861896743446-0.5308852668407096j),(-0.01584890669026861-0.00680907118601668j),4868750000
(-0.43507672100636063-0.5294250266396795j),(-0.015987253504205812-0.0068102258182288775j),4869000000
(-0.4380314982921998-0.526461223946204j),(-0.015936200404855758-0.006824210980013881j),4869250000
(-0.43503102639313146-0.5298011200110874j),(-0.015981534110772685-0.006855695927736449j),4869500000
(-0.4359639192608058-0.529055180558968j),(-0.01613788876276854-0.006720708216018029j),4869750000
(-0.43426226341234203-0.5315281423032631j),(-0.01605564367756214-0.006919593991966656j),4870000000
(-0.43555533171325744-0.5284972947009914j),(-0.01603268821844983-0.006784388401534191j),4870250000
(-0.43495269215886434-0.5299566789293816j),(-0.016063655617944594-0.0067729418803187825j),4870500000
(-0.43656317968721176-0.5290155828388718j),(-0.01614166709891033-0.006848805373339531j),4870750000
(-0.43520887511828626-0.529657575080388j),(-0.01621315063979972-0.006867487490695686j),4871000000
(-0.4361005855351494-0.5301184388212193j),(-0.01608854433691758-0.006870258069178198j),4871250000
(-0.4393774568221787-0.5271712588355764j),(-0.016217290075860244-0.00674068418843215j),4871500000
(-0.43681081586994314-0.5302681080722165j),(-0.016192050886255287-0.006963997525075776j),4871750000
(-0.4363032070764422-0.5303560509162825j),(-0.016277152551043325-0.007078435685511648j),4872000000
(-0.43792016488460345-0.5292866549808685j),(-0.016229244932463114-0.006845654757532664j),4872250000
(-0.43664216914250287-0.5306826539042823j),(-0.016333909504774122-0.00700440372203269j),4872500000
(-0.4387681687553873-0.5296145067052475j),(-0.016287229223778434-0.006942313209142438j),4872750000
(-0.43893720273498316-0.5290146820783562j),(-0.016480474044759892-0.0068618268722794j),4873000000
(-0.4391930440766319-0.528338962369429j),(-0.016354856310881464-0.007069655410106108j),4873250000
(-0.4389706746896956-0.5287161734218542j),(-0.016483057515171616-0.006898590389459478j),4873500000
(-0.43789558626489083-0.529690912808129j),(-0.016565101445749124-0.007045964752125867j),4873750000
(-0.4400149976593132-0.5281862777154578j),(-0.01667708911172983-0.006877999779061559j),4874000000
(-0.4381888942760841-0.5291724683850088j),(-0.01668522296103952-0.0070610096377309445j),4874250000
(-0.4388677628414666-0.5292334073948726j),(-0.01653185751757178-0.00691609333758136j),4874500000
(-0.43975725091624274-0.5284602837179696j),(-0.01673318147548792-0.006966187783161864j),4874750000
(-0.4401351724037032-0.5284112071253653j),(-0.016632812868103024-0.00704856147067733j),4875000000
(-0.4389603152922333-0.528936702275826j),(-0.0167472904861851-0.007132168594735552j),4875000000
(-0.4406035115574074-0.5263986819607123j),(-0.016739983462278948-0.00694261303709323j),4875250000
(-0.43960061962062075-0.5280859311002815j),(-0.016830318823063784-0.007002330902615098j),4875500000
(-0.43980632569373146-0.5277694688531098j),(-0.016678687464628077-0.007018274041138969j),4875750000
(-0.44146531994171273-0.5273662975984147j),(-0.016862896227857967-0.006996941907546829j),4876000000
(-0.4414892122524376-0.5259277009404391j),(-0.01674984923077795-0.007057968887105767j),4876250000
(-0.4426089866922076-0.5256835235272874j),(-0.016925725675781315-0.006944472093323462j),4876500000
(-0.4400842146322433-0.5275059801988324j),(-0.01688550942638615-0.007207607812126489j),4876750000
(-0.4401675933174407-0.5272719443374547j),(-0.016864184246326745-0.007064181367848673j),4877000000
(-0.4412411405228679-0.5259609435501602j),(-0.017077900554080913-0.007220398766792372j),4877250000
(-0.4411733557120171-0.5262090932762609j),(-0.01691220402931371-0.007009677497140941j),4877500000
(-0.4413346175290051-0.5272982902074164j),(-0.01706628986200109-0.007146765538419016j),4877750000
(-0.44144114898870374-0.5267158981138426j),(-0.016979941816293632-0.007214684386795156j),4878000000
(-0.4430069867726305-0.5253357637859178j),(-0.01708896953971475-0.007088712180412156j),4878250000
(-0.43974620661813035-0.5275077232285036j),(-0.01715008244843389-0.0071072993977796765j),4878500000
(-0.44265709131949643-0.5255627136187068j),(-0.017067326758198432-0.007015142952249691j),4878750000
(-0.441434134320444-0.5268449982562734j),(-0.01713719079319419-0.00697473669924196j),4879000000
(-0.44348918135579934-0.5238636051792134j),(-0.017131796726686636-0.007039907100119732j),4879250000
(-0.44271581819227307-0.5247382840565921j),(-0.017209147075744363-0.007049157620169559j),4879500000
(-0.44088815021522043-0.5260181395597296j),(-0.01707567876866759-0.007116885093047554j),4879750000
(-0.4427801786919727-0.5224883388672389j),(-0.01731873282545262-0.007143982903426386j),4880000000
(-0.4411357893674287-0.5257684548169846j),(-0.017065593669490814-0.007152733060163306j),4880250000
(-0.44428564121579606-0.5218725135184967j),(-0.01731173815038596-0.007024765453053666j),4880500000
(-0.4422896666954748-0.524639848813111j),(-0.017244215678130347-0.006986989465303375j),4880750000
(-0.4429289594770695-0.5231315879498014j),(-0.01731373239255113-0.007091882741608567j),4881000000
(-0.44251989840980993-0.5217000770312532j),(-0.017308447622285658-0.006979339229580536j),4881250000
(-0.4432356571485462-0.5211507513564461j),(-0.017320797519690484-0.007225986072718913j),4881500000
(-0.44460904008979607-0.5199366387705817j),(-0.017431953706142027-0.006932579505216398j),4881750000
(-0.4420688755302931-0.5231778962249743j),(-0.017345728552344862-0.007042185011988781j),4882000000
(-0.44434359138047297-0.5207742829265629j),(-0.01754389484603214-0.007033382108973755j),4882250000
(-0.44405384730624414-0.5218208664646035j),(-0.017570365336681916-0.007035971423594621j),4882500000
(-0.4437850686852879-0.5217927983752975j),(-0.01745818370819757-0.0070406015574296585j),4882750000
(-0.4445932510150329-0.5228329467906495j),(-0.017610534490978314-0.007009827120984106j),4883000000
(-0.4444859829294213-0.5213922247289438j),(-0.017646626348235078-0.007013860265231538j),4883250000
(-0.44400583356214696-0.5214267293624438j),(-0.017727563754625884-0.007068657919767167j),4883500000
(-0.4425744965404658-0.5239530670697894j),(-0.0177280721970213-0.007144819672823249j),4883750000
(-0.4455345159194472-0.521019991150369j),(-0.017734591411800206-0.007101237769359251j),4884000000
(-0.4436886845758483-0.5230768560325683j),(-0.01776972974219266-0.007194085269848782j),4884250000
(-0.4459661886640407-0.5205880604297185j),(-0.017757899153091002-0.007028972019023139j),4884500000
(-0.44597107519386525-0.5213530956468991j),(-0.017954238567780938-0.006872739003511429j),4884750000
(-0.4445513916938711-0.5213429253742354j),(-0.01797533409854732-0.007280279965693194j),4885000000
(-0.44661565590648794-0.5195801379428884j),(-0.01799456870773694-0.007106615087861945j),4885250000
(-0.446664599925177-0.5191044390864795j),(-0.018082007867019103-0.00708712840654491j),4885500000
(-0.4472950733168991-0.5181449152682303j),(-0.018118680870623707-0.0069528785761093365j),4885750000
(-0.44497611295732703-0.5211748225426028j),(-0.01801597947580164-0.007166041871311899j),4886000000
(-0.4468735774749966-0.5184258236375354j),(-0.01821639375183875-0.007044078976885294j),4886250000
(-0.44672936476404196-0.5200810638776908j),(-0.018193554748346854-0.006961089868739998j),4886500000
(-0.44499183512409857-0.520728713813594j),(-0.018422757965975558-0.006976973714676647j),4886750000
(-0.4473075018556597-0.5186210368644417j),(-0.01830302059689609-0.00699003393350627j),4887000000
(-0.4457483495871335-0.5206379171472612j),(-0.018343031291978854-0.006933538056369747j),4887250000
(-0.4490684174467361-0.5176326402774228j),(-0.018360957854570197-0.006928148336211929j),4887500000
(-0.44648120938954505-0.5199443231874757j),(-0.018506368185115717-0.006995621890412992j),4887750000
(-0.4470528345438461-0.5195333477539564j),(-0.018451242359125646-0.007177499345181476j),4888000000
(-0.44816504205258134-0.5179842746819501j),(-0.018566693709460787-0.006868341184736936j),4888250000
(-0.44848909344514376-0.5178136552479646j),(-0.018461378632418007-0.007045741956202899j),4888500000
(-0.44851322926282133-0.5190231677838916j),(-0.0185258391337522-0.006772700517722144j),4888750000
(-0.4481433047129034-0.5195091804534934j),(-0.01857793281437263-0.00700535391483522j),4889000000
(-0.45118072010762833-0.5167309151855558j),(-0.018746162935255342-0.006756831979670362j),4889250000
(-0.44717024559646507-0.5216404207697668j),(-0.018811428425658822-0.007101644484866962j),4889500000
(-0.45031454013438305-0.5165900426238045j),(-0.018790720116698436-0.006926865630044981j),4889750000
(-0.4503440264446197-0.5181670575061178j),(-0.018872372324778976-0.00682656939942562j),4890000000
(-0.4510457987317894-0.5172739885272433j),(-0.018854457712893756-0.0068444158671136564j),4890250000
(-0.4512974528794871-0.5168435131935246j),(-0.018835089949347444-0.006746097691222891j),4890500000
(-0.4524180477615515-0.5144488728769548j),(-0.01886204959512375-0.006785186596503959j),4890750000
(-0.4531015712077609-0.5152188582065086j),(-0.019054944811742153-0.0066600041820477265j),4891000000
(-0.4508513009339762-0.5182511125441452j),(-0.01898569805720597-0.006852205998559043j),4891250000
(-0.45398362619976296-0.5137224075672779j),(-0.018964574812804648-0.006633422133759925j),4891500000
(-0.45198372599744263-0.5172334232024921j),(-0.019096453452322894-0.0066843895826491076j),4891750000
(-0.45182469580220064-0.515946612748029j),(-0.019115529307427364-0.006710858575097215j),4892000000
(-0.4525332185091262-0.5152509177516491j),(-0.019279196477553672-0.00663974813589829j),4892250000
(-0.452256293481987-0.5156807681758926j),(-0.019056568628482123-0.006726136555141413j),4892500000
(-0.45323707044195194-0.5163346894305177j),(-0.019222811834456507-0.00657146425189234j),4892750000
(-0.45105712778478535-0.5171732638929469j),(-0.019203717671487826-0.006808253823462828j),4893000000
(-0.45424956352027507-0.5135683090582954j),(-0.01929053369771747-0.006696594534143842j),4893250000
(-0.45130223844493733-0.5190776997686793j),(-0.01923465431018105-0.006723572986347726j),4893500000
(-0.4543338124488241-0.5143592507906967j),(-0.01939831196260001-0.006682509270303354j),4893750000
(-0.45465944366045075-0.5144840045521445j),(-0.019387089279199368-0.006700357021121784j),4894000000
(-0.4528892043244588-0.5160669202456044j),(-0.019355267943464968-0.006824550365754545j),4894250000
(-0.45646637526082123-0.5147895482290471j),(-0.019541701597214245-0.00659875005850225j),4894500000
(-0.4562386571103165-0.5146506108420543j),(-0.01962635068378081-0.0066500550624521365j),4894750000
(-0.4559763543396491-0.5142962470942345j),(-0.019632928140063018-0.006453245556676074j),4895000000
(-0.4532292829057041-0.5152144968413789j),(-0.019638452932484486-0.006679716613277875j),4895250000
(-0.4584903827184732-0.5122556657575972j),(-0.019653725517313193-0.006531632697589498j),4895500000
(-0.45317352094811797-0.5171747102905571j),(-0.019700404663269427-0.006738639206117061j),4895750000
(-0.45457485664413516-0.5146480316133346j),(-0.01986045147826033-0.006502088661388028j),4896000000
(-0.4562145048290493-0.5140452603905766j),(-0.01982337956273464-0.00642881769004703j),4896250000
(-0.4525015297522456-0.5187854673872602j),(-0.019772430662553298-0.006719378182411032j),4896500000
(-0.45644513408590065-0.5126691256063808j),(-0.01988641723630951-0.00641840814595471j),4896750000
(-0.45606989948451065-0.5149234327112711j),(-0.01987629124580079-0.006556945839997775j),4897000000
(-0.4550857425479056-0.5159452833387169j),(-0.019892148230560645-0.006644820982503864j),4897250000
(-0.4555956302223239-0.5155686029208812j),(-0.019994276291133962-0.006558724204422026j),4897500000
(-0.45325297483255-0.5177388878834086j),(-0.01997936288573208-0.0068515784412854375j),4897750000
(-0.4566512702357108-0.512700684519593j),(-0.020031999048600858-0.006421510116885961j),4898000000
(-0.4554016168792798-0.5151929198444641j),(-0.019980124770034854-0.006693660503185811j),4898250000
(-0.45790770783125284-0.5122683575049001j),(-0.020149491877712845-0.0065033993474014964j),4898500000
(-0.46241835030327855-0.5081561096121991j),(-0.020104960779932544-0.006362894379369232j),4898750000
(-0.45454583169251195-0.5150897864573929j),(-0.020235428821519928-0.00675873837685992j),4899000000
(-0.4592409214983049-0.5116266917778125j),(-0.020231357511595018-0.006386973548249752j),4899250000
(-0.4575285708405263-0.5130447336980245j),(-0.020158860131468986-0.006436111657953341j),4899500000
(-0.45959644966531193-0.5104233808389255j),(-0.02029379409549616-0.006468942639496197j),4899750000
(-0.4595428721513406-0.5108916976530996j),(-0.020336156214968943-0.006335694986258137j),4900000000
(-0.4586476314926881-0.5110919598288495j),(-0.020279664674598383-0.0064181007768355685j),4900000000
(-0.4556851341389644-0.514192123161075j),(-0.020358529545202366-0.006420897739860928j),4900250000
(-0.4616244734797834-0.5085680294695112j),(-0.020385885088884843-0.006264248452393327j),4900500000
(-0.46033011787563155-0.5099673320188002j),(-0.02046891243767533-0.006350703376751933j),4900750000
(-0.46077072035674893-0.5092507080162537j),(-0.020441972020747188-0.006267791999378198j),4901000000
(-0.45684673470379955-0.5130678913046207j),(-0.020441384260278847-0.006499207492654754j),4901250000
(-0.4600469309132051-0.5092297003810593j),(-0.020581680933830858-0.006374977513186966j),4901500000
(-0.45795937218497185-0.5119835384751512j),(-0.02069170867777635-0.006344170373162734j),4901750000
(-0.4618472415956107-0.5071929330864644j),(-0.020615061358179816-0.006416810538795634j),4902000000
(-0.4603267259283566-0.5083974149270072j),(-0.020584555824750213-0.006189732460972021j),4902250000
(-0.4597745639172734-0.5090189151229776j),(-0.02065125601735266-0.006259926466963016j),4902500000
(-0.4626320315558215-0.5066574828449867j),(-0.02063693248043713-0.006100935330129424j),4902750000
(-0.4633724365105965-0.504244118707802j),(-0.020575656646043897-0.0063206299374505715j),4903000000
(-0.46168278627120946-0.5059210420558948j),(-0.020869036437380143-0.006159443897021914j),4903250000
(-0.4586739301075117-0.5094295097049816j),(-0.020839854094378368-0.006425502375763668j),4903500000
(-0.46356525665319764-0.5045237295698042j),(-0.020937070739278713-0.0060177995539723445j),4903750000
(-0.4616650629516411-0.507805067165165j),(-0.020829993531762667-0.006048145903225867j),4904000000
(-0.4626212511125953-0.5067839101632582j),(-0.02097904541438917-0.005973990887993446j),4904250000
(-0.4628747506194902-0.50706187259484j),(-0.020897129127761722-0.005935434832889545j),4904500000
(-0.46052972747150145-0.5083500429481661j),(-0.020934746335650074-0.006085360899972157j),4904750000
(-0.4638071414513626-0.5064060338854774j),(-0.021127475735625446-0.005862625029095775j),4905000000
(-0.46243318335087236-0.5057390903966978j),(-0.021082712984443423-0.006031330772279167j),4905250000
(-0.46369157592607996-0.5056678857408583j),(-0.02106974136419538-0.0059373843283263734j),4905500000
(-0.4612105330479474-0.5097055036317742j),(-0.021188046084245852-0.006009040453727035j),4905750000
(-0.4653121650155717-0.5049696481547132j),(-0.021271011977931943-0.005658691383234545j),4906000000
(-0.4645255567242367-0.5063965962340287j),(-0.021293832375402486-0.005668351030111866j),4906250000
(-0.46189240175645135-0.5079468728076759j),(-0.02127954236899183-0.005889736627534626j),4906500000
(-0.4648462210370291-0.5057288532944223j),(-0.021283342579846192-0.005660577867862432j),4906750000
(-0.46612158140424625-0.5040007160960259j),(-0.021227556747291158-0.005732068850689386j),4907000000
(-0.4663527326890234-0.507074739154079j),(-0.021406978435925258-0.005708914093628042j),4907250000
(-0.46397823209805567-0.5082587361200317j),(-0.021521515834301116-0.005614509048707464j),4907500000
(-0.4651531242700792-0.5080041049562006j),(-0.021479501619297982-0.005723877310786798j),4907750000
(-0.46805106209465297-0.5035573710186017j),(-0.02166428028099972-0.005400731689760574j),4908000000
(-0.46236887463040627-0.5085106573136642j),(-0.02157689248659025-0.005519551386099077j),4908250000
(-0.46863637237657446-0.5023664311150813j),(-0.02170589219331519-0.005237476199844505j),4908500000
(-0.46346802799477904-0.5074965028255j),(-0.021570934420146272-0.005470423139575449j),4908750000
(-0.4644216441201545-0.5070213923917464j),(-0.02169575489579774-0.005489702336029308j),4909000000
(-0.4682638320437059-0.503560364978343j),(-0.021682438509512077-0.005282457237302333j),4909250000
(-0.4644855715450227-0.5071575486377311j),(-0.02181097241268985-0.005435512214584366j),4909500000
(-0.47041961766943013-0.5012631431638515j),(-0.02192069310734827-0.005125238510295038j),4909750000
(-0.4662204875737129-0.5067144901790674j),(-0.02183168471356738-0.005380904406160294j),4910000000
(-0.46870927881452584-0.504545701475775j),(-0.021901020716104558-0.005188167592428434j),4910250000
(-0.46781380260363326-0.505537888854241j),(-0.02210915077723879-0.00533726573629418j),4910500000
(-0.46821985277046624-0.5058731467561354j),(-0.02206070377259623-0.005392153702294037j),4910750000
(-0.4671054960827637-0.505916232578203j),(-0.022162876474219106-0.005272340325367264j),4911000000
(-0.4678197688381719-0.5050458409526101j),(-0.022034617797207067-0.005280487094235729j),4911250000
(-0.4696069727085906-0.5038443445883005j),(-0.022182508359811243-0.00534109363934694j),4911500000
(-0.468880156062321-0.5055564161365476j),(-0.02206618857007559-0.005126040639555062j),4911750000
(-0.4691696414164619-0.5050588956774514j),(-0.022204453403518145-0.005355364446596238j),4912000000
(-0.4714524520904874-0.5033728498095061j),(-0.02228132256154329-0.005182449785677647j),4912250000
(-0.4711150766831781-0.5031214236544453j),(-0.022301534621758625-0.005171393128575418j),4912500000
(-0.4693529543795695-0.504039242029259j),(-0.022380720208801635-0.005006079250825201j),4912750000
(-0.4697599905232841-0.5045789426749259j),(-0.02237968248832547-0.005308099769152261j),4913000000
(-0.47202956491549425-0.5031782327734354j),(-0.022404990655048623-0.004898164056829353j),4913250000
(-0.4719036897599215-0.5038164410252083j),(-0.02252966167870379-0.004920640954829293j),4913500000
(-0.47097308356378476-0.5038060736843363j),(-0.02246090197711932-0.005174693697657543j),4913750000
(-0.4727888151531455-0.5023316080577122j),(-0.022588754641783376-0.004915095807173829j),4914000000
(-0.4714729989377548-0.5021258103401529j),(-0.022658581456858156-0.005075339070438619j),4914250000
(-0.47308674223616204-0.5018464922840506j),(-0.022676959623374956-0.004957255131809371j),4914500000
(-0.4715248512603026-0.5020551853435895j),(-0.02264947384931437-0.005057746821620076j),4914750000
(-0.4699932253754948-0.5055499963368778j),(-0.022805518139968367-0.005034208409860681j),4915000000
(-0.47267945198736216-0.5019417127305171j),(-0.02276899087403477-0.004908879044782423j),4915250000
(-0.47489680775191023-0.5003512926232662j),(-0.02281314986273963-0.004804951119206045j),4915500000
(-0.47370560374345017-0.501584836236176j),(-0.022878022275070357-0.004814505873042718j),4915750000
(-0.4712564502155921-0.5043256125082555j),(-0.022957086631704968-0.004985921617132882j),4916000000
(-0.4802169810061842-0.49556282763223014j),(-0.022929943378112654-0.004654654617534223j),4916250000
(-0.47545002960105165-0.5010158087672436j),(-0.022862482673202768-0.004832854607660867j),4916500000
(-0.47672931214362624-0.5001159140187995j),(-0.023083518482375807-0.004706409157757727j),4916750000
(-0.4748493253808542-0.5011578432959864j),(-0.023056881128563505-0.004684781869435613j),4917000000
(-0.4762016145853134-0.5004247493399446j),(-0.022903989052948052-0.004799913401836571j),4917250000
(-0.47925332598499126-0.4967988073172308j),(-0.023127869381770704-0.004357123639470119j),4917500000
(-0.47425370779228354-0.5009468342566231j),(-0.02307068080653323-0.004901027142029743j),4917750000
(-0.4794960496800934-0.4962970747257084j),(-0.023255441196364416-0.004501823063091709j),4918000000
(-0.4773485558088519-0.49888132384625367j),(-0.02319823099723817-0.004539041173698579j),4918250000
(-0.4789164886336733-0.4963919340375249j),(-0.023174923059479876-0.004577704974532197j),4918500000
(-0.4783224345310972-0.4976228122989056j),(-0.023279880266651128-0.004373067067206523j),4918750000
(-0.47880860258707053-0.49699296371327856j),(-0.023296995545891798-0.004549624634086578j),4919000000
(-0.48029226134482134-0.49722003132392323j),(-0.023358496513570224-0.00431063294405434j),4919250000
(-0.4773676975130565-0.49729215002063804j),(-0.023293794121023576-0.004550970767481167j),4919500000
(-0.48113231434455417-0.4959717110883574j),(-0.023397484345500808-0.004415955532757029j),4919750000
(-0.4828298857239345-0.4937397141900037j),(-0.023393420494153896-0.004200826348337539j),4920000000
(-0.4784334201931123-0.49831641365988044j),(-0.023421463673878293-0.004389661671441699j),4920250000
(-0.48226396687840134-0.49418035009208017j),(-0.02349225815422623-0.004136127093565583j),4920500000
(-0.47936068409139787-0.4961597318270356j),(-0.023504501361089683-0.004203817879125363j),4920750000
(-0.4823183395942613-0.4944650811352984j),(-0.023579900859879474-0.004145185596183435j),4921000000
(-0.4828716416450246-0.4923895239492111j),(-0.023686954262452948-0.003953592606800385j),4921250000
(-0.48237685009200243-0.49246835996043115j),(-0.02347716664078784-0.004169700473114539j),4921500000
(-0.48370449664934884-0.49288222208151095j),(-0.023550195470806393-0.0038747854489541976j),4921750000
(-0.4804988806652646-0.49514773195794715j),(-0.02366550573893377-0.0042169241992018845j),4922000000
(-0.48146755845589106-0.49317156335532797j),(-0.023660309433987906-0.003959695392460851j),4922250000
(-0.4801054533139374-0.4958997730910412j),(-0.023788568273047216-0.003896710033600591j),4922500000
(-0.48190714250563366-0.4921882149567415j),(-0.023673723509300595-0.004011242179023625j),4922750000
(-0.48588875118821767-0.4905336747271252j),(-0.023677609320426795-0.003771478121454709j),4923000000
(-0.4827327446743372-0.4935559479968j),(-0.023635613889030894-0.003864911381229055j),4923250000
(-0.4828953741358636-0.4915943320998727j),(-0.023814965316343077-0.003777373648782137j),4923500000
(-0.48223510910306827-0.49358858456090615j),(-0.023875611222768982-0.003926552777018913j),4923750000
(-0.4820944058520991-0.49265378514972813j),(-0.023807480422466974-0.003803730267109468j),4924000000
(-0.480001360865404-0.4967414944100103j),(-0.023801478143240993-0.003963466569593304j),4924250000
(-0.484829057986251-0.48997942834909447j),(-0.023912898294300225-0.0035835517516634168j),4924500000
(-0.47919453781566734-0.49388486839224405j),(-0.023846365613996043-0.00375505118124292j),4924750000
(-0.48408651453716983-0.49009429627436496j),(-0.0238738673265956-0.003614815238852314j),4925000000
(-0.48510617508866627-0.4899285435940517j),(-0.024037973200253315-0.0033893841678937515j),4925000000
(-0.48213688200249055-0.49343290490136543j),(-0.02385493011993296-0.0035746857902894044j),4925250000
(-0.4845585185339414-0.4883081272542115j),(-0.023839580568569843-0.003469065881856832j),4925500000
(-0.48521912069876405-0.4890429531199287j),(-0.0240719976529575-0.0033235014803379183j),4925750000
(-0.4804219846781965-0.4937834388320211j),(-0.024018128827350115-0.003667778085986735j),4926000000
(-0.4855035895535864-0.4895622870835175j),(-0.024053623046899623-0.0033625114743477593j),4926250000
(-0.4849943196382375-0.4899532842963759j),(-0.024230474012441997-0.0034559356815363797j),4926500000
(-0.4844698110602207-0.48922811143717604j),(-0.024243997399207805-0.0033200984005789325j),4926750000
(-0.483662313557522-0.49076488434467197j),(-0.024111999301987087-0.003510464663205823j),4927000000
(-0.48677474060515974-0.4880086090980706j),(-0.02429754323342438-0.003395668571011334j),4927250000
(-0.48502246957667955-0.49058626859990656j),(-0.024460750289213504-0.003422009907206147j),4927500000
(-0.48750099406128605-0.48773775433155625j),(-0.02441243812453004-0.0031102742590845985j),4927750000
(-0.48639845007524785-0.48813755347525817j),(-0.024333631781916294-0.003205446037592107j),4928000000
(-0.48643769382998153-0.4883213833278361j),(-0.024467809061009784-0.0030614011075773516j),4928250000
(-0.4869273030972591-0.48885878374572733j),(-0.02456644031129439-0.0028939361770781175j),4928500000
(-0.48625388141832515-0.486632048137887j),(-0.024493686583809324-0.0031322422972568736j),4928750000
(-0.4878277671250982-0.4863977093988302j),(-0.024529307427860053-0.0029656190714440027j),4929000000
(-0.48720703817865646-0.48633650959440355j),(-0.024566162574927032-0.0028118903332485187j),4929250000
(-0.486783766041783-0.48730543871925325j),(-0.024567269466598266-0.0031819133858149527j),4929500000
(-0.48808538522751427-0.48669638225287987j),(-0.024711905825186998-0.002887686866024204j),4929750000
(-0.488449262998073-0.4844104724803446j),(-0.024797442685576314-0.0028534383804393114j),4930000000
(-0.48958513723500635-0.4843208749524616j),(-0.024810176353555476-0.002773341250279564j),4930250000
(-0.48808936899303645-0.48494400708175456j),(-0.024736346697369762-0.0027995947647105834j),4930500000
(-0.48932575351006563-0.4839111046442639j),(-0.024813807064941955-0.0025350013570700114j),4930750000
(-0.4880402849465065-0.48404697757913046j),(-0.02499624846510672-0.0025639475642809714j),4931000000
(-0.48749710950259606-0.4879602440528511j),(-0.024970972031084126-0.002684845550898588j),4931250000
(-0.49029888829688983-0.48215602700556226j),(-0.02495369766128067-0.0024044582787850384j),4931500000
(-0.49053783922987165-0.485002738570893j),(-0.025030019222448824-0.0025528280286749487j),4931750000
(-0.4910097381585841-0.4826288684530115j),(-0.025004524422373584-0.002479477987360607j),4932000000
(-0.4909987313567286-0.48469062452697287j),(-0.025009691701625283-0.0025351338595676113j),4932250000
(-0.4914393326299471-0.4813793321494276j),(-0.025009192887457517-0.0024946487295820397j),4932500000
(-0.493155581558004-0.4819537969720372j),(-0.025107940876413326-0.002303549644623258j),4932750000
(-0.49113280529729303-0.48447079494215434j),(-0.02506093727900897-0.002519629304978458j),4933000000
(-0.49428576511561617-0.48063843978167947j),(-0.02515899898683882-0.0022607363243125483j),4933250000
(-0.4925198650548568-0.48375713725595837j),(-0.02514088626604439-0.002355931382652592j),4933500000
(-0.4952057522933711-0.4812204315263993j),(-0.025272208823608474-0.002081795754636584j),4933750000
(-0.49376334066958877-0.4826337188225261j),(-0.025325981013635646-0.0022447392440056615j),4934000000
(-0.49505799156426883-0.48100996254656164j),(-0.025171644852279806-0.002222726771569589j),4934250000
(-0.4948239590991761-0.48063154347469084j),(-0.02540574387045467-0.0020945336715468377j),4934500000
(-0.4953293448841008-0.4820848242986324j),(-0.025242594247644228-0.0021211136481829j),4934750000
(-0.4970792909192265-0.4796376547341178j),(-0.025392870145673378-0.002089357083231247j),4935000000
(-0.4937684562200565-0.48182705979117413j),(-0.025350141182510822-0.002123578391660802j),4935250000
(-0.4964034295105985-0.4796491335546811j),(-0.02543816029374117-0.0018724363640252178j),4935500000
(-0.49635430808950637-0.4801580606811192j),(-0.02549821316151614-0.0018803104287565802j),4935750000
(-0.4975460181485946-0.4784704334350353j),(-0.025489814847405964-0.0019148208613192729j),4936000000
(-0.49729334335632974-0.47882884152108734j),(-0.025532855958693913-0.0019251188834478535j),4936250000
(-0.4975561626525911-0.47854121495483865j),(-0.02556375373278814-0.0019061924781964158j),4936500000
(-0.49733132482407605-0.4774568922009484j),(-0.025484000221130666-0.001637415471953126j),4936750000
(-0.4964951062866207-0.4801446923477863j),(-0.02553667635556642-0.001865871638064761j),4937000000
(-0.5000279160761022-0.47727465769280475j),(-0.025686894585685228-0.0015851301757650533j),4937250000
(-0.49786010066355973-0.47804959425248167j),(-0.02565879079118294-0.001664348469384582j),4937500000
(-0.49820539054756563-0.47694296544995324j),(-0.02571043378549355-0.0016446115374454838j),4937750000
(-0.4980060667482589-0.4771237409637853j),(-0.025841676647222294-0.0014989185157431519j),4938000000
(-0.49802467207603474-0.4765961118056013j),(-0.025668649544276348-0.0015508325925782244j),4938250000
(-0.5001357422711311-0.47590636925699015j),(-0.025739661211905008-0.0014274406067588266j),4938500000
(-0.4986369565574511-0.476410851879124j),(-0.025833026690874387-0.0014192466581732922j),4938750000
(-0.5003844798562193-0.47458871375462935j),(-0.025755599210344468-0.0013301071276904165j),4939000000
(-0.4972088397795104-0.4785273010876244j),(-0.025825301529356692-0.0014706723599064338j),4939250000
(-0.5024162857761475-0.4726120367445319j),(-0.02578821027216244-0.001336723606766348j),4939500000
(-0.5012799266922845-0.47495124414564777j),(-0.02597958509302411-0.001127830215318859j),4939750000
(-0.4983978417243713-0.4762362313021105j),(-0.0258779458415808-0.0012314455826170723j),4940000000
(-0.5012556931428166-0.4726349939303994j),(-0.0258680140891068-0.0009783908069342893j),4940250000
(-0.5028282553204144-0.47071689130339456j),(-0.02586834228086102-0.0010541034277671496j),4940500000
(-0.5016260274214387-0.4713737091964899j),(-0.025921061040102136-0.0010593444394554753j),4940750000
(-0.5005075676672407-0.47297745665534385j),(-0.02611656775891346-0.0010559857747599812j),4941000000
(-0.49911376513081396-0.47304520545441j),(-0.026063354093599864-0.0010581627934468844j),4941250000
(-0.5002953050053142-0.47226568215339015j),(-0.02604498242276974-0.0007651388881050784j),4941500000
(-0.500075701190257-0.47220436537100624j),(-0.026007308613205736-0.0007832078936477842j),4941750000
(-0.5000284264818255-0.4711881109280966j),(-0.02614853088784424-0.0006733253802338368j),4942000000
(-0.49841842371136846-0.4727255810864142j),(-0.026064754399997142-0.0008717954431605513j),4942250000
(-0.5001230279719557-0.46954993449758803j),(-0.02615774623297626-0.0006703052117799095j),4942500000
(-0.4997688308521088-0.47186810145304037j),(-0.026221356472512267-0.0005869306632349147j),4942750000
(-0.5007695946528008-0.4692410114241354j),(-0.02624240638578371-0.0005619223349166056j),4943000000
(-0.49943105805087096-0.4682099189961993j),(-0.026285082105498226-0.0005985356507246811j),4943250000
(-0.49927428172372335-0.47029721361973537j),(-0.02628622705784002-0.0006634259893438391j),4943500000
(-0.5038354906757262-0.4671576138256685j),(-0.026304459592552083-0.0003273060730915394j),4943750000
(-0.4992124593668579-0.47062314004094574j),(-0.026282811096226863-0.0004503979623981609j),4944000000
(-0.5007946128268407-0.46968058941078594j),(-0.02630135573891535-0.0003075152674441916j),4944250000
(-0.49943210230152757-0.47069106049099113j),(-0.026360807665730516-0.00033012109339095123j),4944500000
(-0.49966101249513273-0.4692028391195225j),(-0.02643788200440722-0.0002313352444084125j),4944750000
(-0.5011944918602744-0.46689369763862004j),(-0.026371586749204357-1.8131580457057982e-05j),4945000000
(-0.4999293008206089-0.4681856115406211j),(-0.02657347735045673-4.2612924114610834e-05j),4945250000
(-0.5025252739349968-0.46708380147889855j),(-0.02649406925023325+4.9314635222053515e-05j),4945500000
(-0.501060286746557-0.4669134962981049j),(-0.02654855853851446-5.110529805860286e-05j),4945750000
(-0.5023288029849027-0.4638281566022288j),(-0.02638891426990072+0.00010588756742534544j),4946000000
(-0.5001480777320076-0.4658385573364183j),(-0.026414654993732172+1.1194415870085806e-05j),4946250000
(-0.5007577609896309-0.46288913054770003j),(-0.026473788259430055+5.69723772172143e-05j),4946500000
(-0.5006384040843924-0.4656634824998563j),(-0.026554347058851055+0.00036835459536362905j),4946750000
(-0.4991896204100406-0.46526170435230196j),(-0.02659168303507922+0.0005263778491931684j),4947000000
(-0.5020561653921772-0.46366725286474675j),(-0.02658539617646563+0.00032849346119579446j),4947250000
(-0.499736633506528-0.46470272912092814j),(-0.026602556689140966+0.00037994105317650136j),4947500000
(-0.5007653152762507-0.4645341007044934j),(-0.026607929611606095+0.00033808181579007477j),4947750000
(-0.5027925221018434-0.4622664077903492j),(-0.026692214138350493+0.0006106318908373205j),4948000000
(-0.5013343187608241-0.4629528515775471j),(-0.026630427042879372+0.00045578619062658214j),4948250000
(-0.5002275897067039-0.4638701834054628j),(-0.026662096763594347+0.00042117703306437357j),4948500000
(-0.5025007781050944-0.4624136286274846j),(-0.02664923575046232+0.0006634918442004192j),4948750000
(-0.5031827545208556-0.4605162944401601j),(-0.026762383169298482+0.000659017039670229j),4949000000
(-0.5020726958404945-0.4620167940123497j),(-0.02690156218705002+0.0008070123074733995j),4949250000
(-0.5019207150664565-0.4612112958804181j),(-0.026951191422581976+0.0007684494622187575j),4949500000
(-0.5057272623826754-0.4567790091089755j),(-0.026869467868846232+0.0010280940506440283j),4949750000
(-0.5037949193678836-0.45943347924772476j),(-0.026853176353716614+0.0007382326785776866j),4950000000
(-0.501285124620334-0.4627897035876211j),(-0.026941311382842753+0.0006135483768775268j),4950000000
(-0.5062006782515446-0.4571313304139996j),(-0.0268686229940346+0.000910953988737622j),4950250000
(-0.5038012652078411-0.45828097046834027j),(-0.026910358360679502+0.001134811421765755j),4950500000
(-0.503888742898737-0.45917413579786204j),(-0.02707824633404727+0.000998907649543104j),4950750000
(-0.5052763849085353-0.45713695923170033j),(-0.02696440264015029+0.0012442970961612759j),4951000000
(-0.5037493577465982-0.4575299706844772j),(-0.027089116243125953+0.001212419333675817j),4951250000
(-0.503059202805252-0.4576937605182706j),(-0.02712854411592629+0.0012942381521157398j),4951500000
(-0.5054117001881292-0.45665780944859313j),(-0.02710778774025436+0.0013243303586701759j),4951750000
(-0.5037393368356022-0.45648280590168244j),(-0.026896980896229147+0.001136555103468885j),4952000000
(-0.5064361340348117-0.4539840087326006j),(-0.027117475620496264+0.001400920239282371j),4952250000
(-0.5030927832036749-0.4553087943002345j),(-0.027109412988949092+0.0013720637061845377j),4952500000
(-0.5055591819841074-0.4549933948972202j),(-0.027185611202608418+0.0015522068838905497j),4952750000
(-0.5052615595070601-0.45344043967683634j),(-0.027297185245034862+0.001706218159518328j),4953000000
(-0.505009035478596-0.45363534916539616j),(-0.027212149072422344+0.001496649425001809j),4953250000
(-0.5061779448262669-0.45196748571814477j),(-0.027237386897441374+0.0016315241352090372j),4953500000
(-0.5051393882690705-0.4526269099477455j),(-0.027181369111846435+0.0016655671496605324j),4953750000
(-0.5070128134588054-0.45106227180310293j),(-0.02712464213846624+0.0016445815672232397j),4954000000
(-0.5052824944772112-0.4533236761893632j),(-0.027254156571962094+0.0017558327220823517j),4954250000
(-0.5052111968659627-0.4533510983270175j),(-0.027390290984408466+0.001651930061635767j),4954500000
(-0.5076538636508824-0.4512462353736586j),(-0.027290933881113234+0.001979799630572464j),4954750000
(-0.5071243059426314-0.4505208674562209j),(-0.027302155874459874+0.0018887107683113718j),4955000000
(-0.5067871672005749-0.4502326181725026j),(-0.02737784594309042+0.0020083796774886084j),4955250000
(-0.5076691605940268-0.44897269169818294j),(-0.02747832900122217+0.0021051791542799785j),4955500000
(-0.5061159706281022-0.4501035096556664j),(-0.027330862551676154+0.002029728782075517j),4955750000
(-0.5074428193029445-0.4503416637894232j),(-0.027486287748280932+0.002201603797431937j),4956000000
(-0.5052728970308443-0.45017836682134527j),(-0.027437685418761192+0.002071768663468909j),4956250000
(-0.50814216117224-0.44873554306632696j),(-0.02736395155531893+0.0019775405898951586j),4956500000
(-0.5075772558876412-0.4492764334789432j),(-0.02743885481727212+0.0024476269775007883j),4956750000
(-0.5082664409451432-0.44775545109474296j),(-0.02736224868494622+0.002387787438317568j),4957000000
(-0.5065151927381788-0.44811461299708194j),(-0.02739512399090525+0.0024816913642616376j),4957250000
(-0.5073472128646367-0.44886719267283115j),(-0.02751483809304497+0.0022638700806582933j),4957500000
(-0.5090968858042948-0.4470583372161035j),(-0.027452939475464105+0.0025620254006139937j),4957750000
(-0.5077932800372231-0.4467443976015773j),(-0.02736000590108887+0.002661863760182766j),4958000000
(-0.5049469361294285-0.45010960927101445j),(-0.027562429279282222+0.0025165439950956027j),4958250000
(-0.5070021128365629-0.4469051385049849j),(-0.027402953540839863+0.0028408405355119914j),4958500000
(-0.5082636696010866-0.4438772927562502j),(-0.027452961333370468+0.0026843668206736515j),4958750000
(-0.5073576913648912-0.4446662884581427j),(-0.027350431927428306+0.002954551641971688j),4959000000
(-0.5059940964246299-0.44781922722953826j),(-0.02763473771073496+0.002828766703139653j),4959250000
(-0.5089863461508154-0.4434286643224608j),(-0.027527822776970617+0.002926083365924867j),4959500000
(-0.5059442012276676-0.4452924582572776j),(-0.027553852821931717+0.0030196985360499253j),4959750000
(-0.50791484781671-0.4449156703010677j),(-0.027560337419308387+0.0031385785056590996j),4960000000
(-0.5074579624900967-0.4457839512261201j),(-0.02757270314429503+0.0030655507588238057j),4960250000
(-0.5068879380694167-0.44472945486861887j),(-0.02754055628516635+0.003092598039219297j),4960500000
(-0.5070515574446218-0.44303827682677693j),(-0.027604888371555412+0.003405343825431971j),4960750000
(-0.5074315659054837-0.4434711523066941j),(-0.027610062780800748+0.0033024639484439356j),4961000000
(-0.5086566029922571-0.4427679220868161j),(-0.02750059209903701+0.0035468708148809836j),4961250000
(-0.505641233569838-0.44561296272791223j),(-0.02760516464731807+0.0033132014742259675j),4961500000
(-0.5097600363688083-0.44136346657649056j),(-0.027536762140292503+0.003528017455920251j),4961750000
(-0.5078960461043103-0.44263339496355286j),(-0.027598364359904835+0.003600254797298074j),4962000000
(-0.506865087140235-0.4427170607222492j),(-0.02752776716528517+0.003521201784323746j),4962250000
(-0.507368311241999-0.44165338412413j),(-0.027679278952475322+0.003789406527871661j),4962500000
(-0.5071162324545212-0.4408559902390652j),(-0.027575566937922305+0.003738381036380207j),4962750000
(-0.5064402697311903-0.4410009142524447j),(-0.027639254318212937+0.0037015423186299405j),4963000000
(-0.5083189195721441-0.43977189845720066j),(-0.027634404752251197+0.003911585151542359j),4963250000
(-0.5034715675938016-0.44562869569238545j),(-0.027677085432264752+0.003729345571432758j),4963500000
(-0.5055956364341451-0.44001436728418597j),(-0.027559980192484262+0.003942864861088461j),4963750000
(-0.5081310346823138-0.4379035684284254j),(-0.027548916000964426+0.004052302085299037j),4964000000
(-0.507590198221801-0.43894435988305675j),(-0.027478774817380994+0.004207716048883684j),4964250000
(-0.5068717807755779-0.43927833290440665j),(-0.027652805548201143+0.004086700671975715j),4964500000
(-0.5103316490090851-0.4350762177072742j),(-0.027708862748843953+0.004331299736883411j),4964750000
(-0.5041447751883833-0.4394168658632435j),(-0.02766184479842881+0.004191575627788749j),4965000000
(-0.5092063045055794-0.4351932270390812j),(-0.02751596775208031+0.0043988572988927005j),4965250000
(-0.5041439773240988-0.43955934718195544j),(-0.02779377787414193+0.004212441968213565j),4965500000
(-0.5075640910511426-0.4354189438913273j),(-0.02779196011517921+0.004335011206696562j),4965750000
(-0.5081921125830051-0.4355221412269441j),(-0.02773254157598266+0.004676841762826414j),4966000000
(-0.5074494811412417-0.43582362205474146j),(-0.027606001684449107+0.00439126470165483j),4966250000
(-0.5095668537848381-0.43352163847818703j),(-0.027667177955345415+0.004849141969405954j),4966500000
(-0.5041426949445824-0.4376158066050868j),(-0.027682826510215072+0.004317726642920227j),4966750000
(-0.5079947533927629-0.4336711809439939j),(-0.02782049099743906+0.0048468061101465875j),4967000000
(-0.5070137528776756-0.4347906256864121j),(-0.02783840536115409+0.004735604402090286j),4967250000
(-0.5085130366741041-0.4327292486236417j),(-0.027719742694219077+0.004811649403954607j),4967500000
(-0.5046093083342247-0.43631682736884486j),(-0.027885909243628194+0.004661644652501741j),4967750000
(-0.5065158478577968-0.4327087438144971j),(-0.02769933749729436+0.004630029495429755j),4968000000
(-0.508454707073849-0.43096035310405206j),(-0.027727727704186134+0.004964167933932995j),4968250000
(-0.5054750458111463-0.43266419510763293j),(-0.027765029663338724+0.004772723681211026j),4968500000
(-0.5080289213313233-0.42813325002595093j),(-0.02764256095840456+0.005143319528436114j),4968750000
(-0.5058835743166209-0.43133419913125504j),(-0.02773570329395434+0.004947360288818805j),4969000000
(-0.50704660579189-0.4298276176261238j),(-0.027772387103506765+0.004994586374211853j),4969250000
(-0.5044687586292175-0.43257230104485916j),(-0.027786080019090862+0.005081994434249562j),4969500000
(-0.5078296156420434-0.42943540022116106j),(-0.027815149995929763+0.005143149923852133j),4969750000
(-0.5082640301583246-0.42704646324350953j),(-0.027723879906297773+0.005272206229715842j),4970000000
(-0.5059706633272322-0.4286578390128564j),(-0.02783485710263174+0.005318348487613829j),4970250000
(-0.5088298149554862-0.4276766937570914j),(-0.027816301404154375+0.0054749128461323675j),4970500000
(-0.5071749903367117-0.42771534344410667j),(-0.0277791872835212+0.005496825423513628j),4970750000
(-0.5061544255329172-0.4292663480319289j),(-0.02790254943890803+0.0054806161537420545j),4971000000
(-0.5104238428680549-0.4254913185524589j),(-0.027833949007022206+0.005776024576624362j),4971250000
(-0.5056630262606931-0.4297100001205472j),(-0.027838432120159528+0.005486432511589426j),4971500000
(-0.5094568722277685-0.425469233872479j),(-0.027684785606255268+0.005793157388207975j),4971750000
(-0.5060178580810393-0.4288123357494215j),(-0.02779921516594047+0.005704540639501365j),4972000000
(-0.5108138062553464-0.4244177223151081j),(-0.027913346901197997+0.005988157669259773j),4972250000
(-0.5090227129686371-0.4262679348647323j),(-0.02783713561149819+0.00606385703115332j),4972500000
(-0.5107165953025881-0.4259320117290222j),(-0.027915557053940408+0.006009494358100904j),4972750000
(-0.5102112092881276-0.4242023084710135j),(-0.02783446458512756+0.006085827377024329j),4973000000
(-0.5059476354802962-0.4290365372003738j),(-0.028149841961302744+0.0060713254417067595j),4973250000
(-0.5112469221271764-0.4232667703547534j),(-0.027927371505452454+0.006362962217664889j),4973500000
(-0.5089424111258679-0.4245841011871256j),(-0.027877582053558784+0.006612914642671209j),4973750000
(-0.5069131729833659-0.42648502545061495j),(-0.027941399554188544+0.006369249732487722j),4974000000
(-0.5076483320995004-0.4246278183784497j),(-0.027954142457778747+0.006336608237644745j),4974250000
(-0.5069549964118448-0.4250855680829745j),(-0.02802796105091229+0.006489247663190855j),4974500000
(-0.5109164289014542-0.4208371571162084j),(-0.027950258188981524+0.006677461002559662j),4974750000
(-0.5082969754471147-0.4232653516854342j),(-0.02789106200005108+0.006740346217831027j),4975000000
(-0.507572716823202-0.4226182227963787j),(-0.027883704414560076+0.006587922866733358j),4975000000
(-0.5096224965439413-0.4215643303947287j),(-0.027984333619159002+0.006695820078702687j),4975250000
(-0.5104555771297985-0.41900647289284004j),(-0.02802000248407976+0.0068341769959786814j),4975500000
(-0.5066111524789297-0.42331741737537293j),(-0.028099122982915684+0.006599978476219456j),4975750000
(-0.5089109972537117-0.42107878227141066j),(-0.02799431457210519+0.007014699348802318j),4976000000
(-0.5070581752206824-0.4225465665712916j),(-0.02811296794725512+0.006809170929443983j),4976250000
(-0.5104179122498487-0.4194125228241619j),(-0.02791022650114399+0.007043368238009934j),4976500000
(-0.5087704108783723-0.41887366599600945j),(-0.027895900348265272+0.007276905355590321j),4976750000
(-0.508638867867256-0.4200314923191406j),(-0.028024796798491503+0.0070186528461267435j),4977000000
(-0.5088726756692546-0.4187434452331172j),(-0.027997862626490636+0.007294690021579244j),4977250000
(-0.5068417549197269-0.42047897121470273j),(-0.028020589776879302+0.007026624167550123j),4977500000
(-0.5095722442017567-0.41797465826352087j),(-0.02798244987605423+0.007324437083720752j),4977750000
(-0.5087325662879784-0.41870836936683464j),(-0.028129312150556647+0.007389751885645593j),4978000000
(-0.5076214154747979-0.4178207659300382j),(-0.028028886389222303+0.007330342620292692j),4978250000
(-0.5083570182040564-0.417282654145372j),(-0.02799828242311385+0.007438671345858776j),4978500000
(-0.5076669224107289-0.41766030123111164j),(-0.028065527689483293+0.007335662312842146j),4978750000
(-0.5083295136895822-0.41620701291254036j),(-0.02800503604619504+0.007650738666938876j),4979000000
(-0.5066918007946887-0.4181911046631902j),(-0.02809387450668257+0.007592595361224982j),4979250000
(-0.5083637322774536-0.41439850868420786j),(-0.02792386602251818+0.007698969033202579j),4979500000
(-0.5052160868802268-0.41649926231689527j),(-0.02811579042940313+0.007587467263484158j),4979750000
(-0.508269287700291-0.4143678843809455j),(-0.027952747144858337+0.007741667922547603j),4980000000
(-0.5093403462755505-0.41240750732863735j),(-0.02786628790375978+0.007926632791173853j),4980250000
(-0.5064404855527486-0.41359597339019855j),(-0.028063135355397215+0.007645330605788369j),4980500000
(-0.5080645813523154-0.412820019428713j),(-0.027984100073849206+0.007983847680506147j),4980750000
(-0.5055269780611704-0.41382279832179436j),(-0.0280787867045679+0.0077689067718783745j),4981000000
(-0.5110595104628907-0.4102736757593675j),(-0.027965282911426463+0.008267719995332469j),4981250000
(-0.5057697673376795-0.41314003163927887j),(-0.0280443843035653+0.007927010707211728j),4981500000
(-0.5082109585992254-0.4120734377877522j),(-0.028032597885117493+0.008021247517821363j),4981750000
(-0.5087240366445787-0.41060085759169584j),(-0.027971945820610095+0.008367912298310997j),4982000000
(-0.5057122868012137-0.41282186103788776j),(-0.028073240033245926+0.008006957392378392j),4982250000
(-0.5064465710573802-0.41158046425083383j),(-0.028032660641049766+0.0082687685583642j),4982500000
(-0.5095577322703081-0.40982700865074845j),(-0.027962206369718218+0.008502007501875481j),4982750000
(-0.5092709562575652-0.4095620539025992j),(-0.027889946141756244+0.008602647472775213j),4983000000
(-0.5065034013636167-0.41087694538091746j),(-0.028027978414256846+0.008668505315787592j),4983250000
(-0.5112380709812613-0.405718115420903j),(-0.027847961802268978+0.00870744020577804j),4983500000
(-0.5077953859103463-0.4084013268740417j),(-0.027767188955498394+0.008654771427204125j),4983750000
(-0.5067858341638072-0.4101358389222374j),(-0.028070821594983513+0.008532650777423852j),4984000000
(-0.5113961028471884-0.40619014728779734j),(-0.027813206961470476+0.009082086770375373j),4984250000
(-0.507204439198759-0.40726159385265404j),(-0.02783059233721188+0.008958994108696602j),4984500000
(-0.5093294997547665-0.40527702857975245j),(-0.027850897293335147+0.009088969875646237j),4984750000
(-0.5072935871639996-0.40804724467101544j),(-0.027928667436938726+0.00891787314957877j),4985000000
(-0.5109440056435169-0.40379620880533934j),(-0.02782530437062271+0.009257482360023158j),4985250000
(-0.5112343844399783-0.40327245531566863j),(-0.027855588667124016+0.00939370791499114j),4985500000
(-0.5071571395336502-0.40555278565834685j),(-0.028039377099143913+0.009066772876746756j),4985750000
(-0.5129504421206618-0.4009228257594513j),(-0.02769881183955286+0.009703486472276857j),4986000000
(-0.5086226159400056-0.4042085117709229j),(-0.027736815867119565+0.009243479035882378j),4986250000
(-0.5100687877779871-0.4024668284216187j),(-0.027757001809132504+0.009485496610318795j),4986500000
(-0.5068342281931014-0.40484866221337457j),(-0.02785367124308249+0.009256938051090546j),4986750000
(-0.5123089353774364-0.4007357955125673j),(-0.027645344561678307+0.00974219019459493j),4987000000
(-0.5087619378821846-0.4035763744704875j),(-0.027694854273388254+0.009578903788969638j),4987250000
(-0.5090693358210089-0.40349040996405255j),(-0.027769609217846058+0.00958793619574061j),4987500000
(-0.5082100956411969-0.40338081606612974j),(-0.027703869328942376+0.009723563923387805j),4987750000
(-0.5104316353937114-0.4011360870664439j),(-0.027809115504656708+0.009579114006885912j),4988000000
(-0.5113602859713506-0.3998651626938237j),(-0.02762976317752588+0.010129936910094405j),4988250000
(-0.507819038983994-0.4028022820538377j),(-0.027755895730535808+0.009730786684508882j),4988500000
(-0.512908801710933-0.39744599716725804j),(-0.027602975746284085+0.010273447777663073j),4988750000
(-0.5083238930461635-0.40224943167492067j),(-0.027757435271771613+0.009868630283662088j),4989000000
(-0.5100077752621736-0.40002223319022034j),(-0.027610443042200464+0.010285909834177487j),4989250000
(-0.5116432886548203-0.39891970708876107j),(-0.02764681007712482+0.010294770185630027j),4989500000
(-0.5101905683464766-0.39937603851324316j),(-0.027575122364127066+0.010204044972870708j),4989750000
(-0.5085385154092719-0.3996625578174251j),(-0.027521737847305335+0.010442601509135875j),4990000000
(-0.5098257886986709-0.3978715844147964j),(-0.02751845597946267+0.010448431967364469j),4990250000
(-0.5097199838603871-0.39748774144380655j),(-0.027557414563231835+0.010530327847968188j),4990500000
(-0.5106609747263164-0.39611747349932186j),(-0.027518832474333746+0.010647613555148908j),4990750000
(-0.511298226069163-0.3968220862210886j),(-0.02746371555339791+0.010675716100576575j),4991000000
(-0.5111474990636033-0.39523789506461526j),(-0.027562851574464215+0.010997409654139974j),4991250000
(-0.5066453090894264-0.39857959806428767j),(-0.02749169073346596+0.010584251475462379j),4991500000
(-0.5096093407666907-0.3955803953784907j),(-0.027433209451837456+0.010832680289481918j),4991750000
(-0.5113383505010922-0.393430221342364j),(-0.027363161012401695+0.01096390476891168j),4992000000
(-0.5098268605299023-0.39499920600907434j),(-0.027265208351055725+0.010987527419782376j),4992250000
(-0.5110424270741403-0.3928984992004095j),(-0.027434663758345405+0.011035349167328332j),4992500000
(-0.50988590834558-0.3934208170085295j),(-0.027308147720796525+0.011035850655319267j),4992750000
(-0.5131097239939895-0.39100623119104894j),(-0.027215181301714082+0.011226877847893075j),4993000000
(-0.5081195603935353-0.3940671319679305j),(-0.027415049612430287+0.010990374939540784j),4993250000
(-0.5099917098318405-0.3930599167520048j),(-0.027382513929605338+0.011244064089382784j),4993500000
(-0.5105219138193352-0.39159027272302416j),(-0.027231614282228304+0.011256385951629217j),4993750000
(-0.5109064003491128-0.3910248799283004j),(-0.02706806306133083+0.01164505513621683j),4994000000
(-0.5118391855004573-0.3883522968214868j),(-0.0271212352704833+0.01152990344170764j),4994250000
(-0.5102629798722945-0.39071242923126925j),(-0.027261058104260674+0.01147105103142181j),4994500000
(-0.5117403914398619-0.3878585050041094j),(-0.02710361544595116+0.011735480857422287j),4994750000
(-0.5105133860263464-0.3884785238384485j),(-0.027213729076915716+0.011614175393470783j),4995000000
(-0.508630900849903-0.3900278282535727j),(-0.02722237792318507+0.011660547144302704j),4995250000
(-0.5109488304960826-0.38689832401621604j),(-0.02704132045519338+0.011829831981261418j),4995500000
(-0.5096760134097379-0.3876148339433632j),(-0.027171606963936147+0.011921688651604848j),4995750000
(-0.5082300876598425-0.3877171830364845j),(-0.027231155618079653+0.011780942328208739j),4996000000
(-0.5121132746898845-0.3846724984278645j),(-0.026970103420423573+0.01223208637860355j),4996250000
(-0.5073425446314381-0.3875721554118968j),(-0.027108957420669308+0.011889511507196021j),4996500000
(-0.5071164241724813-0.38700625356124696j),(-0.02702317768360608+0.011867060832846577j),4996750000
(-0.5090424951019141-0.3844634752688289j),(-0.026832460839361333+0.012177430578279226j),4997000000
(-0.5079229808458141-0.3845622727630395j),(-0.027131516957426056+0.012095598625086046j),4997250000
(-0.5094448807251696-0.3848633216367804j),(-0.02689132917639101+0.012217670373160872j),4997500000
(-0.5084604719694806-0.3849426369175853j),(-0.027040574900102945+0.012129686220524686j),4997750000
(-0.5099096386117323-0.3816293977029582j),(-0.027034371028740695+0.012247116927021122j),4998000000
(-0.5078210219624466-0.3842533548794238j),(-0.027013070654663213+0.012411799217841135j),4998250000
(-0.5089606717043293-0.3824999120514572j),(-0.02702126063675546+0.01229049442187769j),4998500000
(-0.5091546396371142-0.3825286903811154j),(-0.027026642400205168+0.012563162778866776j),4998750000
(-0.508209638917159-0.38421074619003515j),(-0.026985156240510857+0.012194875603051374j),4999000000
(-0.5097919301652803-0.3827837015963397j),(-0.02685248550174524+0.012547908116416808j),4999250000
(-0.5078263364067414-0.3827177379840367j),(-0.026769120058663696+0.01231697299788062j),4999500000
(-0.5092611003846585-0.3812177867272523j),(-0.026900651532990254+0.012590183245577008j),4999750000
(-0.507296804572641-0.3823317627432932j),(-0.02693312055037946+0.012683326943316902j),5000000000
(-0.5056691505973535-0.3835730370892619j),(-0.027116968447802297+0.012384075103526862j),5000000000
(-0.5089659247246809-0.3807067730489704j),(-0.02683554231071733+0.01253137972678178j),5000250000
(-0.5075442008295443-0.38264535035209885j),(-0.026894448085691122+0.012625351394607772j),5000500000
(-0.5064741290027451-0.38206431108825023j),(-0.027030605204597453+0.012596296215393432j),5000750000
(-0.5077600487252109-0.38057101116666187j),(-0.02697743365512547+0.012744261403703324j),5001000000
(-0.5075674010743296-0.38037628517059946j),(-0.027000846789676722+0.012800239955098741j),5001250000
(-0.5090393354442752-0.3778899200050868j),(-0.0270112630599953+0.01282069353501505j),5001500000
(-0.505148985193733-0.38192248872627504j),(-0.026963862806245333+0.012658428386140754j),5001750000
(-0.5055750755987041-0.3803527593455707j),(-0.026957964387820853+0.01273149814517862j),5002000000
(-0.5087487480619501-0.37679438051520686j),(-0.026888918645269436+0.012995573108779204j),5002250000
(-0.5045118720879134-0.37975522242547344j),(-0.026945864656149322+0.012813583397374545j),5002500000
(-0.5055565664310693-0.38002174188160326j),(-0.02696598962899283+0.012877587583231466j),5002750000
(-0.5061739717723868-0.37968422849361644j),(-0.02704390860508608+0.013035481413180942j),5003000000
(-0.5058876394147426-0.37787176026827696j),(-0.02686528705610502+0.012965328394498312j),5003250000
(-0.5067541065630263-0.3763944406462087j),(-0.026983924013035156+0.013361816942870475j),5003500000
(-0.5055317584372727-0.37831245535878055j),(-0.027059416313243573+0.013158041711861938j),5003750000
(-0.5107426796318324-0.37303366093733j),(-0.026893267701485236+0.013401823542354899j),5004000000
(-0.5068482230807365-0.37615952226621663j),(-0.02687065467857318+0.013303862290539136j),5004250000
(-0.5071403033507037-0.37594123232419324j),(-0.026793698459966982+0.01323634524091067j),5004500000
(-0.5068421145331319-0.3747155317414747j),(-0.026873649511946738+0.013517299979848884j),5004750000
(-0.5067683864092144-0.37490387018676885j),(-0.026956364752608562+0.013445648921041206j),5005000000
(-0.507631218817316-0.3734895488548461j),(-0.026780252516690726+0.013650405818992503j),5005250000
(-0.5079199341886792-0.37343471032889275j),(-0.026949367891327253+0.013529716437503529j),5005500000
(-0.5100551725849423-0.37068447072434374j),(-0.026792763203915965+0.013791981089291843j),5005750000
(-0.5071772012220633-0.3735568688853342j),(-0.0268759658836693+0.013761035731979739j),5006000000
(-0.508557705771874-0.3704127590870916j),(-0.026756315221716582+0.013684504690595053j),5006250000
(-0.5095352349186387-0.3707168415187731j),(-0.026844868551293668+0.013843422584109435j),5006500000
(-0.5092085282420821-0.3699443185886628j),(-0.026897539746798375+0.014136469900454904j),5006750000
(-0.5105891450573257-0.3666561005871358j),(-0.026665722668445847+0.014314799508726413j),5007000000
(-0.5080563814647355-0.3703176785674409j),(-0.026714682821838098+0.013959808401626295j),5007250000
(-0.5083624424098726-0.36836341709585635j),(-0.026817481409393034+0.013916729441939394j),5007500000
(-0.5086198249012579-0.36787500277542456j),(-0.02658675471381729+0.014347700177230568j),5007750000
(-0.5053821782045358-0.370364180312177j),(-0.02688715390096952+0.013931227712718448j),5008000000
(-0.5086367030074241-0.3674400842191049j),(-0.0265985952936305+0.014457108009261905j),5008250000
(-0.5087171269376608-0.3680662066195853j),(-0.02678015808495096+0.014237961797099453j),5008500000
(-0.5083706998174116-0.36593758031443474j),(-0.026657873819572967+0.014537636667912074j),5008750000
(-0.5077405184487498-0.3672860127715593j),(-0.026558933219919666+0.014786542740225924j),5009000000
(-0.5078168391572028-0.36594714126379846j),(-0.026618540897199436+0.014444945983485504j),5009250000
(-0.506006362382886-0.3665334215613684j),(-0.02657146238762959+0.014582126311500628j),5009500000
(-0.507156673740521-0.36670304226843603j),(-0.02655656918050779+0.014597662396076122j),5009750000
(-0.5073310487723952-0.3667823416519773j),(-0.02649231630360523+0.01489309590059457j),5010000000
(-0.504516365056846-0.3686230760640796j),(-0.02664923394962096+0.01448036699814364j),5010250000
(-0.5078495629421623-0.36491810651028733j),(-0.02633785621589795+0.014801449935254599j),5010500000
(-0.5063022920322652-0.365914310597826j),(-0.0264702640457574+0.014887145718665696j),5010750000
(-0.5055083352011314-0.36511169397535576j),(-0.02646737746936695+0.014801843663576454j),5011000000
(-0.5049447201569782-0.3660311127032663j),(-0.026357684310769586+0.015043597192789028j),5011250000
(-0.505133963140532-0.3655192378518361j),(-0.026425028302805083+0.014893861052771762j),5011500000
(-0.5064802144546704-0.3639505897811204j),(-0.02630389275478406+0.015179993625562289j),5011750000
(-0.5043238942967597-0.3651974559406065j),(-0.026324176298707157+0.015131795184842372j),5012000000
(-0.5059979915941453-0.3637671882321487j),(-0.026333598403236184+0.015279264701018338j),5012250000
(-0.5021686158675669-0.3659896475986026j),(-0.026238665385330224+0.015115799397115971j),5012500000
(-0.5051204820554462-0.3616794414986388j),(-0.02633454362284544+0.015337725305928612j),5012750000
(-0.5050003261008348-0.36134710015696575j),(-0.026232688192324778+0.01555018719240429j),5013000000
(-0.5027396792137699-0.36279552536383625j),(-0.02618624999148428+0.015042254445163977j),5013250000
(-0.5034286863743669-0.3602465132200992j),(-0.02608350014912529+0.01559653670803925j),5013500000
(-0.5025588591527719-0.36286834792846684j),(-0.02632471512139975+0.015340965130240846j),5013750000
(-0.504326422381216-0.3584858801441081j),(-0.026097414851415007+0.01570739699279125j),5014000000
(-0.5034334908190914-0.3609001296688162j),(-0.026162454984065508+0.01571354802438151j),5014250000
(-0.5034560104102739-0.36084561625814726j),(-0.026106239016507233+0.015754928184368418j),5014500000
(-0.505875750034545-0.3582136058199648j),(-0.025918601115169967+0.015810830583581847j),5014750000
(-0.5037175493059783-0.3594460132367116j),(-0.026128403051022882+0.015734225652489477j),5015000000
(-0.5047094310924036-0.3586121727344934j),(-0.02596598942858125+0.01595961243309479j),5015250000
(-0.5035397968184414-0.3597713877334224j),(-0.026178192121290744+0.015780528235428925j),5015500000
(-0.5054931223124863-0.3562618866588825j),(-0.026098003707617175+0.016123270393006817j),5015750000
(-0.503616849547736-0.3601197452191336j),(-0.025998854149673005+0.015848041240644335j),5016000000
(-0.504141405955563-0.35702804654991593j),(-0.025972687958391565+0.01603488452495855j),5016250000
(-0.505293293520593-0.35661706461329523j),(-0.025905330563147068+0.016250259069890922j),5016500000
(-0.5042480916665324-0.3568806043597488j),(-0.02607727303071949+0.016004481646668497j),5016750000
(-0.506182408711557-0.3538783866026068j),(-0.025960433488730644+0.016180995598868063j),5017000000
(-0.5072144375619385-0.35234220259368954j),(-0.026007827850656785+0.01632915793788888j),5017250000
(-0.5056470210625087-0.3523680365701978j),(-0.026085046875405624+0.016449143302223537j),5017500000
(-0.50773346415205-0.35269160831195284j),(-0.02580600066123222+0.016485394812106348j),5017750000
(-0.5054240983408662-0.353474171826687j),(-0.02597708902159605+0.016407842460638776j),5018000000
(-0.5062991056474847-0.3510302616257917j),(-0.025780440528674238+0.016529514391157463j),5018250000
(-0.5069720320604092-0.35048661294185346j),(-0.025762529174071035+0.016579625234347427j),5018500000
(-0.5062302184098482-0.3503291611166792j),(-0.025960441632420696+0.016644051468845938j),5018750000
(-0.5058044727718382-0.3507065958107987j),(-0.02572378862637752+0.016831036884556116j),5019000000
(-0.5050771715482577-0.35160130011823015j),(-0.0256872758967129+0.01675096153755074j),5019250000
(-0.5069859330487843-0.348536441956139j),(-0.025745253183409797+0.01691764534374373j),5019500000
(-0.5056834528992101-0.3502820187441716j),(-0.025655342914765594+0.017198335994171095j),5019750000
(-0.5051567698181013-0.35025786358026384j),(-0.025782474742870137+0.016866427511642967j),5020000000
(-0.5064745583912046-0.34967175391811234j),(-0.02562823419188783+0.01711448368960738j),5020250000
(-0.505534738639312-0.34988466390932516j),(-0.025711355527915786+0.01718871114999639j),5020500000
(-0.5076080402336008-0.34690768054720833j),(-0.025497015751611188+0.01729578948432638j),5020750000
(-0.5047129153888696-0.349138823667649j),(-0.025552498848391548+0.01741570990034331j),5021000000
(-0.5055372981068498-0.3505598760944465j),(-0.02557944711518035+0.017108922362239955j),5021250000
(-0.5049090871489587-0.3508626609645064j),(-0.025565149635216975+0.017434271824629387j),5021500000
(-0.5047068127000865-0.34878589737961346j),(-0.025527332520000005+0.017546984906845992j),5021750000
(-0.5049498611320392-0.3483325937372825j),(-0.025493995520183936+0.017616870093749834j),5022000000
(-0.5045233320964285-0.34891007931915075j),(-0.025537380335170407+0.017442276150885883j),5022250000
(-0.5053504388371195-0.34471314663433805j),(-0.02527968200763672+0.017822253990728596j),5022500000
(-0.5036206120800845-0.346911545482838j),(-0.025409928744192803+0.017877450606145494j),5022750000
(-0.5056252156689951-0.3461639681181195j),(-0.025153137544114187+0.017903822176216565j),5023000000
(-0.5049365579026114-0.3454492346634015j),(-0.025378382319235802+0.017973407757378327j),5023250000
(-0.5038301808299667-0.3468356239297189j),(-0.02536493386993665+0.017893118848432598j),5023500000
(-0.5030656438108793-0.34557129808621473j),(-0.025218749277896364+0.018032950392340732j),5023750000
(-0.502591908436927-0.34584413934143127j),(-0.02537850450742178+0.01806386647797269j),5024000000
(-0.503730401511819-0.3455738269360759j),(-0.025165146402229853+0.018142912855389486j),5024250000
(-0.502604430972945-0.3451162886917052j),(-0.025149388075509684+0.018435662413869958j),5024500000
(-0.5034709946566892-0.3435878170936339j),(-0.025141658638891683+0.018385822521701116j),5024750000
(-0.5032628219704446-0.3438400580622816j),(-0.02492737942810791+0.01839100362198396j),5025000000
(-0.5033271032070282-0.3444768705613625j),(-0.025100742518764693+0.01839494427326424j),5025000000
(-0.5024580873200614-0.34264940992796544j),(-0.025150753710810842+0.018424150045621153j),5025250000
(-0.5032327906170934-0.3434479943096211j),(-0.02514278879462347+0.018391499248607585j),5025500000
(-0.5022495312359171-0.3438093223112061j),(-0.02508722600223707+0.018638273208017808j),5025750000
(-0.504144064816475-0.34137402019974883j),(-0.02491889785632194+0.018706297423277396j),5026000000
(-0.5025975827871878-0.3434877552223343j),(-0.024946454510389092+0.018601416033356244j),5026250000
(-0.5037802533900736-0.3399499741107917j),(-0.02496271737468352+0.018852730170471337j),5026500000
(-0.5020759074616667-0.3429021905260258j),(-0.024830741764876884+0.018864760906662476j),5026750000
(-0.5015831229673756-0.3421799765645326j),(-0.02502105815289573+0.018744463679581175j),5027000000
(-0.5030896883832379-0.3382899030751226j),(-0.024908834874856848+0.019071691973431993j),5027250000
(-0.5023905609366676-0.3407742211071877j),(-0.024962257192232096+0.018924619198019164j),5027500000
(-0.5026754868301212-0.3389337093610493j),(-0.02467140029354119+0.019051864053434675j),5027750000
(-0.5011548045730649-0.3402114499455318j),(-0.024849494032721582+0.018991179716490676j),5028000000
(-0.5033175774772787-0.33842965079320275j),(-0.024822975753709006+0.018995165907022257j),5028250000
(-0.5036511474548055-0.33744439241584406j),(-0.0247079818194151+0.019337106496745388j),5028500000
(-0.5006537670630731-0.3392877789352575j),(-0.02488364707495582+0.018983142364011524j),5028750000
(-0.5037655337729956-0.33587676106834696j),(-0.024607683332213387+0.01942123748725634j),5029000000
(-0.5006172209201263-0.3368358777670403j),(-0.024644280751132782+0.019354638702568476j),5029250000
(-0.5019670921229457-0.3349174570294923j),(-0.02453348330448783+0.019547558042869638j),5029500000
(-0.5003376845558288-0.3368895152903252j),(-0.02451933911269879+0.019458579223337456j),5029750000
(-0.5026548767349635-0.3343382868512747j),(-0.024666447488629683+0.01942252492020578j),5030000000
(-0.5014908057608171-0.33482610938442176j),(-0.024418709662728036+0.01964559718464393j),5030250000
(-0.5011170377527505-0.3353334899443288j),(-0.02450977921098754+0.019493035611334416j),5030500000
(-0.5029728814918488-0.3351912186955962j),(-0.024470312986774444+0.01977283896928202j),5030750000
(-0.5005244931294867-0.33544929111139854j),(-0.024493465472096722+0.01968278121994169j),5031000000
(-0.5016195378231826-0.3334273853717j),(-0.02421088661029273+0.020089257570937477j),5031250000
(-0.5003343717434287-0.3345624474706225j),(-0.024237373295577888+0.019967545574188436j),5031500000
(-0.4998575311284574-0.3353067796604863j),(-0.024351318481904537+0.020021244564814498j),5031750000
(-0.5016775649333624-0.3316743130074601j),(-0.024169369808326374+0.02022019584962167j),5032000000
(-0.5004161655065997-0.3334764299051353j),(-0.024216102509303394+0.020064173372037312j),5032250000
(-0.5012571392747986-0.33183178754272535j),(-0.024196754211974467+0.02028711589788863j),5032500000
(-0.49942961290348015-0.3364268165824041j),(-0.02413605772174602+0.0203746303080865j),5032750000
(-0.4991675378802626-0.33276002184817965j),(-0.02423874568181245+0.020173994717752417j),5033000000
(-0.49977241614405216-0.33047590579084524j),(-0.023853974115268562+0.02066862052839502j),5033250000
(-0.49984171458765647-0.3335554206278234j),(-0.024137097081373123+0.02051089519965979j),5033500000
(-0.4995865703093632-0.33113118630532334j),(-0.023949242806789547+0.020572724045785473j),5033750000
(-0.5008862555798494-0.32924475793577873j),(-0.023846599177011128+0.020698393820887805j),5034000000
(-0.499087068710108-0.3316142377551413j),(-0.02390085364892396+0.020687595273373015j),5034250000
(-0.499365789737764-0.32946893299653124j),(-0.023760028205284934+0.02082787526729414j),5034500000
(-0.49939646184856523-0.3299348966338725j),(-0.023720061639157738+0.020980315153622753j),5034750000
(-0.4973549861413015-0.3305764027054124j),(-0.023888384884380567+0.020833380352490185j),5035000000
(-0.49941904502704587-0.3283054024970725j),(-0.023328920707280557+0.021337762087730004j),5035250000
(-0.4957193728063286-0.3317694476803427j),(-0.023634584823689724+0.020954582932084204j),5035500000
(-0.5000823811743044-0.3273980391260505j),(-0.02349234111445274+0.02114966777126119j),5035750000
(-0.4967797820717683-0.32839883830528055j),(-0.02348508503056067+0.021370220705568613j),5036000000
(-0.49875154460601123-0.32827340642165065j),(-0.023548506410492335+0.021130211820492892j),5036250000
(-0.49979830763971167-0.3268917312957427j),(-0.02340485731660814+0.021460904517250964j),5036500000
(-0.4967364945426125-0.32844859428767814j),(-0.0235134507880393+0.021247254429958434j),5036750000
(-0.4987832857186298-0.3257132008054711j),(-0.023457098641768623+0.02147974161781432j),5037000000
(-0.4986043087516595-0.32803576131973067j),(-0.023391785416807177+0.02142601409095947j),5037250000
(-0.49951864630370785-0.32615009835679776j),(-0.023311595628643808+0.02151752439902903j),5037500000
(-0.5001330576273764-0.32579305162319167j),(-0.023140620242191556+0.021605001137210495j),5037750000
(-0.49897202745537284-0.3251391317395969j),(-0.02336506214032098+0.021480030670769153j),5038000000
(-0.5009770936695834-0.3229798770513126j),(-0.0232010382729773+0.021787443061949668j),5038250000
(-0.49932553743004165-0.32581317054816267j),(-0.02330976972193302+0.021682197438620175j),5038500000
(-0.4986796456288959-0.32390927163766864j),(-0.023285576797084238+0.021722734661550565j),5038750000
(-0.4990672933603026-0.3239982880373768j),(-0.02297595229807217+0.022050100146243458j),5039000000
(-0.49972851351108133-0.3208922365468494j),(-0.023236308794284198+0.021812939589692815j),5039250000
(-0.4992557530532536-0.32147187985731623j),(-0.022870974348662563+0.021982638855768462j),5039500000
(-0.49756975311552215-0.32334675937406626j),(-0.023034460660445236+0.021857470733677314j),5039750000
(-0.4983005543803286-0.32121356441140164j),(-0.02303633736818492+0.02207822887154732j),5040000000
(-0.5000316652353838-0.32140943397221605j),(-0.02288858652578465+0.022283051205628592j),5040250000
(-0.49858407136347727-0.32125259681291235j),(-0.02287216211076266+0.02221082547662006j),5040500000
(-0.49907301503426604-0.31895514962880633j),(-0.022898136539029303+0.022198838112575642j),5040750000
(-0.4979445358197798-0.3216382210999476j),(-0.02303203599726911+0.022199795240894334j),5041000000
(-0.4989067544776446-0.31899746075514657j),(-0.022842617051856473+0.022353058553360027j),5041250000
(-0.4999116611521716-0.3189499315040695j),(-0.022669920834201072+0.022194517636006685j),5041500000
(-0.49744438455801926-0.31967319251044746j),(-0.022829920166014227+0.022420270402544237j),5041750000
(-0.4986232074277732-0.3202368879507865j),(-0.02271593548012864+0.02238500407063102j),5042000000
(-0.4981905038667172-0.32070747477504635j),(-0.022593350754395027+0.022389221938263957j),5042250000
(-0.4986526174083686-0.31818492593917147j),(-0.022581444269889075+0.022635669669798887j),5042500000
(-0.4982251067291314-0.32087310643426986j),(-0.022441428194249005+0.022544126529723707j),5042750000
(-0.49841453587588896-0.31739087731471216j),(-0.02230033535021934+0.022657342966277395j),5043000000
(-0.49880262197575403-0.3148354433801561j),(-0.022423002071809712+0.022875333826599883j),5043250000
(-0.49603481978233044-0.318686961235198j),(-0.022544176253903484+0.02268202017790299j),5043500000
(-0.49818830779629497-0.3164949235670735j),(-0.022185243967474542+0.023073753660343675j),5043750000
(-0.49692053022427485-0.31834127338808227j),(-0.022359834388891636+0.02292869756584938j),5044000000
(-0.4983296572121154-0.31512997247602653j),(-0.0220366169478653+0.022966936220144042j),5044250000
(-0.4975997882694707-0.3155317896939223j),(-0.02190573133579184+0.023185285634196716j),5044500000
(-0.49862859819697086-0.31618863305149125j),(-0.022180247546707083+0.023085868072992663j),5044750000
(-0.4980689670210782-0.31354236840810884j),(-0.021931997703970973+0.02336468494012027j),5045000000
(-0.4985045011593806-0.31650154041728806j),(-0.022010403607325056+0.02328747106341792j),5045250000
(-0.4969305738286213-0.3155684134012628j),(-0.021914823160631522+0.023335086127087915j),5045500000
(-0.49859830332088834-0.3119691520524558j),(-0.021696815598958533+0.023509369898025j),5045750000
(-0.49633812030937585-0.3165581660441018j),(-0.02192061615730843+0.02333215381333857j),5046000000
(-0.4969377334528858-0.3114548007965617j),(-0.021504378544450878+0.02364635589539825j),5046250000
(-0.4963981707958151-0.31466239564064086j),(-0.021582722663770728+0.023747397936356784j),5046500000
(-0.4950973413566462-0.31469293302290596j),(-0.021780559336840397+0.023604773768783383j),5046750000
(-0.4975750956533308-0.30991930417589j),(-0.021496877399042585+0.023828467191933038j),5047000000
(-0.49701616394120124-0.3130320282177117j),(-0.021722973684411662+0.02356552263106392j),5047250000
(-0.4968555605908102-0.3078910732947861j),(-0.021328175646281675+0.02418257786258878j),5047500000
(-0.4973714721729791-0.312407456378536j),(-0.021422622281657616+0.02381807446652125j),5047750000
(-0.49535626837039526-0.3127301553815881j),(-0.021624378087272744+0.023623200686854404j),5048000000
(-0.49736107756356246-0.30934201180145654j),(-0.021288007197233193+0.023966876444343796j),5048250000
(-0.49764420479436006-0.30992834463832275j),(-0.021289946961887813+0.024056817469809998j),5048500000
(-0.4958732258672303-0.3124387466727228j),(-0.021447611599904565+0.024024059495689434j),5048750000
(-0.49895066778307307-0.308180254240608j),(-0.021229809970533548+0.024258130656531773j),5049000000
(-0.49578867091168116-0.31021880837657634j),(-0.021402057187529487+0.024199285120114482j),5049250000
(-0.4982660323945135-0.30746274048710126j),(-0.021065407488812353+0.024348659586863258j),5049500000
(-0.4980961777420937-0.3090048891753849j),(-0.021158476377948703+0.02449044555079801j),5049750000
(-0.4975392905864417-0.3067290091480097j),(-0.02092202679525286+0.024310989898248016j),5050000000
(-0.4961602251902515-0.31171368829001667j),(-0.021228370866482434+0.024306583369340936j),5050000000
(-0.49699054810543003-0.30858202775494215j),(-0.02113281608987847+0.02441421374460749j),5050250000
(-0.49817124634537474-0.30921216342444785j),(-0.021165461961053053+0.02428561482451741j),5050500000
(-0.49840132178529906-0.3066907823490542j),(-0.02102326362850791+0.024602201164333655j),5050750000
(-0.49712249408803755-0.3082109186888469j),(-0.02092096035551232+0.0242915277442805j),5051000000
(-0.49608129436704057-0.30831845629496146j),(-0.020997294241904066+0.02431101334912892j),5051250000
(-0.4993877893340951-0.30182516939385384j),(-0.020755133398991512+0.02467988085755591j),5051500000
(-0.49861714993231016-0.3055942149189014j),(-0.021091179491639467+0.0246305919785132j),5051750000
(-0.49817569099401965-0.30195562664236525j),(-0.020631280196796112+0.024866142671268632j),5052000000
(-0.49688908461923614-0.30488694547121303j),(-0.020820946129796517+0.02467203710466798j),5052250000
(-0.49783556752954-0.30483282349293833j),(-0.020577306221867514+0.024880470342928084j),5052500000
(-0.4965041146350817-0.30567971053908843j),(-0.020455339886286776+0.024907517412311772j),5052750000
(-0.49775814993818956-0.30486856296138537j),(-0.020430004170348768+0.024940563038503276j),5053000000
(-0.49745664149155616-0.3055614423855571j),(-0.020644374488699137+0.024823726373350157j),5053250000
(-0.4982897148450496-0.3016672835780922j),(-0.020243167948076138+0.025064358526821345j),5053500000
(-0.49833333940279023-0.3039047344009203j),(-0.020257687284880834+0.025183846250225586j),5053750000
(-0.4979116710598544-0.3023972743998582j),(-0.020117361009136574+0.025195017505057746j),5054000000
(-0.49681158477728604-0.30625978023435996j),(-0.02031515530840978+0.025122585684777633j),5054250000
(-0.49810851774980913-0.3046355884268982j),(-0.0200257658928312+0.0251688685605737j),5054500000
(-0.49716602449975494-0.3039801619083941j),(-0.0201409258788188+0.025288347783250675j),5054750000
(-0.49781131753639124-0.30185019413003567j),(-0.019886091411286333+0.02563436712040642j),5055000000
(-0.4973247574713029-0.3020371591648526j),(-0.019928095048635644+0.0255112309739535j),5055250000
(-0.49775873427548584-0.30304371081118725j),(-0.019951837349307753+0.02536281951629421j),5055500000
(-0.4979163753368755-0.30142423753726993j),(-0.019945901999105654+0.025496800132688246j),5055750000
(-0.4974804264572632-0.30223857942964566j),(-0.01953357794973511+0.025651406722181126j),5056000000
(-0.49662161623540724-0.3044071473028289j),(-0.019694218304187116+0.025569073344079086j),5056250000
(-0.49885848523696247-0.29919741304219866j),(-0.019448929105963735+0.02588536451061804j),5056500000
(-0.4947776479426815-0.30088521258595574j),(-0.019456309395362976+0.025844126750302628j),5056750000
(-0.49544999918911053-0.3017693068277936j),(-0.019474270260566775+0.025838870848403115j),5057000000
(-0.49716997740703134-0.30162535492461673j),(-0.019312509842001665+0.02595093966458233j),5057250000
(-0.4929931898234576-0.3048295334860266j),(-0.019452829996824673+0.02572625089726399j),5057500000
(-0.4955127200671756-0.29983338546590554j),(-0.019191423955109376+0.026080739121206887j),5057750000
(-0.49545554566888933-0.3026341330739491j),(-0.019084982176442316+0.026055121196778306j),5058000000
(-0.4978963284479831-0.29697164440905643j),(-0.018791505683057208+0.02624719483344548j),5058250000
(-0.4953853052277311-0.30170060659597236j),(-0.019267245274577887+0.02605262998561072j),5058500000
(-0.49618900062159055-0.299681235789734j),(-0.018985678525102676+0.026223284839722288j),5058750000
(-0.49691278362183194-0.29802220721691375j),(-0.018792186097558172+0.026333876579070763j),5059000000
(-0.4961067334015473-0.3003532105346161j),(-0.018816472411225846+0.026201863907059558j),5059250000
(-0.4965350596030478-0.3019470803931142j),(-0.018989429180235946+0.02625371166740375j),5059500000
(-0.49756289846448004-0.3003674165188155j),(-0.0188303180394759+0.026256524347516408j),5059750000
(-0.49863309292706215-0.2955815973306195j),(-0.018799262650133864+0.02652068754583783j),5060000000
(-0.4980452253829559-0.2970728838396862j),(-0.01844464643496063+0.026507179979403696j),5060250000
(-0.49777846230805234-0.2972993649963379j),(-0.01868750155225079+0.026390439049806855j),5060500000
(-0.49931679084167524-0.29344076628902344j),(-0.018405643530067076+0.026563547903342987j),5060750000
(-0.49951079653692276-0.29428299287616844j),(-0.01841453966683774+0.02657463648760843j),5061000000
(-0.49821567279578693-0.29615238590596654j),(-0.018574571471577178+0.026435178957441473j),5061250000
(-0.4991201892868616-0.29289006657153344j),(-0.018081343587345908+0.026814152819186025j),5061500000
(-0.4970309674274359-0.2990561564932894j),(-0.01852322567883329+0.02657398216506691j),5061750000
(-0.4993919580967748-0.29108774500471063j),(-0.01804504994126435+0.02699174696506744j),5062000000
(-0.4981104701600764-0.2951977616921763j),(-0.018339083425389594+0.026735192021419957j),5062250000
(-0.5006437926998092-0.2900721867507722j),(-0.018022377768758917+0.026937111383198598j),5062500000
(-0.49965515856136744-0.2923378274912927j),(-0.017926992972164952+0.026914699518298984j),5062750000
(-0.49920922478185337-0.29220247129119276j),(-0.01803048829356984+0.026839673481367253j),5063000000
(-0.49960264644890356-0.2897857883419098j),(-0.017689248777772528+0.027091324996760213j),5063250000
(-0.49832172510197437-0.2943058975815804j),(-0.01778020420994032+0.026941318119184814j),5063500000
(-0.5001028978022833-0.29174384300144957j),(-0.01766320199200992+0.027060463273453007j),5063750000
(-0.5004837732305907-0.2911582114693183j),(-0.01772254238562555+0.02727421984254255j),5064000000
(-0.49851923619765975-0.291478908498349j),(-0.017757764738281938+0.027118797760428023j),5064250000
(-0.5000350912720131-0.2888016849218768j),(-0.017527870596399597+0.02720487018198965j),5064500000
(-0.5001980364790751-0.28975785550128463j),(-0.01749768131301223+0.027188997430522638j),5064750000
(-0.5004966671005241-0.29000110213946245j),(-0.01755395621912166+0.027261037155916257j),5065000000
(-0.5005939057809754-0.2883961133560683j),(-0.01719059083454961+0.027463165266794563j),5065250000
(-0.4992774577083114-0.2938526516395878j),(-0.017525957405303272+0.02711761551091454j),5065500000
(-0.49973961331226086-0.2878003961794311j),(-0.017214993719982474+0.027368917934983673j),5065750000
(-0.5008028313807225-0.28887349177628924j),(-0.01702530491145899+0.027578911055384247j),5066000000
(-0.4985400096195515-0.2913001906409008j),(-0.017295123544286025+0.027312042033378357j),5066250000
(-0.49973473403123647-0.2889671688346177j),(-0.01699678547397621+0.02771106189802129j),5066500000
(-0.4986931796496118-0.2897765519420651j),(-0.01701580210454902+0.02765697189680156j),5066750000
(-0.5006192368494472-0.2877302578895519j),(-0.016987036702709672+0.027585485707793827j),5067000000
(-0.49965518757541283-0.2883761817756454j),(-0.016863218554898456+0.027642986295327j),5067250000
(-0.49942414430198373-0.2888177278339478j),(-0.01696154766882918+0.027685398926289906j),5067500000
(-0.5002539926005644-0.28987855882964514j),(-0.01653610112264686+0.027839936978520333j),5067750000
(-0.4992983201622053-0.29016161651695005j),(-0.016716823915695154+0.02770486477075445j),5068000000
(-0.500895677504758-0.286787825047796j),(-0.016613974630204684+0.027731243901866758j),5068250000
(-0.499341447499927-0.2860061198164881j),(-0.01644324260945196+0.027930550227091316j),5068500000
(-0.5005276911712779-0.286004641627973j),(-0.01648569053304514+0.027867347453411316j),5068750000
(-0.4989290907316199-0.28741499840953205j),(-0.016296253065964522+0.027905512020125926j),5069000000
(-0.501134207853067-0.2867470567400538j),(-0.016312984598340432+0.028013314762714427j),5069250000
(-0.49997124900145057-0.2880132393338158j),(-0.016208981698342464+0.028066424725754303j),5069500000
(-0.5003411673395813-0.28864597496532257j),(-0.01612341362015191+0.0279446634041772j),5069750000
(-0.5019643254996472-0.28451773159048305j),(-0.01599475820671698+0.0281410223958194j),5070000000
(-0.501064527052116-0.28745874471111044j),(-0.015911847672887357+0.028054881717249694j),5070250000
(-0.5011799884653522-0.2845330349011086j),(-0.01577290594158093+0.02816010771001051j),5070500000
(-0.5016583603545928-0.2852631871981568j),(-0.015801423792881783+0.02820620191039893j),5070750000
(-0.5008763493460969-0.28501655895661565j),(-0.0158375251061548+0.027993143930037965j),5071000000
(-0.5023236718835514-0.28248816553317324j),(-0.015249808913443333+0.028315603361226595j),5071250000
(-0.5015352780262722-0.28660028552370276j),(-0.015740562807679936+0.028117609269295057j),5071500000
(-0.5033869074274281-0.2826119311206989j),(-0.015411607204670871+0.028421187184374j),5071750000
(-0.502366862801628-0.2851388604820189j),(-0.015304507143877861+0.02835088782925485j),5072000000
(-0.5035708274931258-0.2855755675879396j),(-0.015371103735421193+0.028226248516484774j),5072250000
(-0.5034486153176161-0.28267594885480346j),(-0.015116073247741441+0.028435158605822138j),5072500000
(-0.5025375992196732-0.28776512041806773j),(-0.015488877404394074+0.02851133054217482j),5072750000
(-0.5027219968751775-0.2827484968356469j),(-0.014960486705763958+0.028427616784001537j),5073000000
(-0.5030892682833795-0.2831278582238338j),(-0.014801560164964868+0.02856813576919722j),5073250000
(-0.5022557267920589-0.2823974793289163j),(-0.014799102418963012+0.028483127821011638j),5073500000
(-0.5029892421014976-0.2842615241263129j),(-0.014765062009275834+0.02855808116402666j),5073750000
(-0.5038020390096569-0.2805251477172542j),(-0.014723511656138314+0.02852826678790775j),5074000000
(-0.503071466649301-0.280782571613464j),(-0.014538092969941695+0.028669428558575422j),5074250000
(-0.5039792760078339-0.28141208335418905j),(-0.01454789048538958+0.028621568209119257j),5074500000
(-0.5045344542237287-0.28020273360392567j),(-0.014616460435172408+0.02859389425823633j),5074750000
(-0.5045373581010484-0.2784515117434136j),(-0.014398101016780802+0.028777931107621165j),5075000000
(-0.505368358048958-0.27930895938824035j),(-0.014371359414464107+0.028673661301677845j),5075000000
(-0.5043234210743184-0.27920522906778966j),(-0.0143163664448823+0.02860550058409812j),5075250000
(-0.5046429745293636-0.28015269805142606j),(-0.014267733935426706+0.028708976328584858j),5075500000
(-0.5039334914476997-0.27952375727142237j),(-0.014522611163254016+0.028551844474500564j),5075750000
(-0.5054586804706052-0.27692196201284053j),(-0.014057011611275103+0.028896549987349026j),5076000000
(-0.5059170609595035-0.2783773154044066j),(-0.014236449956722453+0.02873026455578744j),5076250000
(-0.5043598751362637-0.2799399490185294j),(-0.014192517520117461+0.028891205354452075j),5076500000
(-0.5035579965339617-0.2803945924754184j),(-0.01411292764405735+0.028875668182441822j),5076750000
(-0.5046219221932865-0.2758767327971211j),(-0.013619742596596672+0.02902681482314257j),5077000000
(-0.5050347453051033-0.27890093950559103j),(-0.01386192117730552+0.02880816145182247j),5077250000
(-0.5050341610558302-0.28002689667117764j),(-0.013923521105745669+0.028826510912138663j),5077500000
(-0.5055739796430762-0.2763601692272483j),(-0.013783173084426845+0.029068771097256377j),5077750000
(-0.5045029946691479-0.2763276567442003j),(-0.013715003434222356+0.02902012630173236j),5078000000
(-0.5066703016436958-0.27480737841635355j),(-0.01340342850269207+0.028957479236925553j),5078250000
(-0.504596076062567-0.2797577717826538j),(-0.01373263450255304+0.02895701102181417j),5078500000
(-0.5063382044095669-0.27279514830379437j),(-0.013309588073198977+0.02918650870381306j),5078750000
(-0.5056793858692755-0.27724544285087677j),(-0.013516073124340198+0.02897749876013977j),5079000000
(-0.5057295385484425-0.2761736029357476j),(-0.013731362418561075+0.028972917136897963j),5079250000
(-0.507750867665846-0.2699060770448562j),(-0.013119685342107426+0.029376571040441286j),5079500000
(-0.5064891461286616-0.2751464161783296j),(-0.013306076177230588+0.02922066397109646j),5079750000
(-0.5053709184768804-0.27543607697160494j),(-0.013239243844982174+0.02896201475794109j),5080000000
(-0.5068065190400941-0.2718033399976477j),(-0.012908219255837397+0.029184363721339982j),5080250000
(-0.5068050089744915-0.26980834143217225j),(-0.012834587688317512+0.029270833328375354j),5080500000
(-0.5066333949223117-0.2710046552735263j),(-0.012831685478858611+0.02930390780987362j),5080750000
(-0.507425116907647-0.2700956343904769j),(-0.013062331405329251+0.0293007292817722j),5081000000
(-0.5085333664809475-0.26966369917000965j),(-0.012414345680894997+0.02935836648023612j),5081250000
(-0.5081385928783926-0.27034226188686616j),(-0.012593569379301001+0.02937104318936782j),5081500000
(-0.5077682280707891-0.26926138466393135j),(-0.012514303905656+0.02939572858759052j),5081750000
(-0.5088993771466933-0.2702302912565923j),(-0.012485493764648175+0.02940883465906346j),5082000000
(-0.5095114177925869-0.2690877118679769j),(-0.012334409533138472+0.02939435525679146j),5082250000
(-0.5090961278721754-0.2700505131744197j),(-0.012155033199796564+0.029482674812291536j),5082500000
(-0.5096380785869394-0.2682684616833824j),(-0.012254600666631522+0.02943820208361296j),5082750000
(-0.5105591348262573-0.2692425072630808j),(-0.01208107500831561+0.029307164715956513j),5083000000
(-0.5092713768558094-0.26957619222797286j),(-0.012100752061445626+0.029422820321326877j),5083250000
(-0.5090666635370595-0.2655857311614538j),(-0.011947591222044526+0.02954709186165308j),5083500000
(-0.5091451733777651-0.2683721008199009j),(-0.011876967807141696+0.029511935071672386j),5083750000
(-0.510400726505707-0.2653685724585786j),(-0.01182395701992069+0.029541533941219444j),5084000000
(-0.5099859386403933-0.26681399068444167j),(-0.011346506437142138+0.029658531455615384j),5084250000
(-0.5096520105696213-0.2658907647475435j),(-0.0116195816744876+0.029648258807877623j),5084500000
(-0.51152715009561-0.26148156340533973j),(-0.01126774904543551+0.029688108491500387j),5084750000
(-0.5125508296945918-0.2620945713136634j),(-0.011328948337556417+0.02954033881357253j),5085000000
(-0.5102617683590375-0.26342070970007003j),(-0.011311427713177986+0.029755601977128825j),5085250000
(-0.5111712401591895-0.2646251094916598j),(-0.01131448670729504+0.029642413744217968j),5085500000
(-0.5103435773503945-0.26152336918158225j),(-0.011149824318317224+0.02967983815704014j),5085750000
(-0.5103288971548654-0.2593746671910967j),(-0.01094539831737713+0.02980553319101978j),5086000000
(-0.5113040620012163-0.2623522708379611j),(-0.010883953233283158+0.02961515304906416j),5086250000
(-0.5115248131003137-0.2626332813108551j),(-0.010765060675626211+0.029916974840483574j),5086500000
(-0.5115468524887842-0.2602816661956067j),(-0.010911684822709836+0.02965032359073108j),5086750000
(-0.5120311595106359-0.25831676750007954j),(-0.010742365172015671+0.029809437795586088j),5087000000
(-0.5098612373452962-0.26226154010040925j),(-0.010721294949875977+0.029841972835479003j),5087250000
(-0.5116908359970558-0.2565653408363452j),(-0.01059723958866388+0.029835930784771387j),5087500000
(-0.5120901819810781-0.264683581733484j),(-0.010888371853384938+0.029730618882877306j),5087750000
(-0.5111414469626727-0.2555226635944582j),(-0.010388709362743451+0.02979005808014149j),5088000000
(-0.5123683250834996-0.2568212998921016j),(-0.01035266309348738+0.029892500279001543j),5088250000
(-0.5125511586581403-0.25786415068889057j),(-0.010373513073059759+0.029864787659708413j),5088500000
(-0.5124125618543212-0.25510515030335373j),(-0.01016990048349103+0.0300267538409936j),5088750000
(-0.5117763383436317-0.255141866994369j),(-0.010460402417938596+0.029785838603261987j),5089000000
(-0.5119844765267305-0.2546138638187977j),(-0.010110000403170744+0.02992686649248021j),5089250000
(-0.5111191961248903-0.2547850424667953j),(-0.010191735432512125+0.029989226290316032j),5089500000
(-0.5112833848786206-0.2551106851972687j),(-0.010139018376040152+0.029966164925764066j),5089750000
(-0.5116225911689604-0.2531612475708908j),(-0.009750507234021672+0.030202313329326862j),5090000000
(-0.5110565168430802-0.254719655835852j),(-0.010002820614999745+0.029973445861566115j),5090250000
(-0.5119358940233085-0.2527268083375662j),(-0.009811422609869218+0.030100667620774717j),5090500000
(-0.5100992520840131-0.2527823166464375j),(-0.009714783100289472+0.02984387643566099j),5090750000
(-0.5116583095122654-0.24992157468897327j),(-0.00970381339959878+0.03006837145895691j),5091000000
(-0.512360777718463-0.25500167687062936j),(-0.00973387932782191+0.029996446617598163j),5091250000
(-0.5115645306597071-0.24905014556438337j),(-0.009627725479523492+0.030012266928996258j),5091500000
(-0.5135864403068673-0.25118870888518857j),(-0.009431636302454223+0.030139447315715263j),5091750000
(-0.5112989039893552-0.25087160595765895j),(-0.009673281278175428+0.029937635594330242j),5092000000
(-0.5131816184864627-0.24908141171316434j),(-0.0092473118684623+0.03011762775256056j),5092250000
(-0.514784203254181-0.24806785835343245j),(-0.009293168520510594+0.03007605371119755j),5092500000
(-0.5142730431864162-0.24648133034821917j),(-0.008941619921015723+0.03021039006505056j),5092750000
(-0.5126208396632931-0.25003455583194056j),(-0.009377666316316946+0.029978712973382497j),5093000000
(-0.5155404405884595-0.2467471241542397j),(-0.008876369746652008+0.030181391223836073j),5093250000
(-0.5142569019701584-0.24795194182370878j),(-0.009012788302509392+0.0299702984416994j),5093500000
(-0.5150238726907967-0.24204466841828684j),(-0.008657001654329564+0.030163674408776344j),5093750000
(-0.514240085261902-0.24714650220849108j),(-0.008833536421293286+0.030169219359223773j),5094000000
(-0.5157825865294186-0.24309163782574802j),(-0.00868378900128795+0.030082252024479828j),5094250000
(-0.515219579630145-0.24541858626024876j),(-0.008376108400876398+0.03021480775783465j),5094500000
(-0.5155669572584546-0.24212664024293776j),(-0.008344714479637229+0.03017980881193038j),5094750000
(-0.5149160490697973-0.24365570795816346j),(-0.008131864984376038+0.030206614997194764j),5095000000
(-0.5158169980914402-0.24333471245647512j),(-0.008354302193663067+0.03017585357721708j),5095250000
(-0.515557596030277-0.23942506783250342j),(-0.007861151588735005+0.03034871160656045j),5095500000
(-0.5160022504437521-0.24091120064832908j),(-0.008130750206771195+0.030261153567056703j),5095750000
(-0.5160181644475812-0.2408335051550374j),(-0.007859475720713695+0.030229052289777517j),5096000000
(-0.5153132581932833-0.24196511124179526j),(-0.007878666549349683+0.030262897551724448j),5096250000
(-0.5154821329429011-0.23786954263726484j),(-0.007927121089088416+0.030146876034509443j),5096500000
(-0.5170243015110548-0.23865920245781871j),(-0.00790901138530279+0.03017792754308976j),5096750000
(-0.5155576051154673-0.23918240181140926j),(-0.008025353888471483+0.030108024673943367j),5097000000
(-0.5158392241298385-0.23823039015337655j),(-0.008119230529418086+0.030031268541243876j),5097250000
(-0.5156255522702323-0.24107213725438234j),(-0.008071895172011609+0.03002497846824983j),5097500000
(-0.5156699002148285-0.23823729668462926j),(-0.008198082136558663+0.03003273244898638j),5097750000
(-0.5158469308582668-0.23607905088684306j),(-0.008145957445572845+0.029989226920097926j),5098000000
(-0.5160813691680946-0.23680863878600814j),(-0.008138760707266724+0.030007663058469237j),5098250000
(-0.5163975491047751-0.23620808658077636j),(-0.008094126637504384+0.029805916305903284j),5098500000
(-0.5161804531491682-0.23631633350213382j),(-0.008208126438845538+0.029657539953851786j),5098750000
(-0.514592377726496-0.2346743333558312j),(-0.008379077387098408+0.029554613888107928j),5099000000
(-0.5162264349422-0.2367145974899646j),(-0.008164899976288683+0.029758390388327473j),5099250000
(-0.5154774064448491-0.2345685468607618j),(-0.00830818571251856+0.029714617591494633j),5099500000
(-0.516023332886463-0.2341193310111735j),(-0.008134772590940989+0.02964088238173287j),5099750000
(-0.5200938965011656-0.23737842999109438j),(-0.006220906072817088+0.030554420436085968j),5100000000
(-0.521145299641526-0.23424482230483712j),(-0.005834205979128434+0.030633878569584338j),5100000000
(-0.5196464850304326-0.23965298245222003j),(-0.0064656668769166115+0.03035480601390842j),5100250000
(-0.5204764304334253-0.2335619356447811j),(-0.006007368776287151+0.030453292800028387j),5100500000
(-0.5201158855353325-0.23556345042322047j),(-0.0061835994101294+0.030317066129451363j),5100750000
(-0.5186888991525825-0.2296326694136801j),(-0.00621841106567523+0.030368568133838897j),5101000000
(-0.5182245395857423-0.23542834801325319j),(-0.006326577764967231+0.030221903196704394j),5101250000
(-0.5189516707347624-0.23255696692059175j),(-0.006485852707130238+0.030121251021073832j),5101500000
(-0.5186443025577591-0.23267152610465525j),(-0.006347371025618028+0.030176491138609155j),5101750000
(-0.5185908386098678-0.234242931893865j),(-0.0063229535667014385+0.030038926571074903j),5102000000
(-0.5187216054272169-0.23071031810880321j),(-0.0061775684314250585+0.03023811929788528j),5102250000
(-0.5198066356589616-0.23203881137030988j),(-0.00585933938442602+0.030339140730480746j),5102500000
(-0.5192232627848904-0.22972429908716296j),(-0.006112003882018153+0.03015778159403006j),5102750000
(-0.5200637351643839-0.23020627248489425j),(-0.005845648470615735+0.030210644231176503j),5103000000
(-0.5190957851606574-0.23058718577250217j),(-0.006163845157977423+0.030205549128428207j),5103250000
(-0.5195942607927816-0.2293039178425294j),(-0.005684605735211344+0.03031350405411614j),5103500000
(-0.5185233523405918-0.2301374387551817j),(-0.0057837242096486705+0.03034120628970929j),5103750000
(-0.520474212160088-0.22549955222916915j),(-0.0054417503578550784+0.03016559067016964j),5104000000
(-0.5196776639689703-0.22850824180994758j),(-0.005374647341004721+0.03014640028077989j),5104250000
(-0.5194607493693416-0.22626474390601203j),(-0.005523524642355127+0.03015772846567778j),5104500000
(-0.519561235138801-0.22591472946714347j),(-0.005467254835761329+0.030001765084332492j),5104750000
(-0.5201076696036406-0.22693987459258827j),(-0.005406926666895379+0.030279886554540444j),5105000000
(-0.5186822583548893-0.22357326351623397j),(-0.005215641630369972+0.030236623135592527j),5105250000
(-0.5199220014677767-0.22619031884872123j),(-0.0051449740836525745+0.030223802556361458j),5105500000
(-0.5197209891492327-0.22330366953351102j),(-0.00492870461433531+0.03030403634721055j),5105750000
(-0.5192894602395275-0.22433503200573j),(-0.0048841568434738625+0.030017817592566096j),5106000000
(-0.5196008775433691-0.22352531018366203j),(-0.004993672928478203+0.029907807638879694j),5106250000
(-0.5197958138242342-0.22152896500744462j),(-0.004863089892224296+0.030152215862314227j),5106500000
(-0.5190133201346033-0.2234219429176514j),(-0.004726934038932174+0.03011672376056375j),5106750000
(-0.5187918898618006-0.22279355688769908j),(-0.004706156024855942+0.030112604215549087j),5107000000
(-0.519591732401401-0.22472683932410056j),(-0.004676572382822944+0.030132348951124398j),5107250000
(-0.5194576693296112-0.22111480238849548j),(-0.004409469818006146+0.030116325143522162j),5107500000
(-0.5191753930773361-0.21912921800233104j),(-0.00430028015699312+0.030144510485778375j),5107750000
(-0.5198830918460463-0.22024181838239715j),(-0.004511290897093464+0.030189361691323968j),5108000000
(-0.5203175808709967-0.21747333913715683j),(-0.004294836713309852+0.030062015718283104j),5108250000
(-0.5207357773742334-0.21498542903851398j),(-0.0041653740544023155+0.030025714152684943j),5108500000
(-0.5213372972702167-0.21713872120242841j),(-0.004012487842299702+0.029929691921595156j),5108750000
(-0.5208674638645587-0.21713490333921062j),(-0.003828974546385221+0.030046763887071674j),5109000000
(-0.5200628098944634-0.2217066841860829j),(-0.004199434757644213+0.029962639065044323j),5109250000
(-0.5200837017611366-0.21704643265266127j),(-0.004206692373403107+0.029971356405078566j),5109500000
(-0.5210211828498926-0.21595460199038094j),(-0.003578588643570088+0.02990350413683987j),5109750000
(-0.5206586812961411-0.21693987063021522j),(-0.0037635686927214+0.030025852936488448j),5110000000
(-0.5204162560693629-0.21380416810143876j),(-0.0037680693252277664+0.02997430385717497j),5110250000
(-0.5205709767944136-0.21624010092912177j),(-0.0037903160071906345+0.029875256214854016j),5110500000
(-0.5207302625228748-0.21144254382287583j),(-0.003402988855346259+0.029889892090874916j),5110750000
(-0.5199751925850538-0.2156869256170814j),(-0.003498248594627899+0.029989989982380953j),5111000000
(-0.5215675082423787-0.21435314638217615j),(-0.0034171213985008534+0.029799795648605215j),5111250000
(-0.5207958327624261-0.2138919025873169j),(-0.0035699611330586214+0.029858464316306146j),5111500000
(-0.5197734695304851-0.21073804104183072j),(-0.0032771196058340897+0.029758291627281813j),5111750000
(-0.5207953410656905-0.2115058253594151j),(-0.0029869453435564693+0.029812201828031206j),5112000000
(-0.5206559829190475-0.21444888785099192j),(-0.0033590568388052345+0.029668253752943595j),5112250000
(-0.5196146358875465-0.2148171246201567j),(-0.0031689031822999605+0.02963936585188894j),5112500000
(-0.5202017816328218-0.21181058986605328j),(-0.0030357720390176792+0.02974894163511384j),5112750000
(-0.5200672708867474-0.20999129542418607j),(-0.0030250561761285388+0.02971085038091671j),5113000000
(-0.5199326028721277-0.20865261922823428j),(-0.0029219456710467286+0.029642398841422387j),5113250000
(-0.5200022241885665-0.2081449911048245j),(-0.0030338570165227012+0.029617967531550014j),5113500000
(-0.5205084266860843-0.20394551987873077j),(-0.0027996446751147866+0.02967073866408653j),5113750000
(-0.5203612922451961-0.2096424262147144j),(-0.002870254674351556+0.029671938077365925j),5114000000
(-0.5206580855366629-0.2070712224204934j),(-0.0027551869448790515+0.02973278189906479j),5114250000
(-0.520159619379608-0.20782275025347985j),(-0.0027263155268305293+0.029594541551081627j),5114500000
(-0.520881880982945-0.20518317789276275j),(-0.0024853220110467988+0.029598619618217546j),5114750000
(-0.5200102112835894-0.2058761598041026j),(-0.002349739411932927+0.029483097582165524j),5115000000
(-0.5198057155004768-0.2074951683225331j),(-0.002483850659465686+0.02956366098109941j),5115250000
(-0.5198695937478948-0.20491816062900514j),(-0.0024181634571517076+0.029566196005710293j),5115500000
(-0.5201638417811265-0.2051995443834186j),(-0.0025194520214057467+0.0294176815793366j),5115750000
(-0.5195643179291725-0.20280824634802577j),(-0.0022286813673693877+0.029365568291084453j),5116000000
(-0.5206212651043909-0.20043238194633944j),(-0.0020996168622752186+0.02937711100223027j),5116250000
(-0.5199780596356288-0.20567755083337344j),(-0.002255563157928955+0.029489933821867396j),5116500000
(-0.5197312112259226-0.20203403235200731j),(-0.00206395044284591+0.029462853032188582j),5116750000
(-0.5200183100662243-0.2029173197685894j),(-0.002056766079238917+0.029313437862524272j),5117000000
(-0.5191771314136805-0.20023690450515458j),(-0.0018947918707901414+0.02939908271838789j),5117250000
(-0.5194961652691523-0.20161779185435488j),(-0.0018931413463393887+0.02932986351249616j),5117500000
(-0.5195736247556666-0.2001167828007291j),(-0.0018853521556074914+0.02929927684833037j),5117750000
(-0.5192726971015146-0.19994288125804235j),(-0.001919713699626113+0.029374783370131118j),5118000000
(-0.5193479245942526-0.1970912644415754j),(-0.00166972717048812+0.02928116976741687j),5118250000
(-0.5196650396603186-0.19798129391789232j),(-0.0017383651436734967+0.029381599363560884j),5118500000
(-0.5191808631594367-0.197420815326098j),(-0.0018033509179894327+0.029189993924602288j),5118750000
(-0.5198699116996478-0.19489601506355309j),(-0.001323755083401155+0.02919049070657035j),5119000000
(-0.5193175919663102-0.19805194427124914j),(-0.0016220621763270845+0.02923767356687538j),5119250000
(-0.5201798098805143-0.1927117754046385j),(-0.0012860806494519746+0.029097261185817395j),5119500000
(-0.5196273089669537-0.19687516965693885j),(-0.0013089021593682283+0.029100778268220932j),5119750000
(-0.5195236344909229-0.1936765971618212j),(-0.0013381776707862953+0.02921231104710505j),5120000000
(-0.520617716652197-0.19197609513228533j),(-0.001069161325760824+0.029138806764994665j),5120250000
(-0.5212220120303831-0.19627609891751338j),(-0.0015416395306940014+0.029094410142232484j),5120500000
(-0.5206126268785759-0.19053324814663175j),(-0.0007821621505397698+0.029153538343892883j),5120750000
(-0.5216663571808944-0.19184738016789987j),(-0.0010652927173575378+0.02908268009328445j),5121000000
(-0.521588942181631-0.18930085466516594j),(-0.0010095984121461835+0.02915847094675921j),5121250000
(-0.5209319030724983-0.19020909616544107j),(-0.0007108740307353823+0.029059330518937238j),5121500000
(-0.5204692220241434-0.18483184938169128j),(-0.0007487818773715496+0.029029190765646654j),5121750000
(-0.5207585630311199-0.18722357343169183j),(-0.0007146093965169271+0.029247523643434074j),5122000000
(-0.5205457463214609-0.18631604350012818j),(-0.0005565736046975289+0.028952399179369807j),5122250000
(-0.5216478249711953-0.18625963963481484j),(-0.0006006841885389008+0.02898326805304078j),5122500000
(-0.5213982380934706-0.1880088598256699j),(-0.0005878158334182348+0.028868586887224258j),5122750000
(-0.5213745346747211-0.18271682072520753j),(-0.0002026804627244549+0.028930147863517584j),5123000000
(-0.5206929942562776-0.18703083137022425j),(-0.0004476197348003601+0.028846644941354714j),5123250000
(-0.5205212090651017-0.18568404411003916j),(-0.00041080491947629487+0.028815438312930965j),5123500000
(-0.5206855660360681-0.18310368415459918j),(-0.00018755988950591197+0.02890812396547191j),5123750000
(-0.5205505515138651-0.18290161167684466j),(-0.00037038308229070914+0.02877715959490319j),5124000000
(-0.5211450739854722-0.1818805793768863j),(-0.00020108091655127993+0.028813693579469488j),5124250000
(-0.5211064889929259-0.18303611406046835j),(-0.00019738711320537675+0.028739240043788188j),5124500000
(-0.5212775911539574-0.18047156318325114j),(7.90805318629734e-05+0.028727509066990956j),5124750000
(-0.5212048925292243-0.1825101699373025j),(5.6256347528947214e-05+0.028893708060245594j),5125000000
(-0.5212793171775534-0.1818532708549077j),(-1.2617685466138635e-05+0.028730853732837104j),5125000000
(-0.5212870844231036-0.1819785521760793j),(-0.00018149581772806912+0.028662665017402278j),5125250000
(-0.520196709296138-0.18042454284029175j),(0.0001671968891559703+0.02872909685170928j),5125500000
(-0.5206980552035879-0.17916169771863247j),(0.00020557118345131825+0.028534829104311852j),5125750000
(-0.5205367658489534-0.17694248384108716j),(0.0001933340175713351+0.0286981982163758j),5126000000
(-0.5203039546601405-0.1764209221192067j),(0.00029126911525832917+0.02869673292285222j),5126250000
(-0.5208148452793954-0.18126949990172503j),(6.283824458916572e-05+0.028509665625170818j),5126500000
(-0.520546943299113-0.1768789351804708j),(0.00038761277167820556+0.028637773241653022j),5126750000
(-0.5209173125866758-0.17846652825383164j),(0.0003417127632018085+0.028479795227795004j),5127000000
(-0.5194420572936236-0.1780179789652322j),(0.00045217734927805397+0.028549080391032804j),5127250000
(-0.5208372097478526-0.1787452884924385j),(0.00059345423366759+0.028550341879775j),5127500000
(-0.5194309276129119-0.1784483894051298j),(0.0001329631622965003+0.02837249574366277j),5127750000
(-0.5197891994015853-0.17407724042880288j),(0.0007002825512487324+0.028317058435305655j),5128000000
(-0.5194789605433383-0.17737557374843868j),(0.0005962334073709664+0.028324369648645813j),5128250000
(-0.5193093341486008-0.1747604885315236j),(0.0005789579815194241+0.028410310681412386j),5128500000
(-0.5198970894951683-0.17605341879480066j),(0.0004978097014426875+0.028342807879391023j),5128750000
(-0.5191423618886342-0.17579349503610714j),(0.0005052631847447956+0.028395527788309054j),5129000000
(-0.5181074129074672-0.1727913186878599j),(0.0008358644095812684+0.028204876981237886j),5129250000
(-0.5184090603205597-0.17566847391061685j),(0.0006336243652681364+0.028204700919691687j),5129500000
(-0.5191072163900322-0.17169831878175285j),(0.0009541452328221448+0.028153962429889323j),5129750000
(-0.5185482680040097-0.17058257269644123j),(0.0009173795119346243+0.028112284295163905j),5130000000
(-0.5183332887990149-0.17197306098369228j),(0.0009844515752732484+0.02818864506158886j),5130250000
(-0.5190703591707216-0.17295581580963493j),(0.0011838007668641074+0.02815332663607932j),5130500000
(-0.5186614204068635-0.17182602734622276j),(0.0011015393248888588+0.028045060682026515j),5130750000
(-0.5193410908887374-0.17079486154394016j),(0.0013556651335902346+0.02812275275618105j),5131000000
(-0.5193062526205608-0.17249642907156723j),(0.00135654101120665+0.028028646918263785j),5131250000
(-0.5190685864253678-0.169374228492557j),(0.0014829339938225831+0.027972524698085772j),5131500000
(-0.518955466736227-0.1709649538597636j),(0.0013605789493680394+0.02799736977617105j),5131750000
(-0.5189233989217408-0.16963055053246323j),(0.0014526330242645052+0.028047683583018228j),5132000000
(-0.5199702783560256-0.16899164452376106j),(0.0017705172186788885+0.027909070459517175j),5132250000
(-0.5192636865883543-0.16908177259766152j),(0.0014684378547135776+0.027988117950167698j),5132500000
(-0.5186454777457024-0.1644758115162345j),(0.001811819640260773+0.027687041593281253j),5132750000
(-0.5182483647549827-0.17074933757491265j),(0.0015054431252491183+0.02794653294302626j),5133000000
(-0.5178745432116817-0.16500394558116296j),(0.0019680778960131638+0.02785894791280968j),5133250000
(-0.5185618053669151-0.167252399544418j),(0.0020572277461354256+0.028005001325819616j),5133500000
(-0.5182142658153461-0.16863864991604088j),(0.0017664425769454615+0.02781499200944588j),5133750000
(-0.5184078955810486-0.1704206296874675j),(0.0019722245046031126+0.027878825419926073j),5134000000
(-0.5183883013216162-0.16599808417206896j),(0.0020080404324121248+0.027871197719044033j),5134250000
(-0.5183731890111898-0.16179603132039994j),(0.002114179672918505+0.027831953246536773j),5134500000
(-0.5180659979936859-0.16526344902445617j),(0.002313966507755021+0.027705749506213698j),5134750000
(-0.5176079839700746-0.16346284151450202j),(0.002102047513366877+0.027748792327205965j),5135000000
(-0.5181935194189862-0.15919514950072106j),(0.002440556063815978+0.027747171371016902j),5135250000
(-0.5175966913484449-0.16421711983184514j),(0.002251395428572738+0.027704117813551445j),5135500000
(-0.5177828648415292-0.16177376031787177j),(0.00246289493320287+0.02763679682535106j),5135750000
(-0.5178711752912254-0.1611841490385332j),(0.0023543469761183895+0.02765194709557861j),5136000000
(-0.517895845050975-0.1592824073704712j),(0.002505721196319964+0.02759418572244114j),5136250000
(-0.5191366695878082-0.15946479246236547j),(0.002762989347373666+0.02744449456787973j),5136500000
(-0.5178473149003602-0.16002398481732968j),(0.0023893403865031474+0.02757125763041533j),5136750000
(-0.518140742074198-0.15794330110354626j),(0.002595439405777244+0.027379912898881135j),5137000000
(-0.5182033573248209-0.15908760092396496j),(0.002462093031913464+0.02744878884757701j),5137250000
(-0.5178535302353066-0.15531112154254748j),(0.002639259836630441+0.027286066808308074j),5137500000
(-0.5182633955058541-0.15703815866147414j),(0.0028005736401860546+0.027295754497007888j),5137750000
(-0.5177185315613357-0.1547712751668134j),(0.0027001283424640038+0.027286142664482j),5138000000
(-0.5184597617637008-0.15579404145024472j),(0.0029046595198267532+0.027157870444677393j),5138250000
(-0.5179472525446063-0.15620305530094994j),(0.0027907710026657926+0.027298184456969996j),5138500000
(-0.5178544228673294-0.15443379536619045j),(0.002877190336215681+0.027214385192136453j),5138750000
(-0.5179935062412527-0.15347645971644994j),(0.003006656702147648+0.027172927726462195j),5139000000
(-0.5173497616858372-0.15304825237065492j),(0.002844273999509033+0.026989044698200224j),5139250000
(-0.5169794769831146-0.1508641194475843j),(0.0030832957881380737+0.026920159254941164j),5139500000
(-0.5169754258781217-0.15165826086104142j),(0.002849030832313118+0.027012224080030803j),5139750000
(-0.517441344834136-0.1488600302822911j),(0.0028972935114779637+0.02699305201564403j),5140000000
(-0.5170094766226971-0.15000208852646288j),(0.0029652952404183616+0.02687000638805473j),5140250000
(-0.517437604733008-0.14962741846563488j),(0.003128219250575751+0.02694552387075621j),5140500000
(-0.5182788880741913-0.14970719031051696j),(0.0032305072607843894+0.026953992382602876j),5140750000
(-0.5165948665889973-0.15016799888540727j),(0.0029688060644997624+0.02679743800007577j),5141000000
(-0.518577774153959-0.14586108812974705j),(0.0033441960190724583+0.026799550760794703j),5141250000
(-0.518073807465947-0.1502837358835287j),(0.0033021093482095126+0.026677978961418623j),5141500000
(-0.5164876648240119-0.14804269943708293j),(0.003339418375977489+0.02678678207091027j),5141750000
(-0.5180647293787761-0.1494632064144065j),(0.003289533382813922+0.026759174313376283j),5142000000
(-0.5169823837168037-0.15106787312619255j),(0.0031083161306684976+0.026804908949262043j),5142250000
(-0.5163210662869671-0.14588573005800504j),(0.0035500191356559324+0.026636199460321003j),5142500000
(-0.5165425087605414-0.1468339620845483j),(0.0034070225500460165+0.026656834902369718j),5142750000
(-0.5166877906748624-0.14218484996613723j),(0.0036803183192678337+0.026580763167697995j),5143000000
(-0.5168763560707043-0.14420671232347462j),(0.0034853721371131755+0.026521017295083823j),5143250000
(-0.5171952148787259-0.1454808137511533j),(0.003572407886791433+0.026594401931315632j),5143500000
(-0.5170189462127184-0.14265278933232237j),(0.003676148441653408+0.026367265064699108j),5143750000
(-0.5165495818180187-0.14174777365765964j),(0.0037219812455953566+0.02652318221603287j),5144000000
(-0.51581209402137-0.14389722271663064j),(0.0037438759332587023+0.026478054065837756j),5144250000
(-0.5169683001376518-0.1396607669060674j),(0.0037743475524006746+0.0264541857117757j),5144500000
(-0.516041932293308-0.14276899025792986j),(0.0037647703697744317+0.026390526662043064j),5144750000
(-0.5157206980784264-0.14363086280518292j),(0.0039152199202501445+0.026467490516707746j),5145000000
(-0.5147146015381818-0.14014574957728043j),(0.004072112448687229+0.026431005677581623j),5145250000
(-0.5159202187978176-0.1426593203458808j),(0.0037518335339037307+0.02627432871029962j),5145500000
(-0.515802319925522-0.1417762732671875j),(0.004134120763175233+0.026382728759587984j),5145750000
(-0.5147169321134352-0.14091866600479733j),(0.0038447884540536723+0.02624677958772861j),5146000000
(-0.5161116360078996-0.14042576068643176j),(0.004220228608407027+0.026297151841192648j),5146250000
(-0.5150811849105978-0.14092681552456995j),(0.003985829519911813+0.02622533343625725j),5146500000
(-0.5148383255903829-0.13775095157396405j),(0.004079977977336933+0.026053159338646856j),5146750000
(-0.5159989720060921-0.13660127310351797j),(0.004266389142136737+0.02609613928825038j),5147000000
(-0.5155513609680276-0.14201818043963413j),(0.003931562683921873+0.026344656645783858j),5147250000
(-0.5147915756807702-0.13723481725506717j),(0.004393954552524446+0.026090929645661218j),5147500000
(-0.5154633978344941-0.13894817490707131j),(0.0041344218810746855+0.02598598112943623j),5147750000
(-0.5159353981752103-0.13606827205427247j),(0.004202973361158848+0.026031260340627728j),5148000000
(-0.5157568651411194-0.13362108602876138j),(0.004464215989872337+0.026061610510180896j),5148250000
(-0.5159637369098176-0.1367770669561016j),(0.004210862013625987+0.026009518245783254j),5148500000
(-0.5147025084000256-0.13397315196495319j),(0.00451804687182745+0.025960401331543648j),5148750000
(-0.5150717822153098-0.1338387466541586j),(0.004423081749988119+0.02589859136291964j),5149000000
(-0.5153309595533667-0.13233222674529238j),(0.004431091029847545+0.025839285976094594j),5149250000
(-0.5146710689697805-0.1388630201200909j),(0.004332043754326734+0.02589121512358275j),5149500000
(-0.5140434980264117-0.13108065914975361j),(0.004678080981326116+0.025663345425323864j),5149750000
(-0.5154667104182971-0.1325265642329458j),(0.004580673084038584+0.02573524818081151j),5150000000
(-0.5154379418670606-0.13582547853029858j),(0.004515572945981423+0.025909469008383205j),5150000000
(-0.514016485284125-0.13202522298557132j),(0.0044313569703957586+0.025754596900774154j),5150250000
(-0.5140085086814766-0.12945017586685098j),(0.004754816409523437+0.025955467248589714j),5150500000
(-0.5145116954099731-0.128729811157291j),(0.004733196503334671+0.025770141920086472j),5150750000
(-0.5137574928299666-0.12929143428582354j),(0.0045512785918332965+0.025844083287666103j),5151000000
(-0.5139048224230003-0.13323596154312048j),(0.004574540266200099+0.025740017145570886j),5151250000
(-0.5143764567787076-0.1312335464466606j),(0.0045664811917853045+0.025696665493523417j),5151500000
(-0.5159269755682789-0.12554941538160436j),(0.0050273765400126805+0.025592823316111356j),5151750000
(-0.5138619569914492-0.13447654694675762j),(0.004544535034254364+0.025620344284714474j),5152000000
(-0.5140800226414882-0.12765425687868617j),(0.004783225508123892+0.02552399342162887j),5152250000
(-0.5138551404453446-0.1300470606128324j),(0.004863760452423621+0.025629815639735952j),5152500000
(-0.5131964634510124-0.1287002174772464j),(0.004831641382166316+0.025527279120311077j),5152750000
(-0.5146051304784914-0.13128076282063583j),(0.004809881002729128+0.02558660970170212j),5153000000
(-0.5129151984430992-0.1266486854314583j),(0.00485946158386808+0.02538253342740801j),5153250000
(-0.5144733473787111-0.12645179274344134j),(0.005014664343369291+0.025431225064095866j),5153500000
(-0.5142002610745559-0.12851080483878732j),(0.005106882155838346+0.025324352161569592j),5153750000
(-0.513904074003797-0.12498532259175729j),(0.004935226360243822+0.02540317382012885j),5154000000
(-0.5136289573940989-0.12205830105482611j),(0.005371068973800998+0.025234827963786524j),5154250000
(-0.5134546953802827-0.1222741463226206j),(0.0051617850902220125+0.025276266152158725j),5154500000
(-0.5144423030541302-0.12615856686538188j),(0.005035408016433426+0.025233329599197055j),5154750000
(-0.5129228922800732-0.12220411386784057j),(0.005336860289542827+0.025252374176852416j),5155000000
(-0.513532367905795-0.12114403367818076j),(0.005262653432452849+0.025061089646043748j),5155250000
(-0.5144633316447844-0.11923973552855544j),(0.005284254236828123+0.025150019618737897j),5155500000
(-0.513447168360267-0.12329506077157987j),(0.0051922051607501424+0.025041778468937632j),5155750000
(-0.512875444777304-0.12035532892236088j),(0.005580423694440414+0.024979531457167248j),5156000000
(-0.5125765498213417-0.1232837840940373j),(0.005340566771708187+0.025026739475601485j),5156250000
(-0.5128357979677219-0.11881092576732749j),(0.0056646247781829825+0.02492958742001262j),5156500000
(-0.5128790377405763-0.1222325114294141j),(0.005786008625616675+0.025065053435449392j),5156750000
(-0.5120140408309678-0.12140351163472689j),(0.005494185599208906+0.025046827242841817j),5157000000
(-0.512732195196182-0.11719555694073362j),(0.005711234585091533+0.024960394132094305j),5157250000
(-0.5120620816154089-0.11901461201643139j),(0.005674302885618477+0.024960732866118825j),5157500000
(-0.5125442387339991-0.11916069667892785j),(0.005682502749310236+0.024770517129236808j),5157750000
(-0.512799752232822-0.11717890114545393j),(0.00576680619027042+0.024811575487909958j),5158000000
(-0.5128550210375471-0.12073905651315532j),(0.0056091464809135475+0.024830494511444052j),5158250000
(-0.5130092527184513-0.11702662423874932j),(0.005742600349085043+0.024824045027273037j),5158500000
(-0.5127105328420083-0.11398137465910733j),(0.005637766666622315+0.024761200797509906j),5158750000
(-0.5127505168533708-0.11148235154561768j),(0.005960165162339539+0.024698216217180324j),5159000000
(-0.5121158888675718-0.11437759730924289j),(0.005809999219372109+0.024715247190446307j),5159250000
(-0.5129967386730995-0.11042143457749601j),(0.005767204828621075+0.02470845619921284j),5159500000
(-0.5125829980564267-0.11415122149441696j),(0.005887102998353521+0.024540341278321453j),5159750000
(-0.5122757987260622-0.11064123655657873j),(0.006004015001178347+0.024632856812803066j),5160000000
(-0.5129258958597582-0.10965945981399369j),(0.005928534434144415+0.024578955306125055j),5160250000
(-0.5115734979873495-0.10986254457193223j),(0.006020905886507782+0.024526698833167552j),5160500000
(-0.5110158933755649-0.11255047786994837j),(0.005886708333608074+0.024547322621772876j),5160750000
(-0.5121060028842851-0.1068503555128378j),(0.006150246882409106+0.024464334107268764j),5161000000
(-0.5117043903573788-0.10676063559393852j),(0.005992632728242815+0.024367752463324743j),5161250000
(-0.5120728892805777-0.1077547124718626j),(0.005965048304822139+0.024289658205857347j),5161500000
(-0.5117869465832551-0.10353589718474153j),(0.006293784897288748+0.024424241335939716j),5161750000
(-0.5115591727335514-0.10773730030813052j),(0.005920848262529584+0.024235030375503605j),5162000000
(-0.5106853261023692-0.10794463576294566j),(0.006073294278020726+0.024227920335300943j),5162250000
(-0.5112377175425558-0.10820743158002295j),(0.0059984262194913845+0.024180732247387635j),5162500000
(-0.5105268045183131-0.10295926800406507j),(0.006129103214827038+0.02425418862649494j),5162750000
(-0.511072672029269-0.10404656407621195j),(0.006350983326120811+0.02426398127186355j),5163000000
(-0.5113730214486535-0.10481454077542193j),(0.0061191877984633665+0.024183632722435927j),5163250000
(-0.5127700721430493-0.0975926362485474j),(0.00638037671497658+0.024144141840847642j),5163500000
(-0.5109299672889039-0.10415342797061877j),(0.006320766159798753+0.024062107236298914j),5163750000
(-0.5113336959218046-0.09758438706112195j),(0.006466316428110483+0.024163741988171852j),5164000000
(-0.5119174244036554-0.10189330537755613j),(0.006459887196561332+0.024078320495963635j),5164250000
(-0.5112759037388409-0.0968474118620905j),(0.006620502207205086+0.024021472915228152j),5164500000
(-0.5101721052636679-0.09476371760722799j),(0.006728292213654669+0.024005898453009336j),5164750000
(-0.5111993023992155-0.09832206117289782j),(0.006511741080956061+0.024062319036756086j),5165000000
(-0.5129462563016065-0.0968743966402551j),(0.0064794266357610444+0.02397439126718903j),5165250000
(-0.5118112233298269-0.09925429000965663j),(0.006663132684757996+0.023866643188260678j),5165500000
(-0.5112728741860426-0.09577757165821785j),(0.0067755349101074145+0.023999849888397283j),5165750000
(-0.5107387879549516-0.09547438480863793j),(0.006541633390910518+0.02377517627021504j),5166000000
(-0.5125521206731556-0.09543573486082585j),(0.006643548911976972+0.023871894767800026j),5166250000
(-0.510188626504247-0.09428846081349247j),(0.006846505500288171+0.02380392803864641j),5166500000
(-0.5112995016974736-0.0927987582113667j),(0.006899633706940578+0.023606647756475852j),5166750000
(-0.5103549193820245-0.09514373162723475j),(0.006889126809291421+0.023711697843653793j),5167000000
(-0.5112656398454585-0.09220980820133688j),(0.006862177015111302+0.023825475872290308j),5167250000
(-0.5110427898756118-0.09679360303180547j),(0.006845433890898662+0.023650090953587402j),5167500000
(-0.5096233598719104-0.09297135431672449j),(0.006811239716286415+0.02368004925781506j),5167750000
(-0.5110126362706574-0.0894307146274313j),(0.0070711546484216025+0.023617676764253883j),5168000000
(-0.509870078053459-0.09201628035977664j),(0.006941641599488088+0.02372588711269349j),5168250000
(-0.5103584968707644-0.09255106524585768j),(0.006812068339836935+0.023621848613064288j),5168500000
(-0.5079849147254738-0.08576344494075204j),(0.0072058367942868925+0.023488101177053876j),5168750000
(-0.5096573151165609-0.09156070534228683j),(0.007149327311101591+0.023580702714341484j),5169000000
(-0.508770379036496-0.08821158448721009j),(0.007006958302463127+0.023381651627544346j),5169250000
(-0.5100736616187671-0.08771682580528962j),(0.007306541036508663+0.02345484962376328j),5169500000
(-0.5083306030165671-0.09080215501274397j),(0.007143760902076718+0.023497949004585045j),5169750000
(-0.5095722627172874-0.08768222008393922j),(0.007466217895249464+0.023341269809865818j),5170000000
(-0.5087463356343659-0.09054037456757096j),(0.007219116087857644+0.02337643709891319j),5170250000
(-0.5086638758864431-0.08732825903991764j),(0.007292870187118356+0.023322628856889443j),5170500000
(-0.5083042016037225-0.09005983735352423j),(0.007190711383555433+0.023321991931060757j),5170750000
(-0.5083621819651537-0.08344645160567384j),(0.007391614773588995+0.023202995426202876j),5171000000
(-0.5064484198810429-0.09022734415490519j),(0.007136636960184211+0.023127138894454412j),5171250000
(-0.5075290708250192-0.08585377532191005j),(0.00739961698671243+0.023281208752037985j),5171500000
(-0.5063413584459034-0.08893004368260761j),(0.0073373006952787475+0.023139708912689502j),5171750000
(-0.5073337688569716-0.08617374885189891j),(0.007476285689868247+0.02335464843887117j),5172000000
(-0.5071119699075514-0.08554427354385202j),(0.007446687834766297+0.023036051242961784j),5172250000
(-0.5064152837399843-0.08663012531798234j),(0.007436248532426163+0.023205301085842317j),5172500000
(-0.5062586739316512-0.07993942192008519j),(0.007526367684569984+0.023013150586448913j),5172750000
(-0.5057505830367077-0.08585473721969726j),(0.007540927283045735+0.02310819730029717j),5173000000
(-0.5058076874547731-0.0833053853226385j),(0.007569329811053305+0.023120502734648093j),5173250000
(-0.5052004034656684-0.08380160930523874j),(0.00751250450862629+0.02295212486806461j),5173500000
(-0.5059879725622655-0.08204048740969462j),(0.00763038337240165+0.02294418558789078j),5173750000
(-0.5055103115076309-0.08133393368555726j),(0.007763270345849907+0.022969781715182568j),5174000000
(-0.5062756873591241-0.08309313074565074j),(0.007700758558850799+0.022999306939451177j),5174250000
(-0.5049979444708979-0.08287192033212405j),(0.007591347197322377+0.022888448233345706j),5174500000
(-0.5045513536317877-0.08042463732952475j),(0.00783498267283457+0.02287878261050749j),5174750000
(-0.5057712333866442-0.08096672256402009j),(0.00787346863429042+0.02293053704438303j),5175000000
(-0.5054688792940581-0.08205978644918142j),(0.007827850646300148+0.022873704691188844j),5175000000
(-0.5045123560261712-0.08168920752045465j),(0.007949002435244146+0.02286023603397173j),5175250000
(-0.5054917159440951-0.08055545624191927j),(0.00794290114339652+0.022796286839573233j),5175500000
(-0.505182853211609-0.07746669096296804j),(0.007863706881289659+0.022714126444710544j),5175750000
(-0.5058894273923528-0.07655018735954743j),(0.008036437782445786+0.0226805909752806j),5176000000
(-0.5047299212222336-0.07769311904119193j),(0.007980836263868809+0.0226638260653439j),5176250000
(-0.5042239309424305-0.07568682714259245j),(0.008077549051064512+0.022654988988263916j),5176500000
(-0.5041148347602237-0.07466460158518125j),(0.008239212987710227+0.02258355210457087j),5176750000
(-0.5050223661902864-0.07448307394794085j),(0.00818465459265446+0.02264836977014954j),5177000000
(-0.5038072787141352-0.07546959494200192j),(0.008222127828048754+0.02244057955412964j),5177250000
(-0.5047934576387008-0.07397253896978671j),(0.008168148550987289+0.022473967875060234j),5177500000
(-0.5045733875496379-0.07202568222899951j),(0.008277105239092189+0.022472970171646185j),5177750000
(-0.5042609657311529-0.07513025167273109j),(0.008301827007975241+0.022375662566972238j),5178000000
(-0.5045612885329033-0.07019790089561326j),(0.008483110283671652+0.022499861046635046j),5178250000
(-0.5040450887351261-0.07313401317860112j),(0.008303125076635304+0.022396046132448118j),5178500000
(-0.5035027184830362-0.07280875331048546j),(0.008507814460570213+0.022379881511644804j),5178750000
(-0.5034773422112846-0.06985466264323309j),(0.008614529747393646+0.022167168539477602j),5179000000
(-0.5027133973359168-0.06951214556166498j),(0.0084431199067435+0.022265933694314073j),5179250000
(-0.502165439707941-0.06739763792071095j),(0.008541716706738055+0.02221127861056955j),5179500000
(-0.5023429031258618-0.07014461307764616j),(0.008553036114896436+0.02229059675742952j),5179750000
(-0.5024038164500996-0.06678299121794659j),(0.008613948541928644+0.022267692569652085j),5180000000
(-0.5031272287538775-0.06906044164437469j),(0.008621223051524083+0.022128765649980855j),5180250000
(-0.5020165123479494-0.06926165131297322j),(0.008824439791841112+0.02215250592526334j),5180500000
(-0.5042154389784691-0.06634167726339332j),(0.008730936027442078+0.022128739036986696j),5180750000
(-0.5018440823434203-0.06721945334854178j),(0.008700447628572625+0.02212811578006301j),5181000000
(-0.5025595414904191-0.06568897031517176j),(0.008758759673315221+0.021991684472387245j),5181250000
(-0.5015554747166161-0.0686726565008471j),(0.008807039711358166+0.021954615234053565j),5181500000
(-0.5018838401046014-0.06637723440749081j),(0.008889417071547594+0.021850124132048402j),5181750000
(-0.5004671834497425-0.06879840767810295j),(0.008831391985388267+0.021856597282330407j),5182000000
(-0.5014009273138674-0.06487290718727333j),(0.008824290444832864+0.021791274097384614j),5182250000
(-0.5008168308591084-0.06733823402280446j),(0.008926456793486272+0.02167308128698723j),5182500000
(-0.5005199908193213-0.06488270299867199j),(0.008844302717973816+0.021860649736155417j),5182750000
(-0.4999808278261508-0.06379942926199086j),(0.008978002244193917+0.021740851415542006j),5183000000
(-0.4993491750563661-0.06421231121224504j),(0.008755355831438025+0.021764158938942985j),5183250000
(-0.49990871021320465-0.061574083503971526j),(0.009059117996965453+0.021689023358595665j),5183500000
(-0.498867184744525-0.06425419292746294j),(0.008881785284625713+0.021700450744555618j),5183750000
(-0.4981611567422007-0.06254899827694983j),(0.008956468256620574+0.021561801652582282j),5184000000
(-0.49926268255748274-0.06223097864015705j),(0.008982243747958217+0.02151835173582899j),5184250000
(-0.49878019754312963-0.06211982105532995j),(0.008931956667988294+0.021378351150688896j),5184500000
(-0.49855450467550233-0.061511526576594006j),(0.008976894805022714+0.02135498284116159j),5184750000
(-0.4986296883577379-0.060985202594854675j),(0.009053924535530167+0.021487611424340018j),5185000000
(-0.49878897635277064-0.06044107348843486j),(0.009128985288671131+0.021454905121586695j),5185250000
(-0.4984647633343934-0.06154758149249508j),(0.008965700052313657+0.021366213747942158j),5185500000
(-0.4987963646039916-0.057269001691869575j),(0.009232981408772609+0.02130037674670139j),5185750000
(-0.49792621948488-0.06049788249956855j),(0.009117397122805983+0.021321462245301133j),5186000000
(-0.49943240050546744-0.058173523238390215j),(0.009221406408412867+0.021273738825799714j),5186250000
(-0.498088171319029-0.05918770656334968j),(0.00911907091136727+0.021290497530000715j),5186500000
(-0.49875177209056315-0.053774687452610714j),(0.00928802368296294+0.02124572380618643j),5186750000
(-0.4978550811846506-0.056414977835912435j),(0.009131398665973563+0.021203466276155387j),5187000000
(-0.4977535814403804-0.056041371209386494j),(0.009342927292393966+0.021176876472503058j),5187250000
(-0.4976861726704362-0.05652837805515162j),(0.00929818461426717+0.02134097078151098j),5187500000
(-0.49819610269085135-0.052697325687404435j),(0.009203996503096792+0.021151369770187476j),5187750000
(-0.4974688866392574-0.053645252413323j),(0.009425331060099481+0.02117106041218205j),5188000000
(-0.4973287832344549-0.05487499124404932j),(0.00941096753108162+0.020943922316149118j),5188250000
(-0.49704381078495846-0.0486232109527332j),(0.00940077599181662+0.020993964038600387j),5188500000
(-0.49563074951762476-0.05256508920334986j),(0.009361612023341275+0.021051019307876142j),5188750000
(-0.49625708799895063-0.05086607777617658j),(0.009349017061272773+0.020891007124818277j),5189000000
(-0.4945725768021583-0.05350028607473857j),(0.009418676932559614+0.021123782532581733j),5189250000
(-0.49687678813268915-0.050652513925029174j),(0.00934660400383712+0.02089108133714606j),5189500000
(-0.49563397880409643-0.04839567747197872j),(0.009585759919873316+0.020933303051476605j),5189750000
(-0.4968413953884393-0.05027180452547978j),(0.009489235118633036+0.02090156267692488j),5190000000
(-0.49551668209205707-0.04796066493002369j),(0.009437707532028074+0.020820502997953034j),5190250000
(-0.49604655796922376-0.04949501483892329j),(0.009640072283095536+0.02094665059776652j),5190500000
(-0.4958557764027863-0.04696294722829357j),(0.00966912638305728+0.02081034567492044j),5190750000
(-0.4958797812836244-0.04816471746235601j),(0.009659414686240993+0.020782867417315345j),5191000000
(-0.49490184278334304-0.048950070612737935j),(0.009770337858122806+0.02071965718575402j),5191250000
(-0.4940774409944072-0.04683125240490736j),(0.009897095476845889+0.020599748876495075j),5191500000
(-0.4954339652029095-0.046225675393900066j),(0.009819521368335365+0.02079075171715902j),5191750000
(-0.49507079863251097-0.04794617259143551j),(0.009799201822087345+0.02076619558919017j),5192000000
(-0.4942345279885992-0.04746488108544381j),(0.009832930813018167+0.02077527040949502j),5192250000
(-0.49538584640227984-0.04430836646626327j),(0.01000289781616559+0.020530122472210557j),5192500000
(-0.4940895914831783-0.04805510271165844j),(0.00993532895087109+0.02058644996954923j),5192750000
(-0.4939982396617401-0.04604606361872238j),(0.010109484770045874+0.020449278742970936j),5193000000
(-0.49489423527086784-0.045309550305483795j),(0.010077082793047403+0.020589299214324733j),5193250000
(-0.4933246859887627-0.04610326951733959j),(0.00998513768405091+0.020575753305798982j),5193500000
(-0.4949182169085166-0.04339185768924165j),(0.010087874432736576+0.020553722360838075j),5193750000
(-0.4924490889919795-0.044943450513433764j),(0.01022043140145059+0.02042910859943256j),5194000000
(-0.49386070981721275-0.04085758798897836j),(0.010327580287959642+0.020484414875007094j),5194250000
(-0.4927754494389205-0.044776273566937176j),(0.010225412380300202+0.020357603082883164j),5194500000
(-0.49336403759474445-0.04108285537938133j),(0.010283907625687481+0.02042134382688476j),5194750000
(-0.4918876823094892-0.04335332656642225j),(0.010327903271801829+0.02028351084517382j),5195000000
(-0.49251507150821305-0.04299847496519396j),(0.010288132154678524+0.020377677665894697j),5195250000
(-0.4914895569421106-0.043102879354086146j),(0.01022236326330535+0.020295021542132495j),5195500000
(-0.49016548822238415-0.04228931006663297j),(0.010392227685699054+0.020221391836701068j),5195750000
(-0.4927480545069733-0.03970314762353353j),(0.010476785456705365+0.02028290526061118j),5196000000
(-0.49155067838968447-0.04159806457034085j),(0.01030851253299848+0.020256910386217058j),5196250000
(-0.49217068947586906-0.03779410723085228j),(0.010350308502103367+0.020089413916587903j),5196500000
(-0.4915356381595024-0.04031480664576316j),(0.010343860601137515+0.020113568611483536j),5196750000
(-0.4923126559836167-0.03701130316596415j),(0.010518159612549524+0.019985196530906125j),5197000000
(-0.49088322722032907-0.03822372027751796j),(0.010310916879984876+0.02018371823188027j),5197250000
(-0.49185100057532716-0.034878205110113844j),(0.010635084862632968+0.020066283529651112j),5197500000
(-0.49207880989684755-0.03741446333415958j),(0.010512823345619279+0.019857244224783254j),5197750000
(-0.49151348609667034-0.03527067547124698j),(0.010454190764116748+0.01990187453528852j),5198000000
(-0.490668910518446-0.039055060129946494j),(0.010419963375736422+0.019833646546783736j),5198250000
(-0.4907195384892275-0.034471278436345794j),(0.010515880974454762+0.019811293293335534j),5198500000
(-0.490488566590657-0.03373835012564855j),(0.010639188921021128+0.019906518426237703j),5198750000
(-0.4910922194778109-0.035373617212107834j),(0.010378467300172205+0.01984037274522207j),5199000000
(-0.49014795535125727-0.03369641279654196j),(0.010584727971920936+0.01986079568123773j),5199250000
(-0.489702845146002-0.033166984714362524j),(0.01039798300766508+0.01974274384125958j),5199500000
(-0.49124003490145884-0.030632919820527512j),(0.010664781540357509+0.01966733600000292j),5199750000
(-0.48975362887636875-0.03444696130778725j),(0.010413018503346787+0.019655692920889242j),5200000000
(-0.4896578055710652-0.03498910247623276j),(0.01051159887277704+0.019764637181917226j),5200000000
(-0.49005987580921867-0.03291329244561743j),(0.010573201643704788+0.019621878787875614j),5200250000
(-0.49003865188468954-0.03142273324498831j),(0.01064622846756167+0.019700229197000638j),5200500000
(-0.4895515987753936-0.0315794517512727j),(0.010458018748042867+0.019748824148409522j),5200750000
(-0.4892351404765978-0.02806724525540318j),(0.010709989987941908+0.019436057795740317j),5201000000
(-0.48934312009734626-0.033011121325747385j),(0.010664250994298791+0.019597504763520925j),5201250000
(-0.4890878945270864-0.030143999098239657j),(0.010516015337155606+0.019559178208291846j),5201500000
(-0.4879374173635811-0.03276476028542164j),(0.010474795088287272+0.019482980774316237j),5201750000
(-0.4875967114424849-0.02922435749606382j),(0.010675927110929902+0.019415145140880496j),5202000000
(-0.48947295524955803-0.028626701161664398j),(0.01070218195506045+0.01947197861608966j),5202250000
(-0.4880430470852559-0.029968837173475826j),(0.010732305583298407+0.019292619441427235j),5202500000
(-0.4890509931506773-0.027322175994074716j),(0.010674880914210743+0.019367913226267335j),5202750000
(-0.4874704233235987-0.027414154404585046j),(0.010683808119799295+0.01925771896021478j),5203000000
(-0.48752411313343436-0.02684963275653774j),(0.010955377964814616+0.019275778251748733j),5203250000
(-0.48854540325234763-0.0283414543801002j),(0.010817221993574249+0.019288706207979688j),5203500000
(-0.4870060066289855-0.025702431123206772j),(0.010935348943850608+0.019148298063015025j),5203750000
(-0.4874698059031787-0.027298377387740182j),(0.01089752445276013+0.01918610351859468j),5204000000
(-0.48709540897539455-0.025450864535591255j),(0.010999173550546804+0.019040587613247714j),5204250000
(-0.4870100016217503-0.02502753070883645j),(0.011001738614590887+0.019160066860827107j),5204500000
(-0.48646137017189456-0.026189036034662355j),(0.011060167003501814+0.01897412323081728j),5204750000
(-0.48660105305606904-0.024158559484600207j),(0.011096796023722178+0.019066766108711088j),5205000000
(-0.4858511831816489-0.025829616176377385j),(0.010995067847149962+0.01900016047093679j),5205250000
(-0.48656657719199997-0.02242077336800747j),(0.011148417243601562+0.018828927320480037j),5205500000
(-0.4831097322331747-0.02667236761834577j),(0.010891808127572846+0.018879943597422167j),5205750000
(-0.48566121690367453-0.02282599342997156j),(0.01113489218761395+0.018830224561007414j),5206000000
(-0.48481874294721966-0.024494731457199447j),(0.011049206991869759+0.018826816116210093j),5206250000
(-0.48543855759448445-0.020542518298591765j),(0.011057927382685137+0.018701251612665525j),5206500000
(-0.48508346050380985-0.02158273220192092j),(0.011236461556759328+0.018664949646294463j),5206750000
(-0.4834784101257174-0.022153624774102834j),(0.011131790751568841+0.018676263375611925j),5207000000
(-0.48319082988554707-0.02139008368805855j),(0.011167857155566103+0.01857233521693798j),5207250000
(-0.48373968421398017-0.020125551723644327j),(0.011048973524612895+0.01868140020766198j),5207500000
(-0.4857600760127029-0.017425941040299563j),(0.011161577630507954+0.018561039926575203j),5207750000
(-0.48473716068067224-0.0219410316096234j),(0.01103803257325932+0.018578896133519793j),5208000000
(-0.4842597726355961-0.015476183438295116j),(0.011178020208585857+0.01848775462236979j),5208250000
(-0.4835360070061071-0.01971768756866969j),(0.011119553696221253+0.01857683626328874j),5208500000
(-0.4835271148360189-0.018253781899969828j),(0.011227448394628723+0.018453248247620017j),5208750000
(-0.4828045801265498-0.020463771205822847j),(0.011304635664275765+0.01848914099882507j),5209000000
(-0.48216745351202794-0.016520679458981863j),(0.011122716485742739+0.018354275390953564j),5209250000
(-0.4822950109207655-0.014705394628291596j),(0.011439309000696174+0.018292037279717944j),5209500000
(-0.482035250691881-0.015324227236959476j),(0.011159030168317314+0.018384080114873913j),5209750000
(-0.48191481200000275-0.01527398097726033j),(0.011381007215941883+0.018361994645420293j),5210000000
(-0.48049769148306276-0.013856466875427595j),(0.01121069744580025+0.018109377642054916j),5210250000
(-0.48073685901530916-0.014465290549418591j),(0.011252877587211076+0.017979747862615525j),5210500000
(-0.4796579577943732-0.014814914092929085j),(0.01131848601684615+0.018066418844899245j),5210750000
(-0.4811821227372106-0.014627711096249269j),(0.011291386173464615+0.018194523780005366j),5211000000
(-0.4809988924853751-0.01301337923168942j),(0.011249693631911747+0.018116847827389752j),5211250000
(-0.48049497283661496-0.01073188713808302j),(0.011335787084561674+0.017939469490350416j),5211500000
(-0.4804517156693689-0.012996779913230306j),(0.011417597309529346+0.018060620463035134j),5211750000
(-0.47965389371006056-0.01154820839726709j),(0.011387963631075249+0.01798648000624098j),5212000000
(-0.4811505818409993-0.007909187070377108j),(0.011453280390350528+0.017869258976877814j),5212250000
(-0.479900443107164-0.010240631215676803j),(0.011483106199298822+0.017872029990414307j),5212500000
(-0.4800637299025508-0.01045096880642767j),(0.011590435421090471+0.0179415919101322j),5212750000
(-0.4790160784141397-0.010545306358860885j),(0.011507337001963939+0.01787706590315286j),5213000000
(-0.4785891657682751-0.010260557546438117j),(0.011574369793458078+0.017814165652446774j),5213250000
(-0.4794746423068295-0.009995112516294369j),(0.011613293247130884+0.017709094713709114j),5213500000
(-0.47929738623690976-0.007405560804549988j),(0.011732714675238322+0.01784487920710005j),5213750000
(-0.4784711870565234-0.010581148347263066j),(0.01160681354303278+0.017840817048367458j),5214000000
(-0.4789537861210101-0.008146236611777864j),(0.011651637355975743+0.01782921276296492j),5214250000
(-0.47772629850771325-0.00987146724593028j),(0.011715150436292395+0.017786388106881018j),5214500000
(-0.4783929786940604-0.007357517426891604j),(0.011678995886627002+0.017725383515393933j),5214750000
(-0.477611454780548-0.00933280128164617j),(0.011660161733432182+0.017692498788501848j),5215000000
(-0.4770573330175112-0.008905485965367083j),(0.011677653544408516+0.0176921323649353j),5215250000
(-0.4783303658675797-0.006589101541795614j),(0.011879911579031177+0.017390432919911773j),5215500000
(-0.47677695666300973-0.00837020021464985j),(0.01197071590364586+0.017549601928313698j),5215750000
(-0.4765324858460992-0.007241663690538051j),(0.01187947086129102+0.017440555521677774j),5216000000
(-0.4770793137472271-0.0042542307783503056j),(0.011956383202608308+0.017474870392179737j),5216250000
(-0.4770880487272165-0.006299031862767883j),(0.011804903809429019+0.017482987335847272j),5216500000
(-0.47482967158739237-0.004872158264699747j),(0.012087097759122135+0.017296118048805688j),5216750000
(-0.4751077663040535-0.007290221070620423j),(0.011989395514090367+0.017267754341399107j),5217000000
(-0.4751165381013487-0.003631837565949805j),(0.012037269160226079+0.01734721245356066j),5217250000
(-0.47541213929127896-0.005095405702527068j),(0.012145959275540085+0.017211772726469853j),5217500000
(-0.4749789186073266-0.0025955765966711366j),(0.012028664699724594+0.017234803262656584j),5217750000
(-0.47437217639421714-0.006289205070806407j),(0.012028878408821768+0.01722796421785639j),5218000000
(-0.47528918212650345-0.0037850980611207966j),(0.011950910534556198+0.017264924518058333j),5218250000
(-0.47555757488067746-0.0033923745477134827j),(0.01210062588528312+0.01712047172242186j),5218500000
(-0.4753663302820832-0.005381002530651867j),(0.012075720005948497+0.01717017186468562j),5218750000
(-0.47581779270020297-0.002017324700445288j),(0.012043814299430678+0.017134444825949034j),5219000000
(-0.4739336592352375-0.0019090501638143892j),(0.011901350163523039+0.017192875888012514j),5219250000
(-0.4756849481012419+0.0008694901949274937j),(0.012078137096717156+0.016923485257969054j),5219500000
(-0.4747091667928801-0.002937475596126281j),(0.012141995582898515+0.01703408664648406j),5219750000
(-0.4740916684525098-0.002271198373796116j),(0.011975019333892053+0.016959046333537304j),5220000000
(-0.47420965817401456-0.00280449664558968j),(0.012064658763699741+0.01698506178760394j),5220250000
(-0.47441265623442824-0.000630024812209776j),(0.012058435012817535+0.016758154959008776j),5220500000
(-0.4746709602061591+0.0011065385231306634j),(0.012038962700555373+0.01673608421598249j),5220750000
(-0.47372757922706904-0.0013714347395850218j),(0.01197386960637599+0.01683566075860724j),5221000000
(-0.47340350591721114+0.001138540060866424j),(0.012026187932974441+0.01670826548949817j),5221250000
(-0.47442726020970155+0.004160512310037097j),(0.0121421891870893+0.016727778285596115j),5221500000
(-0.47449739141389+0.0013742197931318593j),(0.011941589086542836+0.016768323236694884j),5221750000
(-0.4724011504795762+0.00011629869634727505j),(0.011982007719205844+0.016694842669214657j),5222000000
(-0.4742149319205728+0.001325912937662233j),(0.012107052810770774+0.016752146596985606j),5222250000
(-0.47212763833281046+0.0026904173073757005j),(0.01212247126034138+0.01654341300603402j),5222500000
(-0.47373768530636107+0.003658705621212238j),(0.012229630559493589+0.016312425113589518j),5222750000
(-0.4725264525955683+0.0034177845279804654j),(0.011958566250641633+0.016521977538511905j),5223000000
(-0.4727994789602057+0.0020287579086975655j),(0.012136119862289955+0.01642125098683089j),5223250000
(-0.47171895178584716+0.0046735338051659935j),(0.011958927456963088+0.016442277173757888j),5223500000
(-0.4726380154695524+0.004840351529143174j),(0.012171860352083239+0.01628401772164414j),5223750000
(-0.47116557346783944+0.004402732736388013j),(0.012023512581192324+0.016279184530234275j),5224000000
(-0.47118349743124416+0.004879942667220711j),(0.012302997170600002+0.01637588400722826j),5224250000
(-0.47123361497681776+0.006119356182370938j),(0.01219554989484283+0.016429469968653247j),5224500000
(-0.47127112276270666+0.006061685354170534j),(0.012210455767878636+0.0164504785013074j),5224750000
(-0.4705652532318902+0.00683129749153517j),(0.012258794075401888+0.016381873790937588j),5225000000
(-0.47104788156420474+0.009114295191047882j),(0.012156413733660746+0.016308986174309426j),5225000000
(-0.470000534912092+0.009098564574237715j),(0.012213051649373866+0.0163591823892305j),5225250000
(-0.47075065868899263+0.009993899698000372j),(0.012294803366445294+0.016393293215364757j),5225500000
(-0.47075404983595437+0.010622048482650933j),(0.012243030423993703+0.01628377692079486j),5225750000
(-0.469641502832313+0.012218242739114621j),(0.0121662882316778+0.01619386922775123j),5226000000
(-0.4684428672228454+0.009988238564742577j),(0.012267995632449997+0.016276194916504762j),5226250000
(-0.4689866599943907+0.01248715593206094j),(0.012426876635560306+0.016084655026593397j),5226500000
(-0.4672574726949135+0.009783841775944898j),(0.012122437130766182+0.016215675800508634j),5226750000
(-0.46959441043688066+0.014044344788741071j),(0.012486856427961103+0.01598944205091811j),5227000000
(-0.46730368132805694+0.010879967318354437j),(0.012384469544789495+0.016011422580647913j),5227250000
(-0.46821733881111743+0.01109874078602915j),(0.012340111194198065+0.016110472587759574j),5227500000
(-0.46699594149085805+0.011818424673388978j),(0.012260967711344018+0.01620827169328828j),5227750000
(-0.46678693792336734+0.01315201741274j),(0.012512021556177247+0.015975693480580977j),5228000000
(-0.46673899305308736+0.014346644734888803j),(0.012377766008422981+0.01596269201896192j),5228250000
(-0.4662136597664332+0.014088949117286316j),(0.012378485744113113+0.01608450188051263j),5228500000
(-0.46608911772154804+0.013895074188239126j),(0.012327675107890224+0.01604786141668949j),5228750000
(-0.4657121832413723+0.015082643678305259j),(0.012315259688138794+0.016100257395866353j),5229000000
(-0.46728495768326744+0.015513292985908448j),(0.012378815463166956+0.015878821958935252j),5229250000
(-0.46529691605798235+0.013830523551344903j),(0.012255582101672782+0.015881382787416187j),5229500000
(-0.4658298173290545+0.015792444057996034j),(0.012197830610085095+0.015812875730264127j),5229750000
(-0.4658324003514511+0.01638004089900258j),(0.012423554856941839+0.015866928015992387j),5230000000
(-0.46606750519969076+0.017472283514036385j),(0.01245491426259479+0.015834344091470543j),5230250000
(-0.465469738662753+0.0185458041921502j),(0.012399259405789027+0.015688561785490884j),5230500000
(-0.4655487469291197+0.016999903662527845j),(0.012423222748780471+0.01579525642656952j),5230750000
(-0.46536514627523085+0.016858028068409563j),(0.012439427817762376+0.015662933716956425j),5231000000
(-0.46686513612274494+0.021604796234003364j),(0.012373374963958869+0.015681070792130016j),5231250000
(-0.4651438757004984+0.020192018267136545j),(0.012440548545448895+0.015542657466599448j),5231500000
(-0.46424880388869205+0.01904893483185563j),(0.012379166333300806+0.015552885912395863j),5231750000
(-0.46476091644201467+0.019491241576339413j),(0.012567872277549857+0.015570934923275605j),5232000000
(-0.4634002550898554+0.018572934435532082j),(0.012413713990146237+0.01569442801285997j),5232250000
(-0.4635639062175672+0.0216489070800969j),(0.012576730872292016+0.015446533745420413j),5232500000
(-0.4630066060181261+0.019486335969124555j),(0.012445410505977153+0.01540415718281691j),5232750000
(-0.4626490478272+0.019438361015535102j),(0.012259753262838763+0.01550993346701153j),5233000000
(-0.4630930416821846+0.02320215659089915j),(0.012542799800488938+0.015418476403894432j),5233250000
(-0.4614488758332662+0.020006062226993904j),(0.012267459685521521+0.015393780929595443j),5233500000
(-0.4626582581227688+0.023423263308814182j),(0.01235841228541553+0.015389513816563428j),5233750000
(-0.46178702181041603+0.02060545091564199j),(0.012444144664354695+0.01535311508903392j),5234000000
(-0.4620820190370726+0.02196220770788146j),(0.012391275992188953+0.015320980170582138j),5234250000
(-0.4620751380842647+0.024575033880742527j),(0.012471198874695374+0.01521075039358148j),5234500000
(-0.4622549136910636+0.023671203919965123j),(0.012455388048266843+0.01512517567968108j),5234750000
(-0.4613455815904258+0.025014471220298866j),(0.012633521258165827+0.015103365425061212j),5235000000
(-0.4601669407761201+0.024730713705909846j),(0.012470998592884383+0.0151943893177372j),5235250000
(-0.4613343058290051+0.02444447774436384j),(0.012728669107784996+0.015132167702921358j),5235500000
(-0.4605929165265698+0.024279487396038673j),(0.012655256555564808+0.015070620401930706j),5235750000
(-0.4614131947958093+0.026438509417156485j),(0.012663691859588586+0.014945251454015466j),5236000000
(-0.4601517205160085+0.024143102430237484j),(0.012785956023970936+0.015134005882563431j),5236250000
(-0.4596605989959501+0.026085287183948685j),(0.01258818236779519+0.014892038429108238j),5236500000
(-0.45946366962712415+0.025574924319486957j),(0.012709695213827627+0.014926022121251199j),5236750000
(-0.45962712638519904+0.026091057592523413j),(0.012619218852501625+0.01490176855493307j),5237000000
(-0.4606493491339026+0.02681168597442068j),(0.012586378121143889+0.014938554429061406j),5237250000
(-0.45939067603337885+0.026675247799054797j),(0.012767884207993805+0.014864329396369103j),5237500000
(-0.4599173427122024+0.03061056057897787j),(0.012891355741671169+0.014770051621395382j),5237750000
(-0.45843558476981+0.02803989289501131j),(0.012765120273883048+0.014805760139077036j),5238000000
(-0.4586196015666673+0.02926853702152631j),(0.012933371716859876+0.014717465448241398j),5238250000
(-0.4579503029536445+0.029635228893954462j),(0.012962525448132724+0.014719949220174283j),5238500000
(-0.4579445491229858+0.030554478561292002j),(0.012931040946430356+0.014555383739754381j),5238750000
(-0.45726551463382537+0.02790076651549923j),(0.012880786062583648+0.014669898667325565j),5239000000
(-0.4571695097122413+0.027738269958756775j),(0.012782811372298246+0.014770056085581542j),5239250000
(-0.45744392900972497+0.03077986002921207j),(0.012995915072683103+0.01449449410169072j),5239500000
(-0.45679620813779304+0.03169078258021295j),(0.013145998339355765+0.014510947163719682j),5239750000
(-0.4567826371448421+0.032297247532537904j),(0.013220766545073937+0.014509834574571697j),5240000000
(-0.4560951886367644+0.030370793785782273j),(0.012919935104304583+0.01476286167173575j),5240250000
(-0.4567637060572184+0.035670269214283304j),(0.013147781842659198+0.014519439630822983j),5240500000
(-0.45644516578339916+0.033156372096939064j),(0.013084396919502243+0.014517276597946924j),5240750000
(-0.4557479437042957+0.03799518623255061j),(0.01319042917498071+0.014439570922497315j),5241000000
(-0.45504130332160325+0.03209443780294486j),(0.01302088091656105+0.014547437745225465j),5241250000
(-0.45516795041068786+0.03574229468022192j),(0.013054584115984348+0.014444157401323576j),5241500000
(-0.4554699608708104+0.03653569368718976j),(0.013079564649826517+0.014303884142237768j),5241750000
(-0.45588495326309286+0.03784877019652504j),(0.013070996125802955+0.014397268141218514j),5242000000
(-0.454523398651542+0.03663013074776598j),(0.012988895770611755+0.014426151842426245j),5242250000
(-0.4554557846908206+0.03706573989724168j),(0.013086374415974336+0.014325957783391149j),5242500000
(-0.4543080323122683+0.03961611723042433j),(0.013155776468211618+0.014282261870031971j),5242750000
(-0.4535140432051428+0.038741095305489054j),(0.013219551792702115+0.014282578604737852j),5243000000
(-0.4534178354770989+0.039139122817484j),(0.013068053000604816+0.01435069574428994j),5243250000
(-0.45341807136838197+0.04014709306996556j),(0.013268969671503358+0.014300985746374326j),5243500000
(-0.4520851116969563+0.03955839382198947j),(0.012924624526654015+0.014314416542603632j),5243750000
(-0.4529829096362307+0.04429538895590247j),(0.013258885307187182+0.01410725181551974j),5244000000
(-0.45192095879131416+0.03827875910859018j),(0.013054050741869366+0.014264438731862013j),5244250000
(-0.4529735411245864+0.04459713972403332j),(0.013221831906842611+0.014099222150291918j),5244500000
(-0.45154276790813963+0.04258263900380355j),(0.013255783262048718+0.014071032918663236j),5244750000
(-0.45135176435709184+0.04456795348124632j),(0.013107986438504738+0.014183824906008264j),5245000000
(-0.4511393602833406+0.04372836648983557j),(0.013089899865044049+0.014061690451975585j),5245250000
(-0.45089034578139536+0.043820576142771336j),(0.013098115510465698+0.014135673456778958j),5245500000
(-0.4514913072112543+0.04477058561464161j),(0.013269892653839335+0.013889624405026653j),5245750000
(-0.45077171015458795+0.044910499781144884j),(0.013307711586067084+0.013940032586074402j),5246000000
(-0.4512390535419451+0.045310024237534j),(0.013135656180414805+0.01388510218434545j),5246250000
(-0.4497826415145874+0.04629072152758427j),(0.013148020814695521+0.013909087275748076j),5246500000
(-0.4497399763743761+0.04555236980923956j),(0.013160360132748261+0.013968954913934347j),5246750000
(-0.45007475069940023+0.04690029075230862j),(0.01324923258587439+0.013834076938552521j),5247000000
(-0.4489924540123839+0.04491682789459557j),(0.012991785787105203+0.01393391132544295j),5247250000
(-0.4494335647580395+0.04872450408873867j),(0.013361566809654881+0.01371294112215449j),5247500000
(-0.4488955297410624+0.04682617688792284j),(0.01323276834613734+0.013782693113338816j),5247750000
(-0.4484561659001343+0.048950927904781984j),(0.013179956145982337+0.013661398094146458j),5248000000
(-0.44827984199546805+0.04840879639341728j),(0.013197609206849826+0.01363814478812251j),5248250000
(-0.4477828909720405+0.05068655244530937j),(0.01326417117147847+0.013627922068317557j),5248500000
(-0.4472611872866706+0.050132921801956554j),(0.01325280099497731+0.01358804124924153j),5248750000
(-0.44801893740234305+0.05051812191586762j),(0.013252786378938201+0.013602459075938891j),5249000000
(-0.4469743499202141+0.052024956174254885j),(0.013303855573577153+0.013579416796879093j),5249250000
(-0.4454417250269693+0.049896637480642214j),(0.0132444312371727+0.01370795566681571j),5249500000
(-0.44570535197390765+0.052966774616995886j),(0.013193346906117068+0.013678856028772847j),5249750000
(-0.4456473938957246+0.05207444237806187j),(0.01324633015680159+0.013511801454982146j),5250000000
(-0.445931480875554+0.05454490874883656j),(0.013087900945949225+0.013430644159171147j),5250000000
(-0.44502599385658054+0.05112061767939742j),(0.01335953126625257+0.013356124391339649j),5250250000
(-0.44481658782220346+0.053374499683531654j),(0.013401801188837508+0.013393116519598534j),5250500000
(-0.4445924930966855+0.053745124270142046j),(0.013274936635591381+0.01337829006807169j),5250750000
(-0.44429529361547343+0.05231542960851246j),(0.013235511326535157+0.013318275570714782j),5251000000
(-0.44405709414599404+0.05554032300659684j),(0.0132785138335525+0.013384005404297824j),5251250000
(-0.4444387354573791+0.05667900380354382j),(0.0135464859136915+0.01336222681477447j),5251500000
(-0.4430141812840973+0.05488431715994598j),(0.013188453598205828+0.013375577479941263j),5251750000
(-0.4434566567476414+0.056393028867724494j),(0.013448567808074512+0.013255272013619413j),5252000000
(-0.44230530749755276+0.05559723466007478j),(0.013432865869292408+0.013224515326093537j),5252250000
(-0.44271476181531333+0.05799163350052497j),(0.013560647248432997+0.013069838022923538j),5252500000
(-0.4425425123477224+0.057909086183729634j),(0.013475872662983172+0.013277113040603488j),5252750000
(-0.44162173138404426+0.05840052646200631j),(0.013537812854208372+0.01313538904626669j),5253000000
(-0.4421630148264418+0.05743404978899255j),(0.013436756217366029+0.013218857592518505j),5253250000
(-0.4408635034298979+0.05873180610360248j),(0.013344898963837884+0.013140765994373051j),5253500000
(-0.44146529963358117+0.0607581108954462j),(0.01355740106840186+0.012999286256711982j),5253750000
(-0.4412054113433121+0.0591240056613417j),(0.0135873371637421+0.013055113098970984j),5254000000
(-0.4399423562435046+0.059975092983964556j),(0.013602504703928276+0.013251558073904166j),5254250000
(-0.4402929797122118+0.06119987423136916j),(0.013486018944290162+0.013045702203554131j),5254500000
(-0.43918391479215546+0.061553482938583357j),(0.013538638291514037+0.013038445378956364j),5254750000
(-0.43855528492097456+0.0625682524421068j),(0.01356550336205445+0.013060444227580329j),5255000000
(-0.43887293796943383+0.06115165879295609j),(0.013672415025679407+0.013067679243097983j),5255250000
(-0.4388762586996763+0.06538840111542951j),(0.013820501693942744+0.01291547436853546j),5255500000
(-0.4372676286656898+0.06252493736380685j),(0.013650957813719966+0.013014327986581236j),5255750000
(-0.43739053465816224+0.06365347099215246j),(0.013510622578217916+0.013005351056187862j),5256000000
(-0.4375949981732352+0.06480247986247975j),(0.01360902514349857+0.01294869709221988j),5256250000
(-0.43723151625128237+0.06271389291544859j),(0.013566204810965468+0.012952377744914041j),5256500000
(-0.4361975399892494+0.06586295440124473j),(0.013859679858713815+0.012634623764506473j),5256750000
(-0.43599570670402904+0.0630777900741304j),(0.013536589549229322+0.012915533654536123j),5257000000
(-0.4362350424724685+0.06604362808024687j),(0.013661757891572677+0.012742766538609j),5257250000
(-0.43587026654903005+0.0662820894057074j),(0.013812802282701528+0.012915393364137313j),5257500000
(-0.43458155282098654+0.0674275410037819j),(0.013718346991492106+0.01282189401619766j),5257750000
(-0.43519506259198004+0.06755888776118632j),(0.013792011501347205+0.012533354173214583j),5258000000
(-0.43498481962561775+0.06713832651171092j),(0.01383063847315205+0.012686523810057441j),5258250000
(-0.43465326431396817+0.06837223947904474j),(0.013760055435334968+0.012740491508014231j),5258500000
(-0.43438929206613763+0.06747164650473535j),(0.013771724989675823+0.012458985122553771j),5258750000
(-0.433803650967606+0.06962930409513703j),(0.01372979806200704+0.012510168912282698j),5259000000
(-0.4335218463964339+0.0693717390671296j),(0.013855370088846818+0.012379813825665224j),5259250000
(-0.43305646145411514+0.06671362553347399j),(0.013615520998571672+0.012593151901907029j),5259500000
(-0.43279330573750974+0.07023050532091797j),(0.013843421516731456+0.012480550822760856j),5259750000
(-0.43234350124840476+0.06953300731933836j),(0.013917149410027948+0.012492619119678035j),5260000000
(-0.43214637443035314+0.0704947610831709j),(0.01376117750630493+0.012408093903410963j),5260250000
(-0.4314267154732034+0.07105354250419553j),(0.013898031905090771+0.012483986360817309j),5260500000
(-0.43048874172427476+0.07164875728773851j),(0.01392114498359401+0.012354834687091996j),5260750000
(-0.4307465592089797+0.0705877952333898j),(0.01390617084283773+0.012300499294684844j),5261000000
(-0.43005993850296476+0.07031269196545097j),(0.013818549714349902+0.012408077619432939j),5261250000
(-0.42962684871921625+0.0728212569133963j),(0.013732084443965873+0.012056425756308517j),5261500000
(-0.42905629390866773+0.07181782577492833j),(0.014005885147710413+0.012143996297066306j),5261750000
(-0.4291985100278173+0.07354038853558777j),(0.013966918847120147+0.012248433866005156j),5262000000
(-0.4292474082377+0.07310567194868847j),(0.013738992692695733+0.012213382054344716j),5262250000
(-0.4286280197277491+0.07365130992239576j),(0.013842090790148049+0.012034207231181829j),5262500000
(-0.4280080573028557+0.07423848107706521j),(0.013970382377228814+0.012161166795776768j),5262750000
(-0.4274132835946046+0.07547575571758652j),(0.013936613935213473+0.0119681420499646j),5263000000
(-0.4272337888886907+0.07635740620250302j),(0.014077918145805578+0.011994695319839231j),5263250000
(-0.4266414645366847+0.07428329649236037j),(0.013830004937119722+0.012039425573999013j),5263500000
(-0.4267895006707203+0.07632906653041563j),(0.014120776968474162+0.012052911902248845j),5263750000
(-0.42588403056092017+0.07611950466204803j),(0.013995167743908896+0.011984329575531798j),5264000000
(-0.4259241242132933+0.07880593148623653j),(0.013953597374284135+0.01195370763655788j),5264250000
(-0.42575595346217265+0.07729406219409496j),(0.01418838557968684+0.011911970030363822j),5264500000
(-0.4248925764821112+0.07852045469787858j),(0.014134606782329515+0.011876704067554086j),5264750000
(-0.42375601660079854+0.07934025751933804j),(0.014227794709067893+0.011744277782488521j),5265000000
(-0.424077004545545+0.07880420396806827j),(0.014064797368006783+0.011847528883608197j),5265250000
(-0.42330585106777346+0.08031452389439893j),(0.013847547900999162+0.011751790493576305j),5265500000
(-0.42305916185780723+0.07986784862983007j),(0.014098014574688608+0.011889073838744522j),5265750000
(-0.4231816931789036+0.08110207480465322j),(0.01412463755659543+0.01151873724680745j),5266000000
(-0.4226450808695219+0.08052446233185673j),(0.014053099390353376+0.011562704066995597j),5266250000
(-0.4213961501750388+0.08065686042385167j),(0.013956556849859098+0.011750280844765353j),5266500000
(-0.42116534356968566+0.08150715004385119j),(0.014086922489384021+0.01154462527110273j),5266750000
(-0.4217878730324548+0.08181701826177011j),(0.01411255854820522+0.011683984420519256j),5267000000
(-0.42165386708783376+0.08365280713479392j),(0.014098089028772303+0.011632500039357917j),5267250000
(-0.4210924563132499+0.08117864142418867j),(0.013964545457004075+0.01178268373138771j),5267500000
(-0.4198814141820883+0.08393867151302428j),(0.014019625590446849+0.011665820867807021j),5267750000
(-0.4203189767370458+0.08453009050999163j),(0.014055831464591929+0.011673994644497247j),5268000000
(-0.41948010303492655+0.08379094327154407j),(0.013944762009270728+0.011438955179625097j),5268250000
(-0.42018506797347643+0.08504939237250013j),(0.014010852164894245+0.011485314468911463j),5268500000
(-0.41905129568893595+0.08580356467341925j),(0.014130014367441709+0.0115882344614008j),5268750000
(-0.41964348361204284+0.08556965296138208j),(0.014098938159660507+0.0114742733713268j),5269000000
(-0.41836722721582625+0.08664223865040842j),(0.014078177014031346+0.011381719340266706j),5269250000
(-0.41760535627372614+0.08664741416813225j),(0.014147878200208418+0.0114712344598762j),5269500000
(-0.4181682808369527+0.08585621838645548j),(0.014154967590755947+0.011593438727237178j),5269750000
(-0.4178343301993546+0.08803865180052575j),(0.01397831597229486+0.011365652304490274j),5270000000
(-0.4166291161468796+0.08669653952283475j),(0.014061011380983387+0.01139359986913164j),5270250000
(-0.4165062281280315+0.08835693478884014j),(0.014076754028284809+0.01143662333869028j),5270500000
(-0.4162829200208187+0.0883495617857002j),(0.013973411486335897+0.011440307497836774j),5270750000
(-0.4155874071522381+0.08754081266270466j),(0.013910451476865234+0.011296799602564883j),5271000000
(-0.41496498597977244+0.08899372175172313j),(0.014028098712721614+0.011257005099467369j),5271250000
(-0.4150676925543822+0.0889119972242308j),(0.01385186982058586+0.011328079724603313j),5271500000
(-0.41398162985521025+0.08993901029227712j),(0.01404451673192203+0.0112732759430653j),5271750000
(-0.41471943891478513+0.08952066147247813j),(0.01402876346516424+0.011245849902409538j),5272000000
(-0.41302076928866244+0.0892979022547582j),(0.01406452764649539+0.011318026014883763j),5272250000
(-0.4134949893106646+0.09060261896650418j),(0.013910530366915974+0.011136982017007665j),5272500000
(-0.4132783063902655+0.0906340126458345j),(0.014056790320865473+0.011266397297854794j),5272750000
(-0.4130649021636569+0.09157477459544057j),(0.013975348188721268+0.011261049451248433j),5273000000
(-0.4128696886774739+0.09099330888085534j),(0.014143004967683805+0.011074437189690882j),5273250000
(-0.41147799274436825+0.09242585028552057j),(0.014126806006341718+0.011112635587714128j),5273500000
(-0.4123326909358398+0.09263144787030339j),(0.014153938123013932+0.010978227052622538j),5273750000
(-0.41191058216325277+0.09338821622315847j),(0.014056739135921018+0.010955859351170839j),5274000000
(-0.411000075327645+0.09341655190028332j),(0.014184422915497307+0.010859087361758857j),5274250000
(-0.41045292472718675+0.09408535235875877j),(0.014058441502348163+0.01109826020601683j),5274500000
(-0.40998377940447045+0.09618669838433455j),(0.014268339246025554+0.0109941811754138j),5274750000
(-0.41015750317083893+0.0951666123150669j),(0.014177662217610926+0.010988587656132972j),5275000000
(-0.41000727628811+0.09477804093499671j),(0.014069253485303686+0.010811596633710844j),5275000000
(-0.4092635318475367+0.09700585569000193j),(0.01432284053205828+0.010792233203974134j),5275250000
(-0.40803800109893057+0.09734040938841562j),(0.014322713391434443+0.010682938039412617j),5275500000
(-0.4085259807359482+0.09614108457857544j),(0.014237977202565096+0.010851464593109757j),5275750000
(-0.4092057810652909+0.09694373536704284j),(0.01426107551724569+0.010801282370055475j),5276000000
(-0.4072634433449246+0.0984409856952515j),(0.01418395913349301+0.01072575785779573j),5276250000
(-0.4066982587833719+0.09847925578852172j),(0.014478463405744569+0.010688591255702441j),5276500000
(-0.40566813297428717+0.09880224465244251j),(0.014354920907387023+0.010666928839328016j),5276750000
(-0.405549762382269+0.09864180570849698j),(0.014303264674914617+0.010692633720801037j),5277000000
(-0.4057655735880671+0.09983736392050714j),(0.01433595880931497+0.010654791765565873j),5277250000
(-0.40463761335261217+0.09942254408087174j),(0.014539635615933442+0.010437273084989325j),5277500000
(-0.40458888158726136+0.10055861089120889j),(0.01440605928647919+0.010605630534911755j),5277750000
(-0.4040914853780584+0.10109427807213436j),(0.01461437979939495+0.010505997307304945j),5278000000
(-0.4031130094258612+0.10120573094655393j),(0.014371312150521457+0.010459625281350365j),5278250000
(-0.40257714959188634+0.10295227830371036j),(0.014515377381720644+0.01041798828180968j),5278500000
(-0.40364764780127843+0.10270760785004127j),(0.014508360701374965+0.010412090285570717j),5278750000
(-0.4023329979102828+0.10223773622491722j),(0.014482727713801472+0.010310668545830348j),5279000000
(-0.40110064392684475+0.10379019697548568j),(0.014467368116162534+0.010280991479373568j),5279250000
(-0.402181509596029+0.10360336788318487j),(0.014723063597292743+0.01029087609620934j),5279500000
(-0.4010149047664883+0.10515179001924543j),(0.014545494976134415+0.010269913624652375j),5279750000
(-0.4006788107679282+0.10396201158086726j),(0.014520129360377453+0.010384711604580939j),5280000000
(-0.4003748674197163+0.10468088465314498j),(0.01439905723241553+0.010238847666913856j),5280250000
(-0.3995806146723165+0.10641665177509442j),(0.014634378334958037+0.010160091944987655j),5280500000
(-0.4009344010877143+0.10512235807336133j),(0.014619825293122857+0.01013886318149298j),5280750000
(-0.3984389833220003+0.10708845730170483j),(0.014605530654549448+0.010062132040909076j),5281000000
(-0.399226388396713+0.1067306713132006j),(0.0146005502905605+0.010223631243904314j),5281250000
(-0.3979550458355327+0.1081184018830987j),(0.01463364659448612+0.010189085811114346j),5281500000
(-0.3978288956354697+0.10815145352635563j),(0.014585293252216448+0.009937506525455012j),5281750000
(-0.39761739173348953+0.10767068746803561j),(0.014461388027183325+0.010048855998008796j),5282000000
(-0.3968903688523518+0.10941872192457291j),(0.01461743914070565+0.009939324396454315j),5282250000
(-0.3968860588942495+0.10875307400011774j),(0.014663048877439902+0.01006428664848888j),5282500000
(-0.39621517471182593+0.10951671117249213j),(0.014559065752764059+0.010073971630002147j),5282750000
(-0.39510732044454205+0.11005785476096672j),(0.014635801765370013+0.009990152934350988j),5283000000
(-0.39547356304783443+0.10907712193919844j),(0.014507586774393384+0.010023819224748048j),5283250000
(-0.39444613688542224+0.11202224817408946j),(0.01482496219347859+0.009783176749632819j),5283500000
(-0.39382430032020094+0.10994756099652556j),(0.01469779940172837+0.009883961135263516j),5283750000
(-0.39347413643593815+0.11263243227541658j),(0.014808094919723453+0.009952080408007281j),5284000000
(-0.39394412299088594+0.11268964010780558j),(0.014962555522426306+0.009637965236676043j),5284250000
(-0.3927911596349556+0.11413891388718964j),(0.014742384227048958+0.009859015843138714j),5284500000
(-0.3920715509576431+0.11313083365885217j),(0.014802268968836504+0.009594912565518374j),5284750000
(-0.39319866629566413+0.1133705009290923j),(0.014725056363069283+0.009689731513090528j),5285000000
(-0.3923391769202435+0.11435611970407715j),(0.014782299727117075+0.009592694227250356j),5285250000
(-0.39175891631093446+0.11421939053207562j),(0.014970136406301212+0.009653774587116845j),5285500000
(-0.39079392126032464+0.1161873128178562j),(0.014755548972650329+0.009451358329278655j),5285750000
(-0.39086671379203464+0.11642133919411922j),(0.014781316756420535+0.009649647537506767j),5286000000
(-0.3894546092875139+0.11560471838606606j),(0.01489005781419856+0.009290243654046295j),5286250000
(-0.38974974044874366+0.11688740733601315j),(0.014882641270765717+0.009529704030409649j),5286500000
(-0.39003345980630977+0.11644332238661506j),(0.014771266828818793+0.009464913344018439j),5286750000
(-0.38870820884413226+0.11737682589039515j),(0.01475616350643602+0.009298845879995167j),5287000000
(-0.3895919089137887+0.11628312239814714j),(0.0148921320204284+0.009205476705511877j),5287250000
(-0.38710125652344274+0.11844969995354573j),(0.014734731224153102+0.009250175617318904j),5287500000
(-0.38695383334078204+0.11850798166564663j),(0.01505923275348464+0.009214921736514205j),5287750000
(-0.3876369674460062+0.11868821562896398j),(0.01501745622818682+0.009176335503007694j),5288000000
(-0.3865440209012051+0.12025836770281509j),(0.014951038003290092+0.009190057342840376j),5288250000
(-0.38511731155131157+0.12104073713562562j),(0.01497426396383084+0.008863371025998917j),5288500000
(-0.3849148416375784+0.12104086945239226j),(0.01500497455114356+0.00889067175697984j),5288750000
(-0.38482998840309657+0.12051946020839098j),(0.014917766079722576+0.008935011275440356j),5289000000
(-0.3854156249906503+0.12052526632834651j),(0.014914177034970659+0.008955085577617844j),5289250000
(-0.383575835992305+0.12245934735349145j),(0.015098086633053714+0.00883888102606695j),5289500000
(-0.38365043517709035+0.12203050740143034j),(0.015175772093780578+0.008837320415741277j),5289750000
(-0.3823745241286645+0.12280816868733642j),(0.014921232570624785+0.00873086057764213j),5290000000
(-0.38250429742628295+0.1223628269529204j),(0.015090462240321758+0.008807450827283566j),5290250000
(-0.38320935453229515+0.12373752093290376j),(0.014974867629140807+0.008924619330894386j),5290500000
(-0.38088157422668867+0.12514416486919003j),(0.015099937159802887+0.008639533749013637j),5290750000
(-0.3818074648765815+0.12365725431333761j),(0.01494867290325872+0.008662486603136422j),5291000000
(-0.3808408407205661+0.1246188337252682j),(0.015068455183732343+0.008732449844701111j),5291250000
(-0.3813548779673075+0.1250253778973214j),(0.015079334149270077+0.008568055954361905j),5291500000
(-0.3806604611424225+0.12561995957705036j),(0.014998789359317057+0.008563348409698097j),5291750000
(-0.3791470661346394+0.12643726401114488j),(0.015007301378362793+0.008532439743112921j),5292000000
(-0.3804230250247774+0.12535670310131802j),(0.014982456215715185+0.008579875381461582j),5292250000
(-0.3810461926395269+0.12593918861378506j),(0.014933079320667134+0.008481020904522605j),5292500000
(-0.378861610515801+0.12709926855267747j),(0.01505376250385716+0.008410542148262628j),5292750000
(-0.3771186678778041+0.1287800431627353j),(0.015047059092501988+0.008419500077502955j),5293000000
(-0.37851354612545535+0.12779404242710846j),(0.014993643823638663+0.008399245125005114j),5293250000
(-0.3763192022289995+0.12910914983401084j),(0.015053410077123281+0.008570081169926243j),5293500000
(-0.3754261897052652+0.13066846898513437j),(0.015082843879885354+0.008268996023039517j),5293750000
(-0.37628253661939626+0.1291870288200847j),(0.015025046972409148+0.008291076151353726j),5294000000
(-0.37452663834386035+0.1297554315834474j),(0.0149510599929798+0.00825524580860125j),5294250000
(-0.3739366371602558+0.13080040394593961j),(0.0150766988965951+0.008275912709368916j),5294500000
(-0.37405041908274983+0.129948412459234j),(0.01505795069252714+0.00830129304786799j),5294750000
(-0.37286748560335625+0.13129753477184938j),(0.015157288313444293+0.00810499770966792j),5295000000
(-0.3738019476168072+0.13222199711916646j),(0.015188506855877866+0.0082004706508726j),5295250000
(-0.37338655220035977+0.13252184201238448j),(0.01509821799297749+0.008201137692951988j),5295500000
(-0.3718833172545023+0.13377558155941693j),(0.014976845675533009+0.0078783333692322j),5295750000
(-0.37275155599473314+0.13211284233569676j),(0.01507938215070793+0.008239214106295608j),5296000000
(-0.37117022339150624+0.13451419643782908j),(0.01506467408119767+0.007942471791841599j),5296250000
(-0.37309598284189943+0.13264116452872754j),(0.014949194447038128+0.008112320682479987j),5296500000
(-0.3691303303413301+0.13677372581822997j),(0.015073394653013517+0.00790612659289153j),5296750000
(-0.36806537330314826+0.13583417854944063j),(0.01506707553492553+0.007849851916820392j),5297000000
(-0.36842246159156805+0.136602717089446j),(0.014897893928158544+0.007771070328087279j),5297250000
(-0.36668117019526325+0.13788902916894524j),(0.015084541326101448+0.007932060141813585j),5297500000
(-0.3660487858881446+0.1381217404658672j),(0.015107368534887202+0.007798694588154409j),5297750000
(-0.3650117732040555+0.13798214272277629j),(0.014994444952214513+0.0076349196061720765j),5298000000
(-0.36659824936853846+0.13712102723942007j),(0.014939075408443305+0.007767848040560656j),5298250000
(-0.3651694825470748+0.13876546457226002j),(0.015164500006980696+0.0076156178128212485j),5298500000
(-0.3644416754396009+0.1400752553065063j),(0.015002326921454916+0.007644308485841302j),5298750000
(-0.36447137278055325+0.13960554773208328j),(0.01486453179606028+0.007507507760308507j),5299000000
(-0.3627240748061398+0.14054183014676375j),(0.015053404346227784+0.007656387489423663j),5299250000
(-0.3641107574336668+0.14110368095707007j),(0.014997360552209241+0.007633536300513385j),5299500000
(-0.3625082554830068+0.14102081479292347j),(0.015050838681590082+0.00760820390231283j),5299750000
(-0.3613361819296131+0.14158359317529587j),(0.015023044272276962+0.007696846415963518j),5300000000
(-0.359752926411935+0.1413312626733961j),(0.015127965361690655+0.0075293728180239805j),5300000000
(-0.360175132787468+0.14218554723661908j),(0.015032653325223957+0.0076712351365903165j),5300250000
(-0.36019674327113144+0.14109041201914257j),(0.014924242537578946+0.007491849108358478j),5300500000
(-0.3604267859149094+0.14166173047670666j),(0.014919133008249173+0.0074452468774364915j),5300750000
(-0.35916529801539104+0.14343774356209668j),(0.01500466381558498+0.007326056419338466j),5301000000
(-0.36075633422465775+0.14357437060655542j),(0.01497991398498762+0.007488658636930048j),5301250000
(-0.35785841073312286+0.1442384496851051j),(0.015022452694688642+0.0074041358214486696j),5301500000
(-0.3596341451829552+0.14457446742804314j),(0.014703913738478715+0.007469775901009302j),5301750000
(-0.3571581838156041+0.14449076125097393j),(0.014701522781142971+0.0073616819852350465j),5302000000
(-0.35835924282304027+0.14449187246465423j),(0.014957654003128812+0.00745732060620998j),5302250000
(-0.35741601087785924+0.14539596509494665j),(0.015035947167489716+0.0073772508131485035j),5302500000
(-0.35769885889417957+0.14488992343967325j),(0.01489403371940793+0.00722622541812694j),5302750000
(-0.3565343016738123+0.14641324164688363j),(0.014836933376326149+0.007370241765999883j),5303000000
(-0.35611001094171796+0.14592759415618375j),(0.014987705315200339+0.0071611694994908204j),5303250000
(-0.357632615781622+0.145729498806361j),(0.014834525789999033+0.007249885398877208j),5303500000
(-0.35342524852846613+0.14799074393710118j),(0.014810522282079432+0.007028877318412004j),5303750000
(-0.35511811040684094+0.14734281912429065j),(0.014912825191532001+0.007145034616071575j),5304000000
(-0.353869813613247+0.14781395634086117j),(0.01473418019969547+0.007220800504741238j),5304250000
(-0.3535227031028577+0.14746429220834872j),(0.014876901988265958+0.007006020342467635j),5304500000
(-0.35350620969409824+0.14880834422128772j),(0.014739428928622404+0.006997387808994679j),5304750000
(-0.3509722913393381+0.1490046437121197j),(0.014715953797859931+0.006978368846515082j),5305000000
(-0.35204350078428276+0.1487487883218262j),(0.014728794260731261+0.007012120538748423j),5305250000
(-0.3509262869634623+0.15059627627705563j),(0.014755850199226392+0.007044453565775203j),5305500000
(-0.35111708630575345+0.14990616503505225j),(0.01472632171906793+0.0069723110988362275j),5305750000
(-0.3506834207308445+0.14991917867952254j),(0.014697401360846121+0.006977692317424122j),5306000000
(-0.3496731824393089+0.1504262856914289j),(0.014765756960653563+0.0068100633309444965j),5306250000
(-0.3500587604391227+0.15174148848111552j),(0.014725210575953924+0.006890542546485518j),5306500000
(-0.3478682932820584+0.15161030133442904j),(0.014766866249033117+0.006877364280893011j),5306750000
(-0.3488664589550365+0.15143867246194986j),(0.014698041926387056+0.006925459121063826j),5307000000
(-0.3479103975339135+0.15240100733431386j),(0.014668266528251914+0.007001610438562185j),5307250000
(-0.34889090898808955+0.15226503597674057j),(0.014711932980024845+0.00692989379133222j),5307500000
(-0.3476015116464169+0.1522804508238086j),(0.01468791202080489+0.006798886170272411j),5307750000
(-0.3461207408989486+0.15440454124564149j),(0.014689681439370756+0.00673790580209867j),5308000000
(-0.34526701211219+0.15449111343087804j),(0.014701653447027148+0.006755225638201934j),5308250000
(-0.34520282274278974+0.1543084175543675j),(0.014562432526494012+0.00676111187441897j),5308500000
(-0.3411462986606278+0.15614586076788156j),(0.014787061014783857+0.006718303867032319j),5308750000
(-0.3451358878696601+0.15561757925632347j),(0.014707641389030657+0.006828168551187161j),5309000000
(-0.34194464855253764+0.1567010599900936j),(0.014791960323154264+0.006628335360422654j),5309250000
(-0.3427224005836485+0.15672139896849271j),(0.014611797782388358+0.006648556623644972j),5309500000
(-0.34195739653850943+0.1567683921461908j),(0.014670803840446237+0.006619547183699861j),5309750000
(-0.34101253424447575+0.15666756056051992j),(0.014609207679680034+0.006428257939736981j),5310000000
(-0.34032415013146294+0.15666961646636787j),(0.014738764547247967+0.00651798599291293j),5310250000
(-0.34068312026577047+0.1572323746839577j),(0.014677314897844775+0.006579764245457294j),5310500000
(-0.3394509661647842+0.1581692491865221j),(0.014497163940334078+0.006628751840708571j),5310750000
(-0.3379664424573679+0.15923796468009388j),(0.01477478666019384+0.006254411029306123j),5311000000
(-0.3410421745894294+0.1578283264954118j),(0.014694673451764586+0.006443709692881662j),5311250000
(-0.33794827957873436+0.15957381536922063j),(0.014790421897689098+0.006359608652548315j),5311500000
(-0.3363813539192962+0.15918680512180586j),(0.01457385976626421+0.006302522449229542j),5311750000
(-0.3360240278732167+0.16071841582064j),(0.014697236285335188+0.00632146496880494j),5312000000
(-0.33530796874429936+0.16175712305309528j),(0.014609721022574365+0.006409396415487429j),5312250000
(-0.3358236097873488+0.1624460920336409j),(0.014831031925533322+0.006223339065877972j),5312500000
(-0.3359842477643189+0.16234762096515087j),(0.014798513806904105+0.0061771084030527515j),5312750000
(-0.3362839969212039+0.16144310062721895j),(0.014751600160500356+0.006218029058844838j),5313000000
(-0.3331074189806593+0.1638740878837034j),(0.014824937535713387+0.006220868214286265j),5313250000
(-0.337621383684575+0.16197585513442514j),(0.014624435616965893+0.006293803422894617j),5313500000
(-0.33375632869981475+0.16496032202132768j),(0.014948730267955427+0.006227885570539445j),5313750000
(-0.33110657097654933+0.16505603312118997j),(0.014668804753532884+0.006007398724465423j),5314000000
(-0.33363472194280036+0.1644956237515534j),(0.0148167883472897+0.006241785113777118j),5314250000
(-0.3322332792559113+0.1663664425760913j),(0.014835717766641304+0.006067517339251878j),5314500000
(-0.3324727449670538+0.1652344787282375j),(0.014789834612352736+0.006014063727633906j),5314750000
(-0.3300530880811538+0.16707279149161391j),(0.014863352579972186+0.005914067470184064j),5315000000
(-0.33007319689198145+0.1663628671843914j),(0.014800035189643538+0.005885395817545262j),5315250000
(-0.3293829262326113+0.16662681455640474j),(0.014953858121473023+0.0060256809078457945j),5315500000
(-0.32827377160639704+0.1667433236012557j),(0.014875609940720423+0.005776370040948988j),5315750000
(-0.3298652810804451+0.1679705179067739j),(0.014717977433180018+0.005853328911596333j),5316000000
(-0.32804795581048996+0.16824664762437672j),(0.014811595893364737+0.005810217663690998j),5316250000
(-0.3275414658299335+0.16904381230267684j),(0.014866122495300055+0.005623089556335922j),5316500000
(-0.33021420046980754+0.1680839307204836j),(0.014955845184065321+0.005829457883968253j),5316750000
(-0.3276636486186685+0.1688235857386842j),(0.014832087324496937+0.005771761338613063j),5317000000
(-0.324401041987994+0.1709701417444828j),(0.014875755237878279+0.0056123031507913845j),5317250000
(-0.3273551541392843+0.16870568953403697j),(0.014831262176208575+0.005793289128089503j),5317500000
(-0.32648779018660595+0.1701655500378078j),(0.014934176469779683+0.005837324384884712j),5317750000
(-0.32565788620223085+0.17040448292731894j),(0.014838308355540335+0.005928863410610183j),5318000000
(-0.3232715194183519+0.1696816738655991j),(0.014687851711127166+0.005747066937548778j),5318250000
(-0.3228907064900362+0.17075630600829383j),(0.014972608373638284+0.0055415782834891125j),5318500000
(-0.3204253593938873+0.17161497378644835j),(0.014831989467847997+0.00542775717243664j),5318750000
(-0.3227736089419069+0.1716177278066215j),(0.014875208748344247+0.005688148731563948j),5319000000
(-0.3230451424084074+0.17156798920537625j),(0.014858586779415147+0.0054943604371486664j),5319250000
(-0.3207362509038695+0.1721957432981154j),(0.014703692157668941+0.00537772117277427j),5319500000
(-0.3200134953073584+0.17249810986933878j),(0.014911075648613829+0.005525515267464316j),5319750000
(-0.3222699302964047+0.17145691925180745j),(0.014837606812302336+0.0056907169744940134j),5320000000
(-0.3191324208102373+0.17273961975634658j),(0.014960522132660083+0.005543290692452501j),5320250000
(-0.3194772456154075+0.17359002008220456j),(0.014798650871505052+0.00570998092752123j),5320500000
(-0.32023133782691876+0.17185344804426086j),(0.014732442737965042+0.005493207430190687j),5320750000
(-0.3185021543451348+0.17231631222701865j),(0.014699340275329474+0.005529996407689665j),5321000000
(-0.3141996519058394+0.17491575712108692j),(0.01498949817468846+0.005280902847070753j),5321250000
(-0.315256020762023+0.17467756823932157j),(0.014813717759296977+0.005361531227421419j),5321500000
(-0.31430320704372533+0.17441863590894294j),(0.01477077786753331+0.005293193926386561j),5321750000
(-0.313063535182591+0.1749490210268267j),(0.014876872251797119+0.005193004351430885j),5322000000
(-0.3129499952503763+0.1755042614689763j),(0.014830998194761864+0.00513986298047231j),5322250000
(-0.3155298884172164+0.17459341376035062j),(0.014871281984768312+0.005276466059345854j),5322500000
(-0.31422291130819086+0.17611064942247942j),(0.014691264810600428+0.005338345340375238j),5322750000
(-0.31306317764857716+0.1762021907649474j),(0.014759703560788767+0.005119784846011976j),5323000000
(-0.3118476912100265+0.17701105881050924j),(0.014779718371597665+0.00525570570898373j),5323250000
(-0.3129535415625818+0.1774566172984864j),(0.014673587285927084+0.0052083556392196724j),5323500000
(-0.31040878973653413+0.17782586407888862j),(0.014672768440534665+0.004946036239248126j),5323750000
(-0.3102155395529377+0.17835537023624085j),(0.014734879679219737+0.005083718261626921j),5324000000
(-0.30966311486731807+0.1787976052571168j),(0.014796561700694011+0.005010870055913156j),5324250000
(-0.3114921003178128+0.17935235404844307j),(0.014820955029513463+0.005089244333680234j),5324500000
(-0.3074395255454232+0.18090197554095272j),(0.014804974846783607+0.004933289590536529j),5324750000
(-0.31035524886534405+0.1806003542683395j),(0.014898433140379674+0.004978792445789465j),5325000000
(-0.3091900687342906+0.18058074672840824j),(0.014860759364334708+0.0048982371598137835j),5325000000
(-0.30913529507605547+0.18096910031855462j),(0.01481738445413146+0.004909866817466976j),5325250000
(-0.3078732316155184+0.18110674366204368j),(0.014801583114265583+0.004854019199049943j),5325500000
(-0.3075360935795307+0.18072507401363508j),(0.014829366324383869+0.00481020498270356j),5325750000
(-0.30657576639928474+0.18150432327340724j),(0.014762423590296635+0.0047827173184695655j),5326000000
(-0.3068409520420429+0.18313032841313176j),(0.014853537436170532+0.004611216201069866j),5326250000
(-0.30466448884190234+0.18360142586788214j),(0.01472984398582443+0.004653104238548128j),5326500000
(-0.3038042668859529+0.18442226980670737j),(0.014822027018892249+0.004653244998281562j),5326750000
(-0.30412459668963454+0.184439590092866j),(0.014706787302193993+0.0046013941103149065j),5327000000
(-0.30480125568847355+0.18445561984099518j),(0.014724986491232338+0.004619465967383607j),5327250000
(-0.3035967586018945+0.18525879282028151j),(0.01485021053012031+0.004510236797330384j),5327500000
(-0.30286073183177675+0.18509779926283543j),(0.014795828440775205+0.004483487730909002j),5327750000
(-0.3026525179514719+0.1852382735073097j),(0.014799524946828027+0.004710620511943051j),5328000000
(-0.2991905196390391+0.1861720098094962j),(0.014873671100524457+0.004539155043748874j),5328250000
(-0.2997450734985485+0.186410596410804j),(0.014758775726829959+0.004488710708463612j),5328500000
(-0.2999769930950374+0.18707493756565272j),(0.014852194679466699+0.00448418889969945j),5328750000
(-0.29916672904773106+0.18696178896364496j),(0.014706756633281378+0.004371171347342843j),5329000000
(-0.2985947864729242+0.18655596526380183j),(0.014608843618020697+0.004437804782680083j),5329250000
(-0.29801051132172646+0.18725585328623265j),(0.014835063412748688+0.004321229681868847j),5329500000
(-0.29788810315117087+0.1873931671636516j),(0.014609417665155163+0.004182550299431326j),5329750000
(-0.29827841118805604+0.18802049872751572j),(0.014829594770680575+0.004480869449492313j),5330000000
(-0.2981981137212523+0.1886046926698524j),(0.014790692192574803+0.004219879746613957j),5330250000
(-0.29524719125449284+0.18853323478580578j),(0.014661416486204917+0.004172409556554343j),5330500000
(-0.29480734283792065+0.1899006405828915j),(0.014592167010825878+0.004070896684947122j),5330750000
(-0.29696508600466887+0.1887613871689239j),(0.014580854606749788+0.0043125950272609095j),5331000000
(-0.293258278239152+0.1904343123298144j),(0.014478342998406205+0.004134449628072455j),5331250000
(-0.2946686407747822+0.1902716070911173j),(0.01479285403248464+0.004205539663706167j),5331500000
(-0.29263938872591727+0.19117990373185476j),(0.014487259317575512+0.004264788704280105j),5331750000
(-0.29330275361708263+0.1911736008444058j),(0.014635943288615507+0.0044199133142543414j),5332000000
(-0.2909960743335324+0.19118427821316727j),(0.014420526312719256+0.004005055560830242j),5332250000
(-0.29214665652536387+0.1915220599438519j),(0.014552593342201407+0.00427134329104618j),5332500000
(-0.28891756848006345+0.1920524234241312j),(0.014524281274827156+0.004095957954262747j),5332750000
(-0.28982061293435246+0.19121582759000494j),(0.014629290758914863+0.004184692183316088j),5333000000
(-0.28898230444182404+0.1925676043849635j),(0.014440466892068802+0.004194913237004731j),5333250000
(-0.2906403992085449+0.19314849878136975j),(0.014749944142595513+0.004006556527921545j),5333500000
(-0.2856258670743578+0.1938112190776117j),(0.014638667320863509+0.0038990720302705217j),5333750000
(-0.2883129381870775+0.19321258393348895j),(0.014716998776558703+0.003953316638060611j),5334000000
(-0.28793837663629007+0.19383784293952377j),(0.01464000570305872+0.003942341487502358j),5334250000
(-0.2864883029756142+0.1945304608355255j),(0.014532281806385777+0.003826021303708235j),5334500000
(-0.28678185284110025+0.19533954845617235j),(0.01462869085589133+0.003813925338495503j),5334750000
(-0.28551447163343285+0.19545215599053195j),(0.014514589220341946+0.003695446163060647j),5335000000
(-0.28616453425137783+0.19536051786691555j),(0.014563375260808871+0.003812803571130067j),5335250000
(-0.28571335770938594+0.19641117988197132j),(0.014608804397685726+0.003774961140677967j),5335500000
(-0.2845534816561287+0.19638219967972764j),(0.014745232155824125+0.0035407024547443656j),5335750000
(-0.28600119219695447+0.19597932337074053j),(0.014539689551574728+0.0036294258965375035j),5336000000
(-0.28445355779617687+0.1972775154584076j),(0.014578543858473781+0.0036004862436668852j),5336250000
(-0.2848897878828544+0.1970659713002714j),(0.014630230081365455+0.003577937986853395j),5336500000
(-0.2845050211480871+0.1980918451802949j),(0.014568348452483455+0.003718542777556817j),5336750000
(-0.28073580624449546+0.19784949065455004j),(0.014569091279833525+0.003603698123372765j),5337000000
(-0.28431513316240214+0.197418858621718j),(0.01434936485769769+0.003846433649513502j),5337250000
(-0.28108299182063795+0.19842997517797503j),(0.014614654452808856+0.0034636944339725387j),5337500000
(-0.2803950564837029+0.1980970788002691j),(0.014653328395327181+0.003620425214696219j),5337750000
(-0.28050072183864466+0.19928865227863116j),(0.014476416664689615+0.0034625869609123845j),5338000000
(-0.2816139766077814+0.19960089079151075j),(0.014594322924691375+0.0035261257083467014j),5338250000
(-0.2788579850959874+0.20006495922892012j),(0.014608306070555781+0.003430427428797852j),5338500000
(-0.27354425696818857+0.1981131919046328j),(0.014150178259243635+0.0030887582962173523j),5338750000
(-0.2843043039122026+0.19940202186844716j),(0.014556491440307033+0.0033442999996915767j),5339000000
(-0.28011362745736706+0.20024484744382248j),(0.014552750812632397+0.003520661704422267j),5339250000
(-0.27781203389426756+0.20095167330040478j),(0.01457155994337575+0.0034151264663264086j),5339500000
(-0.2758709063998342+0.20162092858479244j),(0.014644902392553507+0.0032874698006912606j),5339750000
(-0.27653167329227246+0.20282253393541244j),(0.014596503032408854+0.0033314174786686743j),5340000000
(-0.2692767351489999+0.20045285955695505j),(0.014260415054873922+0.003183119465855645j),5340250000
(-0.2825782820602113+0.20178816700872076j),(0.014534941978996085+0.0037284305538160777j),5340500000
(-0.2774518343929943+0.20218100222738608j),(0.014411854488413306+0.0033091346495698988j),5340750000
(-0.2736012479589207+0.2035350266906988j),(0.0144063491904753+0.003257770791056439j),5341000000
(-0.2689405896638903+0.20095126127767862j),(0.014290599532725039+0.0030735192848990595j),5341250000
(-0.2693476176215147+0.20125951025134306j),(0.014257437574328862+0.003106969194199465j),5341500000
(-0.2742862852244123+0.20067524982149812j),(0.014244642877732564+0.0035376700312632165j),5341750000
(-0.2713925765808828+0.20208133577042173j),(0.014080592652033555+0.003252213568939335j),5342000000
(-0.270070250027197+0.2020824112906259j),(0.01414699153796287+0.0033286825416192936j),5342250000
(-0.2779639588032142+0.203688598526936j),(0.014391187340960822+0.0034719265292605292j),5342500000
(-0.2670732136127608+0.20343986671362393j),(0.01398682843090516+0.0030604714641799904j),5342750000
(-0.2639954160137104+0.20388003477955724j),(0.014044880806387662+0.0031202257780656778j),5343000000
(-0.27851906029945217+0.20442875205986202j),(0.014221193399732275+0.003448749179060144j),5343250000
(-0.2610101890776478+0.20492473753936763j),(0.01417711104247137+0.002880071781533216j),5343500000
(-0.2684011315991348+0.20287550684888095j),(0.014219090217845816+0.0033042668604714117j),5343750000
(-0.265780364133897+0.20430408480113052j),(0.01408127242349815+0.003127293254840633j),5344000000
(-0.27673322930395255+0.20581608280440883j),(0.014212148715772838+0.003290508691547273j),5344250000
(-0.26098642145165085+0.20588620230059668j),(0.014030060070559288+0.0029147326129121713j),5344500000
(-0.26739634823210406+0.20576645515919037j),(0.014152569633006365+0.0030797508627562115j),5344750000
(-0.2733412467116473+0.20730222645262267j),(0.014197035465266431+0.0034871179627611946j),5345000000
(-0.26759929811697847+0.2091249619076907j),(0.014162072688310389+0.003198834449401269j),5345250000
(-0.2678644144474808+0.21005909820077395j),(0.01422673540090998+0.0031895215715400226j),5345500000
(-0.2698908816018501+0.21031997194245966j),(0.01429379137968727+0.00312404223846764j),5345750000
(-0.2653305138611062+0.21125329748446575j),(0.014026525023869418+0.0031596288726851796j),5346000000
(-0.25969323861463717+0.20978587000632515j),(0.013837729488435452+0.002849067762619957j),5346250000
(-0.2619304019378178+0.20932915403583943j),(0.01379020523246727+0.0029601419365904253j),5346500000
(-0.26330243423841526+0.2098751935892295j),(0.0139838179745689+0.003077164177537344j),5346750000
(-0.2634057068914031+0.20923950760395665j),(0.01404794503165106+0.002987666522296559j),5347000000
(-0.262995612510189+0.21051625661957224j),(0.01388979156062354+0.0028559056346065433j),5347250000
(-0.2623249943476044+0.21075779595471367j),(0.013874559767907383+0.003101827702731325j),5347500000
(-0.27218667925255285+0.2128570528601166j),(0.014171485302960746+0.0030409743449720627j),5347750000
(-0.26417075556830627+0.2146181983995448j),(0.014036804658526978+0.0030369464570166324j),5348000000
(-0.25518059635143076+0.21328129243997562j),(0.013675576260586637+0.0028122912460831874j),5348250000
(-0.2608666466214393+0.21254608222282742j),(0.013743219275638771+0.0029870581420121563j),5348500000
(-0.26763363341638124+0.21532673820409126j),(0.0140520507954174+0.0029356621862423595j),5348750000
(-0.26270490455698164+0.21604771434200062j),(0.014008212867151456+0.003025918003041988j),5349000000
(-0.2615095550483529+0.21693889719514042j),(0.014210763971291238+0.002948231068535978j),5349250000
(-0.262283016817001+0.21709598083788867j),(0.013954486276539998+0.0028671033677478697j),5349500000
(-0.2547589010258399+0.21566655047154443j),(0.013627063262813528+0.00271011368242213j),5349750000
(-0.25802925165819446+0.21478431852516092j),(0.013758572052110259+0.0027648827422887086j),5350000000
(-0.26579778235930357+0.21667177996809775j),(0.014107738883716464+0.0030114097086821894j),5350000000
(-0.2532693695240046+0.21600906669283168j),(0.013707604263924058+0.0025547849466689685j),5350250000
(-0.25847401401959835+0.2153419192601537j),(0.013732175489148452+0.0027558411456147388j),5350500000
(-0.2535270856137512+0.21693482633947253j),(0.013695749394952135+0.00263146953928911j),5350750000
(-0.2592004549046474+0.21672077302350198j),(0.013861684566706408+0.002828532249798802j),5351000000
(-0.26437659913893147+0.21839577938699434j),(0.013956044385430591+0.002982721197748523j),5351250000
(-0.2535416781597952+0.2186156263111695j),(0.013796351876474015+0.002624120882563745j),5351500000
(-0.26408783117204193+0.21941530312144916j),(0.014127325896972747+0.002948653954161576j),5351750000
(-0.2569954888408334+0.2205594337456299j),(0.013987215182254488+0.002592222985958277j),5352000000
(-0.2501203838532063+0.21896861364313774j),(0.013795753298342227+0.002557922687055627j),5352250000
(-0.25294389848512944+0.2182804970766595j),(0.013763170352407834+0.002457262686274645j),5352500000
(-0.2548990194695534+0.2185440434675458j),(0.013873612411940437+0.002661220666630759j),5352750000
(-0.2607096774069789+0.22172715498348855j),(0.014189746951536747+0.0027748114349080743j),5353000000
(-0.24998280244125654+0.2209626834922695j),(0.013906028377292002+0.0024484582384481724j),5353250000
(-0.2531090823802434+0.21926307153374305j),(0.013820598391628802+0.0026819424676359878j),5353500000
(-0.2497457057789673+0.22096635173182108j),(0.013883595722936074+0.002549570761052664j),5353750000
(-0.2549610464948467+0.22033026398874658j),(0.014027560126996946+0.0025236477023891863j),5354000000
(-0.24959484719715358+0.22102465112135514j),(0.01394065824822945+0.002458891061125913j),5354250000
(-0.24924162762204366+0.2224846798507225j),(0.014030542444650265+0.002462371436714269j),5354500000
(-0.25044282389515526+0.22183322318310328j),(0.013924969252815262+0.002547179788720177j),5354750000
(-0.24778999618736694+0.22253955226612399j),(0.013867597900787234+0.0023205720887656805j),5355000000
(-0.24543145779599593+0.22366346764866982j),(0.013914958311694283+0.0021868825835528595j),5355250000
(-0.24480103600036277+0.2229473639474099j),(0.013911073959993539+0.002325794836192204j),5355500000
(-0.2501036874264389+0.22353592379162238j),(0.01394748126629593+0.002294882047236653j),5355750000
(-0.24974645580457175+0.2236710338168205j),(0.013911092788275979+0.00228642354778944j),5356000000
(-0.24497944051366918+0.22509800585908724j),(0.013787061980690662+0.0022741195705602846j),5356250000
(-0.24782289080364464+0.225677739435783j),(0.013922690656405685+0.0020258163604095383j),5356500000
(-0.24226692631665458+0.22597180864148314j),(0.013702851935656636+0.0018909349495586517j),5356750000
(-0.24557536331825644+0.22667248104304982j),(0.01379835648377413+0.002084985965113269j),5357000000
(-0.24553831374096793+0.2262411821893351j),(0.01376935513019078+0.002134178919112856j),5357250000
(-0.24247911682548434+0.22708389317350688j),(0.013750788823825846+0.0018993435843895918j),5357500000
(-0.24343992863765632+0.22702922818849366j),(0.013839571552925596+0.0019068909438952602j),5357750000
(-0.24330470311124813+0.22716847547470775j),(0.013698108380457605+0.0018523586385361434j),5358000000
(-0.24260697625831082+0.22773628981306426j),(0.013659638322522587+0.0018006795527898557j),5358250000
(-0.23988761796870972+0.22842293896680907j),(0.013802960733583228+0.0019452337078027142j),5358500000
(-0.23946606708771037+0.22844486663937522j),(0.013726694672027267+0.0018012342702695074j),5358750000
(-0.24045087414523905+0.22900740527923447j),(0.013851642318274956+0.0019016757537041878j),5359000000
(-0.23671910775014895+0.22946985643838888j),(0.013632053049444879+0.0017491790362563534j),5359250000
(-0.2396418869174362+0.22959442670901611j),(0.013723714805911575+0.0017451375603782155j),5359500000
(-0.23653925559654565+0.23039830046935567j),(0.01374466506017401+0.0016795421288818648j),5359750000
(-0.23666310537343627+0.22964784995135198j),(0.01369138395195054+0.001442413195611534j),5360000000
(-0.23668089806589845+0.23001088326905894j),(0.013527316079942132+0.0017851769164716823j),5360250000
(-0.23371881247119092+0.23161419456807325j),(0.013525158964682031+0.00165467958894499j),5360500000
(-0.2350598938733988+0.23147724733832659j),(0.013589001691613993+0.001488342008575421j),5360750000
(-0.23332965159904734+0.23247543165123238j),(0.013537294052098504+0.001552309603923657j),5361000000
(-0.23390945643680386+0.2337246339320099j),(0.013543034819167231+0.0014022002818604067j),5361250000
(-0.23062745719009423+0.23388801179998103j),(0.013515273829461081+0.0013062498252394252j),5361500000
(-0.2345470769051855+0.23332515521699204j),(0.01360042185998684+0.0014099234097910802j),5361750000
(-0.23228947710177697+0.23502325843090222j),(0.01359897878921757+0.001591206886982189j),5362000000
(-0.2318805006626125+0.2353592679412952j),(0.013571129571805157+0.0012944762769109836j),5362250000
(-0.23220122695307072+0.2351389690132443j),(0.013666797358707732+0.0014056673809778274j),5362500000
(-0.22883752868469562+0.23666793141027856j),(0.013618941133114177+0.0014198738031896757j),5362750000
(-0.23053242410160105+0.2365790584632222j),(0.013597480316505678+0.001181946579585901j),5363000000
(-0.23216393202811997+0.23624625359446397j),(0.013602303422455827+0.0015228559378255525j),5363250000
(-0.22846957596109627+0.23801860929710306j),(0.013552665325774402+0.0013792151988259445j),5363500000
(-0.22939862389689805+0.23696621402481227j),(0.013661290248146652+0.001316039746664738j),5363750000
(-0.22672545315965678+0.2393597430644571j),(0.013573373514710363+0.0011774692163509972j),5364000000
(-0.22944105822510677+0.23897863889927337j),(0.013675800280155777+0.0014024764130892281j),5364250000
(-0.22128853231581783+0.24011982846257415j),(0.013484052376387674+0.0012510655217748382j),5364500000
(-0.2260210826413983+0.23936420029896588j),(0.013295743330039887+0.0011239872347058456j),5364750000
(-0.22728303099122293+0.23934889227934678j),(0.013628056782414277+0.0013597513597566617j),5365000000
(-0.22145570498914202+0.2417058813524224j),(0.01349653419692493+0.0011469108555630446j),5365250000
(-0.22414948490629769+0.24173460800380223j),(0.013590553464740623+0.001199553994888602j),5365500000
(-0.22374303783445681+0.2414316350779428j),(0.013677919196165924+0.0010762683174770297j),5365750000
(-0.2229452754774925+0.24217806677853154j),(0.01359396758481317+0.00112246698856992j),5366000000
(-0.22229327724370213+0.24170488603823395j),(0.013439666979186131+0.00111796322832138j),5366250000
(-0.21934202267774805+0.24338994191068986j),(0.013206041892683755+0.0010689541076809306j),5366500000
(-0.22240255004391787+0.24370506017445984j),(0.013445545146472573+0.0009472666908451255j),5366750000
(-0.22128399049278974+0.24405416300553598j),(0.013486224010718261+0.0010163314618227039j),5367000000
(-0.22177863188584496+0.24386856175922805j),(0.013459382654874466+0.0010239306397894791j),5367250000
(-0.2219084020232199+0.24321112101563394j),(0.013390939490590793+0.0009627091324227283j),5367500000
(-0.2185443082574606+0.24544644333144383j),(0.013639306430244668+0.00097815292538108j),5367750000
(-0.21787301840441517+0.24678322377558518j),(0.013542597838721087+0.0007082427213829961j),5368000000
(-0.21912625764954666+0.2457615644836162j),(0.013418930345045113+0.0009269632114764576j),5368250000
(-0.21239529965790788+0.24772386290668932j),(0.013300930496789695+0.0008937850611732225j),5368500000
(-0.21663450456263517+0.24602238755325676j),(0.01339164369308702+0.0009792542031367448j),5368750000
(-0.21716147947947598+0.24765047039127625j),(0.013482500540896412+0.0008628306595633823j),5369000000
(-0.21695246744648466+0.2476424785234493j),(0.01329195549594343+0.0008180000494858403j),5369250000
(-0.2171176818739741+0.24833107650356112j),(0.013409685031684816+0.0009524196172719037j),5369500000
(-0.21395811942381307+0.24888457722187246j),(0.013359289106482828+0.0008289847698323364j),5369750000
(-0.21441218912252177+0.24864874891715824j),(0.013222725477688317+0.0007631427577685409j),5370000000
(-0.2131694080254241+0.24889198250113656j),(0.013384413410244319+0.0008230772736687369j),5370250000
(-0.21288146476665595+0.2505832869222946j),(0.013280616815823858+0.000721822414781884j),5370500000
(-0.21486391239625457+0.24837012516911355j),(0.013377233909631369+0.0008403159406235439j),5370750000
(-0.21146460953392807+0.2504055070100329j),(0.013315639154628613+0.0009450779136019876j),5371000000
(-0.21437648983302365+0.2494445207693013j),(0.013203231908556459+0.0008694485428026298j),5371250000
(-0.20986936354302876+0.25105065113559794j),(0.013239730671959656+0.000710842875868495j),5371500000
(-0.20809788545100114+0.251522016170977j),(0.013302671382655853+0.000694708021094305j),5371750000
(-0.21043713566510644+0.2519241261575197j),(0.013392764071771037+0.0005294253032252669j),5372000000
(-0.21179492068090974+0.2522233066874385j),(0.013325090304339303+0.0008061650001543735j),5372250000
(-0.21256420270521395+0.25147451836883167j),(0.013247767095310878+0.0007137786389224263j),5372500000
(-0.2064885953243785+0.25405322623310717j),(0.01331878923903519+0.0005451206532728387j),5372750000
(-0.20489092477422408+0.2546989101706786j),(0.01319689128165673+0.0004771958201060135j),5373000000
(-0.2076112909489682+0.25370860402278783j),(0.013294109694240115+0.0004877955905406835j),5373250000
(-0.20620944568718788+0.2541247406964147j),(0.013267847099838952+0.0005834741947519683j),5373500000
(-0.20025812970119128+0.2571975382839212j),(0.013089236542297331+0.00035477685837002036j),5373750000
(-0.2064559293217211+0.2550699458628985j),(0.013169460635895093+0.0003884485971928363j),5374000000
(-0.2030999310787008+0.2564389387651151j),(0.01301138992790139+0.0003549945026872334j),5374250000
(-0.20546454268104405+0.2552280879534478j),(0.013035412793758985+0.0003775666767265025j),5374500000
(-0.201873499898103+0.25712211470464763j),(0.013028832508416624+0.00030100764800553535j),5374750000
(-0.20093265414292932+0.2575224377163194j),(0.012865130487497762+0.00023156801461619695j),5375000000
(-0.2061322503523848+0.25594937040760557j),(0.013153435357566374+0.0004875302042727215j),5375000000
(-0.20140640861747028+0.25715637864119123j),(0.012983105848540316+0.00032244677655055085j),5375250000
(-0.2018353272463484+0.257896127744517j),(0.01300850748885267+0.00023413197757449124j),5375500000
(-0.20124620672891974+0.25700351982634695j),(0.01295365975897845+0.000430791264881764j),5375750000
(-0.1964686845846078+0.2593593164896038j),(0.012956606277387307+5.426676018174554e-05j),5376000000
(-0.2007306011201255+0.25887258927402407j),(0.012817567933675946+0.00022643686227660168j),5376250000
(-0.1963739676679001+0.25917026206581256j),(0.012807308510290747+0.00039163753076545775j),5376500000
(-0.19881515434290695+0.2591615349329027j),(0.012979816804486113+5.960728644373715e-05j),5376750000
(-0.19968061761780045+0.2590091599287845j),(0.012890398467466068+0.00032150653904324086j),5377000000
(-0.19447918278541745+0.26065645022250455j),(0.012800703799280862+5.4941130278448485e-05j),5377250000
(-0.19875093260499982+0.26057211941418607j),(0.012944217069389084+0.00024211074490635136j),5377500000
(-0.19720348504867743+0.26080374851088667j),(0.012740406489374806+8.204339213899951e-05j),5377750000
(-0.1944345295970361+0.2614935224937674j),(0.01274434414004119+0.00014614718053678887j),5378000000
(-0.19369755938167116+0.26384689758605195j),(0.012777616070204506+6.601732790157528e-05j),5378250000
(-0.19163152740610337+0.26341546656097475j),(0.012847605478628798+8.280368852768344e-05j),5378500000
(-0.19565438894375348+0.26225741378762457j),(0.012758990563611015+0.0002250459219670639j),5378750000
(-0.18887959779163271+0.26426171219843586j),(0.012782683936363743+0.00013170600412839282j),5379000000
(-0.19499496462863208+0.26354603119816233j),(0.012716027202975494+0.0001227105310960849j),5379250000
(-0.19001728684157335+0.2639283473963257j),(0.012745998300045953+8.495687959172494e-05j),5379500000
(-0.18825141300515583+0.26476406793379154j),(0.012584965275424726+1.047452333695375e-05j),5379750000
(-0.19012547169691357+0.2660470727478939j),(0.01274634983743175+0.00018925929483475134j),5380000000
(-0.18923631445343791+0.26542135560542496j),(0.012695063489171607+7.778716535451649e-05j),5380250000
(-0.187783741000264+0.2652912978017498j),(0.012505909346308212+3.6674534183038184e-05j),5380500000
(-0.18640556801285443+0.26703261380822413j),(0.012788241519976552+0.0001829108754795917j),5380750000
(-0.18622300636023345+0.2675605834565624j),(0.01269841143667908-8.648261982725325e-06j),5381000000
(-0.1896413737413191+0.26709334211112185j),(0.012807438531917332-3.969340786683746e-05j),5381250000
(-0.18631928424712246+0.2682993094451369j),(0.012611557341507953+8.462005405777701e-05j),5381500000
(-0.1885149239075452+0.2672523382549221j),(0.012640676566187026+9.124569423599876e-05j),5381750000
(-0.1821412262543462+0.2682027762775999j),(0.012577566398943972-2.139852233648174e-05j),5382000000
(-0.1823348807571726+0.2685803242619355j),(0.012611701742826777+1.5160714094804512e-05j),5382250000
(-0.18492008700412538+0.26912244277577224j),(0.01265277042037176-3.1058899977383456e-05j),5382500000
(-0.18309559667003508+0.2695520850503343j),(0.012637775126374536+0.0001285223626790301j),5382750000
(-0.18040535351358164+0.2705140361296636j),(0.012752731151869546-4.6753073708187196e-05j),5383000000
(-0.18065493048592718+0.26952007902178465j),(0.012433006210626962-3.927424667479919e-05j),5383250000
(-0.17939205983695977+0.2702235517898478j),(0.012546235444295641+0.00010078383569930177j),5383500000
(-0.1792046897395689+0.2706066309565891j),(0.012606016448300452-3.388969240213807e-05j),5383750000
(-0.17837187323809445+0.2720180304909958j),(0.012609415984065848-3.7621239921938597e-05j),5384000000
(-0.17206790481329254+0.27322869695650914j),(0.012564789477112773-0.00014749208694586467j),5384250000
(-0.17782507807315154+0.27210998074646625j),(0.012672940669819114-0.00018632041781907347j),5384500000
(-0.175628761885219+0.2727898843048909j),(0.012568443515882665-0.00014678464331898322j),5384750000
(-0.1755291602127985+0.27450149259670065j),(0.01244974453380904-0.00010972980320684059j),5385000000
(-0.17603592564277107+0.27313128199449216j),(0.012492557741816995-2.0544265715405135e-05j),5385250000
(-0.1746131349806139+0.27452075375675344j),(0.012418479446504614-0.00022037678733003715j),5385500000
(-0.1738797445613849+0.27498595523550273j),(0.012544246222085269-0.00018721320722071236j),5385750000
(-0.17070951977827642+0.27518224815183884j),(0.012391009680293623-0.0003005662909178202j),5386000000
(-0.17250976476688218+0.27612629743075306j),(0.012427716423007527-0.00020671801223527616j),5386250000
(-0.17148409141589868+0.27467882810391825j),(0.012377364576485495-0.00011461465448309806j),5386500000
(-0.17107230027562592+0.2756227547497059j),(0.012355273778214345-0.00014617059053485517j),5386750000
(-0.17343563930711703+0.27443550475615874j),(0.012474155234365982-0.00030525504582105836j),5387000000
(-0.16847001837139555+0.2780339640973847j),(0.012298841587143353-0.00030548225208883715j),5387250000
(-0.16799709106868413+0.27791187831569053j),(0.012517326891169868-0.0004050059333949849j),5387500000
(-0.17037390918734382+0.27563354185595185j),(0.012434342173284417-0.0003643759923640825j),5387750000
(-0.16697964710887783+0.27798680838232614j),(0.01234938811973826-0.00022392031250505537j),5388000000
(-0.16419128800664085+0.277789461543315j),(0.012532610651199904-0.00033777240924989056j),5388250000
(-0.16092541111533962+0.2797451899376168j),(0.012391987427043187-0.00031061532747762193j),5388500000
(-0.16777825463213814+0.2779034983415887j),(0.012387594265964644-0.0003565230086103523j),5388750000
(-0.16503576337330508+0.2784183072822434j),(0.012398251040080866-0.0001102849273947576j),5389000000
(-0.1624264227819089+0.2800052253941115j),(0.012421588126066549-0.0004293852097113816j),5389250000
(-0.15938990060721175+0.28139396260197785j),(0.012410361689313124-0.0004887069327030595j),5389500000
(-0.1651758061130074+0.2802711695850607j),(0.01244179388702909-0.00023700790519044578j),5389750000
(-0.16059482422253543+0.2799466127701082j),(0.012333093671880879-0.0004884969098470084j),5390000000
(-0.1618272827480523+0.27948091226410815j),(0.012473921500405487-0.000262415978973675j),5390250000
(-0.15879378818661935+0.2814370017841027j),(0.012502278625238675-0.0003704527448688436j),5390500000
(-0.1584249484756394+0.2827664904341131j),(0.012237125698377215-0.0005207678684814298j),5390750000
(-0.16142861174169465+0.2798219193384997j),(0.01236563891370956-0.0002406145505798142j),5391000000
(-0.1574739866201184+0.2819545715002721j),(0.012434634125589358-0.0006253420338378449j),5391250000
(-0.1598060164141398+0.28144444633280497j),(0.012367111743728534-0.00032786364906350776j),5391500000
(-0.15490506411222138+0.2833081305996547j),(0.012382752836489706-0.000421398038924728j),5391750000
(-0.15344346973388528+0.28405731348570895j),(0.012401291018157007-0.0006846586126463504j),5392000000
(-0.15145807101923683+0.28443468988617904j),(0.012248496981259177-0.0005594012401691282j),5392250000
(-0.15462103353291537+0.28243964954089323j),(0.012268904187825497-0.0005115965833884519j),5392500000
(-0.15333725308889798+0.2834887784499337j),(0.012334477006550739-0.0006416828242328562j),5392750000
(-0.15528002720566247+0.2830111025373026j),(0.012306490093245458-0.0004991585707480158j),5393000000
(-0.15125456697432926+0.2842787163495485j),(0.012195331505539178-0.000613464528223695j),5393250000
(-0.1500643022266829+0.28445091354679575j),(0.012086560644055689-0.0005010254078650046j),5393500000
(-0.15445091145459697+0.28364139503129243j),(0.012267265979797215-0.0006692640532180357j),5393750000
(-0.15150043877574224+0.2845384110473346j),(0.01224785402601642-0.0005411978584731234j),5394000000
(-0.1476522068087551+0.28596897495300017j),(0.012320498869055733-0.0005900443256482662j),5394250000
(-0.15095952436286986+0.2844813367508973j),(0.012359715501501032-0.0007714521273164538j),5394500000
(-0.15279417496396736+0.2837411916774149j),(0.012116556283251386-0.0005285153410233566j),5394750000
(-0.14845670618303325+0.2852646604034936j),(0.012139791660069219-0.0009025611289880831j),5395000000
(-0.1509195817864175+0.2843511437238652j),(0.012209805150679315-0.0008871705611891211j),5395250000
(-0.14614170755990658+0.2873013209972034j),(0.012114739457994893-0.0005233491493979404j),5395500000
(-0.14692242245630863+0.28626158210687586j),(0.01228945734118663-0.0009043063296713761j),5395750000
(-0.14717791895417898+0.2858750121348637j),(0.012172721913202086-0.0006544236732756053j),5396000000
(-0.1517329173215111+0.28442500451541897j),(0.012121453527328652-0.0007323244046762326j),5396250000
(-0.14388922361185963+0.28677478259841904j),(0.012173688340875236-0.0007819643372464742j),5396500000
(-0.1476698024266257+0.2851482430921356j),(0.012152426004189542-0.0006704020669992117j),5396750000
(-0.1459508095739319+0.28743010513365574j),(0.012043874866904343-0.0008261244442955884j),5397000000
(-0.14536725256790145+0.28589825769927424j),(0.012047086278835644-0.0007103412496538624j),5397250000
(-0.13553447732197915+0.28978154467172107j),(0.011920997476549455-0.001012587936295523j),5397500000
(-0.15044909212836144+0.2850429639162018j),(0.012051287271687439-0.0007084607780253054j),5397750000
(-0.1382794199783483+0.2889801570833579j),(0.012001137984633904-0.0009653228489054951j),5398000000
(-0.14440984813137278+0.2863275424745667j),(0.012121734102885338-0.0008018178149606448j),5398250000
(-0.1426660795221529+0.2868537171581311j),(0.011966576852752587-0.0007695093224832873j),5398500000
(-0.1441786203357344+0.2863929168018028j),(0.011864395120326728-0.0009011169970277002j),5398750000
(-0.1384608092413508+0.2884814415341683j),(0.012130064564625056-0.00075972541793583j),5399000000
(-0.1416106449415714+0.2856793170593761j),(0.01193595290884521-0.0008368369318681053j),5399250000
(-0.13886002726864083+0.28906144023075847j),(0.011979818759214141-0.0008072481661863355j),5399500000
(-0.1421992001442341+0.28703263211632046j),(0.011911856683641886-0.0009282929062000711j),5399750000
(-0.1355520565886758+0.29052321576314294j),(0.011955787825252421-0.0011509258802388659j),5400000000
(-0.13487712511485508+0.2901089582910735j),(0.012009608781370983-0.0010209595401122554j),5400000000
(-0.1412245036128788+0.2880403286130403j),(0.011968657496924813-0.0010041796472283078j),5400250000
(-0.13513280183430026+0.29069765862103464j),(0.0119836532485295-0.0009269874147206732j),5400500000
(-0.13441261019790074+0.29007012392503445j),(0.012034605372406016-0.0009384377457904171j),5400750000
(-0.13581174027786835+0.29132134403819j),(0.012038391525285968-0.0009766869629431617j),5401000000
(-0.13363364023654223+0.2908611845791875j),(0.011969216566373123-0.0010921062702316153j),5401250000
(-0.13630508174603045+0.29178096111999174j),(0.01205575744768216-0.0009920720069472595j),5401500000
(-0.13320933120763903+0.29140976842757077j),(0.011916817503118512-0.00112772475798021j),5401750000
(-0.1308559872194196+0.29256499668588726j),(0.011779728693762452-0.0011562003370665173j),5402000000
(-0.13242937614539513+0.2917611599922676j),(0.011971678711212989-0.0011262028014470402j),5402250000
(-0.12732281793700997+0.29363426183367797j),(0.011941957559557475-0.0011951198335709273j),5402500000
(-0.1284618072071272+0.29381375679875266j),(0.011846810611665096-0.001096757961227684j),5402750000
(-0.1289719744353918+0.2934541187044632j),(0.011975190312302058-0.001117960259883374j),5403000000
(-0.12405805958793092+0.29463259303739675j),(0.011789757926588344-0.0014492861476535397j),5403250000
(-0.12643729498486247+0.2943703861494463j),(0.011917217582192483-0.0011713370831777784j),5403500000
(-0.12298693855578503+0.2962158665760546j),(0.011862211477833416-0.0013939414471345253j),5403750000
(-0.12475501011735157+0.2949119856365669j),(0.01185020137992766-0.001291511131525472j),5404000000
(-0.12133791474386407+0.2966949535174006j),(0.011806136265983121-0.0012856443658095357j),5404250000
(-0.12411793997646846+0.2946669193141918j),(0.01184948693475048-0.0012018119746939348j),5404500000
(-0.12119096854948039+0.29475590196459844j),(0.011841028421183928-0.0013226023430737625j),5404750000
(-0.12636524313651548+0.29500077113963386j),(0.011890498397997757-0.0010992719908969775j),5405000000
(-0.12060408995557786+0.29544135097512014j),(0.011764320663900629-0.0013170010762757602j),5405250000
(-0.12020579566701145+0.29659143560345264j),(0.011740577961566313-0.0014191227062518997j),5405500000
(-0.12066450454366195+0.2972782094849849j),(0.011881266766186067-0.0012840643662834234j),5405750000
(-0.11745709658840774+0.29763383239613656j),(0.01165232717849549-0.0014712114972372803j),5406000000
(-0.12020950304749459+0.29645165644055077j),(0.011766650623371138-0.0012718683208198201j),5406250000
(-0.11646803351700694+0.2995645744339764j),(0.011799959416656724-0.00130202062481146j),5406500000
(-0.12314860084286541+0.29747951795187283j),(0.011812158470033482-0.0012911543342771217j),5406750000
(-0.11405448888403906+0.2988514296418247j),(0.011708450998444713-0.0014706728339405053j),5407000000
(-0.11566645604902989+0.2986948175381012j),(0.011566920486507974-0.0016447235616661815j),5407250000
(-0.11708654766394387+0.29674407634085515j),(0.011661472659059164-0.001347466280399591j),5407500000
(-0.11290580161166758+0.30125641463529523j),(0.011781567560563326-0.0015644228782867964j),5407750000
(-0.1105321710142741+0.3011607001543865j),(0.011697337256201637-0.0014565093380143252j),5408000000
(-0.11211600094688945+0.3012174724972692j),(0.011677501506449745-0.001509280618185985j),5408250000
(-0.11383762432709352+0.2991718073091232j),(0.011661847054487466-0.0016549610705148736j),5408500000
(-0.11124030484950842+0.3017999621142176j),(0.0116396323187951-0.0014471818838501854j),5408750000
(-0.1111576105075512+0.30121692659064614j),(0.011749988124224748-0.0015505968494349497j),5409000000
(-0.11258613542368419+0.301501145551304j),(0.011712628638920572-0.0015632122876022886j),5409250000
(-0.1092374694402518+0.30109418665760745j),(0.011556400871827176-0.0015140197869645154j),5409500000
(-0.11139429606089957+0.2997931338496235j),(0.011735289436550455-0.0015545381920117915j),5409750000
(-0.10627752979994953+0.3020165074659499j),(0.011532326163967415-0.0016216524274343985j),5410000000
(-0.10815048040809644+0.3029563108678449j),(0.011583618972547671-0.0017144599164400733j),5410250000
(-0.10665169530789477+0.300667951832544j),(0.011411068161593646-0.0016425918213604008j),5410500000
(-0.10974302602699819+0.3009460345699974j),(0.01157466327280052-0.0015854877172755714j),5410750000
(-0.10501469977225794+0.3037526702033912j),(0.011600314990366347-0.0013785393451656255j),5411000000
(-0.10316643681086778+0.3040936083674298j),(0.011517678580071165-0.0015799294442730995j),5411250000
(-0.10600020979668041+0.30207922049858554j),(0.011407656209004644-0.0016497890129792666j),5411500000
(-0.10384597396293636+0.3027703744652102j),(0.011550883017256293-0.0015737121307282708j),5411750000
(-0.0977880419311994+0.30602141377803943j),(0.011506424727131249-0.0017548724946139633j),5412000000
(-0.10008721290030512+0.30465132565198844j),(0.011576740709823913-0.00162784537313691j),5412250000
(-0.10062098526541981+0.3044201968296277j),(0.01148495079289696-0.0016029730634242786j),5412500000
(-0.09850814227871756+0.3046351453354793j),(0.011395746225138793-0.0016138950875105981j),5412750000
(-0.0988423493838688+0.3061756334225344j),(0.011328935599489312-0.0017194257318149876j),5413000000
(-0.09875582189308116+0.30575145500173234j),(0.011487187360700075-0.0019269509821448461j),5413250000
(-0.09664329766844082+0.30685572082975676j),(0.0115783288556304-0.0016623009449472572j),5413500000
(-0.09593723057360545+0.30517288212569316j),(0.01148328088404584-0.0016501755401972934j),5413750000
(-0.09664411127579696+0.3062312906056717j),(0.011534440628853474-0.0015355628529027594j),5414000000
(-0.09366837857587848+0.3064332815230744j),(0.011351402616752427-0.0017130865560756538j),5414250000
(-0.09619470504122365+0.3057552519829178j),(0.011383201382992966-0.0016601838695222057j),5414500000
(-0.0939022809293673+0.30650408831799697j),(0.011337406795870725-0.0015814469063471003j),5414750000
(-0.09545297655415376+0.30587824485628706j),(0.011416579606634914-0.0016442100242869111j),5415000000
(-0.09221813947324924+0.3076475470442245j),(0.011545760635576881-0.0017035837957366875j),5415250000
(-0.09107573141681181+0.3084625975080444j),(0.011233869593936152-0.0016703980688384814j),5415500000
(-0.09325181152491177+0.30712384223270767j),(0.01124318199560612-0.0017033043881528693j),5415750000
(-0.08851319176273482+0.30810915438240993j),(0.011355264957849533-0.0017937400461426848j),5416000000
(-0.09050659941086277+0.3083387044080443j),(0.011285958597372333-0.0017804455171748794j),5416250000
(-0.08920689926441659+0.3094070216839377j),(0.011345248209804773-0.0016935456636364842j),5416500000
(-0.08782961337227138+0.3100915090193055j),(0.011400210877651158-0.001730812806328913j),5416750000
(-0.0909785543686263+0.30769227066651694j),(0.011273612738779044-0.0017166226726527864j),5417000000
(-0.08845619688138094+0.30933360399600884j),(0.011426534603780859-0.00169072169325394j),5417250000
(-0.0898581969820649+0.3070849681352789j),(0.01133114036624932-0.001855973726748819j),5417500000
(-0.08565641913392814+0.31042877872133157j),(0.011285042298277207-0.0018208369463382033j),5417750000
(-0.08858681055468272+0.30909091605150846j),(0.011329489767966496-0.0018525117672774298j),5418000000
(-0.0855354557846757+0.31006133076877873j),(0.011381852797585058-0.0017109124256371074j),5418250000
(-0.08549425679347548+0.31078109307583524j),(0.011362888168004775-0.0017586262172185922j),5418500000
(-0.08667702725913495+0.3097847211943017j),(0.011275366523606202-0.0017735123615787698j),5418750000
(-0.08476545040135479+0.31015953220513803j),(0.011288830044139301-0.0017312474391260018j),5419000000
(-0.08638928669099634+0.30966243329758797j),(0.011365983043734741-0.0016633334194953585j),5419250000
(-0.08168956831329793+0.309013167070771j),(0.011262664087029133-0.0018443524923034275j),5419500000
(-0.0838730244307087+0.3112675544142967j),(0.011069598029962423-0.0018685254517755124j),5419750000
(-0.08490683675884578+0.3092832297917296j),(0.011393018454164728-0.0018911917552287153j),5420000000
(-0.08109324877946354+0.31151160668758665j),(0.011327935171422405-0.0020419991435582465j),5420250000
(-0.08113350131828459+0.3109323617999426j),(0.011187790706474948-0.0018223968162084333j),5420500000
(-0.07761348322875358+0.3124027295788316j),(0.011283432109624295-0.001890963414598311j),5420750000
(-0.08154013000687906+0.30982210265900867j),(0.011092477599784078-0.0019088999538462016j),5421000000
(-0.07611690545373617+0.31321235806719583j),(0.011207543218665664-0.0019421615109702975j),5421250000
(-0.07958134294855007+0.3114956544847397j),(0.011194061417815097-0.0018225765917390718j),5421500000
(-0.07550760170359265+0.3121365698748463j),(0.011217469466137253-0.0019797347600680384j),5421750000
(-0.07821895657749395+0.31324245818276814j),(0.011244828919968022-0.001922069342938466j),5422000000
(-0.0778699781391756+0.3121112487925629j),(0.011209563971874188-0.0018940212000929477j),5422250000
(-0.07343625931903856+0.31462371405783857j),(0.011136587987776704-0.0021828493116676216j),5422500000
(-0.07564908181359394+0.31270609256665394j),(0.011181195114575266-0.0020314803259630265j),5422750000
(-0.07210389058285323+0.3144665583530744j),(0.01123242445119474-0.0020299672545652145j),5423000000
(-0.07442948907035545+0.3141509354993111j),(0.011322920738004387-0.001986124014927295j),5423250000
(-0.07330706965117016+0.31336635440923666j),(0.011287684797461957-0.002035950662561959j),5423500000
(-0.07072262256862154+0.31426221624688705j),(0.011354179191207597-0.002097647919505552j),5423750000
(-0.07208032713569322+0.3139367017321603j),(0.011218820085576764-0.002066745674160087j),5424000000
(-0.07116935002763547+0.31494738190181065j),(0.011298429212915876-0.002145176980927074j),5424250000
(-0.07047317668109782+0.31524608214225963j),(0.011319883062359195-0.0020501112440198402j),5424500000
(-0.06889879358540975+0.31477397372743293j),(0.011422513041900556-0.0020591418226334206j),5424750000
(-0.06574023824096902+0.31701166528462316j),(0.011306111228630362-0.0022996536156311195j),5425000000
(-0.06222685755106891+0.3191936803121305j),(0.01126702861746313-0.0024426640141559496j),5425000000
(-0.06804189733352689+0.31563989147092264j),(0.011248033719254345-0.0020590275780212395j),5425250000
(-0.06436962435280644+0.3163371341911142j),(0.011284369067307126-0.0023712446747591602j),5425500000
(-0.06659315080546799+0.31701125569042643j),(0.011374230678741635-0.002003560949691416j),5425750000
(-0.0637072045056675+0.31715424882604404j),(0.011447324983306154-0.002350538964530304j),5426000000
(-0.06455133538230598+0.3177673854021875j),(0.011366792596373146-0.0021372003204696917j),5426250000
(-0.062002850279818784+0.31644319023763334j),(0.011257948216871828-0.0020683692508791226j),5426500000
(-0.060233957679151184+0.3168494823028822j),(0.011336547710398945-0.002355655329830015j),5426750000
(-0.06105564221074018+0.3173129935750879j),(0.011368454769838353-0.0021323673186056055j),5427000000
(-0.060437469321846675+0.31808431366895307j),(0.01150778996160959-0.002272567524879336j),5427250000
(-0.061813156628572674+0.31762617146445243j),(0.011396306259118-0.002288898872514745j),5427500000
(-0.05979408505112534+0.31728776648597834j),(0.011277440324131244-0.0020942807270187113j),5427750000
(-0.058628805943907035+0.31906626092420487j),(0.011228296081574534-0.002508104157385297j),5428000000
(-0.059926330053387766+0.3179515214114456j),(0.01141776509334492-0.002269060377306788j),5428250000
(-0.05841014766340111+0.318865812103743j),(0.011290512704479274-0.0022764826042718177j),5428500000
(-0.05633223889648348+0.31889591808314016j),(0.011318848854937417-0.0023370370917546266j),5428750000
(-0.057565770822196174+0.31972387373819583j),(0.011276132029777888-0.0023547087776419388j),5429000000
(-0.05803916602410064+0.3194784794922301j),(0.011406069129535252-0.002449835583528524j),5429250000
(-0.05377750515094582+0.32044273019857666j),(0.011321244168922513-0.002453319917556899j),5429500000
(-0.053223406155241376+0.32103553305530097j),(0.011188517062493014-0.002568350246230855j),5429750000
(-0.0543942868669654+0.3194806718854028j),(0.011190669612795145-0.0025628629932381514j),5430000000
(-0.05140112602489473+0.3213671834180105j),(0.011303981349180356-0.002550369237534182j),5430250000
(-0.053900746914100045+0.3189418895183987j),(0.011259841543452184-0.0024064670959882675j),5430500000
(-0.05115200493329595+0.31906991982896066j),(0.011087355398039527-0.0026547182863002885j),5430750000
(-0.051771582824367404+0.3202314978528367j),(0.011161309317612321-0.002557689271531459j),5431000000
(-0.05028735806478406+0.3204356023452414j),(0.01124186300412501-0.0025925421785499996j),5431250000
(-0.04834883872903098+0.32009579320498815j),(0.011103957805936536-0.0025903901560515776j),5431500000
(-0.04980828551671998+0.3182970859024705j),(0.011172694635236116-0.002481609661892645j),5431750000
(-0.048801856873015546+0.3209747077603318j),(0.011077120269606824-0.002572522729539877j),5432000000
(-0.04957252685696122+0.31966517643202663j),(0.011246062089946161-0.00269265816550116j),5432250000
(-0.045511580890044555+0.32147000675664084j),(0.011179611196337149-0.0025688466928921166j),5432500000
(-0.045250097322381624+0.3200816420733193j),(0.011159155959976498-0.0026569426677511463j),5432750000
(-0.045538240676242035+0.3203308210239282j),(0.011228587242803447-0.0027947294936372176j),5433000000
(-0.042350781329707064+0.3217164376325092j),(0.011169515904527343-0.0028013678327094378j),5433250000
(-0.04025756301636056+0.32280599282335337j),(0.011116627061377869-0.0028552397962097386j),5433500000
(-0.04195924272915076+0.32299809451685135j),(0.01123736387775527-0.002651959434809963j),5433750000
(-0.039336076102234906+0.3227534825069581j),(0.011161376849456436-0.002924272171603441j),5434000000
(-0.04775139945701228+0.3168155815919889j),(0.011222550553066457-0.0025710885937240773j),5434250000
(-0.03125058094655581+0.3267464798579935j),(0.011126470496680795-0.00312258563662631j),5434500000
(-0.038512881783767335+0.3233490958373017j),(0.011201163949521926-0.0031211678417112404j),5434750000
(-0.036380840211893424+0.32295691068512944j),(0.011184822795489316-0.003092570273216025j),5435000000
(-0.03799028097338489+0.3233887365981891j),(0.01112455286028092-0.0029361076379536325j),5435250000
(-0.0373315195527858+0.32251592358064946j),(0.0112843753705567-0.002863871309313719j),5435500000
(-0.0341750399861761+0.32337535381777915j),(0.010985671732019267-0.0030054319501778243j),5435750000
(-0.03586846410528674+0.3229713633103525j),(0.011223875744307568-0.0031100671998842036j),5436000000
(-0.034745203525956496+0.3227655199113584j),(0.011108239242756682-0.0029391773661274372j),5436250000
(-0.031418674913496376+0.3231050528098292j),(0.011121018558894379-0.003055508357893321j),5436500000
(-0.03298657680232702+0.32077943899782213j),(0.01106381660516265-0.003088941923667155j),5436750000
(-0.035578741250047764+0.31941890872356676j),(0.010981036278877003-0.0028103461164150564j),5437000000
(-0.025194111078507674+0.32584121153938084j),(0.010840930277484435-0.003416375127129094j),5437250000
(-0.032954353950434924+0.3214917448892364j),(0.010927995970277897-0.0029229025717512564j),5437500000
(-0.023527564326361695+0.32654158773858144j),(0.010879094606385082-0.003471423891025618j),5437750000
(-0.026857397359763696+0.32348535948921703j),(0.011084500133747942-0.003144046357618964j),5438000000
(-0.027825098343188248+0.32425214900020033j),(0.010966415967574583-0.0033440694236633157j),5438250000
(-0.02900693276515893+0.32241184562672526j),(0.010800837824341047-0.0032583013611559622j),5438500000
(-0.02586750725693306+0.3247663098926358j),(0.010985415153933859-0.0033240917775586355j),5438750000
(-0.035077118861821764+0.31921929992787734j),(0.010998030176626802-0.003106046103653553j),5439000000
(-0.020028222267264792+0.32802740080089177j),(0.010737043106751882-0.0036139931994668543j),5439250000
(-0.02600403360521542+0.32400708389400296j),(0.010757284257583974-0.003522121586809404j),5439500000
(-0.03314360221551455+0.3187989890490051j),(0.011006719575619417-0.003071841366635769j),5439750000
(-0.025761509806115423+0.32346824321522j),(0.010761212019648421-0.003385561734862716j),5440000000
(-0.02645836904189033+0.3232969431544508j),(0.010824057490701316-0.003348558089117684j),5440250000
(-0.016309121980691958+0.3297527402334972j),(0.010562577679194293-0.0038637311153873195j),5440500000
(-0.025084280680836065+0.32507619206939964j),(0.01066222097518213-0.0036412460569938674j),5440750000
(-0.025218839656549235+0.32346327420011545j),(0.010592759950949562-0.0036101182406407446j),5441000000
(-0.024458859018701117+0.3229426757970477j),(0.010622010301434249-0.003686687809966139j),5441250000
(-0.025775970864693142+0.3224252818171308j),(0.010629548461586336-0.003482061301399105j),5441500000
(-0.020881377673080417+0.32521745775532096j),(0.010611994160190904-0.0036584049544573583j),5441750000
(-0.02511734902900538+0.3224539109323043j),(0.010578951338876815-0.003714644361297601j),5442000000
(-0.02443845345057775+0.3224396963803532j),(0.01063778025828268-0.00377648449191823j),5442250000
(-0.021149853776589886+0.32385290565403246j),(0.010460582338644836-0.0037572922051143606j),5442500000
(-0.02528837400102225+0.32039716016321595j),(0.01064165924037854-0.003514911571524014j),5442750000
(-0.019024507134383053+0.3247761260801618j),(0.01036604328563-0.0037959050387520953j),5443000000
(-0.025247477022179096+0.321111690306271j),(0.010584287249117476-0.0036363489827355784j),5443250000
(-0.015097213821469911+0.3299235869602491j),(0.010229950186911474-0.0040140470198813455j),5443500000
(-0.024010063832160422+0.32306759489032066j),(0.010448792421504519-0.0036313890262703397j),5443750000
(-0.01919083186162631+0.3257710078769518j),(0.010343672868876646-0.003969230145645865j),5444000000
(-0.0178076887430817+0.32642370605322196j),(0.01039685217490491-0.0037720318624026297j),5444250000
(-0.012357134716263532+0.33149495786542166j),(0.010278784732917537-0.004054953670684857j),5444500000
(-0.02144284366582449+0.32615582565885043j),(0.010534675949196062-0.003810242352189662j),5444750000
(-0.0170752271765596+0.3278062404350881j),(0.010446135695823646-0.003942124692764308j),5445000000
(-0.009226193843552773+0.3327786478165898j),(0.010240679334254977-0.004184147197911899j),5445250000
(-0.022437654046889632+0.3238004597060296j),(0.010430241685482958-0.0036716359370266714j),5445500000
(-0.017242172366885345+0.32973494878883725j),(0.010428131390753905-0.0036910085378490717j),5445750000
(-0.014169829087196072+0.3317239068175428j),(0.010434985834765636-0.0039787563666489134j),5446000000
(-0.015610925824673999+0.3299804107284938j),(0.01035239342336237-0.0038021142588391343j),5446250000
(-0.011944053127589895+0.3321333345785951j),(0.010362613241542178-0.0038730319250069195j),5446500000
(-0.011009845705845182+0.33257675281743604j),(0.010314293057156122-0.0038227035956512638j),5446750000
(-0.002960388954792326+0.33840999438048824j),(0.01003752049861409-0.004246977859652104j),5447000000
(-0.009879137528857147+0.33576990240581994j),(0.010064825597768352-0.004054438884268633j),5447250000
(-0.01803088058720677+0.3287440711343611j),(0.010463339462459195-0.0036893668207294093j),5447500000
(0.0028550847202331187+0.3425300774010642j),(0.010088312977430815-0.004315807030673747j),5447750000
(-0.010939224321987498+0.3330276169097946j),(0.010127611497882848-0.003854353563573642j),5448000000
(-0.011048445875912406+0.33320597687860626j),(0.010256769633906935-0.0037642269348300956j),5448250000
(-0.011947108289687067+0.3331927812813916j),(0.010290178989710906-0.0038175897021660195j),5448500000
(-0.00025044507970095663+0.33953630505966576j),(0.010029387611422538-0.004220589602346244j),5448750000
(-0.008519750328464172+0.3332240716228298j),(0.010224944348852846-0.0038974462438012953j),5449000000
(-0.006355142058555715+0.3329099747542556j),(0.010172255860622589-0.003949646873689127j),5449250000
(-0.003613401044435602+0.33625514977394866j),(0.010086996997518574-0.004067526995153457j),5449500000
(-0.0035110025376734427+0.333330527548601j),(0.01018195045740811-0.003963310799408535j),5449750000
(-0.0026066436703138466+0.33397020820694373j),(0.01004112309439548-0.003947550111618734j),5450000000
(0.004099234342186289+0.3388709123208456j),(0.009832258134983451-0.004485388548166805j),5450000000
(-0.008977948072274816+0.32978406721661435j),(0.010213075942589118-0.003828370754342946j),5450250000
(-0.0005045829888076461+0.3326871717874251j),(0.010010702252203314-0.00391024965030544j),5450500000
(0.0023264740316996228+0.3337194292518898j),(0.010180249526366182-0.004329383169446661j),5450750000
(-0.003421252295251957+0.3296534637894823j),(0.01009317679486819-0.004076459849958583j),5451000000
(0.0009472416947352078+0.3332176088104071j),(0.010075228387719164-0.00421953043800217j),5451250000
(3.251690233062933e-05+0.33140445567485166j),(0.010009835204638357-0.0043272748521682135j),5451500000
(0.005348182364127269+0.3320291086464842j),(0.009922784136893783-0.004288694023879838j),5451750000
(0.002075548390816876+0.3306200303578378j),(0.009957243859894025-0.004248511639245897j),5452000000
(0.0038018007858059335+0.33087244491273043j),(0.009976027971568041-0.004378023725866367j),5452250000
(0.003798247871250313+0.3300125220530211j),(0.009932558546130454-0.004339519310206871j),5452500000
(0.009066581067960792+0.33075158005979727j),(0.00982819827771015-0.004320397908532817j),5452750000
(0.00711088457433283+0.329866415861283j),(0.00991733178356619-0.004325658832352325j),5453000000
(0.006185775498864026+0.3295199465954702j),(0.009811765026046283-0.004424907887727191j),5453250000
(0.00995137548256304+0.3296222265220561j),(0.009894543780871267-0.004409740337520419j),5453500000
(0.011689881798053567+0.33047490457383216j),(0.009748046188453029-0.004624425171119401j),5453750000
(0.009377630525838128+0.32691984955589776j),(0.00990132518594926-0.004458706474060496j),5454000000
(0.011566384924875975+0.3277291997172892j),(0.009788424480197434-0.004497116665524432j),5454250000
(0.010218824291405545+0.3271155500335649j),(0.009915907048144174-0.004448958571348847j),5454500000
(0.012812416452706667+0.32886573238350764j),(0.009873504595784729-0.0044808785064688545j),5454750000
(0.012382178101965543+0.32819533872557505j),(0.009862200285072472-0.004548364558246307j),5455000000
(0.013355142258513888+0.3285541081072486j),(0.009660350893428643-0.0044857354912837466j),5455250000
(0.013574974374977986+0.3278714600110962j),(0.009731136407160529-0.004535539424123049j),5455500000
(0.014845110617065449+0.3288257739478527j),(0.009637912196033804-0.004394342850616969j),5455750000
(0.015555619042844335+0.3298004779325412j),(0.009727006576916627-0.004685490903203813j),5456000000
(0.013454362910946576+0.3275346650652466j),(0.009771670551099284-0.004507969002581678j),5456250000
(0.014203345493364857+0.3282292719637363j),(0.009598526069682095-0.004538193947482988j),5456500000
(0.014347243128514691+0.3283766061203639j),(0.009752316776270548-0.004589440666294732j),5456750000
(0.019293596655903023+0.33095374601528715j),(0.009732143857502741-0.004572948144754591j),5457000000
(0.01651786053741713+0.3276248709158628j),(0.00965523444012823-0.004621873568368978j),5457250000
(0.017936571696815028+0.32776156228750014j),(0.009543769015008063-0.004525929176077009j),5457500000
(0.018930999663030332+0.32820842900544095j),(0.0095308586713178-0.004668619708462384j),5457750000
(0.01843631383185301+0.3276801135821143j),(0.009529783585445388-0.004536911835817746j),5458000000
(0.019763354500393605+0.3281200084297562j),(0.009563465361916044-0.004524989732514738j),5458250000
(0.019542815048379975+0.32785364641321024j),(0.009428521260336678-0.004619320827937203j),5458500000
(0.021382963411610233+0.32757326980385515j),(0.009515711366108171-0.00458627239137704j),5458750000
(0.020963497831638946+0.32763328735430036j),(0.00952675000286552-0.004578140913502811j),5459000000
(0.02068733766259034+0.3262889999615228j),(0.009607492943546314-0.004582487066549788j),5459250000
(0.02067921230250321+0.3262698283082743j),(0.009485778554132728-0.004678101967531407j),5459500000
(0.022957740595764015+0.3279397077932772j),(0.00947157071709644-0.004493279937819264j),5459750000
(0.02505671691438702+0.32985359496702943j),(0.009675808286395426-0.004714006420553106j),5460000000
(0.022601675828969988+0.3272966939955629j),(0.009572600485599974-0.004552303266280209j),5460250000
(0.02534260069560062+0.3290980040080325j),(0.009500142363742206-0.00469388181322218j),5460500000
(0.024221979236345528+0.3282007174740599j),(0.009466626497404857-0.004781581936740694j),5460750000
(0.025925511054343705+0.329211931474009j),(0.009471315022020243-0.004867563712725283j),5461000000
(0.025019254443667382+0.32955285338810864j),(0.009453036544652077-0.004865134349393761j),5461250000
(0.028374381754261557+0.32978314198171693j),(0.009414309212524617-0.004843460208162106j),5461500000
(0.02634116206533553+0.3289199270838665j),(0.00927074459388907-0.004773620352749021j),5461750000
(0.027796983062062856+0.32919121996463835j),(0.009386175760836321-0.004892506891321256j),5462000000
(0.028539389613186774+0.32989358914219735j),(0.009334325564379915-0.004819485901813832j),5462250000
(0.027335319443444642+0.3300937453436562j),(0.009503637469606254-0.004863073538998797j),5462500000
(0.028967958544113135+0.330212380092888j),(0.009301953820301308-0.005066390850114593j),5462750000
(0.030165122488346616+0.3312582098805173j),(0.00934289417006435-0.0050735965486948635j),5463000000
(0.02977561629647402+0.3302301416464803j),(0.009378975818597772-0.005034142284383692j),5463250000
(0.029215797464147923+0.33036230684132045j),(0.009377744920733573-0.005254106243096987j),5463500000
(0.03070883435912667+0.32967483197812775j),(0.009261028518520899-0.005112329954257752j),5463750000
(0.03129241221258567+0.33115896480294177j),(0.009124439190975836-0.005262652251573539j),5464000000
(0.03098935136377648+0.33018949719311375j),(0.009259508207491988-0.005206686769908771j),5464250000
(0.03236062982106633+0.33125727575787767j),(0.009212334665288806-0.005189536332227786j),5464500000
(0.03284599861189206+0.33088198291031357j),(0.009136212722750597-0.005197500718551589j),5464750000
(0.033803438821103766+0.3317472436590788j),(0.009255550197566596-0.005256252550263419j),5465000000
(0.03289143413013736+0.33134111318332427j),(0.009188546360953237-0.005417986717229521j),5465250000
(0.033258381733393516+0.33036136401353444j),(0.009154179299450093-0.005305044719587077j),5465500000
(0.03341314835954716+0.3299816884374926j),(0.008991911683205551-0.005341800631486498j),5465750000
(0.03454725169851557+0.3302922079893626j),(0.009181725629227203-0.005457177975198407j),5466000000
(0.03692082796196033+0.33115785581181717j),(0.009036103381893017-0.005499431870389515j),5466250000
(0.0358538204033849+0.3312699154941147j),(0.008999094038375418-0.005352335033160706j),5466500000
(0.03613225015253841+0.33073165970437934j),(0.00898757827049814-0.0053481067852717695j),5466750000
(0.04010279293737858+0.33202001053299524j),(0.00892177559402906-0.005614959263605034j),5467000000
(0.03753271832314007+0.3295855590705919j),(0.008875775703745663-0.0054154856332336255j),5467250000
(0.039093060301140174+0.33045793503812015j),(0.008901077948715863-0.0056210311475511235j),5467500000
(0.038251816095515964+0.3293841201187046j),(0.008788164879736694-0.005598017798138704j),5467750000
(0.03973978651158562+0.33001912327345995j),(0.008972452223156485-0.005681792338642548j),5468000000
(0.040370996117522095+0.32958160645258683j),(0.00883605561050492-0.005486828044701695j),5468250000
(0.039643902297619216+0.3281885283740353j),(0.008884974390716586-0.005609976675325452j),5468500000
(0.04297426052952374+0.3293735226404576j),(0.008868156101856482-0.0056878237325626935j),5468750000
(0.041204168293172784+0.32832764637193146j),(0.008715296763857473-0.005640194283605523j),5469000000
(0.0430002075506879+0.32835151941833j),(0.00877613101468752-0.005723601500528246j),5469250000
(0.04367522103343942+0.3289061453250237j),(0.008823380542265398-0.005851606543397259j),5469500000
(0.04146774330410177+0.3271470385525413j),(0.008773381774778485-0.00577503894159033j),5469750000
(0.04430052251535363+0.3288081502089655j),(0.008524318873138587-0.005922443945020312j),5470000000
(0.044015385238305095+0.32763796350753j),(0.008687729886792629-0.005674577464767476j),5470250000
(0.04603591772259504+0.3277510911985948j),(0.00851902199945775-0.005740323559848372j),5470500000
(0.04468667131331409+0.3271234315764929j),(0.008480262679062656-0.005771880890053102j),5470750000
(0.04519400904184492+0.32690769900543454j),(0.008447582807581178-0.0057105024955931595j),5471000000
(0.04697704708505109+0.32751584706766107j),(0.008357458305624866-0.005885967197198369j),5471250000
(0.04644318307709782+0.3273776610411672j),(0.008302103179586616-0.0056799134144243524j),5471500000
(0.04807455145093239+0.32785364239828274j),(0.00836188361022037-0.005780216455273458j),5471750000
(0.04738817807610431+0.3272952216608363j),(0.008299207383704038-0.0057226377291354985j),5472000000
(0.04937492806529934+0.32855666453479365j),(0.00846211043840276-0.005877766864716917j),5472250000
(0.048013279576600565+0.3279827789829791j),(0.008192838228400653-0.005773280518325618j),5472500000
(0.049425492125408595+0.32750835923173893j),(0.008069179694748426-0.0056650699494306895j),5472750000
(0.04985959945877299+0.3289506976942027j),(0.00793556211367229-0.005615785451845675j),5473000000
(0.04867542749561697+0.3269664078558296j),(0.008018440280570267-0.0056996354430002795j),5473250000
(0.051080145322980754+0.32825767989236376j),(0.007996822486331469-0.005651632343478252j),5473500000
(0.05001353681357408+0.32736520244929834j),(0.008015029887566243-0.005630068440466446j),5473750000
(0.051346846762729374+0.32792745051235245j),(0.007848714684451651-0.005702071633871096j),5474000000
(0.048999342274058715+0.3274972822876684j),(0.007845425219325339-0.005548890126626923j),5474250000
(0.05136634085883277+0.32800554349308997j),(0.007696506144085898-0.005711063471072065j),5474500000
(0.050892740768222644+0.32743169978976455j),(0.007594480294167928-0.0057873130951189644j),5474750000
(0.05150234920519001+0.3262166658476515j),(0.00770458617465842-0.005695684782846811j),5475000000
(0.05360483421507863+0.3287293563689457j),(0.007661732259210808-0.005694732598198182j),5475000000
(0.05258656544030262+0.32695269800495946j),(0.007707499562133223-0.005697307428716143j),5475250000
(0.05320474332009108+0.32751300556355767j),(0.007597496591099366-0.005379209446927366j),5475500000
(0.0545935616090342+0.3278493262943409j),(0.0073506908773989426-0.005779852318703494j),5475750000
(0.05296130873490789+0.326086625593294j),(0.007469075079013951-0.005494514434468254j),5476000000
(0.05585842269981656+0.328800843006757j),(0.007385223245530309-0.005628042877854982j),5476250000
(0.05418692175052717+0.3271698983104311j),(0.007480035941781131-0.005448334658444853j),5476500000
(0.05538583401808095+0.32699045638584556j),(0.007378305162611123-0.005560641073622887j),5476750000
(0.05555762856212697+0.327183088963847j),(0.007323354852840547-0.005579260230952694j),5477000000
(0.055548186509581765+0.32715509717572105j),(0.007301245912947096-0.0053775832318200744j),5477250000
(0.05756677688287149+0.3279256623247628j),(0.007262391127721916-0.005552913360245625j),5477500000
(0.056035644165053355+0.3267291925575138j),(0.007122014461955985-0.0054372353588677145j),5477750000
(0.05718343753429422+0.3275421856650117j),(0.0071721253744466175-0.005500128374912658j),5478000000
(0.0570887126438863+0.3267359826533778j),(0.007054706776577784-0.0054807136923674515j),5478250000
(0.058111111170248066+0.3273044002376664j),(0.00716181883792988-0.0055336651244905855j),5478500000
(0.05799499238583894+0.32657332177292436j),(0.007286469942173545-0.005523194428386013j),5478750000
(0.05845899730110686+0.32747036854842276j),(0.007138863765068726-0.005545405408868229j),5479000000
(0.058734532544961734+0.32663337313658314j),(0.007034145994045928-0.005471472417180276j),5479250000
(0.059691302318759354+0.3260159580823642j),(0.0070965164891966725-0.005345588149265777j),5479500000
(0.059724732280620814+0.32730032315432883j),(0.007033564875663723-0.0055414455686753974j),5479750000
(0.05908989398207474+0.3258482227274728j),(0.007098841670255067-0.005531147207640064j),5480000000
(0.06031365147395658+0.3261789560481687j),(0.006933328058857571-0.005452532282727403j),5480250000
(0.06040422070747621+0.32570064027897655j),(0.006997625766449398-0.005310894713718078j),5480500000
(0.06168989845772936+0.32714104830935403j),(0.006914282713957033-0.005437968494725211j),5480750000
(0.06098683727718196+0.3257442309681882j),(0.007002788835192275-0.005387604986951701j),5481000000
(0.06203132830868816+0.32624726356243194j),(0.006889086431348598-0.005412364149519651j),5481250000
(0.06391819837222755+0.3273977378510565j),(0.006903753747564706-0.005234035483164969j),5481500000
(0.06197535380916372+0.3255919266080835j),(0.006858107013754819-0.005202267954968386j),5481750000
(0.06209050652246769+0.32537485693784685j),(0.006848440935408138-0.005267282591909088j),5482000000
(0.06244614621982126+0.32596567396141407j),(0.006804285192157904-0.0052014037058158834j),5482250000
(0.06392825242995666+0.32659883832929715j),(0.006728183125470992-0.005276286909690817j),5482500000
(0.06394168812821927+0.3268985358535483j),(0.00673636655372891-0.005207415129580621j),5482750000
(0.06496576966342504+0.32768186108164193j),(0.006796072988252464-0.005423578888552095j),5483000000
(0.0645782312308791+0.32654832965261754j),(0.006749356491346792-0.005251924750164725j),5483250000
(0.06522446246300995+0.32728528971765386j),(0.006822137051901325-0.005248588356876617j),5483500000
(0.06529473845034141+0.3272415330046208j),(0.006690345584715199-0.005168277821017696j),5483750000
(0.0642591982057273+0.32538089990814517j),(0.006833764168524173-0.005129528401278397j),5484000000
(0.06598333778331551+0.32714989006128514j),(0.006748332540134901-0.005166304908539988j),5484250000
(0.06565565450848754+0.32661581592901134j),(0.006742607065224667-0.004987515590101147j),5484500000
(0.06698520240270016+0.32802362701987847j),(0.006711727667198245-0.0052450167316347805j),5484750000
(0.06644524564890562+0.326859740439972j),(0.006628113988296207-0.005066159648856482j),5485000000
(0.06749692789809623+0.32800065755267643j),(0.006655732194212957-0.005053625031375418j),5485250000
(0.06795945148491837+0.32788645990018545j),(0.006593352308159748-0.00493052643208239j),5485500000
(0.06815033284897783+0.3274189682771259j),(0.006603602520822045-0.0049684508289920765j),5485750000
(0.06716140427467447+0.3260590780924537j),(0.006714859913530402-0.004876494900509613j),5486000000
(0.06770866661646205+0.32653139472117254j),(0.0068157609277448294-0.004866681763279064j),5486250000
(0.07021310616008512+0.3284528573184046j),(0.006550162576579507-0.005022554342158871j),5486500000
(0.06804621913489546+0.3268832604289728j),(0.006477440870836581-0.004951561852600128j),5486750000
(0.06986679529618182+0.3278788984210675j),(0.006507511906745076-0.005080331554499485j),5487000000
(0.06988148448444308+0.32720212328601755j),(0.006596776805371733-0.004908410011336453j),5487250000
(0.07003871385258117+0.32779451261342485j),(0.006592729581198842-0.004886360651710464j),5487500000
(0.07031999159782563+0.3280736047548381j),(0.00655882995392386-0.00485139973811997j),5487750000
(0.0705067485874297+0.32820421782599474j),(0.006572593233186383-0.004876313393288054j),5488000000
(0.07105803025156601+0.32730425552147896j),(0.006566390693519748-0.004808520357047177j),5488250000
(0.07206254915267585+0.32787741758927724j),(0.0065147004419056865-0.004767438437689517j),5488500000
(0.07298272635620572+0.3286556401879217j),(0.0064279994086576305-0.004743079386403518j),5488750000
(0.07196301251589264+0.3277592472877916j),(0.006613338097812094-0.004816933999734677j),5489000000
(0.07366320850626552+0.3295233124761439j),(0.0064151274591907215-0.004815386873506113j),5489250000
(0.07474150917662081+0.3297541382350884j),(0.006392586173306812-0.004721117849293367j),5489500000
(0.07382333003143612+0.3279337766029352j),(0.006374898641402115-0.00474649641748278j),5489750000
(0.07500068741844708+0.3291501091663291j),(0.006355880492963818-0.004758721260077262j),5490000000
(0.07587635148365526+0.3295661374105014j),(0.006388401202651829-0.004689144631420833j),5490250000
(0.0754021169945831+0.3288265414226943j),(0.006353205122478203-0.00478849324043965j),5490500000
(0.07648660996026639+0.3297057579273872j),(0.006179350468795357-0.00493415037548511j),5490750000
(0.07488305220697648+0.32824054738637976j),(0.006459547332761118-0.004623408863716693j),5491000000
(0.07823876666254662+0.3294743817415684j),(0.0062432507296147285-0.0048278738697324j),5491250000
(0.07693928241485541+0.3281240751210219j),(0.006424173471968666-0.004728886941397783j),5491500000
(0.07692885448581464+0.32873135305135376j),(0.00632657104536757-0.004783106629262036j),5491750000
(0.07920183523029624+0.329617867893054j),(0.00645924829444094-0.004742698611043816j),5492000000
(0.07766690605788056+0.32870590764944313j),(0.006332396985768603-0.004681746620344554j),5492250000
(0.07985341020956574+0.3297878424417276j),(0.006415632222971992-0.004806949843374023j),5492500000
(0.07967687897325137+0.3287692182310282j),(0.006371686279390845-0.004568862308093433j),5492750000
(0.07998849942202979+0.32964339512125435j),(0.006392806152156142-0.004601605657088746j),5493000000
(0.0811287510633747+0.330405485528046j),(0.00631558214357839-0.004554032057165253j),5493250000
(0.07924416524272156+0.3302567063907945j),(0.0065566074384738465-0.00458549838365435j),5493500000
(0.08133708918875637+0.33000069032201723j),(0.006497864941516979-0.004470324335253451j),5493750000
(0.08101712496932388+0.3302552738214645j),(0.006430954299065555-0.004396792680772219j),5494000000
(0.08216415101297099+0.33068539310240447j),(0.006531284007734183-0.004608965118952072j),5494250000
(0.08134290887537754+0.33090249097525537j),(0.006455388717522762-0.004428003375462974j),5494500000
(0.08290953949588557+0.3319157703197485j),(0.006487013454373751-0.004438733763009484j),5494750000
(0.08467105489811119+0.33174383471680363j),(0.00650041052116599-0.0045323778662873975j),5495000000
(0.08370830075694312+0.3322958239239971j),(0.00647865156954481-0.004412479198363474j),5495250000
(0.084452488899082+0.33200625708733666j),(0.006482115232142971-0.004360746748873039j),5495500000
(0.08375105196637257+0.3322904827794247j),(0.006424338654292048-0.0045671018232486885j),5495750000
(0.0852702355142349+0.3326352591061847j),(0.006505965871738095-0.004422774829676144j),5496000000
(0.08440616744238268+0.3320261408743668j),(0.006503702252485027-0.00432082200131938j),5496250000
(0.0857178818615037+0.33293201772291664j),(0.006537649657458819-0.004262081030580208j),5496500000
(0.08687487776819876+0.33363382267703157j),(0.00663654528495721-0.004284265127537898j),5496750000
(0.08587915147634592+0.33232943270849186j),(0.006551387681555691-0.004208288945844668j),5497000000
(0.08872300722560596+0.33381268426580035j),(0.0066162006813049075-0.004307034932419837j),5497250000
(0.08746399019364363+0.33304637471574633j),(0.00682611589807135-0.004180801508764297j),5497500000
(0.08792027534080514+0.3328738513648409j),(0.00672065900746999-0.0041497602387946765j),5497750000
(0.08779219309094136+0.33308627991943424j),(0.006731396436711803-0.004247377484884707j),5498000000
(0.08868076707882667+0.3339842389504049j),(0.006559448313780225-0.004208327448540664j),5498250000
(0.0901349855850727+0.33381586593098345j),(0.006653665892042819-0.004040306617777904j),5498500000
(0.08998008451192596+0.3343070082914964j),(0.006494845146578151-0.004261826081400694j),5498750000
(0.09147402846270657+0.3346702502228046j),(0.006626461317475433-0.004210400589172721j),5499000000
(0.0916793053553683+0.3351875632204676j),(0.006623745529298526-0.004021859638856816j),5499250000
(0.09295706636288636+0.3352608494701889j),(0.006535217794215827-0.004096029870563496j),5499500000
(0.09270138471763036+0.3343983654370037j),(0.006664371134495267-0.004137199809750492j),5499750000
(0.09331992848128091+0.33491697537051984j),(0.0066917507606529475-0.004068641421450023j),5500000000
(0.09283338966148835+0.3349474129353141j),(0.006483579682693027-0.003930546976536717j),5500000000
(0.09469577542498475+0.33547358727581816j),(0.006709512539465244-0.00412876966605403j),5500250000
(0.09565293082136087+0.3346765775119902j),(0.006685745617664009-0.0043001298011517124j),5500500000
(0.09551876266154123+0.33513702161775083j),(0.0065099856102475775-0.004030372016010215j),5500750000
(0.0959821619034248+0.3359330478283785j),(0.006563175869946495-0.004182322660086645j),5501000000
(0.09497435640831521+0.3352559349026168j),(0.006706878504766059-0.00401983007506327j),5501250000
(0.0983298717552651+0.33601649233719344j),(0.006702830034455706-0.004064416741033739j),5501500000
(0.09758722572878799+0.3349276191408997j),(0.006520802860111665-0.004046755493012178j),5501750000
(0.09967040276417212+0.33581437194358693j),(0.006594231010389073-0.00409068504538607j),5502000000
(0.09812986408137214+0.33572953179504494j),(0.006689297726455801-0.004076596607488431j),5502250000
(0.09912078049378895+0.33559901244031126j),(0.0065155057455651595-0.003947833888840673j),5502500000
(0.10101044581499932+0.33601011960696847j),(0.006711448205670503-0.004144269071762341j),5502750000
(0.09992980475109137+0.3352398879631003j),(0.006591764390959556-0.004025812535414206j),5503000000
(0.10224222277503045+0.3358066560849242j),(0.006581141712582415-0.003955519034820015j),5503250000
(0.10129686622948783+0.33560214245113473j),(0.006601624635953558-0.003976590890407808j),5503500000
(0.10229891641553371+0.335766597075359j),(0.006671858931572128-0.003965496025266861j),5503750000
(0.10428133422148161+0.3366247921737454j),(0.006608129747029463-0.004108467043615582j),5504000000
(0.1031171683767012+0.33700620620822835j),(0.006664702533944843-0.003942678668822881j),5504250000
(0.10454373520003411+0.3370147890182426j),(0.006644520248578586-0.003909470492511176j),5504500000
(0.105538578329636+0.3383723995125957j),(0.006704693827841722-0.004206388630387969j),5504750000
(0.1056415829225475+0.3373824851326162j),(0.006845282431891735-0.0041038243147440805j),5505000000
(0.10606142367493282+0.33856819616402634j),(0.0068435179746531355-0.0042847550062368326j),5505250000
(0.10587634433833741+0.33859324483335274j),(0.006838098352211774-0.004193277155803851j),5505500000
(0.10627166324741778+0.33939662773324053j),(0.006912497814912812-0.004099442631947724j),5505750000
(0.10766970768325666+0.33869265760599027j),(0.006921895518980469-0.00404071072971845j),5506000000
(0.10767275748524915+0.3392427190168739j),(0.0069771546694722235-0.0041268211570445j),5506250000
(0.1091753417011983+0.3394512587102806j),(0.006873219752630133-0.004101223801324593j),5506500000
(0.1082073200658148+0.33996970211068983j),(0.0069466148105479944-0.0042744919478777755j),5506750000
(0.10976774698659393+0.3400440070437774j),(0.007006140018653432-0.004095324525007683j),5507000000
(0.11097292551987542+0.3402625525003424j),(0.0069966952263151964-0.0041847655674195966j),5507250000
(0.10995349746319222+0.3405774789172936j),(0.007012458461991883-0.004106723196407478j),5507500000
(0.11111909966202085+0.34036140815719734j),(0.007106199812325279-0.004199254716732796j),5507750000
(0.11151929253881943+0.34046354451310246j),(0.007144427911600801-0.00416446284001443j),5508000000
(0.11085780187697518+0.3410356608921185j),(0.007188929626828277-0.004033310931016488j),5508250000
(0.110804864531184+0.34186638434974875j),(0.007149115122838696-0.004212512282979021j),5508500000
(0.11319556482951247+0.34155862707019413j),(0.0071795366811980505-0.004295291822032916j),5508750000
(0.11341918345859073+0.3415402472506281j),(0.007161664302001715-0.004194125401438704j),5509000000
(0.1146437037057518+0.34128789803847687j),(0.007064744491501803-0.004465092223971211j),5509250000
(0.11487862209330157+0.3417839043767512j),(0.007241089519550708-0.004330418871338453j),5509500000
(0.11570679568203183+0.34139765993037546j),(0.007263356783194033-0.004186769186477318j),5509750000
(0.11624087744248054+0.3428670847377355j),(0.00720398685191894-0.004366868997536496j),5510000000
(0.11736619007715306+0.3429600855434462j),(0.007238349646411202-0.004144088197618471j),5510250000
(0.11791744214801547+0.3433301153388771j),(0.007387966529023022-0.004470451800109491j),5510500000
(0.11859744708698988+0.34313924302672083j),(0.007145640809600957-0.004114168209411668j),5510750000
(0.11901831623966895+0.34305172493390457j),(0.00715451296053634-0.004461766461674075j),5511000000
(0.1199496496784357+0.3435884798063311j),(0.007142675422393283-0.004194683942763634j),5511250000
(0.11978248637849455+0.3434593246594738j),(0.007074116467104307-0.004306431887193446j),5511500000
(0.12089935979908518+0.3430583692726713j),(0.0070367659087636845-0.004293027770146098j),5511750000
(0.12123609809925992+0.3446170674168124j),(0.007252526408581353-0.004343942534305661j),5512000000
(0.12248770247159056+0.34445291532070343j),(0.007278703614577089-0.004264592589979626j),5512250000
(0.12299238391014018+0.343710740135325j),(0.0071640100002313195-0.004353976259257881j),5512500000
(0.12359477132628567+0.3446082830102121j),(0.007288894229251126-0.004439223491163196j),5512750000
(0.12412664162569494+0.3447600046792413j),(0.0071402923158105135-0.004434305676605154j),5513000000
(0.12442625690550918+0.34492953930666476j),(0.00705714632246101-0.004377013840638957j),5513250000
(0.12519517608903055+0.34508041592058003j),(0.007227176896153478-0.004343828072391207j),5513500000
(0.12450488786940951+0.345457880362068j),(0.00703413131459396-0.004478577295609435j),5513750000
(0.1261992714235155+0.34506259371828224j),(0.007251989815100761-0.004383205410926039j),5514000000
(0.12804657767779448+0.34384355400572275j),(0.007149962642316414-0.0044972960210880805j),5514250000
(0.12740806920453976+0.3447079717665049j),(0.007150175043663592-0.004524117245178274j),5514500000
(0.12868458833511895+0.34438250837409345j),(0.006965474209639422-0.004511515070521671j),5514750000
(0.13050752826821674+0.3441861862849402j),(0.0070351950839967385-0.004719430813189024j),5515000000
(0.13004800630763488+0.3448442552779684j),(0.00719421072832395-0.0044859848158753j),5515250000
(0.13085045226082037+0.3449422775962514j),(0.007162654787827637-0.004535701382710337j),5515500000
(0.13168953718782783+0.3463220010905926j),(0.007156371911571432-0.004516488974602869j),5515750000
(0.13346894109576635+0.34535231205639655j),(0.007073600219971575-0.00464209304590677j),5516000000
(0.13357950547152345+0.3462750946910939j),(0.0073613953166036-0.004845547975247394j),5516250000
(0.1348352696074221+0.345586534247693j),(0.007129778454834087-0.004722950026353442j),5516500000
(0.1356137643810094+0.3461720292948805j),(0.007197566362446097-0.004816869850644479j),5516750000
(0.1358351764271973+0.3462768006404569j),(0.007310201538733646-0.00463978072885987j),5517000000
(0.13763829625877705+0.3452789603707045j),(0.007333734885114846-0.004863538965798264j),5517250000
(0.13743429918844086+0.34589565794063054j),(0.007391663746679544-0.004777002083676772j),5517500000
(0.1382009304919693+0.34614288432412416j),(0.007178252706561243-0.004745133522293752j),5517750000
(0.1397223473834678+0.34574229235691706j),(0.00732900306126484-0.00493714298262582j),5518000000
(0.14028932471132838+0.3457106971210077j),(0.007400377660297902-0.004916298743511587j),5518250000
(0.14121035217706263+0.3456030350581209j),(0.007260495501062223-0.005036950079502645j),5518500000
(0.14215689816491078+0.3460573702988023j),(0.007279007265788644-0.004964747652531312j),5518750000
(0.14299980705308593+0.344811098882095j),(0.00734009149135759-0.005002861189914748j),5519000000
(0.1429842041349679+0.3467420188825359j),(0.007330360165585263-0.004870437018699198j),5519250000
(0.14487163383816756+0.34529978427596475j),(0.0073933357745877715-0.005001663032483121j),5519500000
(0.14531557598287326+0.34524168786313447j),(0.007205139557983931-0.005033789115695304j),5519750000
(0.14626164304984665+0.3451264177189029j),(0.00734988451711198-0.005017924498035333j),5520000000
(0.14720540660750395+0.3441466006038137j),(0.00729514358398145-0.0053521359442638815j),5520250000
(0.14722751064199655+0.34576226180316866j),(0.007370380564147905-0.005173392239782171j),5520500000
(0.14830123382898697+0.3452823631144441j),(0.007317168684244786-0.00518426484100425j),5520750000
(0.14823629673645064+0.3456155701051003j),(0.007180921735848749-0.0051093647792517655j),5521000000
(0.15035393109545736+0.34440051201795246j),(0.007294271982755447-0.0050322803480886144j),5521250000
(0.15071315786690642+0.34499782706891735j),(0.007244822639083895-0.005194390596405759j),5521500000
(0.1509475350392761+0.34756219914198916j),(0.007399363752426381-0.005136301260542745j),5521750000
(0.1519926214646115+0.3453068688880368j),(0.007174547165208996-0.0051285784779838885j),5522000000
(0.1533268194611195+0.34620176495270427j),(0.0072945207850649224-0.00527558356388631j),5522250000
(0.1538571095282895+0.34475973793280346j),(0.007205616835916226-0.005240622606784638j),5522500000
(0.15389770535282282+0.3464712553372408j),(0.007234373199550277-0.005213432874039485j),5522750000
(0.15503571656049173+0.34448087957828055j),(0.007159155088832555-0.005319819238996556j),5523000000
(0.15557936480957923+0.3451139193503625j),(0.007416171317045294-0.0053183974260848765j),5523250000
(0.1556260540630772+0.34599125917402557j),(0.007259140884813544-0.005130320993800034j),5523500000
(0.15812412629071762+0.3448021395404165j),(0.007164567506526752-0.0052495168334976755j),5523750000
(0.15790531300527777+0.3454405171939282j),(0.0070885573511707345-0.005404070961106123j),5524000000
(0.15798020901136015+0.3464467412867066j),(0.007210818241404637-0.005398645192430462j),5524250000
(0.1591626870677123+0.3470575632200413j),(0.007253053612242003-0.005492432077309102j),5524500000
(0.15933335221695089+0.34606105542007487j),(0.00727614527585091-0.00529302980591848j),5524750000
(0.16133618119414403+0.3438166145308612j),(0.007112982276849424-0.00534186406141993j),5525000000
(0.16070036715138156+0.3445233665260988j),(0.007089625495896971-0.005299672820575208j),5525000000
(0.16123278385386913+0.34418517263236686j),(0.00710312031170764-0.005388161722060569j),5525250000
(0.16250491050022262+0.3438484699463539j),(0.0071249253319697016-0.005412659467398059j),5525500000
(0.16333610298523082+0.34404399059044544j),(0.007074410104717226-0.00534473822356704j),5525750000
(0.16274523256610884+0.3455806102523839j),(0.007133011393284867-0.005388699317860315j),5526000000
(0.16481112766156103+0.3449867010537388j),(0.0070819207894999075-0.00541519383366216j),5526250000
(0.1647668867336932+0.3443851835061461j),(0.007041708680257452-0.005505628452172619j),5526500000
(0.16600545639193703+0.34556341679094216j),(0.00689907574923935-0.005530779951748593j),5526750000
(0.16697991809605506+0.3444681301349958j),(0.0070411508161594555-0.005481725714458212j),5527000000
(0.16825338676272736+0.34630962289910866j),(0.006995604093768478-0.0055456255455345145j),5527250000
(0.16931405428480906+0.344137822695243j),(0.006967093330448025-0.0054542497665440014j),5527500000
(0.16913071318889641+0.34654525992123564j),(0.007222679169080594-0.005393616759411779j),5527750000
(0.16896501437190134+0.34579707058838693j),(0.0069970761167597335-0.005476106854259887j),5528000000
(0.17042874835356103+0.3472653285654159j),(0.00703306916858954-0.005422401610865126j),5528250000
(0.17148714719707944+0.34574168659184074j),(0.006889528137487983-0.005585352068669891j),5528500000
(0.17174252164182235+0.34514764407799914j),(0.00709098538487007-0.00562787055777137j),5528750000
(0.17357344247940093+0.34613922634149036j),(0.0068996876855828655-0.005585721870990318j),5529000000
(0.17362651378091598+0.3450442456248688j),(0.0069494068223590975-0.005556117057956247j),5529250000
(0.1757129301619331+0.3435853958456657j),(0.007080718890803326-0.005554642471682352j),5529500000
(0.17626238078639678+0.3451075608046234j),(0.007103231739745938-0.005549869774330962j),5529750000
(0.17644457460766466+0.3434909448503893j),(0.006959902355198023-0.005576703648696077j),5530000000
(0.1764343891792444+0.3448612324746767j),(0.007026094876185505-0.005435854786514665j),5530250000
(0.17749443504310417+0.34391173548483345j),(0.006919100361127818-0.00560945618231931j),5530500000
(0.17897375175320918+0.34301135908794966j),(0.006780418416149694-0.005544652281312022j),5530750000
(0.17910410115485811+0.3435563934144607j),(0.006958991233569213-0.0054691758858812604j),5531000000
(0.18100652540588325+0.3443803736761975j),(0.006894469264442728-0.005558272975486226j),5531250000
(0.18166370252747696+0.34471235515330917j),(0.006839447186457021-0.005614072462113552j),5531500000
(0.1825993780109825+0.3427473250872991j),(0.006767955474518935-0.005873826005896615j),5531750000
(0.1828055758532125+0.34301403099397276j),(0.006917089500841703-0.005678962770820802j),5532000000
(0.18379969556678918+0.3436611318733418j),(0.006873748220107267-0.005705364553701261j),5532250000
(0.18563103156730798+0.34360704942677883j),(0.006759316796990107-0.0056736975408917855j),5532500000
(0.18593770544444851+0.34282366302111567j),(0.007029032838694448-0.005600406180330702j),5532750000
(0.18658029895395858+0.34206506604446657j),(0.006785622482175781-0.005853003535231457j),5533000000
(0.18724946873356393+0.34413694290288405j),(0.006852494484686314-0.0057555613378059665j),5533250000
(0.18921424147956384+0.34057236990137424j),(0.006939559633656548-0.005885584133266748j),5533500000
(0.19015926818742146+0.3419595485785545j),(0.006641851662818121-0.005961900331330647j),5533750000
(0.19016234447796673+0.3412707855466114j),(0.006703769085549065-0.00583839558722877j),5534000000
(0.19171313169541698+0.3411925259688681j),(0.006755545231821313-0.005981497640222496j),5534250000
(0.1924182821422867+0.3403760188464483j),(0.006583601873552166-0.005931643948686047j),5534500000
(0.19261925984538678+0.33962204518026523j),(0.006660896760508252-0.0060002860097661415j),5534750000
(0.1941844907576576+0.3417392643175724j),(0.006603037495946911-0.005942725621845493j),5535000000
(0.19536632391101466+0.34165835698314895j),(0.006713239845273296-0.00598014440412602j),5535250000
(0.1962138182583301+0.33871328711834703j),(0.006560239631959261-0.0060128449817751445j),5535500000
(0.19630789064937126+0.3413485579550933j),(0.006657338406339509-0.005958975744680584j),5535750000
(0.19801907656830303+0.3379887826429854j),(0.006424084671097014-0.006094207247393847j),5536000000
(0.1979393960348986+0.33988247431604246j),(0.006594580870239572-0.006088113682008213j),5536250000
(0.19913647828249945+0.33827073785347467j),(0.00649370745472636-0.006053106981185263j),5536500000
(0.19945206682336103+0.34022816715374316j),(0.006446582344627172-0.005982594262561297j),5536750000
(0.2006513297264317+0.3379476457544987j),(0.006603131199125415-0.006127571316997275j),5537000000
(0.20166252871606935+0.33647190297811536j),(0.006462518168890085-0.006002178264552708j),5537250000
(0.2014649398759857+0.3418554161162678j),(0.00657420527183351-0.005959878858559958j),5537500000
(0.2021021119981611+0.33891085126110915j),(0.006495412415471249-0.006193990964723529j),5537750000
(0.2035673133118094+0.3359821149015078j),(0.006461016202383403-0.00619495590371428j),5538000000
(0.2034676366033962+0.33929675338803733j),(0.006556326426449125-0.006129052605514216j),5538250000
(0.20499358166741782+0.33699026867304455j),(0.00643481844403675-0.006163644425617242j),5538500000
(0.2051586900891249+0.337815320807347j),(0.006581266643865971-0.006439399889309179j),5538750000
(0.20593273869820578+0.33854205550147143j),(0.006556701946212321-0.0061442097647367196j),5539000000
(0.20702864725733366+0.339556028354657j),(0.006474498931940806-0.006143611068094425j),5539250000
(0.20612995833047917+0.338191014981767j),(0.0064323286038063575-0.00600378142606469j),5539500000
(0.20825036523978932+0.33799241859402945j),(0.0064937395911230595-0.006262251381882387j),5539750000
(0.20882136677192076+0.3400714597474072j),(0.0063083526593184554-0.006172150995961635j),5540000000
(0.20879810848674354+0.3396857916468535j),(0.00647040001745335-0.00616124450515251j),5540250000
(0.20867170551490022+0.3363833171200819j),(0.006382538243164235-0.006339112645074591j),5540500000
(0.21066355116192967+0.3377813562645059j),(0.006594373061108115-0.0061457748487830826j),5540750000
(0.21066380666447423+0.3351225750560036j),(0.00624167544285663-0.006400384425055236j),5541000000
(0.21107936820106718+0.3412934686278877j),(0.006439920349635885-0.006190654455183173j),5541250000
(0.21202929792551123+0.3389412694249726j),(0.006473570419753393-0.006187771889434384j),5541500000
(0.2119858235197415+0.3345900878005861j),(0.006331088628663409-0.006286829880353355j),5541750000
(0.21323485646037954+0.3382702123709155j),(0.006414892943360377-0.006152033183936534j),5542000000
(0.2137868386464358+0.337043380002067j),(0.006328933552958457-0.006312880770966326j),5542250000
(0.21515216224401654+0.33410569964220055j),(0.006331496956391537-0.00626644108071838j),5542500000
(0.2154318769279782+0.33331855248659226j),(0.006300920797765141-0.006419373898499476j),5542750000
(0.21570980378008026+0.335823368499076j),(0.006210518239491608-0.006386991013368993j),5543000000
(0.2167868102326257+0.33325185644822464j),(0.006142359130176833-0.006230810255361389j),5543250000
(0.21874741593188565+0.336204017105765j),(0.0060483051300057504-0.006549852170902163j),5543500000
(0.218133736037611+0.33585280979604454j),(0.006239000180227129-0.006292035590361076j),5543750000
(0.22017376423211096+0.3335313786442214j),(0.00602235980207862-0.006614106447945522j),5544000000
(0.21951722530329598+0.33687424824209683j),(0.00630570765476125-0.00616437839054944j),5544250000
(0.22191417449469306+0.3302454419231344j),(0.005978039590507844-0.0064501901745616505j),5544500000
(0.2224806636049958+0.3313171448453905j),(0.006017647487986985-0.006529834700841659j),5544750000
(0.2226651505047774+0.332347890355075j),(0.0060147629983847975-0.006443041143425003j),5545000000
(0.22473600960335002+0.3328526916582021j),(0.005957911759009578-0.006333296826345189j),5545250000
(0.2246890657399871+0.3332227482552353j),(0.006127653471538377-0.006562758272703573j),5545500000
(0.22558511675968626+0.33289640748137816j),(0.006100093402643631-0.006231269873488108j),5545750000
(0.22797538791328753+0.32758813528532393j),(0.005916792544788047-0.006458279769437932j),5546000000
(0.22734712118396685+0.32927227523180413j),(0.006201773760622753-0.0064458403149416435j),5546250000
(0.22755639852987844+0.32885995470805557j),(0.005953149023049015-0.006402169317492671j),5546500000
(0.22956399327906377+0.32950447062392857j),(0.005936943514085091-0.006543410791122866j),5546750000
(0.22952171036121355+0.32732052796156896j),(0.005935774595081822-0.006345116265594501j),5547000000
(0.23147559670593829+0.32610031232316933j),(0.005861048660989617-0.006610180168321584j),5547250000
(0.2312692500293266+0.32887850832260734j),(0.0058107375243966605-0.006382820911735447j),5547500000
(0.2325658804983437+0.32194919739783845j),(0.005771399196707787-0.006599918444149337j),5547750000
(0.23345696546170294+0.3221573284336562j),(0.005673833984390901-0.006595040538354081j),5548000000
(0.2332482024143116+0.32894187538031117j),(0.005923418824727906-0.0065645627962861355j),5548250000
(0.23458694297518884+0.32555695221320785j),(0.00566100719437472-0.00644816718105566j),5548500000
(0.23443486313520193+0.32771569486951296j),(0.005772849943153871-0.006459854682602224j),5548750000
(0.2367212932161994+0.3214441982596758j),(0.005635524506680265-0.006511753913041748j),5549000000
(0.23661208490385138+0.32696355604953653j),(0.005818772459079393-0.006650714746086128j),5549250000
(0.23679861478507053+0.3240085157919491j),(0.005741709036217074-0.006682195250694064j),5549500000
(0.23633025881979894+0.3290427023316983j),(0.005840147127080449-0.006535359475721429j),5549750000
(0.23797531613867104+0.32340410002031206j),(0.005664583100433175-0.006560262703799283j),5550000000
(0.23755982442217952+0.32586975119498807j),(0.005646956228479435-0.006408296958144973j),5550000000
(0.23981545132790108+0.32417838335826954j),(0.0055725688219260446-0.006657843825025659j),5550250000
(0.23970038066174995+0.3243322584093052j),(0.005582054528236605-0.006724556310467936j),5550500000
(0.24028626814151796+0.32423355414174987j),(0.005658144955333101-0.006616673385717824j),5550750000
(0.23981878776610688+0.325160027433902j),(0.005777079880694531-0.0067343995240839215j),5551000000
(0.24096319163837532+0.32379996688327956j),(0.0056615488887184155-0.006568912877766624j),5551250000
(0.2429338998686224+0.32379402534128093j),(0.005625667874745141-0.00656279165291112j),5551500000
(0.24238714073532205+0.3243487862033056j),(0.0055498966226635695-0.006670443961355232j),5551750000
(0.2432277494803397+0.32165058526870166j),(0.005523834834840645-0.0066926089864405725j),5552000000
(0.24418642500528093+0.31718263782769224j),(0.005467556936285574-0.006778396109064069j),5552250000
(0.24278668634629097+0.3306518775946566j),(0.00568081099505427-0.006701257606707542j),5552500000
(0.24510856605995812+0.3209655390441423j),(0.005448207566024164-0.006639538515857708j),5552750000
(0.24653180739628575+0.31984423032620735j),(0.0055645031897175335-0.006768642940676739j),5553000000
(0.24621659641363455+0.3215447779935295j),(0.005437765834131213-0.006652068054985566j),5553250000
(0.24830503317613337+0.31630678455547423j),(0.0054574154608465954-0.006685107991021954j),5553500000
(0.24924333185473266+0.32322652109933964j),(0.005656440436119493-0.006519943165837899j),5553750000
(0.24854402057415717+0.3218413639999605j),(0.005255748687075999-0.006518620765220218j),5554000000
(0.2507154537931471+0.3194102963399256j),(0.005453411598963679-0.0067198497361079515j),5554250000
(0.25266845147819994+0.32095740341636175j),(0.0053536116167150075-0.0067401280353189975j),5554500000
(0.2519007458213629+0.3209970690342718j),(0.005412431689063403-0.006701656805481276j),5554750000
(0.254906705070707+0.31596948433945193j),(0.005190022882691635-0.0067244322202737895j),5555000000
(0.25443243424640577+0.31921817425011234j),(0.0053191617284248675-0.006637995391142175j),5555250000
(0.2564887282969749+0.3131572485999928j),(0.005225077524691899-0.006701063787108934j),5555500000
(0.2573186154931628+0.31656707265983625j),(0.005242902711210445-0.006848518926377913j),5555750000
(0.2576349825970362+0.3157850218217307j),(0.0053511480347691355-0.00666312623407359j),5556000000
(0.259009474782745+0.31661967789547935j),(0.005377211876784234-0.006657006972136772j),5556250000
(0.26134580373783944+0.30948731252835526j),(0.005133510119299179-0.006803167381736287j),5556500000
(0.2614818597469289+0.31662719335451744j),(0.005318590996550541-0.006797554871842972j),5556750000
(0.2628218183161383+0.3156857793173006j),(0.0054516962618668275-0.0068680257121621945j),5557000000
(0.26229168383129636+0.3148667178600429j),(0.005392349652002318-0.0066439061316279245j),5557250000
(0.26583150122119753+0.3112357741591805j),(0.005105212611261964-0.006764844174431024j),5557500000
(0.26419349538924075+0.31788836446906016j),(0.0051634732169549445-0.0066968199701031945j),5557750000
(0.2665920633435673+0.31437101479022017j),(0.005224811221305818-0.006575811092441512j),5558000000
(0.26646561612789454+0.3107406811045352j),(0.0052298545425560235-0.006750375571054964j),5558250000
(0.26832606566583056+0.3140425870146663j),(0.005247383209377177-0.006560821785940007j),5558500000
(0.27050764987948117+0.30714180632328403j),(0.005069813366453982-0.006799476918707624j),5558750000
(0.27064308726497543+0.30863835341317597j),(0.005268400566795367-0.006827946131552288j),5559000000
(0.2705346190090598+0.30941066583284116j),(0.005104593693750492-0.006781106652214599j),5559250000
(0.27110101032432127+0.3119160457079289j),(0.005186557766944344-0.006682653555095551j),5559500000
(0.27230074818072464+0.3091713839784515j),(0.005132110497670669-0.006793349799632347j),5559750000
(0.2724505174337553+0.3095808882328317j),(0.005111349911332923-0.006886489784928119j),5560000000
(0.2724278237455091+0.3105170363996704j),(0.005221440115131556-0.0068302886084787165j),5560250000
(0.27389744231678415+0.3096867348505033j),(0.0052343039811437965-0.006748250980527779j),5560500000
(0.27384272231059803+0.311409667929265j),(0.005249137460744532-0.006798888827141679j),5560750000
(0.274494059916363+0.30832454206647j),(0.005200661199090019-0.006761550968059847j),5561000000
(0.27440389591418846+0.31089477682170424j),(0.005216099000051875-0.006727286379801366j),5561250000
(0.2750901332009904+0.308419904090636j),(0.005218316312095061-0.0066757238850151755j),5561500000
(0.2752448253826508+0.3134500871378096j),(0.0050314415976676664-0.006769716183014702j),5561750000
(0.2761074090044442+0.30833526848826576j),(0.005039741184872585-0.006793533804265408j),5562000000
(0.2785427864526208+0.306781915992877j),(0.0051169337911026935-0.0066741453912270415j),5562250000
(0.27791173103441486+0.3084012848371982j),(0.005059240543070911-0.006789583910077944j),5562500000
(0.27761102743197047+0.3085875680072393j),(0.005203281128914423-0.0067817678200133786j),5562750000
(0.2781125018759564+0.3061979526904083j),(0.00524188547900949-0.006691025879810538j),5563000000
(0.27910158157687415+0.3049523832320063j),(0.0050533019072170225-0.006972016806909377j),5563250000
(0.2797982025672266+0.3066677424309247j),(0.005036600361865311-0.006955368314734204j),5563500000
(0.2792431531922549+0.30944713648186717j),(0.005024403849124525-0.006868385806773675j),5563750000
(0.280274417109785+0.30313204938016014j),(0.005026465561420694-0.006900647039834086j),5564000000
(0.2820947657604666+0.30615687100024286j),(0.0049106401667258605-0.0069361961454718676j),5564250000
(0.2822470613630748+0.305695752421562j),(0.0050149106443087696-0.006963167910857544j),5564500000
(0.2832894436262847+0.30409093313404456j),(0.004981786942363129-0.006988187274960429j),5564750000
(0.2828583854887592+0.30529855875220135j),(0.005106925635988704-0.00701735503654879j),5565000000
(0.2839113638644933+0.3045338994440108j),(0.005012769469765194-0.007016385909389617j),5565250000
(0.2853133330329788+0.30493761156547866j),(0.004879007096872123-0.00700805382962073j),5565500000
(0.28479407252220895+0.3082094650266356j),(0.005047530804006523-0.006932208063211109j),5565750000
(0.2868804742496888+0.30136101228848805j),(0.004888419650073069-0.0071356034853416826j),5566000000
(0.2867364963912736+0.3041508452163568j),(0.004828381783591332-0.007054106076064626j),5566250000
(0.28905853895224337+0.2991710865357924j),(0.004786671299235393-0.006945020712559471j),5566500000
(0.2878819942925442+0.30609068076981605j),(0.004819403220135681-0.007058702794871533j),5566750000
(0.2891125131169819+0.2979914548815888j),(0.004864488864871775-0.007224485893761481j),5567000000
(0.2903810740218852+0.2997408202155925j),(0.004830889490126428-0.007137872558427119j),5567250000
(0.2905030645791538+0.3005370362202292j),(0.0047053758106392965-0.006988664737553061j),5567500000
(0.2925937832962602+0.29593849867776584j),(0.004562740272252328-0.007095855260950478j),5567750000
(0.2926091945502301+0.30099988663092714j),(0.004817602546670756-0.007121644018323356j),5568000000
(0.2923960388379778+0.2970718230159052j),(0.00459862467351101-0.0070698190466684675j),5568250000
(0.293597876232851+0.29911376779092735j),(0.004499534801328214-0.007047424046589685j),5568500000
(0.2934772567625775+0.2956415696523452j),(0.004604102072472594-0.006833796982766891j),5568750000
(0.2964004301230441+0.29371861401182336j),(0.004502733601303531-0.007108012807925508j),5569000000
(0.29503620232687083+0.29717806180059664j),(0.0044971624814205535-0.0072332116696235856j),5569250000
(0.29671653788142976+0.2931703175950174j),(0.004396548309709495-0.007216283192094336j),5569500000
(0.2964506993465596+0.2953887031941534j),(0.004415419221565573-0.00702244781196531j),5569750000
(0.29681228298213863+0.29304312070835203j),(0.004536054063180772-0.0069981383771462085j),5570000000
(0.2992218304736932+0.29240008631572545j),(0.004320463407283595-0.007218598364156629j),5570250000
(0.29857374712436946+0.294976865030107j),(0.004655050980067775-0.007082888032812368j),5570500000
(0.30093027770824227+0.28939293088833523j),(0.004279550677125583-0.007203788528354404j),5570750000
(0.3000057940696376+0.2931217160410607j),(0.004417678563325689-0.007029875393032278j),5571000000
(0.3010195025813301+0.2919121375866633j),(0.004418152253545566-0.006993660806053101j),5571250000
(0.30284254627353957+0.29089249733659717j),(0.004282713163598438-0.007162838748490169j),5571500000
(0.3022929704292346+0.2940643213542868j),(0.004337111834278128-0.007053380451060191j),5571750000
(0.3039208337000883+0.2895696768603331j),(0.00423583513580115-0.007035411215788171j),5572000000
(0.30491060560458155+0.28918510991240187j),(0.004286750514936683-0.00705989840118599j),5572250000
(0.3045641705930849+0.28958627542564824j),(0.004377333137228177-0.007064737715894188j),5572500000
(0.30549239713908916+0.29223828028138227j),(0.004402130198652785-0.007279209815605153j),5572750000
(0.3058034440946369+0.2907882714887916j),(0.004359105771495869-0.007061689758695774j),5573000000
(0.30747824503462207+0.285595108870839j),(0.004313136539340497-0.007146761255657772j),5573250000
(0.3069321623014957+0.2899784350453006j),(0.004354798529456378-0.007236465674571776j),5573500000
(0.30842933232579506+0.2860309539648312j),(0.004293613445715273-0.0071612935801844664j),5573750000
(0.3092174116138552+0.28833167866249204j),(0.004400338457380598-0.007247329191261323j),5574000000
(0.31021222040236296+0.28701111497057114j),(0.004407032192789719-0.007148574143986924j),5574250000
(0.312470820574039+0.2854008203285388j),(0.004426252132668338-0.007226088096170402j),5574500000
(0.3102983341948178+0.28846200342367767j),(0.00425564889838501-0.007114355347275251j),5574750000
(0.3111132320596981+0.28751229604782996j),(0.004293296206402044-0.00711631136007155j),5575000000
(0.3110343857032309+0.2870786849225434j),(0.004250656354844101-0.007214139289310606j),5575000000
(0.3117905882337898+0.2875594652402726j),(0.0043587407171408726-0.007169149962752998j),5575250000
(0.3134437453236703+0.2818119648606782j),(0.004313405237247271-0.007228769192348693j),5575500000
(0.3142916837638108+0.2866572268426501j),(0.004318999600779585-0.0071972564002215095j),5575750000
(0.3135921258445462+0.2839368287317274j),(0.004334034915874229-0.006999272137482683j),5576000000
(0.31649222305105146+0.2816925974124567j),(0.004341031551684967-0.006970032213232887j),5576250000
(0.3157477960764162+0.28402146247486065j),(0.004386452484157232-0.007318546929911066j),5576500000
(0.3169782683711036+0.28282615520554394j),(0.004372717601883859-0.007231550560566343j),5576750000
(0.3172330507341664+0.2852484199698809j),(0.0042556930656318746-0.006973421716939122j),5577000000
(0.31788018769150606+0.2815440948689856j),(0.004323920861755202-0.007217835512576109j),5577250000
(0.31918882830714324+0.2820912249997237j),(0.004267195249991639-0.006928023522331931j),5577500000
(0.31905273542475066+0.2840339498338366j),(0.004235612171796161-0.007159767972348524j),5577750000
(0.31953477264377644+0.27906222987350876j),(0.004193869537329557-0.0071691079045355585j),5578000000
(0.3197182801754775+0.2817786923197471j),(0.004179354223140429-0.007186098777046355j),5578250000
(0.32096491500689917+0.28001797115526833j),(0.004285263089615607-0.007137918504150407j),5578500000
(0.32043106408377736+0.28332439981106977j),(0.004047356928348289-0.007023264190343026j),5578750000
(0.3208846020773127+0.28263181358560757j),(0.0041775111630693185-0.007192794941484894j),5579000000
(0.32321326124016914+0.27621849662639053j),(0.004218404821160813-0.007226961017421196j),5579250000
(0.32252914477181077+0.28055014698599057j),(0.004015962765387195-0.007290860628072993j),5579500000
(0.3242090785103003+0.2779922700967366j),(0.003975047496604864-0.007347488985430787j),5579750000
(0.3236778991893089+0.2796693674039853j),(0.004073159549183055-0.007211798989095464j),5580000000
(0.322930552347107+0.2794466994379884j),(0.003953760301758055-0.007093846548555465j),5580250000
(0.3259662814531294+0.27554677887388246j),(0.004127244515491593-0.007160186895253992j),5580500000
(0.3253602084862512+0.27979161275176184j),(0.004178070478593377-0.0071543714326598685j),5580750000
(0.32711358539192675+0.27410483219667625j),(0.003909922860074079-0.007220280981018308j),5581000000
(0.3271609638762646+0.27797249810471225j),(0.003978420752580488-0.007400010808313348j),5581250000
(0.3277070127297029+0.2766221864517927j),(0.004037650475513886-0.00728031857678648j),5581500000
(0.3289069640655158+0.2752436660981737j),(0.003916514885520123-0.0075145470307916695j),5581750000
(0.32804871273291347+0.27734123226514495j),(0.003934214883985774-0.007352970729197746j),5582000000
(0.32983351820130796+0.2754635124636391j),(0.003917339396373402-0.0074122841243647545j),5582250000
(0.33044005713790375+0.2756846080145379j),(0.004078859468646703-0.007489028449070387j),5582500000
(0.33114511267800295+0.27593566824324367j),(0.0039212830675034865-0.007311281373635454j),5582750000
(0.33255300019586476+0.2745181924520835j),(0.004004758699701995-0.007375235080214198j),5583000000
(0.332251078602729+0.271529200569137j),(0.003779679436910798-0.007295265774110193j),5583250000
(0.3329215614831782+0.2703593414396046j),(0.0038559856145119666-0.007523531902791924j),5583500000
(0.33339495123851476+0.27421361990692705j),(0.003729127833479779-0.007274154351663567j),5583750000
(0.3337433196157491+0.2695613625757217j),(0.0038389423351226685-0.007349006357251162j),5584000000
(0.3356624666252219+0.27086034741242365j),(0.003675498855093236-0.007590541404654568j),5584250000
(0.3345942032201528+0.27195583374289445j),(0.0037397593281062323-0.007388195835884124j),5584500000
(0.33622436583335985+0.26974609612615075j),(0.003571999155872172-0.007402565054850618j),5584750000
(0.3373149381658476+0.26968934088112795j),(0.003528673001215872-0.007408597850920628j),5585000000
(0.3371269023251284+0.2689615652501934j),(0.0035870248612948673-0.007397134461523221j),5585250000
(0.3372553908652196+0.2720444195636287j),(0.0034004128080609196-0.007243496032135952j),5585500000
(0.33858321694128757+0.2656188820785279j),(0.0034980133376933233-0.007528452207230106j),5585750000
(0.3379172119496389+0.26955297233580594j),(0.0036012525656017053-0.007348886658021713j),5586000000
(0.33908734891571646+0.265500395629534j),(0.0034625684690833356-0.007550374642432412j),5586250000
(0.33998665074052664+0.26879464991152086j),(0.003339888573799472-0.00755220131199839j),5586500000
(0.3404189015469682+0.2677349772229691j),(0.0034974830954741564-0.007432306264142594j),5586750000
(0.3413784306735393+0.2644444245874866j),(0.0033108750827154487-0.0074441728897873885j),5587000000
(0.34228791272984593+0.26205880280657406j),(0.003375269078324099-0.007408616982430784j),5587250000
(0.3432771748766436+0.2636498825593363j),(0.00344327362965997-0.007274824199752242j),5587500000
(0.3436568207395684+0.26597182879525383j),(0.0032710855505444676-0.007406363660295835j),5587750000
(0.34470799195670876+0.26350637975969515j),(0.0032873691303659447-0.007397212267270361j),5588000000
(0.3436947971929804+0.26315702476526215j),(0.0031400460806709878-0.007387025525851247j),5588250000
(0.34344477597356976+0.2657344274078068j),(0.0031932831197863617-0.007378126361799841j),5588500000
(0.3464593147441373+0.2625220761175997j),(0.0032517005245397156-0.00724777505948379j),5588750000
(0.34456468291148284+0.2669184113000172j),(0.0032432074055600115-0.007120059455166422j),5589000000
(0.34670796721629604+0.2611677672732005j),(0.003257931283067311-0.007331782980053542j),5589250000
(0.3468779114996465+0.26266954838232603j),(0.003193787440253426-0.007215444121181116j),5589500000
(0.346825757389285+0.2626696509902376j),(0.0031326675373352184-0.007239665255353543j),5589750000
(0.34721527005543945+0.2633597153919863j),(0.003096588318153645-0.007176371543281978j),5590000000
(0.34756746397815774+0.26286051789666404j),(0.003078920439814098-0.007104536688330983j),5590250000
(0.34900070043051523+0.2585955719490886j),(0.003087986879062959-0.007262609940057425j),5590500000
(0.3478420371737704+0.26355694493295767j),(0.0031007962536859284-0.007161297019125445j),5590750000
(0.3484844849087716+0.25906074872422735j),(0.0030188058809161684-0.007035284127665805j),5591000000
(0.34816840364167484+0.26771696950975393j),(0.003025306035009216-0.007005602654657908j),5591250000
(0.3491560156944733+0.2630004749218495j),(0.0030579142585347935-0.006972743817812938j),5591500000
(0.35241883352410874+0.2571213780791646j),(0.0030323539173544804-0.007008951318240475j),5591750000
(0.35170040780890943+0.25683976946142556j),(0.002923458152992041-0.007016520008829406j),5592000000
(0.35280710432740486+0.2569148289675456j),(0.002820550129428363-0.0070263510058275105j),5592250000
(0.3523701398768673+0.25861312083309596j),(0.0030308469472450222-0.007149434612317974j),5592500000
(0.35386651595412194+0.2539426626871154j),(0.0030319555541486183-0.007093735503608539j),5592750000
(0.35366437947921947+0.25655937289895725j),(0.0029933812114417216-0.006952850034928014j),5593000000
(0.3552647016431065+0.25260071282327956j),(0.002981555677603938-0.006959324714745242j),5593250000
(0.35366580491282645+0.2577963090975816j),(0.0029140567832640586-0.006971083302533878j),5593500000
(0.3558341159465336+0.25320712736014184j),(0.0030025367008308717-0.007029214994232911j),5593750000
(0.3566577583261475+0.2542147227640711j),(0.0030455628139304555-0.007137460923379778j),5594000000
(0.3563506324312958+0.2536482888697194j),(0.002916121639409863-0.006928648036880696j),5594250000
(0.35726135938060316+0.2506986055811309j),(0.002966222447342181-0.006958686794714714j),5594500000
(0.35796861219137555+0.2542132934093375j),(0.0029083131997356478-0.0069969119425124186j),5594750000
(0.3608106357608071+0.24787314755504405j),(0.0026881346542809935-0.0071690536375653745j),5595000000
(0.35951485861289295+0.25220148155819344j),(0.0029793676241928104-0.006900243303848128j),5595250000
(0.36142621666557323+0.24702587242828733j),(0.0027568365702181036-0.0069520346274200276j),5595500000
(0.36001763417793525+0.25095264418142904j),(0.0029665716813545543-0.006959206427556971j),5595750000
(0.36199623409467524+0.24465318755569693j),(0.002852004968481148-0.006979244128911193j),5596000000
(0.3628889063928734+0.2494096770201884j),(0.0028077183399093176-0.006884815687907746j),5596250000
(0.36236971109060506+0.2438261044037742j),(0.0027877973049143454-0.0069771752433711075j),5596500000
(0.36225774807055316+0.24888518549552557j),(0.0026486951240502683-0.006929606593301847j),5596750000
(0.36284285370111197+0.24692752579785227j),(0.0028590907189068675-0.006964667386353557j),5597000000
(0.3653246471312399+0.24429611433228954j),(0.0026872468504555353-0.006961517352476352j),5597250000
(0.3643967357798814+0.24499563262020807j),(0.002906411605658807-0.006957570132351211j),5597500000
(0.3650463316603214+0.24809949933682707j),(0.002832018280220106-0.0071271528724797355j),5597750000
(0.36576685878198467+0.24808838626669974j),(0.0029933427355872595-0.006903563999365463j),5598000000
(0.36697542642436914+0.245333109563095j),(0.002940305057798364-0.006863721383112335j),5598250000
(0.36947183871969014+0.24198072180082542j),(0.0029155060852399254-0.007124707404554916j),5598500000
(0.36701900858203707+0.24941743064224475j),(0.0028777756100620507-0.0069691823299160216j),5598750000
(0.3692672777811081+0.24591023850839563j),(0.0029448125041514764-0.006833815122128157j),5599000000
(0.3674662591774169+0.2537360111610229j),(0.0029472471679419057-0.006939551844192084j),5599250000
(0.3704275911488581+0.24647016687205353j),(0.0029220944432015485-0.007070197350633682j),5599500000
(0.36931139634463706+0.24815677204938738j),(0.002945427687239905-0.006923687090030417j),5599750000
(0.36781375800852323+0.25338519675144955j),(0.0030164221872068025-0.006905066929420935j),5600000000
(0.37120260041797715+0.24597155242202495j),(0.0029335032457326942-0.006943528609806623j),5600000000
(0.37112773678936095+0.2431987681280487j),(0.002861036169694755-0.006880688531475256j),5600250000
(0.372852579084527+0.24634418324574078j),(0.0027458560544872607-0.006992987242456786j),5600500000
(0.37184482790415874+0.24819645589987177j),(0.002960868127859651-0.006952806305601337j),5600750000
(0.37125539978642486+0.2539013027613063j),(0.0028147858312211186-0.006993937755087361j),5601000000
(0.3726998335881763+0.24949041536035244j),(0.0029750098245733187-0.007013148505451435j),5601250000
(0.3752244501886394+0.23967770503182867j),(0.002755348691283861-0.007217520361076889j),5601500000
(0.3720815591603368+0.25459190644756746j),(0.003005676947357671-0.007097882810279719j),5601750000
(0.3768197027716653+0.24119505667954588j),(0.0028817172998641376-0.007072158412785197j),5602000000
(0.3747407989028413+0.24948212906885273j),(0.0029346459535083426-0.006998654099908357j),5602250000
(0.3728158625912258+0.25343944051459344j),(0.002980841955472895-0.0069649204248284705j),5602500000
(0.3772696741839689+0.24435632404778487j),(0.0027699578837981813-0.0070678461752494755j),5602750000
(0.3747124913697141+0.25082210501674346j),(0.0030202735949550878-0.007033040254192135j),5603000000
(0.37802387808457305+0.24013351527234114j),(0.0028999996273092092-0.0070835158441548965j),5603250000
(0.3739171292546169+0.2535048444361087j),(0.0030095740867232-0.007081018497243162j),5603500000
(0.3786019485167011+0.2414547411955821j),(0.002770003380311954-0.007125680698276648j),5603750000
(0.38016244623078116+0.2399727963202765j),(0.0027910322577163393-0.0071679043630726216j),5604000000
(0.37886295311491086+0.2439359181052398j),(0.002937534526291553-0.00715691136387894j),5604250000
(0.3812424813296087+0.2396255947768861j),(0.0028201323175092406-0.007095498937157915j),5604500000
(0.3812889609632749+0.23958708416038915j),(0.002888112472030642-0.007040811671672471j),5604750000
(0.37813752122346284+0.24792192933000384j),(0.0029818868471969055-0.006979179020005891j),5605000000
(0.38391791761102123+0.2367129447012324j),(0.0027358917838202945-0.0070493704095092565j),5605250000
(0.38071779185223414+0.2431734594083327j),(0.0028306935788180447-0.0069050268711138875j),5605500000
(0.3846504143955418+0.23776266963853038j),(0.0028815828776989753-0.0070584796088545045j),5605750000
(0.3810636102755473+0.2456611930807059j),(0.002867500618152533-0.006956064396363997j),5606000000
(0.38637768553814533+0.23205958495528528j),(0.002868440271869933-0.0070856481150622964j),5606250000
(0.3876063433488676+0.23403034469990294j),(0.0026589529861234173-0.007212852746018045j),5606500000
(0.38274024234176474+0.24599936135204087j),(0.002980399838243948-0.007112927945201633j),5606750000
(0.39034260771221396+0.2246672339385994j),(0.0027669124299666463-0.007182916410107458j),5607000000
(0.38847808255322874+0.2330684261292267j),(0.0028535169438183585-0.006975796128301273j),5607250000
(0.38647881085840546+0.23725330594269625j),(0.002763109414048891-0.006984702570800437j),5607500000
(0.38756755242866564+0.23933310650517592j),(0.002647934509026873-0.0070725694026461715j),5607750000
(0.3885556301315629+0.23260297476539651j),(0.0027258137275144147-0.007022137015785303j),5608000000
(0.39014576986522265+0.22885410040890367j),(0.0025482960882467613-0.007075956679685624j),5608250000
(0.39002332531256045+0.2348296435916135j),(0.0026812846225326395-0.007085590573100906j),5608500000
(0.39103953681827286+0.2286908167857118j),(0.002690291991394226-0.007082177521646134j),5608750000
(0.3924956613487092+0.2306823364564187j),(0.002656167408739332-0.007077319655453473j),5609000000
(0.39036587489241986+0.23316815383847292j),(0.002515064067825067-0.006971823178946016j),5609250000
(0.3941194307100647+0.2304605439541582j),(0.002568833583845713-0.006992747953134342j),5609500000
(0.39243479539711473+0.23443705133916132j),(0.0027189319597887224-0.007108748554123296j),5609750000
(0.394441546099456+0.22818196682966152j),(0.0026019572962683625-0.007104368970923107j),5610000000
(0.3924414683429359+0.23659265765764725j),(0.002500034786294127-0.0070138031286072645j),5610250000
(0.395313699072605+0.22859823680489924j),(0.0024956251690425976-0.0071401573553182j),5610500000
(0.3964785120909782+0.22853409065661398j),(0.0025383832191353817-0.007021508772012574j),5610750000
(0.3972752342836781+0.22651403431915185j),(0.002548642318526588-0.007052506836217664j),5611000000
(0.3985788278344789+0.22332231908503558j),(0.0024802373288499986-0.007176886577477305j),5611250000
(0.39409415430443473+0.23217561403393397j),(0.0026759720343856016-0.0072225894813005105j),5611500000
(0.3972647121413609+0.22969589384278355j),(0.002434053346827521-0.007072816778978537j),5611750000
(0.3979909700836185+0.22993894802873285j),(0.0025157672235894954-0.007135899600402057j),5612000000
(0.3965940917258807+0.23066571037867936j),(0.00237430133412398-0.007192576698654526j),5612250000
(0.39777419729828967+0.23333124826557577j),(0.0024646918663872824-0.007056279661149352j),5612500000
(0.4001081088562917+0.226885282056855j),(0.0024226443248987024-0.007126629192601386j),5612750000
(0.39791170980102397+0.23470494591643923j),(0.00254512631117895-0.007235412896755136j),5613000000
(0.40176526652719446+0.22445245104472358j),(0.002312634138394278-0.006943399206828823j),5613250000
(0.39906328544982067+0.23167198553869037j),(0.002430251270990377-0.007040345301553351j),5613500000
(0.3996653422975725+0.22645060046030605j),(0.0024601326234085625-0.00693575356929912j),5613750000
(0.4008302038731797+0.228311019366989j),(0.0023941664834591413-0.007219537736181881j),5614000000
(0.3990892653373576+0.2319368103503978j),(0.0023229576110943787-0.007045554031159125j),5614250000
(0.3998244655650905+0.2336108178550442j),(0.002454532100634021-0.0071695469525119015j),5614500000
(0.40459843141424295+0.22226431532599045j),(0.002334318831744702-0.007273077249649358j),5614750000
(0.4021904990432494+0.23122535584664677j),(0.002223742201703464-0.006979045919430399j),5615000000
(0.40652730928949776+0.22305349105172184j),(0.0023120501338700435-0.007072417541776068j),5615250000
(0.40421084972469246+0.2273502071163696j),(0.002334613898665421-0.007081266624246055j),5615500000
(0.40513656603988546+0.22745035715426265j),(0.002226711052338161-0.007047679965039988j),5615750000
(0.4073712875441728+0.22044846052005876j),(0.002182692803216614-0.007107028519769208j),5616000000
(0.4082540131237457+0.21869168930772614j),(0.0020980477056029095-0.007092479151938915j),5616250000
(0.40888896295865856+0.22184069089687364j),(0.0021923094528882763-0.007163630100489142j),5616500000
(0.40674117626567463+0.22652419919053357j),(0.0022768107659413947-0.006988179781121166j),5616750000
(0.41155954664237987+0.21845058918200003j),(0.002135468318502531-0.007053173054520271j),5617000000
(0.408951883864942+0.22273506044384125j),(0.0021723018892082623-0.007182953867855328j),5617250000
(0.412088274722584+0.21968758175833145j),(0.00221323355961512-0.007095141675249123j),5617500000
(0.41036489179194463+0.22054984950055753j),(0.002072679748480393-0.006993977974447745j),5617750000
(0.4119542023354076+0.21887252687204553j),(0.00209853687057551-0.00719712630493428j),5618000000
(0.41313106799484534+0.21957891858866624j),(0.002120877628803131-0.00706117212769901j),5618250000
(0.41287808823211125+0.2214774861872537j),(0.0019398875838040233-0.007035566686148985j),5618500000
(0.4134780328634997+0.21585616978181157j),(0.0019235996635161776-0.006865606156332197j),5618750000
(0.41307753357601823+0.22142730027447607j),(0.0020970328119278444-0.006823855665823892j),5619000000
(0.41357051817055607+0.21622439060151094j),(0.001958122313449641-0.006987281643178701j),5619250000
(0.41433424596622737+0.21919917331697275j),(0.0019815557096535194-0.006952990696841138j),5619500000
(0.4136920517109708+0.2181731803736162j),(0.002229467234469934-0.0069386987699825795j),5619750000
(0.4171643221930915+0.21190826202262805j),(0.001968179320711567-0.006919796922757667j),5620000000
(0.4165495580753986+0.21541283804247024j),(0.0019527834683863788-0.007031833011256708j),5620250000
(0.4169779653591475+0.21461311766551705j),(0.0019851043810824236-0.007203908939258877j),5620500000
(0.41649972110283345+0.2163278632776183j),(0.0020718435401670967-0.006939742131208452j),5620750000
(0.41860951622619164+0.21516216843066605j),(0.002060522108645261-0.006963069739712266j),5621000000
(0.41783007422061985+0.21218016981885116j),(0.0020922830306743787-0.007104076557048434j),5621250000
(0.4188877062028593+0.21613508842470755j),(0.001981213997262475-0.007073993339691159j),5621500000
(0.41910276874174385+0.2121968609671077j),(0.0021297303037001794-0.007095406043702691j),5621750000
(0.41790625885387084+0.21789410080203994j),(0.0021228848914099188-0.006893898831159258j),5622000000
(0.4196010184841812+0.2120863392350639j),(0.002062532968640273-0.0070763867773437645j),5622250000
(0.4199344675714431+0.21313580860902598j),(0.0019251318356886806-0.006952733134432435j),5622500000
(0.4201100503748093+0.2134662637367276j),(0.0021816502366980863-0.0070390632418764745j),5622750000
(0.42097092513912715+0.2126412555814521j),(0.0020387722861609464-0.0071447824107076395j),5623000000
(0.41963013739423205+0.21454102382167628j),(0.002172417353789372-0.007120872031186158j),5623250000
(0.4232468186235948+0.20802582888646015j),(0.001932211662911073-0.00707439664343557j),5623500000
(0.42148230443787116+0.2134526848186319j),(0.0020706527680398514-0.007100248521709195j),5623750000
(0.42202355086154153+0.21050998093734816j),(0.001985915991727613-0.007014556660119758j),5624000000
(0.41999879391790035+0.2173301837892451j),(0.0021291557459545674-0.006979396757735872j),5624250000
(0.42291455215399754+0.2102179301400662j),(0.002175913094521444-0.006914095856074982j),5624500000
(0.42688747223761414+0.20903772948003088j),(0.0020700654718572927-0.007130626770064749j),5624750000
(0.4239932806703256+0.21213884113227496j),(0.0020781575561368104-0.0068410449752640285j),5625000000
(0.4255469649682013+0.20848766292448864j),(0.002018704575907775-0.00697398841713971j),5625000000
(0.42642849109309683+0.20747752522842752j),(0.001990716727066289-0.006966219731183137j),5625250000
(0.4238489263315316+0.21527837949475945j),(0.001972066296365472-0.006898010769356447j),5625500000
(0.42929302838593986+0.20419782619772442j),(0.0019721394903765613-0.00688589534728112j),5625750000
(0.4255460332568031+0.2110706490390865j),(0.0019755100531384804-0.006757182254921682j),5626000000
(0.429122156845784+0.2072591718568782j),(0.002067965430964768-0.006909412391560737j),5626250000
(0.42901159825333846+0.2079389545883304j),(0.002006826209942906-0.006757543665191592j),5626500000
(0.43111978797358347+0.20557823612404671j),(0.002048599303851997-0.006917222248879037j),5626750000
(0.43100345828365144+0.20911017756390632j),(0.002085912161147017-0.006937862167082115j),5627000000
(0.4303096302105428+0.20901200924532132j),(0.0020048110727138237-0.0069193322319439j),5627250000
(0.4343324587413701+0.20520800603622444j),(0.0020150319919646515-0.006766591310082441j),5627500000
(0.43406212615272716+0.20658504564625496j),(0.002045044746323807-0.006968645170682007j),5627750000
(0.4324610063473512+0.20545401729160798j),(0.00196802575225838-0.007000782747161747j),5628000000
(0.43522949811604034+0.2053789352762451j),(0.0019979575435425233-0.006827243363616103j),5628250000
(0.4332473446056533+0.2075042189215541j),(0.00212684601462096-0.006831939667794438j),5628500000
(0.4369396057111109+0.2018095332938966j),(0.0018930585236482157-0.006784693721447261j),5628750000
(0.4367920187717078+0.20654554095711294j),(0.0018520655355308004-0.006827102888385235j),5629000000
(0.4365508301081558+0.20254812833144076j),(0.0019623214449286147-0.0069051591216458385j),5629250000
(0.4345960626292071+0.20930684764759222j),(0.0019293890570777725-0.006833491643400079j),5629500000
(0.43620619831117574+0.20362059045038652j),(0.0020901032984084293-0.0068299229716765305j),5629750000
(0.44113458365228836+0.2005746658388335j),(0.0018688686247709061-0.0068713621890957805j),5630000000
(0.4377149006933324+0.20659802784328962j),(0.0019532427957840567-0.006748065889800225j),5630250000
(0.43897198786946756+0.2025988636564785j),(0.0019768838498312167-0.006913165052988703j),5630500000
(0.44473575805983745+0.19573439317710536j),(0.0019003153739801477-0.006944977975907406j),5630750000
(0.438616288319791+0.20409946992568526j),(0.0021551506297325007-0.0068668224077782j),5631000000
(0.4410079570724393+0.2014446112019947j),(0.001958669942813306-0.007007774047432105j),5631250000
(0.44131102999478855+0.20062803614386626j),(0.0018125723817280898-0.0069206909273597135j),5631500000
(0.441512742848585+0.20443185650352916j),(0.001950792642263473-0.006739021789141308j),5631750000
(0.4431336033351891+0.20141267918912806j),(0.0018418627145817092-0.006858652282089944j),5632000000
(0.44322196383127704+0.1971825829802306j),(0.0019106542459604108-0.00698008759279179j),5632250000
(0.44250353096162326+0.1999700774544841j),(0.001963833796856301-0.006991481043651741j),5632500000
(0.4431066980285651+0.1998758057466913j),(0.0020031403094917383-0.007075416839285367j),5632750000
(0.446015488962138+0.19620381282002264j),(0.0019327063797055734-0.0069525961374698j),5633000000
(0.44162703265509046+0.20229519304300075j),(0.001807507667812465-0.007077300840636377j),5633250000
(0.446001421350409+0.19737702683784375j),(0.0020403688001720366-0.007088036779639544j),5633500000
(0.44368429186142844+0.20160031076694748j),(0.0020449668287719812-0.007111876605136092j),5633750000
(0.4463673189023348+0.1949563302818125j),(0.0019251177815723382-0.007074313776580545j),5634000000
(0.445890610930167+0.19776175902186482j),(0.0019671566253036212-0.007067171234656047j),5634250000
(0.44463503459126086+0.19755298861591553j),(0.0018603029542541612-0.006945427701160802j),5634500000
(0.4410158271949647+0.2054575628386149j),(0.002043516608764399-0.007185299923304823j),5634750000
(0.4455026443268785+0.19625846590624046j),(0.0019385365326784127-0.007270075247111792j),5635000000
(0.4485818699020036+0.19348145727501492j),(0.0018801381238490763-0.007038740577635691j),5635250000
(0.44488265635702834+0.1992809954272978j),(0.0019629853468249325-0.007236056430605482j),5635500000
(0.4481749680430605+0.19327064314199185j),(0.0021101155224062884-0.0070431416852486505j),5635750000
(0.4526706347023003+0.18880361770702012j),(0.0020351480257638725-0.007272542496423427j),5636000000
(0.4481276327886301+0.19524597787596715j),(0.002088122892808098-0.007151170917486363j),5636250000
(0.45065710615106563+0.19339136627735845j),(0.0020634882809122475-0.007370374651127691j),5636500000
(0.44768324899564993+0.19712451680406645j),(0.0020949451320962853-0.007229120372436627j),5636750000
(0.4540525200018166+0.189373394797428j),(0.00224400314051108-0.007506193564957196j),5637000000
(0.45128882040909457+0.19288014500558814j),(0.002074464150945974-0.007402781278184327j),5637250000
(0.4518846409810884+0.19234325612659348j),(0.0019660066093328075-0.007526131626271151j),5637500000
(0.4533366157081659+0.1959832062973449j),(0.0020819229559842518-0.0074360710579288135j),5637750000
(0.45280129848745837+0.19271822020546633j),(0.0021177940592891813-0.007510802560225446j),5638000000
(0.45805401710510213+0.1875488110148668j),(0.0019068215361749072-0.007652301696665313j),5638250000
(0.454044390132384+0.19073890184078826j),(0.001928207743912164-0.00760415015801289j),5638500000
(0.45802634720627033+0.19011823691281807j),(0.0020580202915035034-0.007563023083309218j),5638750000
(0.45481259100486565+0.19462942767856328j),(0.0019805842473930597-0.007649855462944295j),5639000000
(0.4549417305832343+0.19043991725809956j),(0.0022359527796743735-0.007626559816915243j),5639250000
(0.457840768476191+0.18973230217442727j),(0.002097014673349912-0.007649131246579577j),5639500000
(0.454511553260745+0.18951576715821947j),(0.002068910115187598-0.0075741173838785765j),5639750000
(0.4607978880987201+0.1850070060025724j),(0.0017653617347669899-0.0074907906375147465j),5640000000
(0.4580860346987358+0.19028606790862487j),(0.002058390447686953-0.007547381850324776j),5640250000
(0.4621590917986527+0.1851680108292145j),(0.0018671726434499273-0.007794307455510523j),5640500000
(0.4582658163747844+0.1888848541622909j),(0.0018822295682865615-0.007806485980547241j),5640750000
(0.4602828210754243+0.18553600559960856j),(0.002005762828860777-0.007738464734228896j),5641000000
(0.4612046950619669+0.18480171890437766j),(0.0018820156778463987-0.007781340428549571j),5641250000
(0.46209281634764005+0.1865988680670597j),(0.0018836830420376482-0.007927949460849721j),5641500000
(0.462885787684149+0.18625511362274713j),(0.0017652520852278189-0.007782842441024978j),5641750000
(0.46082492402033365+0.1880360890167792j),(0.0017173877174475913-0.007728216416025137j),5642000000
(0.4631482580221978+0.1845071399136983j),(0.0017791537801678575-0.007849257711463333j),5642250000
(0.46314507825345275+0.1876058482659337j),(0.0017043407395261091-0.007829616220948398j),5642500000
(0.46402990665436833+0.1835069311367722j),(0.0016873513864559507-0.00780189276003576j),5642750000
(0.46450231265215886+0.1846168091096113j),(0.0016534292950096787-0.007958328521354868j),5643000000
(0.4642812892687678+0.18457189243324926j),(0.00180534445326879-0.00787215547175353j),5643250000
(0.46850998422218393+0.18161533084479584j),(0.0016755319851333716-0.007963968691703164j),5643500000
(0.4650264404552749+0.18442207016300866j),(0.0016520855280053644-0.007881266227808657j),5643750000
(0.4680312610336548+0.18072007557830458j),(0.0015845610875577997-0.007916166420743866j),5644000000
(0.4675628842314088+0.18426337379410476j),(0.0014959559078892711-0.007860590275080041j),5644250000
(0.46670067227919515+0.1853450715176866j),(0.0015978423304054653-0.00793094870024785j),5644500000
(0.4709153348181685+0.18055549666195303j),(0.0014049141612036539-0.008073640603478968j),5644750000
(0.46969591538720934+0.18309000937130343j),(0.0014040888700307076-0.008075692449881055j),5645000000
(0.47144924816009276+0.18349342199680663j),(0.0014894878065154346-0.00816228776575747j),5645250000
(0.4681113148346415+0.18505362982118112j),(0.001376089696466856-0.008082692302630652j),5645500000
(0.47275106436810466+0.17826043398460234j),(0.0012966587453479728-0.00791274525762541j),5645750000
(0.46980576655347145+0.1814183975145523j),(0.0012107791035528112-0.008002266439432767j),5646000000
(0.46913119761087413+0.1846809316891767j),(0.0012653132780198434-0.008208965840362764j),5646250000
(0.47719603251859255+0.1740057193638938j),(0.0008683066159007788-0.008147285941755344j),5646500000
(0.4719320040453894+0.18137847391916498j),(0.001174527285207122-0.00794958808424481j),5646750000
(0.4702675370926298+0.1821584600250944j),(0.0011824129587689057-0.007898058634339518j),5647000000
(0.47455128408010017+0.18008590008318057j),(0.0009666523249993711-0.007955087030344917j),5647250000
(0.4747688679720943+0.18064621839777611j),(0.0008791258859856329-0.007857362859673549j),5647500000
(0.4765360894547569+0.17375970312629746j),(0.0009087269531282904-0.00814765928111255j),5647750000
(0.4772111699197939+0.17659317413583042j),(0.001003850529799823-0.008022283419348842j),5648000000
(0.47611318173613915+0.17629548023688557j),(0.0008833827647282762-0.008046979275985881j),5648250000
(0.4782347048867301+0.17499781234203843j),(0.000779078638430583-0.007903825027727684j),5648500000
(0.47547870207497167+0.17940222807851258j),(0.0008283429660419269-0.00812094156058545j),5648750000
(0.47558268649739077+0.17867436691390245j),(0.0007806899619653424-0.008083347669966627j),5649000000
(0.4816262678207768+0.16975243843804952j),(0.0007044436219463032-0.0079333112004077j),5649250000
(0.48030687204591455+0.17175043364877954j),(0.0006020024961774263-0.00813155202512536j),5649500000
(0.4790819506945858+0.17504938679383547j),(0.0006900627156395253-0.00822204432809216j),5649750000
(0.4743507278672276+0.17861351160241282j),(0.0006851971841084212-0.008134300892592037j),5650000000
(0.4793740618097558+0.1728128336781559j),(0.0004332718348432071-0.008005372984943922j),5650000000
(0.4799452154102711+0.17372178819705586j),(0.0005721261596022139-0.008048989743985898j),5650250000
(0.4785006011666106+0.17311376836038483j),(0.0007487438944522512-0.008218850251520872j),5650500000
(0.48192758249697276+0.16815113280264007j),(0.0006330874302263184-0.00803254255550175j),5650750000
(0.48268196276269665+0.16748247729723312j),(0.0004114399049764852-0.008099508021951307j),5651000000
(0.480081892314489+0.17404602130285046j),(0.0005546485762946909-0.008167765442547525j),5651250000
(0.48115157775944906+0.16979078207721404j),(0.0005695113431530204-0.008166543620868015j),5651500000
(0.48354202773383953+0.1640253334154684j),(0.00044101610500003755-0.008055209076523007j),5651750000
(0.48052527888162316+0.1712317387525818j),(0.0003716438648091971-0.008168376935963685j),5652000000
(0.4824484295278017+0.16706917712246017j),(0.0005837729967997214-0.008278274721852592j),5652250000
(0.48314367305454003+0.16749043312140927j),(0.00029075610067243266-0.008213445609501612j),5652500000
(0.4826092968217156+0.1690434249407749j),(0.00028129476331656937-0.008197083821347572j),5652750000
(0.4887519837591523+0.16110104508741682j),(0.00036473941923049916-0.008208096158621551j),5653000000
(0.4833053194256716+0.17012922234103478j),(0.00024516012054000557-0.008187635370013279j),5653250000
(0.4885471099986363+0.1646895914183578j),(0.0002446819002086265-0.008061911927092297j),5653500000
(0.48355849891996083+0.17142526002850658j),(0.00023193790790587135-0.008135674644301136j),5653750000
(0.4855925555383047+0.16840515207138507j),(0.0003872197337303604-0.008163533177760127j),5654000000
(0.49400365368957505+0.16324516108519427j),(7.708338189056326e-05-0.008190681877662392j),5654250000
(0.48617021032890756+0.17253141517695336j),(0.00029085171204198246-0.008063211655516116j),5654500000
(0.49015804772273264+0.16467745379676405j),(0.0002098095217899617-0.008158500490265848j),5654750000
(0.49791841047041097+0.15716106135157373j),(8.20555035476916e-05-0.00818197622599253j),5655000000
(0.48969350341984924+0.16760221933171982j),(0.00020148970473191357-0.008106394078329447j),5655250000
(0.4901938459782819+0.1679570150022666j),(0.00016895249486242588-0.008045661172503634j),5655500000
(0.49247176004839904+0.16668171091443176j),(0.000181759619473634-0.008042698391559449j),5655750000
(0.500345514416338+0.1578263262401909j),(3.087565585146464e-05-0.008044715580547722j),5656000000
(0.4865597573098467+0.17172351886754794j),(0.0001987741196224333-0.007912903579932226j),5656250000
(0.49498680237426046+0.1635286212899912j),(0.00017479571937540185-0.00785318526659166j),5656500000
(0.49146794328249505+0.16681014551202275j),(0.0001500834732807892-0.007872897117096j),5656750000
(0.4989529963494959+0.15888277761357886j),(4.577985686173968e-05-0.007757648009883026j),5657000000
(0.4959201484128233+0.1644759596974521j),(-8.326685193196749e-05-0.007872022437498878j),5657250000
(0.4947769700260026+0.16513207378970537j),(-5.551867644126721e-05-0.007900350330566734j),5657500000
(0.5036052011921552+0.1546927094481554j),(-0.00010815097502459741-0.007984394725163359j),5657750000
(0.49365593630257404+0.166479742087326j),(1.0851005173364919e-05-0.00786070274378641j),5658000000
(0.5017321610117675+0.15893812194000495j),(-0.00011972677084605299-0.007865793914478222j),5658250000
(0.49480432775728705+0.16753169945060697j),(3.5719477992426376e-05-0.00787376522722128j),5658500000
(0.4947819948029763+0.1657345029069236j),(-9.174590696007454e-05-0.00791471066940081j),5658750000
(0.4987833057124188+0.16268472543836618j),(1.924602800635472e-05-0.007922824278029214j),5659000000
(0.49701186354948285+0.16421085851285966j),(-0.00013035537095600733-0.007814566243094283j),5659250000
(0.49565897069681397+0.16561664542283563j),(-5.120986435739553e-05-0.00792291118155275j),5659500000
(0.4994980900505551+0.16148086462854155j),(-4.822695357389363e-05-0.007857670821596049j),5659750000
(0.5031059181041956+0.15803326240322943j),(-0.00015303881294570306-0.007959106036297011j),5660000000
(0.4977224630532111+0.1619194585309511j),(-1.587694556385468e-05-0.007735774419107343j),5660250000
(0.5013707761769413+0.1590428294714707j),(-0.00025871408959934726-0.007993122219529284j),5660500000
(0.5002703369561998+0.1583829128043684j),(-0.00018863345660166957-0.008015741159007828j),5660750000
(0.4987281683018203+0.1610035558748404j),(4.2191864413125134e-05-0.00800734507154042j),5661000000
(0.5025096034369779+0.15768449704859736j),(-0.00020815913962044262-0.007862812690425524j),5661250000
(0.5011709264014571+0.15920884100634172j),(-0.0001415621539931246-0.00786268077363693j),5661500000
(0.4985407826398493+0.1634191118420874j),(-0.00013565388795122463-0.00789506061345204j),5661750000
(0.4999239269001499+0.1593974370264652j),(-0.00028241677499833944-0.0078101791664684055j),5662000000
(0.5037416513844588+0.15806101041493262j),(-0.0001528207112884967-0.007910955780844645j),5662250000
(0.5005063261888146+0.16206264721941024j),(-0.00027069625171603025-0.00797953761146101j),5662500000
(0.5028286109049621+0.15766956049699773j),(-0.00019902765425626218-0.007994076058694427j),5662750000
(0.49812184503622864+0.16079066582562326j),(-0.00012032941922485907-0.007917095035131654j),5663000000
(0.5051285829851767+0.15481192776713346j),(-0.00031312096362652814-0.007967245351940346j),5663250000
(0.5013182093972798+0.15696657403016254j),(-0.00015652795843292377-0.008016863121733324j),5663500000
(0.5021400960741907+0.1557340263930873j),(-0.00037142578455639824-0.00785576885197043j),5663750000
(0.501892636314211+0.15723300282047203j),(-0.00028393851078372507-0.007809168737109579j),5664000000
(0.5101448184323755+0.15097690183112097j),(-0.00024131352468517747-0.008003779560212195j),5664250000
(0.5051378309451048+0.15608803196861062j),(-0.0003748639980745865-0.007866997406296525j),5664500000
(0.5047147067514689+0.1580361192071833j),(-0.00028229630087336346-0.0077742233906189975j),5664750000
(0.5075376130253766+0.1549963809239364j),(-0.0004923627164445579-0.00793585488834844j),5665000000
(0.5071363203600998+0.15589976926988364j),(-0.0004402771383849246-0.007932611782485178j),5665250000
(0.5131192763286188+0.14920708517744663j),(-0.0007382194901781493-0.007996697677758964j),5665500000
(0.5040613891609385+0.15776005148177977j),(-0.0003142605221640243-0.007928771819087223j),5665750000
(0.51186402959154+0.1509643556169044j),(-0.00042196274819667726-0.007868682711580503j),5666000000
(0.5106526235730099+0.15062002302979158j),(-0.0004210617143718476-0.007889259777413279j),5666250000
(0.5128585973835437+0.15080419015525026j),(-0.0004386906455873126-0.007938258777149905j),5666500000
(0.5119525478852264+0.15540615804056274j),(-0.00029019582506087903-0.008001245042207335j),5666750000
(0.5163728350114896+0.14798694186499103j),(-0.0006900932116904114-0.00792960666103938j),5667000000
(0.5170533915056227+0.14882644613906024j),(-0.00042443529091639874-0.007929633923799686j),5667250000
(0.5152715220857614+0.14993831056172424j),(-0.0007121504747323881-0.007820520472953917j),5667500000
(0.5159042487204167+0.15122053563690835j),(-0.0006276899547045993-0.008079088660371965j),5667750000
(0.5116497261418775+0.15213566240823506j),(-0.0006833207687451929-0.00795665833801304j),5668000000
(0.5115875630693315+0.15237921141303187j),(-0.0005115664020588168-0.008003406428588464j),5668250000
(0.5209638078981074+0.14478156233732065j),(-0.0005029399326344807-0.008039615933121576j),5668500000
(0.5176135410997423+0.1456876552283043j),(-0.0006779819918790764-0.008021299960164725j),5668750000
(0.5136326963781073+0.1513854201641368j),(-0.000759949483936535-0.007880215040662095j),5669000000
(0.5206095186509946+0.14422867202238532j),(-0.0006985352785903956-0.008055659512763859j),5669250000
(0.52278786529952+0.14307939450345294j),(-0.0007546230413585761-0.008173902521525856j),5669500000
(0.5194172826922588+0.14600052959026183j),(-0.0008231198086787989-0.008036851737106054j),5669750000
(0.5222223398838178+0.14712167593117853j),(-0.0007218135670252455-0.00802039462400137j),5670000000
(0.5180415458496064+0.14903276454884545j),(-0.000673978791334516-0.008022124598123695j),5670250000
(0.5236678115741075+0.1436851705584502j),(-0.0008176793471346145-0.008034351695118264j),5670500000
(0.5156967277418786+0.1480361690945526j),(-0.0006955087116880811-0.008081281188608479j),5670750000
(0.5237463596226988+0.14106191746003863j),(-0.0007685970946532597-0.007983241605828029j),5671000000
(0.5235667638579965+0.1423524814181462j),(-0.0008869005987915977-0.008096984803325293j),5671250000
(0.5221277420224267+0.14104368177770418j),(-0.0006693166066217402-0.007876656125181928j),5671500000
(0.5257044919401576+0.14227215762127138j),(-0.0007479122760561768-0.008007719022141958j),5671750000
(0.5227958529516129+0.1423665711685358j),(-0.0010124922576871848-0.008055023050366624j),5672000000
(0.5208783526723794+0.14513594827050288j),(-0.0008021614218986922-0.007989706031588004j),5672250000
(0.5244840976645881+0.1397549333950319j),(-0.0010253929432789692-0.007997894765957157j),5672500000
(0.524846089346419+0.14259749980333725j),(-0.0009773578243304508-0.007884597795233508j),5672750000
(0.5239974299028919+0.1398766941164466j),(-0.0010788457743143296-0.008036926168192482j),5673000000
(0.5264296465730558+0.13850239684885077j),(-0.0008879147978581317-0.008086128948952876j),5673250000
(0.528274286910275+0.13687014622891577j),(-0.001020123022939381-0.007953360738932646j),5673500000
(0.524798270892263+0.13794692378341256j),(-0.0011096700266184202-0.007836299911571705j),5673750000
(0.5254974961847285+0.13843201324025697j),(-0.0011660123948317085-0.007923363208761266j),5674000000
(0.5279306813454506+0.13724611396384473j),(-0.0010530482318499262-0.007988775649436414j),5674250000
(0.527991356521756+0.13582550499978804j),(-0.0010353431514102264-0.007979205195048956j),5674500000
(0.525083974487508+0.13877937144162916j),(-0.001044064248612155-0.00785017775345513j),5674750000
(0.5289437400605925+0.1362936237541511j),(-0.000988631642634693-0.007962373204204579j),5675000000
(0.525836691216092+0.13910019624663067j),(-0.0009615317441227885-0.00795373275911922j),5675000000
(0.5244757765812356+0.13645619335233827j),(-0.0010293743745666845-0.008060719571099046j),5675250000
(0.5321328007118407+0.13476887635708787j),(-0.0011673845204781446-0.00806661862963391j),5675500000
(0.5279238995449912+0.13644621817332045j),(-0.0010366640730714112-0.007884939039463175j),5675750000
(0.5322539564704826+0.13412060331769185j),(-0.0010976749080574947-0.007905229387341107j),5676000000
(0.532188713705689+0.1340765691144553j),(-0.0013227496712907346-0.008005775653134425j),5676250000
(0.5329961172698426+0.13217219603233735j),(-0.0009927827385684568-0.007886649639067177j),5676500000
(0.5333441127308646+0.1322419033843629j),(-0.0011191483887578507-0.007842650662856667j),5676750000
(0.5321463579744292+0.13347514983032344j),(-0.001214242837025674-0.007980001641567976j),5677000000
(0.5354358536993878+0.1325110666583958j),(-0.001202896277437458-0.007873341097633647j),5677250000
(0.5323161404319751+0.13409378101143138j),(-0.0010769813628268602-0.007860240168672315j),5677500000
(0.5356360844305745+0.12945442863295706j),(-0.0012217614553571348-0.00797623784085239j),5677750000
(0.5346874911274477+0.13155314147083783j),(-0.0012899287322131082-0.007701613827656347j),5678000000
(0.537637490464186+0.13013304750356708j),(-0.0012558238542111756-0.00796038295488578j),5678250000
(0.5381163793409992+0.1283754903196938j),(-0.0015398979305221456-0.00785283173945983j),5678500000
(0.5324701403414833+0.13341852164806509j),(-0.0012847840078191385-0.007891442312220899j),5678750000
(0.538198737068821+0.12829134145055154j),(-0.0013393470542099337-0.007729804250419303j),5679000000
(0.5369630105773432+0.1289479444508203j),(-0.0013277397058928588-0.007852651070605643j),5679250000
(0.539603455317004+0.1261477110803313j),(-0.0014976109834027077-0.007557775280944725j),5679500000
(0.5395368234512978+0.12539160270801725j),(-0.0013928566104572347-0.007592190800594939j),5679750000
(0.5417538618538358+0.12429665185141865j),(-0.001409778183323697-0.00773972976174072j),5680000000
(0.5402794878195952+0.12651526411675645j),(-0.0013214431783124883-0.007764306892348558j),5680250000
(0.5397639696629923+0.12749137793455798j),(-0.0015135119711813126-0.007839285920674077j),5680500000
(0.5423290719027494+0.12225282785270017j),(-0.0014479846909929827-0.007743807845601479j),5680750000
(0.5410931260232889+0.12482815069256187j),(-0.0015832482858062467-0.007851042280345399j),5681000000
(0.5404963511901772+0.12475816568715448j),(-0.0015048939875237858-0.007761086462823462j),5681250000
(0.5424102087560879+0.1234786387834608j),(-0.0015329504748095044-0.007792583535156792j),5681500000
(0.539354737524062+0.12704511313630829j),(-0.001563972630060229-0.007880519074581925j),5681750000
(0.5418996796391031+0.12420050893546059j),(-0.0015581963516288072-0.00779572118257636j),5682000000
(0.5434306923641371+0.12342756092779006j),(-0.0016055313389776006-0.007845791131153385j),5682250000
(0.5423482014558285+0.12305348669621077j),(-0.0014779514624195496-0.007741025744527565j),5682500000
(0.5396496851403653+0.12487986615135749j),(-0.0016134379979662924-0.007837569951204664j),5682750000
(0.5421070521986939+0.12389384493281018j),(-0.0016438546783964464-0.007673412178774915j),5683000000
(0.5459885949191184+0.11947133752383957j),(-0.0016762446077476395-0.007687191705528212j),5683250000
(0.5446125668875912+0.1232930667343298j),(-0.0016951853599383138-0.007748220229887991j),5683500000
(0.5443896656594338+0.11995520966766339j),(-0.0017128732345124214-0.007518639382825474j),5683750000
(0.5489092200276341+0.11636883006131978j),(-0.0017850497362546748-0.0076213521843684195j),5684000000
(0.5423424375626582+0.12115777824583046j),(-0.0016629819613904636-0.0076234545321961205j),5684250000
(0.546295240355877+0.11731350680328859j),(-0.0017017604189919272-0.00758683574106125j),5684500000
(0.5455155816086114+0.11685031392345809j),(-0.0016656176522154326-0.007659049056693485j),5684750000
(0.5448201979437138+0.11811886996225045j),(-0.0018524274650463437-0.0076834875507207035j),5685000000
(0.5475176287337353+0.11627458806170368j),(-0.0019849199101496665-0.0075985704429178185j),5685250000
(0.5453224885400983+0.11708457500921167j),(-0.001778178760435042-0.007678430377728216j),5685500000
(0.5493251597554278+0.11622163920467203j),(-0.0017263178072796244-0.0076965932355890785j),5685750000
(0.5451753615244427+0.11727323927819547j),(-0.0019426092640312063-0.007734479104201337j),5686000000
(0.5475017169584778+0.1159261030529488j),(-0.0019492851646470712-0.0076570164772456605j),5686250000
(0.5494963268698605+0.11611066473971371j),(-0.0018551750677134457-0.007699115676558719j),5686500000
(0.5496299121372693+0.11478385132204368j),(-0.0017536315129968532-0.007578099574958124j),5686750000
(0.5490478242437887+0.11504707611892706j),(-0.0019450056422561698-0.007507146862795971j),5687000000
(0.5500553344084207+0.1145410893632978j),(-0.001843736538220335-0.007659435359492032j),5687250000
(0.5498475799283383+0.11455658891946748j),(-0.0021616863317378034-0.007489968740121622j),5687500000
(0.54831464608285+0.11424206907967344j),(-0.002100926260176752-0.00751723327735146j),5687750000
(0.5489505842244017+0.11388615133739968j),(-0.0019981656323064634-0.007680211275478799j),5688000000
(0.5514804701176959+0.11425172425794913j),(-0.0020868075795861096-0.007438359210292341j),5688250000
(0.5533268645359606+0.11144800174149655j),(-0.0020684449805853764-0.007524348087705219j),5688500000
(0.5521398496974029+0.10950082786914742j),(-0.0020769563938322173-0.007656000004440577j),5688750000
(0.5524402577285421+0.11046805969580346j),(-0.0020571608036007217-0.0076296185895972585j),5689000000
(0.5558801286931576+0.10731646882319867j),(-0.0021388087151101333-0.007362549810659159j),5689250000
(0.5518768967413727+0.10974548252452368j),(-0.0020676176225861136-0.007649194389033993j),5689500000
(0.554974395913768+0.10719290958318571j),(-0.0021647540231688723-0.007543281572499108j),5689750000
(0.5517233920987747+0.11125679084420008j),(-0.002181472347515802-0.007518616538626695j),5690000000
(0.5567456252880921+0.10579378974398934j),(-0.0022460724055049183-0.007241788588794272j),5690250000
(0.5543236046680686+0.10831685986598315j),(-0.0022770735944847784-0.007547635833823831j),5690500000
(0.5574568555161903+0.10558354591572787j),(-0.002089592205165676-0.007502287140707968j),5690750000
(0.5565890245850148+0.10814375095991761j),(-0.0021397156820930495-0.007252300529392608j),5691000000
(0.5554903502449487+0.10712701251167879j),(-0.0021550146198018494-0.007317229317704617j),5691250000
(0.5576226911467808+0.10563322590986748j),(-0.002388024305720572-0.007481821387644388j),5691500000
(0.5566078602752456+0.10835729131363912j),(-0.002292506253269536-0.007392525289593175j),5691750000
(0.5559049863868535+0.1066166386814863j),(-0.0021476521494742363-0.007412072508100534j),5692000000
(0.5549860260670946+0.10748741311651862j),(-0.002280588887675478-0.007374195150400988j),5692250000
(0.5590766673394608+0.10369073772009318j),(-0.0022829575076588125-0.007298149340974794j),5692500000
(0.5590894488420526+0.10360587132129938j),(-0.0024196333625776502-0.007268580206983917j),5692750000
(0.554866138201797+0.10598331904853782j),(-0.002335645504461885-0.007257879686027131j),5693000000
(0.5619309163110637+0.10367026697216127j),(-0.0024306587312285933-0.0073490707253611575j),5693250000
(0.5584049573203855+0.10429420719502304j),(-0.002375215133137557-0.0074257791535350505j),5693500000
(0.5599646130886794+0.10279378127447439j),(-0.002428061874220046-0.007227488865389158j),5693750000
(0.5578678661823262+0.10409873723680742j),(-0.002426164586200701-0.007268803585441098j),5694000000
(0.5592025970355693+0.10316621576740859j),(-0.002494755924212866-0.007373571193748043j),5694250000
(0.5602424688902069+0.10294685117885845j),(-0.002442710194489295-0.007372378694139283j),5694500000
(0.558522624457173+0.10334039317563572j),(-0.0022765960228478188-0.0072001968041815415j),5694750000
(0.5588163213837779+0.1031472783504405j),(-0.0024975997496943037-0.007302390416208694j),5695000000
(0.5579643564292527+0.10372021407018578j),(-0.0024100814018658046-0.00723941755663129j),5695250000
(0.5580694446629494+0.10132364622320572j),(-0.00256699557677161-0.007327372904154351j),5695500000
(0.5599750550124243+0.1010946846357961j),(-0.0025507296598052858-0.007353968120373041j),5695750000
(0.557101596589123+0.1029961374471368j),(-0.0025002367942454696-0.007348871584893057j),5696000000
(0.5586296051707316+0.10100274005602766j),(-0.002426497144544188-0.007210887840044831j),5696250000
(0.5582933957436972+0.09972955332152451j),(-0.002351451858305093-0.007235127503001126j),5696500000
(0.562785122037242+0.09864993587606721j),(-0.0024423448804091106-0.007332290178745086j),5696750000
(0.5606344614920279+0.09958709943274578j),(-0.002578780110279369-0.007308761797350196j),5697000000
(0.5637349814146727+0.09751516090883455j),(-0.002615571545900574-0.007318763068449881j),5697250000
(0.5625889226276422+0.09808555171024289j),(-0.0025822567749215117-0.00724517612669756j),5697500000
(0.5645400051636192+0.09730829450088106j),(-0.002675064706767361-0.007424687436995898j),5697750000
(0.5662208010169089+0.09628461598430686j),(-0.0026380173992095633-0.007265371781225846j),5698000000
(0.5653612143797124+0.09688709905970593j),(-0.002649128336573637-0.007341617477060459j),5698250000
(0.5642557558581399+0.09703135760223147j),(-0.0026770996093619156-0.007226778841301333j),5698500000
(0.566594518813833+0.09535302634348551j),(-0.002688621232243304-0.00733103335976386j),5698750000
(0.5669037330333995+0.0934542377647888j),(-0.00269080400148676-0.007296622013379056j),5699000000
(0.5698288464454413+0.09248514737983929j),(-0.0027759750388524004-0.007421347435833426j),5699250000
(0.5656469268967522+0.09460313627652864j),(-0.0026092261661569303-0.0073347773514659065j),5699500000
(0.5670032235538018+0.09314380444167694j),(-0.00281067428264591-0.00736628752651239j),5699750000
(0.5693329760356676+0.09314378417524997j),(-0.0029699954804570977-0.007331324121891047j),5700000000
(0.573258955556063+0.08906497029123514j),(-0.002839391516427039-0.007350402686180213j),5700000000
(0.5704874837913421+0.09177536112259066j),(-0.002823026622436662-0.00750339491687188j),5700250000
(0.570568633072555+0.09051397153262229j),(-0.0028730518015406543-0.007314276311838093j),5700500000
(0.5693470714995438+0.09177738901789037j),(-0.002788038263877372-0.007520968874051751j),5700750000
(0.5705162761918987+0.0914557350540898j),(-0.002846930953506498-0.007651242215140882j),5701000000
(0.571995135260623+0.0888073769200649j),(-0.0027957860558957414-0.007539098576909105j),5701250000
(0.5737432427542187+0.08829011319340782j),(-0.0028946828516599574-0.007256957468951449j),5701500000
(0.5685151406929805+0.09225726121485889j),(-0.0027966375719548206-0.007577552284056815j),5701750000
(0.5727427164665168+0.08878685797791187j),(-0.0029050113988498853-0.007482558627489642j),5702000000
(0.5720181618368946+0.08999484816844133j),(-0.003053018953444821-0.007309324056104559j),5702250000
(0.5692881777840959+0.08990474837433804j),(-0.0028841517036135664-0.007424730890097776j),5702500000
(0.578476486937285+0.0851417053566114j),(-0.0029693581410926784-0.0073691018243814055j),5702750000
(0.5766674629240526+0.08592286458114066j),(-0.003011713562419699-0.0073393518593488525j),5703000000
(0.5763926753455372+0.08561986339167117j),(-0.003025343085284229-0.0075100545497332255j),5703250000
(0.5722605361757911+0.08744693850308652j),(-0.00315148377671684-0.007579182018843324j),5703500000
(0.5755612065531847+0.08486883834329743j),(-0.002962089845457174-0.007253203427047435j),5703750000
(0.5743933296098671+0.0866862520084668j),(-0.0030994873680444774-0.007396102886347963j),5704000000
(0.569893033166649+0.088986355926479j),(-0.0029136981791123683-0.007485212962376268j),5704250000
(0.5751652431183673+0.08639953495120878j),(-0.0030904790787565682-0.007354445780138964j),5704500000
(0.5780054629729423+0.08357512347300873j),(-0.003064101561853245-0.00725048894023904j),5704750000
(0.5757506432447578+0.08585086735128981j),(-0.003004239601876511-0.007421371734118664j),5705000000
(0.575034248850575+0.08653082489404043j),(-0.0032820222956473155-0.007447564969953575j),5705250000
(0.5786529318615677+0.08238306052998733j),(-0.0029772674280961063-0.007469396720896585j),5705500000
(0.5750196865938069+0.08513521504900462j),(-0.003391220738922851-0.007328457184386505j),5705750000
(0.5742009578844247+0.08510673810412235j),(-0.0032227532168467255-0.007353093901639592j),5706000000
(0.5810416860256071+0.08016310857906647j),(-0.0032665510014650576-0.007040801460197986j),5706250000
(0.5756897899480479+0.08320790363034056j),(-0.0034467633043251925-0.0070967673061984315j),5706500000
(0.5746467853858027+0.0843310256505851j),(-0.0033322758409836516-0.00726619968930059j),5706750000
(0.5798395468305106+0.08009758841684336j),(-0.0034408158040598394-0.007235900665448093j),5707000000
(0.5747305639658201+0.08266624611214632j),(-0.0035719021359459624-0.007298975895294908j),5707250000
(0.5780652642188518+0.08071368490897107j),(-0.0035364601510992147-0.00719584748227075j),5707500000
(0.5743224228262948+0.08375614450514597j),(-0.003384495978815094-0.007426557813683024j),5707750000
(0.5825584748146314+0.07872633932474454j),(-0.003559605712856132-0.007056966944053225j),5708000000
(0.5764839769085495+0.08374693927127934j),(-0.0033567547893486945-0.007046688839879135j),5708250000
(0.5796620449411622+0.08067059543965864j),(-0.0035029360779836143-0.007125476205162102j),5708500000
(0.5832822561106262+0.08015957255101692j),(-0.003514324926732368-0.007216096119463679j),5708750000
(0.5776137927737688+0.08114576861258666j),(-0.003459216007959629-0.007278557660584821j),5709000000
(0.5820064817639639+0.07910046921292517j),(-0.003481508182864156-0.007232316833876485j),5709250000
(0.5811400633350626+0.08006535921883072j),(-0.003688658116495708-0.007232964095926305j),5709500000
(0.5836375231830505+0.07831828779707345j),(-0.003638535645444616-0.007122690845520417j),5709750000
(0.5833162049738211+0.07848845030172763j),(-0.00371377808677072-0.007275244720824317j),5710000000
(0.5838618555140718+0.07821086211692847j),(-0.0035500616291277045-0.007161294007464613j),5710250000
(0.5880000137421156+0.07800503948003304j),(-0.003817741058320871-0.007221491214144606j),5710500000
(0.5842417430422578+0.07855672625088685j),(-0.003629795692117816-0.007126183214426896j),5710750000
(0.5812339220305842+0.08090164026773794j),(-0.0036319856734781508-0.00704481985043807j),5711000000
(0.5881581426816431+0.07541458571329095j),(-0.003725434548306717-0.006939924086678936j),5711250000
(0.5854830521801117+0.07638757433681419j),(-0.0037021548042575044-0.007238121463398112j),5711500000
(0.584979679341321+0.0774714157487082j),(-0.00372985203323444-0.007132832981697482j),5711750000
(0.5866497897113627+0.07696655528988872j),(-0.0036426973975055036-0.007169822544898894j),5712000000
(0.5906543951706724+0.0725751465311732j),(-0.003941269213145583-0.006992520663159437j),5712250000
(0.583282605724712+0.07798500004818706j),(-0.0037669370424498077-0.0069914626546976255j),5712500000
(0.5920304928921046+0.07286845369600929j),(-0.0038498635245954394-0.006959789910990851j),5712750000
(0.586457154793484+0.07545787627286747j),(-0.0036146399205164697-0.007035269460762247j),5713000000
(0.587813061547071+0.07455021841463445j),(-0.003818137663119408-0.006972888672870915j),5713250000
(0.5878022220101242+0.07347735485413917j),(-0.003860880357630321-0.006895304911714054j),5713500000
(0.5852677399408036+0.07501593648534181j),(-0.003931426268288374-0.007013832896228627j),5713750000
(0.5892444164593854+0.07210225097683985j),(-0.003951963992820927-0.006920466218270906j),5714000000
(0.5904946786723431+0.07055461797513213j),(-0.0038645324764476877-0.0069537687756170636j),5714250000
(0.5892235510316036+0.07214596626907194j),(-0.003908338866847505-0.007021708560490381j),5714500000
(0.5851428790693008+0.07429479742191744j),(-0.003811732635685063-0.0069738999835171275j),5714750000
(0.5873264937298146+0.07230447518991329j),(-0.0038442560461912517-0.007037774207061614j),5715000000
(0.588778546741213+0.07027992958344248j),(-0.00400053165256808-0.006758108497036888j),5715250000
(0.5869015072693765+0.06982601680182593j),(-0.0040553214058668295-0.0069512859258251255j),5715500000
(0.5926486165276375+0.06828603417178909j),(-0.004063473416734718-0.006877685551100153j),5715750000
(0.5858548740704584+0.06997682153654429j),(-0.0039777433236114585-0.007008123835931378j),5716000000
(0.5900593503830163+0.06709864305187327j),(-0.0040182863109917135-0.006725626948900743j),5716250000
(0.5916135560349235+0.06652613035649833j),(-0.004233315870638304-0.006790647855776141j),5716500000
(0.5870344950188683+0.0685342732963259j),(-0.003923882292404039-0.006989073940082812j),5716750000
(0.5905712272746596+0.06563959780525461j),(-0.004002980320321458-0.006900418423835763j),5717000000
(0.5857355233178352+0.06686925185501687j),(-0.003924181222141504-0.006839716087410949j),5717250000
(0.5893776735327809+0.06346843345859828j),(-0.0041117067270384465-0.006720795559282474j),5717500000
(0.5911424705323355+0.06348358115381664j),(-0.004026522020874046-0.006770482067591155j),5717750000
(0.5845381887964974+0.06716928887112535j),(-0.004037392890897173-0.006779125585305918j),5718000000
(0.5897042067286965+0.06233382288141675j),(-0.004117435249543835-0.006595720059938173j),5718250000
(0.5888733839450991+0.06350404217339017j),(-0.004055538912566753-0.0067509622540468j),5718500000
(0.5881647680454515+0.06451340407395449j),(-0.004021265119205415-0.006691809736079808j),5718750000
(0.588406750349211+0.06364998636518693j),(-0.004002544624797613-0.006694829100222699j),5719000000
(0.5920655109181706+0.061527198276185906j),(-0.004027422604783137-0.0065844992242616186j),5719250000
(0.5894223602814352+0.06358214284554387j),(-0.004087944964487274-0.006633936710424577j),5719500000
(0.5915658946371001+0.06160415305261177j),(-0.0040621694751651945-0.006507304434795262j),5719750000
(0.5890091113025019+0.06311670812488805j),(-0.003956731339475484-0.00669190147666043j),5720000000
(0.5883271601388432+0.06365419568135305j),(-0.004066457685815051-0.0066547551745717555j),5720250000
(0.5928319765930431+0.06094715803533292j),(-0.004226162734695812-0.006570228826794526j),5720500000
(0.5896953824731946+0.06185041767971513j),(-0.004161085954600087-0.0065130627186967376j),5720750000
(0.5893412448108812+0.06263945483137756j),(-0.004079390791819772-0.006587602602231413j),5721000000
(0.5921946241015343+0.06029737750375715j),(-0.004059433889217972-0.0064828487393255065j),5721250000
(0.5948510870228064+0.057862259419616875j),(-0.004084100417513514-0.006387965227625561j),5721500000
(0.5900307749383263+0.06233547299458289j),(-0.004096009154191912-0.006477368516945231j),5721750000
(0.5904501485600829+0.0608027683704279j),(-0.0040689863260225875-0.006482631751123981j),5722000000
(0.5917195798062519+0.059612372447005665j),(-0.004189700478162794-0.00643584711606522j),5722250000
(0.5925865491791791+0.05991040035257588j),(-0.0042613121829973314-0.0064227096726559765j),5722500000
(0.5925822402377642+0.05937680289050136j),(-0.004188524819407877-0.006441452979174806j),5722750000
(0.5911465466887503+0.059204325005522876j),(-0.004193183855488633-0.006522937312260786j),5723000000
(0.591689697623979+0.06008095773703195j),(-0.003990410823126701-0.00643171839522347j),5723250000
(0.5915069680297199+0.057819049334073634j),(-0.004095410923612293-0.006448100557441889j),5723500000
(0.5921572297879371+0.05838037024625491j),(-0.0038941858555348163-0.0065144158190865685j),5723750000
(0.5923875600096339+0.05757650623579166j),(-0.004242151990648731-0.006634564574038959j),5724000000
(0.5932040484093664+0.05669588656381004j),(-0.004186786109380153-0.006418362501165626j),5724250000
(0.5936716987168853+0.05774992853326276j),(-0.0041966736014518-0.006367053020437572j),5724500000
(0.5909042614070599+0.057308545023294154j),(-0.004105156734952015-0.006704512905847159j),5724750000
(0.593255376579651+0.056474562724377446j),(-0.004290750452057224-0.006416209339604311j),5725000000
(0.5954878235860007+0.05547424853419499j),(-0.004280577851636913-0.006248931216481613j),5725000000
(0.5942161919386273+0.05518727199934824j),(-0.004312350234120786-0.0064147574808459855j),5725250000
(0.5922745675970016+0.056822623495020784j),(-0.004064042844511442-0.006248040448944186j),5725500000
(0.5934374638134312+0.056635550196616105j),(-0.004205115089309461-0.0061071567523409455j),5725750000
(0.5959122193825707+0.05394128756133941j),(-0.004229955303063819-0.006331540136751425j),5726000000
(0.5937044641248549+0.0555510691758522j),(-0.004353281859729999-0.00617638864532074j),5726250000
(0.5970474427421932+0.053413043829897394j),(-0.004342995421702384-0.006221336148684451j),5726500000
(0.5955583300800098+0.05390515183418816j),(-0.004479698048094511-0.006214805294147427j),5726750000
(0.5939549102025501+0.054704934955269305j),(-0.0044813910446441455-0.006177552496589897j),5727000000
(0.5949423340373463+0.05382784766255179j),(-0.004247946229653581-0.006177115375938131j),5727250000
(0.5963373368894166+0.052239557674171884j),(-0.0044904295011337055-0.006092934932061612j),5727500000
(0.5959880004546245+0.053038089409482965j),(-0.004260821903072123-0.0059935303657423986j),5727750000
(0.5967511533644985+0.05144463734862006j),(-0.004472979824887321-0.006093854730151024j),5728000000
(0.594217818439499+0.0540048822987406j),(-0.004526537586150151-0.0060669244280807015j),5728250000
(0.5974056687515108+0.05065476241057965j),(-0.004527031896759395-0.006033250368033183j),5728500000
(0.5952364571650534+0.0514813689475868j),(-0.004591675408377552-0.006041213000438434j),5728750000
(0.5953490391269942+0.05191619964574582j),(-0.004488293339470669-0.005995514083722519j),5729000000
(0.5946605108652744+0.052487948066898354j),(-0.004611880845389141-0.005990700222295693j),5729250000
(0.596246073202451+0.05094457780667365j),(-0.004587350446019875-0.005981854895960919j),5729500000
(0.5990908243678179+0.04830102421856126j),(-0.00465316877163885-0.006002688668079631j),5729750000
(0.5977102532921088+0.04940937906755528j),(-0.0044254377713215595-0.0057694033375568984j),5730000000
(0.5991312799376156+0.04858246580536458j),(-0.004488594881944541-0.005928112821230627j),5730250000
(0.59749560182314+0.04851431606657316j),(-0.004609353403103684-0.005932490399330504j),5730500000
(0.5983391259833601+0.047818124879401125j),(-0.004653393283026808-0.005796657092714407j),5730750000
(0.6001221798691252+0.046746230610143616j),(-0.004613955742093173-0.005863628688084191j),5731000000
(0.5974831558484028+0.04761956110804992j),(-0.004525890714818328-0.006026535330903938j),5731250000
(0.6002052299019319+0.04454239955028131j),(-0.0046964151834930495-0.005738873956437521j),5731500000
(0.5984128711771433+0.04641327622363388j),(-0.004551195050854237-0.005959997342267149j),5731750000
(0.601188042821295+0.04377937690380341j),(-0.004676949436917393-0.005811593399264147j),5732000000
(0.5995565903179216+0.04454090184597338j),(-0.004382755005826828-0.005704810076646123j),5732250000
(0.5994272336013319+0.04369103570316691j),(-0.004475193586649152-0.005762073852912604j),5732500000
(0.6013563111286986+0.04364473242086016j),(-0.004644568959781998-0.005659070073715994j),5732750000
(0.6003992549802085+0.04207315383005964j),(-0.004513072899208055-0.005803316141938117j),5733000000
(0.6006650650056354+0.041940772026389704j),(-0.004626493492307971-0.005783345581629619j),5733250000
(0.6008936416773826+0.04189851821965522j),(-0.004530267544831517-0.0058354768037362035j),5733500000
(0.6023920635440143+0.040531342763367374j),(-0.004620697665410304-0.005683625636241726j),5733750000
(0.6022149868326173+0.0405750315543326j),(-0.004532599787293985-0.00591161516637189j),5734000000
(0.6027742439779393+0.03951497550767633j),(-0.004500988813050651-0.005655020392858461j),5734250000
(0.602208652493723+0.0392462556364264j),(-0.004457473965721486-0.005581906970629522j),5734500000
(0.6023741742750599+0.038535006844648195j),(-0.0046105156993931-0.005747278218779954j),5734750000
(0.6029474102293301+0.038164917685122424j),(-0.004649148859131965-0.005690423003769289j),5735000000
(0.6038295020252706+0.0372391318023775j),(-0.00470143742937716-0.005519529766457206j),5735250000
(0.6034103925634304+0.03820542918549929j),(-0.004753372423039699-0.0055057069025795545j),5735500000
(0.6033772529420959+0.03713233249051873j),(-0.004738873081849733-0.005720728076138201j),5735750000
(0.6047794850611765+0.036460522928828176j),(-0.004633617591829512-0.005548544145302011j),5736000000
(0.6027029843747594+0.0366588989861176j),(-0.004656431499160537-0.005590628808612071j),5736250000
(0.6036232525298635+0.036408142650736115j),(-0.004641474037198761-0.005638870294531553j),5736500000
(0.6034413823621979+0.03554243903465332j),(-0.004856409831104865-0.005620497162311213j),5736750000
(0.6057220094015271+0.034386171976725256j),(-0.004938593192637378-0.0055536153800462874j),5737000000
(0.6053934712716156+0.03524289925641109j),(-0.00487036856586578-0.005639779339051987j),5737250000
(0.6047518569466149+0.035415161426779855j),(-0.004772134865797631-0.005513190685547646j),5737500000
(0.6063332692126839+0.033980466776280846j),(-0.004967740358575088-0.005388678332379443j),5737750000
(0.6060307957583513+0.034035593190551605j),(-0.004941412204470753-0.005586705238400929j),5738000000
(0.6063203156639809+0.03339976909280905j),(-0.004963570362040481-0.005400674670791003j),5738250000
(0.605544743829029+0.03304986086977377j),(-0.005047975879731329-0.005443218719241425j),5738500000
(0.6063017466276587+0.03238163197662418j),(-0.004931073687501763-0.0054033236077039885j),5738750000
(0.6069043199966175+0.03183933544627696j),(-0.005079650537508735-0.005372714144849693j),5739000000
(0.6065575619635104+0.03234146513786063j),(-0.005031195465319338-0.0054609687506076456j),5739250000
(0.6068786102398155+0.031563876817152496j),(-0.00509714445790046-0.005269824047238966j),5739500000
(0.6064853051402758+0.03146558229860882j),(-0.005110864983007298-0.005290056573771583j),5739750000
(0.6074201149974486+0.029273508534310513j),(-0.005119098373228842-0.005268904303205308j),5740000000
(0.6069968658117874+0.030002960631413108j),(-0.00528543120880462-0.00522563282999245j),5740250000
(0.6075248007552182+0.027931526923693675j),(-0.005379461311043938-0.005108307701020475j),5740500000
(0.6070276031605804+0.02998557335712775j),(-0.005243894250733276-0.0053672937246028j),5740750000
(0.6079110404234859+0.027778248063884695j),(-0.005328410027516446-0.0050942673057963435j),5741000000
(0.608094238089978+0.028658073589263883j),(-0.005178099839734166-0.005195626050010459j),5741250000
(0.6067567742646017+0.029510828116853013j),(-0.0052981328868887565-0.005177238829084412j),5741500000
(0.6066889821253663+0.028009127885909185j),(-0.005269862642564814-0.005144561867977816j),5741750000
(0.6076901244547653+0.028065320584502118j),(-0.005108871292950836-0.00503377920880667j),5742000000
(0.6090721721696315+0.02652410385709906j),(-0.005360776962945374-0.005244396146361854j),5742250000
(0.6085124166809168+0.027104083743764947j),(-0.005332749038295425-0.005242537689040568j),5742500000
(0.6088366350460022+0.02588144445993918j),(-0.005255608289530771-0.005083607971393483j),5742750000
(0.6092709632811056+0.02426862704600137j),(-0.005210598707033405-0.0050503090947012j),5743000000
(0.6092887892811387+0.025257606695413836j),(-0.0052056612120196565-0.00514531423712315j),5743250000
(0.6088329249762281+0.02497689025231417j),(-0.005169306035661003-0.005069281075212192j),5743500000
(0.6095972712666535+0.024033279176798983j),(-0.0052704254233253535-0.004997459736957033j),5743750000
(0.6091810112776141+0.024659372810801137j),(-0.00517261313151264-0.005123702468517417j),5744000000
(0.6091153509530484+0.024137012176235418j),(-0.0052686977304065435-0.004979691930060912j),5744250000
(0.6091149848585455+0.02322138146151383j),(-0.005411399497494396-0.00507835225626477j),5744500000
(0.6097942303867221+0.023051955237582696j),(-0.00524250864168656-0.005163233212073217j),5744750000
(0.6099967346976805+0.021239924224763514j),(-0.005302469965958597-0.005037177521098654j),5745000000
(0.6087833090597478+0.021760302394162417j),(-0.005112885781605089-0.005021754156947476j),5745250000
(0.6099504073172916+0.02080614387757794j),(-0.005227777196538666-0.005045669157933965j),5745500000
(0.6091650634468446+0.021210374957303945j),(-0.005237080758263216-0.005056717768351552j),5745750000
(0.6106673291493251+0.019176232181248063j),(-0.005359846250366243-0.00495592062468923j),5746000000
(0.6095372075144458+0.021180292539933j),(-0.005336695415585683-0.00488013265378519j),5746250000
(0.6102715631166165+0.01888649442612575j),(-0.005117043592114059-0.005035414310191833j),5746500000
(0.6119354927660793+0.018135376336048226j),(-0.005227634186887624-0.004965996152961394j),5746750000
(0.6120386749741342+0.017757305406842176j),(-0.00516348530426266-0.004953952138071793j),5747000000
(0.6115426218224578+0.01846632839779775j),(-0.005156077145558659-0.004797076174719524j),5747250000
(0.6116150781553249+0.018272927968185738j),(-0.005417774469745837-0.005012279093317905j),5747500000
(0.6125384170310689+0.016949793267543197j),(-0.005297762446370199-0.004748812333034775j),5747750000
(0.6131104043354391+0.017257158966907573j),(-0.005313271934264426-0.00476869354861509j),5748000000
(0.6128046095546494+0.016836014250478003j),(-0.0051897730988986375-0.004915492783061545j),5748250000
(0.6132595452017399+0.01715524713366902j),(-0.0052348879201471995-0.004859769506701071j),5748500000
(0.6128561644266856+0.016328049268368193j),(-0.005247958738266757-0.004942911137779249j),5748750000
(0.6128852336149077+0.01610841490097076j),(-0.005280666369415283-0.004966405930637012j),5749000000
(0.6129344086635976+0.01650546692163037j),(-0.005344116390934422-0.0048736608315129186j),5749250000
(0.6143719645185272+0.013890860105719927j),(-0.005251483100508284-0.004644043040522919j),5749500000
(0.6133359538659698+0.016235500589774077j),(-0.00522954154983424-0.004757360345720771j),5749750000
(0.6141472599728859+0.013919913758670648j),(-0.005271945338536985-0.004779584877398561j),5750000000
(0.6143472393021976+0.014664621106982184j),(-0.005437504494681702-0.004631945255314988j),5750000000
(0.6147865055543389+0.013872899641074684j),(-0.005258069657917683-0.0046209492868708076j),5750250000
(0.6140108471376801+0.014359034823305784j),(-0.005184701965932434-0.004788548448922954j),5750500000
(0.6149412806697278+0.013221597600991628j),(-0.005074946018383447-0.0049222076455454605j),5750750000
(0.6145300163847239+0.012563472935612358j),(-0.0052593670575026156-0.0046507520929047275j),5751000000
(0.6138286453693564+0.01280192029335436j),(-0.005169293926998545-0.004728499749486178j),5751250000
(0.6145201848374213+0.0115010466922597j),(-0.005267582333978468-0.00464798190601816j),5751500000
(0.6146177410835872+0.012572591307198863j),(-0.005058861672190448-0.004806588080341693j),5751750000
(0.615330657334599+0.010951865556557848j),(-0.005314725306538357-0.0046000192071165395j),5752000000
(0.6157309536721899+0.01125258189115581j),(-0.005174090165812405-0.0047402095691018616j),5752250000
(0.6157159071529283+0.008838804939917462j),(-0.005353193182167117-0.004643328173516368j),5752500000
(0.6158417416940903+0.011660285311102487j),(-0.005370188129639306-0.004837528782552009j),5752750000
(0.6162342768096813+0.008949027980126183j),(-0.005202461622712522-0.004673336567277761j),5753000000
(0.6164241711391018+0.009616667070379423j),(-0.0050592203249875504-0.0047019526974904765j),5753250000
(0.6166837604408913+0.007926446214382295j),(-0.00525225598715993-0.004643762766866867j),5753500000
(0.6173237917779629+0.008035694406808104j),(-0.005324705225499614-0.004539986442550968j),5753750000
(0.6172210384865262+0.007117004491587299j),(-0.005344690367109987-0.004700448105206012j),5754000000
(0.6168574832122222+0.007019658694158842j),(-0.005214655500371027-0.004561926024743859j),5754250000
(0.6171528163334342+0.0061206767259300915j),(-0.005252533785129745-0.00456848138557514j),5754500000
(0.6168930006558017+0.005450157582026853j),(-0.005297389690728022-0.004607410344939019j),5754750000
(0.6175723901008406+0.0068234240133818j),(-0.0052898964430272396-0.004743455705173463j),5755000000
(0.6177469858425514+0.004026135906791067j),(-0.005320135470657282-0.00453899186792985j),5755250000
(0.6170550707993026+0.005426043445406758j),(-0.005368128784326143-0.004461447888490642j),5755500000
(0.6177681387706098+0.004081562670766051j),(-0.005339010269659226-0.004608731845450747j),5755750000
(0.6176063808365294+0.003959467955701573j),(-0.005289075496744449-0.004336887517327734j),5756000000
(0.6173227855869474+0.0023605572731531035j),(-0.005411691984845711-0.00455971886245204j),5756250000
(0.6180487398501744+0.0037209646407282693j),(-0.005388593410400128-0.004465483990895239j),5756500000
(0.6176134490925174+0.0030842499983560396j),(-0.005541754120311707-0.004706417733859283j),5756750000
(0.6182124580337174+0.0023354571570649066j),(-0.005252331842995626-0.004331015931664311j),5757000000
(0.617403776170718+0.0019329748563520711j),(-0.005520977594161683-0.004481548598654432j),5757250000
(0.6178188837439555+0.0005693604558421311j),(-0.005465746234020569-0.004339926088280425j),5757500000
(0.6184075328677849+0.0013866792058595907j),(-0.005452912714933361-0.004403877610893724j),5757750000
(0.6180594011571103-0.0012222628228048403j),(-0.0053907157344565484-0.004407833492532137j),5758000000
(0.6191747611648855+0.0011747577259574793j),(-0.005546151682299148-0.004601496966616502j),5758250000
(0.6180876322968294-0.00303753370889523j),(-0.0054860783868414115-0.004426835815025918j),5758500000
(0.6201641308095026-0.0013839979768322179j),(-0.005557311103038587-0.004428954710939794j),5758750000
(0.6193691810548044-0.0016460650056337991j),(-0.005588538855965225-0.00449137725165322j),5759000000
(0.6185821978054211-0.001428177023082931j),(-0.005688860095462532-0.004315637494454448j),5759250000
(0.6195927417702655-0.0037259513306191626j),(-0.005657827141184142-0.004160112912347518j),5759500000
(0.6191881436341173-0.0027611495755190214j),(-0.005557665899057059-0.004285848140690027j),5759750000
(0.6182662979352989-0.0047641002808145256j),(-0.0057649962738837565-0.004053846304325148j),5760000000
(0.6193742457297408-0.0034318420699206826j),(-0.0056344620299036636-0.004073581740437996j),5760250000
(0.6187144029182445-0.0061124190013412075j),(-0.005645000221713638-0.004332427257201265j),5760500000
(0.6196208203205977-0.004874786123314178j),(-0.0057203369658563935-0.004154092864551763j),5760750000
(0.6193839035325438-0.005402664079876438j),(-0.00566112769517748-0.0040466923619579855j),5761000000
(0.6196542568130863-0.007794279830779743j),(-0.005504127587175277-0.004084793959381206j),5761250000
(0.6187061543091009-0.0070510859786941035j),(-0.005750968407117531-0.004086275948080225j),5761500000
(0.6187922847058585-0.00707106510510717j),(-0.005640164189426514-0.004139238186461069j),5761750000
(0.618947096865379-0.0084745093902514j),(-0.005675755360774104-0.004025726550627005j),5762000000
(0.618728538417151-0.00812845635864906j),(-0.005611113445671333-0.00414897010623072j),5762250000
(0.6179779639919415-0.009838460645686631j),(-0.005797301378605122-0.00400832312244825j),5762500000
(0.619897206454397-0.00876296712276174j),(-0.0057455784067346645-0.0038484112727001714j),5762750000
(0.6189152154151619-0.011027092648601694j),(-0.005671795561572002-0.0039555832457814095j),5763000000
(0.6193800634006215-0.010945399767801709j),(-0.0057273523643386485-0.0039481911878381775j),5763250000
(0.6198590234942922-0.010707452127440637j),(-0.005703350193595049-0.0038909889280335963j),5763500000
(0.6193372544238239-0.011220948233189774j),(-0.005729176199494838-0.004052389293656614j),5763750000
(0.6208480610523835-0.01037959817993814j),(-0.005543060834857443-0.0038190353835344435j),5764000000
(0.6199269837713125-0.011967033521777101j),(-0.005781254954174386-0.00392386764239848j),5764250000
(0.6208084458955512-0.011387255945035795j),(-0.005578750918984047-0.0037765763528142204j),5764500000
(0.6200862833565384-0.012744083887909194j),(-0.005773309047795192-0.003855854385209174j),5764750000
(0.6215294964386174-0.012514852974300992j),(-0.005760162638027518-0.0038866308999708507j),5765000000
(0.6202161541757529-0.014840565017812245j),(-0.005806543202759981-0.0037976222683787316j),5765250000
(0.6223446835776971-0.012167768707169147j),(-0.00563278845575262-0.003745535442409126j),5765500000
(0.6215349038171958-0.01364879572370623j),(-0.0058154279831446-0.003864540732146331j),5765750000
(0.6230016721440935-0.012764041081975245j),(-0.005712038566884753-0.0038008788305579425j),5766000000
(0.6217538058344356-0.014785291598506297j),(-0.00577903995428625-0.0038523080806070484j),5766250000
(0.6230525943531022-0.014553983367306558j),(-0.005766385983753556-0.003836359089428158j),5766500000
(0.6223345301274106-0.014904470611730126j),(-0.005871663016811599-0.0039001061804332534j),5766750000
(0.6222755589452393-0.015648203929345114j),(-0.005638722114418525-0.0036884260245510616j),5767000000
(0.6204307404304245-0.01774115565904278j),(-0.005884347808285164-0.003909977786299635j),5767250000
(0.6217620880404996-0.01663973502780477j),(-0.005772335147015465-0.0038095273721620443j),5767500000
(0.6216143757301698-0.01637710466304589j),(-0.005694914023975149-0.0035371915162642786j),5767750000
(0.6219687560559575-0.017099902681294094j),(-0.00565423572211049-0.003792005742862355j),5768000000
(0.6233666248945194-0.017617019670324224j),(-0.005892756179314557-0.0037082502799274434j),5768250000
(0.6222778763326451-0.018509100356361552j),(-0.00582419314895397-0.0036162689558585366j),5768500000
(0.623724428260742-0.01864851288758688j),(-0.00591430056631692-0.003914598848643498j),5768750000
(0.6237783053016618-0.018359375111269328j),(-0.005701084806578071-0.003802070255129836j),5769000000
(0.6229009501053171-0.018314925620726466j),(-0.0058357016741704786-0.0037789126152067633j),5769250000
(0.6228250930285265-0.02056608382952899j),(-0.005849667561135044-0.0036912230433673583j),5769500000
(0.6234259920576606-0.01912834516445989j),(-0.005716466648576729-0.0037705779356070183j),5769750000
(0.6249710120823528-0.01867818151953055j),(-0.005780125853464254-0.0036935938234485405j),5770000000
(0.6243132237841567-0.020980069417561937j),(-0.00570255346419323-0.00364317369600958j),5770250000
(0.6228155607610341-0.02410134887481819j),(-0.005848879368950503-0.0035009855583594267j),5770500000
(0.624701009592455-0.01952146275897439j),(-0.005750645231754238-0.003689073901576559j),5770750000
(0.6224520171187472-0.022942308645000357j),(-0.0056937162072777416-0.0035086758748254813j),5771000000
(0.6235147576998239-0.022551301655632926j),(-0.005881102972604081-0.003677153372193915j),5771250000
(0.6218293924746653-0.024695937170901443j),(-0.005809503258736034-0.00367128281578719j),5771500000
(0.623316787835609-0.0231937558121747j),(-0.005625046007967373-0.0037377707261204048j),5771750000
(0.6230340054193815-0.024836603570605048j),(-0.005760849549953806-0.0036481523111248733j),5772000000
(0.6218858653523331-0.024440022564621387j),(-0.005737271672113863-0.0036619038440327185j),5772250000
(0.6216883903677034-0.0268673813655858j),(-0.005673765292982686-0.0036627593611351203j),5772500000
(0.6232804993239909-0.02585757317408283j),(-0.005687985936075968-0.0035067867032301777j),5772750000
(0.6235364286436856-0.025911408163729537j),(-0.005935125744508212-0.0035042644084638625j),5773000000
(0.6211188353654961-0.028462179822105724j),(-0.005631541007547804-0.0034440901929838506j),5773250000
(0.6230982159198467-0.027463388049057808j),(-0.005533065383600306-0.003503167732525175j),5773500000
(0.6220292802098262-0.027437381511909904j),(-0.005863291901343839-0.0034046966068186774j),5773750000
(0.6227189053566935-0.02914196458972399j),(-0.005504043833219107-0.0034703687638812626j),5774000000
(0.623471723897158-0.030210592457035886j),(-0.005616889671361571-0.003372916635890602j),5774250000
(0.6245908059217474-0.02945761697133955j),(-0.005635762406419594-0.0032671119327776768j),5774500000
(0.6239142844948702-0.029199403840053737j),(-0.005533057713786533-0.0032450464687518933j),5774750000
(0.6232792770989827-0.03092990146549732j),(-0.0056501108362484774-0.0032584602594333055j),5775000000
(0.6250637901508809-0.02818237307262571j),(-0.0056146583089922274-0.003318958307744802j),5775000000
(0.6233280996160135-0.030086357432513394j),(-0.005738173455262047-0.0033338602490713613j),5775250000
(0.6230691431639542-0.029908131861849208j),(-0.0055955023415487385-0.0032975862883629914j),5775500000
(0.6234585092910272-0.030362614613352212j),(-0.005645390066661371-0.0032929152142725624j),5775750000
(0.6228943760124291-0.03200118677827304j),(-0.0055345855818785825-0.003135771258574469j),5776000000
(0.6237662973437288-0.03103452339773703j),(-0.005555177787800599-0.0031914916794296647j),5776250000
(0.6245622494389463-0.03236703202273864j),(-0.0055092547705099595-0.003137769695581547j),5776500000
(0.6248784953174839-0.03287908767764663j),(-0.005691403431820884-0.0033384060046976164j),5776750000
(0.6235623541824257-0.03442274664193361j),(-0.0055341859129600015-0.0031358498327419214j),5777000000
(0.6253252961353882-0.03326052390384014j),(-0.005516233414695009-0.0032192983383780454j),5777250000
(0.6246634398444626-0.033533054953225915j),(-0.005625722476128474-0.0030730173972374824j),5777500000
(0.6272019666144206-0.032275648614233314j),(-0.005507450281939697-0.003254656255937645j),5777750000
(0.6231773939160361-0.03551255403106563j),(-0.005566438499799949-0.003294937175157785j),5778000000
(0.6241266159584733-0.03570340921037274j),(-0.0055307262659470635-0.0031963302619632023j),5778250000
(0.6247880912948057-0.03584013958699206j),(-0.005479300875674707-0.002965660413834895j),5778500000
(0.6230002695167408-0.038263926286412946j),(-0.005685687807591256-0.0031589052598939432j),5778750000
(0.6226453520104821-0.03884910191367044j),(-0.005378297907965733-0.003010150262399676j),5779000000
(0.62325344271728-0.03864685550904659j),(-0.00565273799428668-0.003186684183299111j),5779250000
(0.6260041362421789-0.03688865647588084j),(-0.005737458055670401-0.0032876664874636366j),5779500000
(0.6254762392763116-0.038317871469228534j),(-0.005592835113936441-0.002937890136263721j),5779750000
(0.6261089450913114-0.03914871924129698j),(-0.0056408812585865935-0.002976107200999921j),5780000000
(0.6250186051765017-0.0381852105968018j),(-0.005557077160568909-0.003118079616262686j),5780250000
(0.6247700001984667-0.03963613691150277j),(-0.005673186773455855-0.003069033240573108j),5780500000
(0.6272535399570327-0.038442324790877676j),(-0.005666064633468698-0.0032006868580004805j),5780750000
(0.6254478486577852-0.04145917896137696j),(-0.00561378385818608-0.0026510743867008825j),5781000000
(0.6268259106110845-0.03993118970277728j),(-0.005490889020001229-0.003067287812499728j),5781250000
(0.6246274487054279-0.04218458535071072j),(-0.005651770349377272-0.00302474078020769j),5781500000
(0.6276376993956325-0.03992159198331953j),(-0.005740723090149164-0.00307104644633579j),5781750000
(0.6253723554159707-0.04252681054924125j),(-0.005640579828234694-0.002858143391102566j),5782000000
(0.6266925207397566-0.04137875030089227j),(-0.005873496511265787-0.002878886906728348j),5782250000
(0.624745325857941-0.0435841703337369j),(-0.005788073957353972-0.002913268932246305j),5782500000
(0.6267714893949605-0.04225571357254238j),(-0.0057511787525665135-0.0029779906434568904j),5782750000
(0.6248670634310219-0.043844687898138314j),(-0.00608586844254805-0.003051194771216065j),5783000000
(0.6256354429105939-0.04575657615905563j),(-0.006014160377476445-0.002776635075173436j),5783250000
(0.6257992160889286-0.04479538429681217j),(-0.005913847961506323-0.003035384057312209j),5783500000
(0.625140286689991-0.046000715261732744j),(-0.005997770355207873-0.002857176371491002j),5783750000
(0.6243532307097255-0.045532017023542155j),(-0.005854996708424225-0.003030622418492585j),5784000000
(0.625858721787364-0.04502396629901796j),(-0.006126743102200594-0.002774379050866316j),5784250000
(0.6259651768407285-0.04618769864867679j),(-0.006066095540126509-0.002841206201944197j),5784500000
(0.6243602411019533-0.04603499541516106j),(-0.005851639225475993-0.0026640285807658227j),5784750000
(0.6262457182807103-0.046292414166136275j),(-0.0059554564107325-0.002944469346148005j),5785000000
(0.6246333636489485-0.04790475390016388j),(-0.006079744010570821-0.002778939556416066j),5785250000
(0.6266494989660493-0.0479115928404714j),(-0.006129763495857633-0.002850714883458415j),5785500000
(0.6311663863176115-0.04426490143482345j),(-0.005663502190078184-0.0030862594725546383j),5785750000
(0.6249989277988643-0.05055366962605419j),(-0.005816649559451963-0.0028071222272175412j),5786000000
(0.6285862618006582-0.046677439081685757j),(-0.0059256731839828864-0.0028017677391820083j),5786250000
(0.6290967817793586-0.04813294020859667j),(-0.005954347270100606-0.002925093875690231j),5786500000
(0.6262914495408126-0.04875784022422475j),(-0.0059502366366161775-0.002794749235423453j),5786750000
(0.6255646229427837-0.05176380849407562j),(-0.006048827205726797-0.0027693558567903624j),5787000000
(0.625243631970026-0.050761099520158275j),(-0.0059346319752259106-0.002777033940674163j),5787250000
(0.6276395735511513-0.04926999426139687j),(-0.006093061967281189-0.0028323244592207597j),5787500000
(0.6258368293527194-0.05127526242392615j),(-0.00593514908203897-0.0030119077145305175j),5787750000
(0.6274993953181425-0.05194299667941772j),(-0.005910788448548667-0.0028235644375928077j),5788000000
(0.6277611283138106-0.050167825422838125j),(-0.006071192150425622-0.0027516929489824686j),5788250000
(0.6240943868026031-0.05552871025169696j),(-0.005889871410745058-0.002792453171237434j),5788500000
(0.6292280041909135-0.050978876096919666j),(-0.006050295311014806-0.002657087838939156j),5788750000
(0.6262833405179987-0.05385370054265402j),(-0.006071185298872601-0.0028640706750229154j),5789000000
(0.6269127831309587-0.05368581281929295j),(-0.006034280445917252-0.0027002646266201477j),5789250000
(0.6279533226684048-0.05300410411699133j),(-0.006038172368374389-0.0028462766286283083j),5789500000
(0.6257235794593901-0.05444277562176896j),(-0.006016689066615537-0.002820173615371131j),5789750000
(0.6288666703727754-0.05260610446335595j),(-0.005942258946520416-0.0029509584230925675j),5790000000
(0.6234212462912716-0.05735050849472563j),(-0.0060382030866383-0.0028087069797602185j),5790250000
(0.6285684283842795-0.0520539282419597j),(-0.00615727354882087-0.0028601971717711686j),5790500000
(0.6274538064959666-0.054162690584113424j),(-0.00612112553981409-0.0027786862677143j),5790750000
(0.6275778131962606-0.055415513774704904j),(-0.0061617041849475265-0.0025204114268870146j),5791000000
(0.6266469073742279-0.05531589594862754j),(-0.005884881147981812-0.002782932194389474j),5791250000
(0.6258378437337182-0.057262770515450624j),(-0.006149236996914967-0.0027883793628778594j),5791500000
(0.6296384961580634-0.052558875853162365j),(-0.0059569078200807845-0.0025119032531720304j),5791750000
(0.6260113100039488-0.05692690804238858j),(-0.0058295736979836485-0.0025982086165874164j),5792000000
(0.625919674845093-0.05665569679278523j),(-0.005810955188548011-0.0025769555320438293j),5792250000
(0.6261124716463335-0.05783865152419084j),(-0.005788220591319102-0.002501427775081861j),5792500000
(0.6270321343962748-0.056269860215855165j),(-0.00599569700910103-0.0024311089917482204j),5792750000
(0.6247015242959515-0.05792037131095796j),(-0.006091492004506173-0.00246161272160502j),5793000000
(0.6247893314714433-0.05843144211286104j),(-0.0060529270870329-0.0025373929142356055j),5793250000
(0.6253546949747394-0.057665529455421985j),(-0.006036198185130711-0.0024032631614074452j),5793500000
(0.6237033075671671-0.05716334468731325j),(-0.0059305581388758586-0.0023869849577172913j),5793750000
(0.6256559001754326-0.0563567262250687j),(-0.006056644667499686-0.0026060535302389067j),5794000000
(0.6250613632722996-0.058968274848581255j),(-0.0058951795180519125-0.0022571821371321667j),5794250000
(0.623776886936142-0.05789674187353596j),(-0.005955653159383028-0.002442973592564414j),5794500000
(0.6248859829539231-0.05757009928156014j),(-0.006005695191996218-0.0022170553770250075j),5794750000
(0.6256699463771956-0.05646212694575655j),(-0.005888511261190362-0.002465653321386659j),5795000000
(0.6244302033220755-0.05801234797064457j),(-0.005988787703173901-0.002470875588962038j),5795250000
(0.6262785163553728-0.056985129005502996j),(-0.005950194790623571-0.002239358918506559j),5795500000
(0.6231482918246756-0.05992521081313036j),(-0.005955175237125132-0.002201425506987302j),5795750000
(0.6225701704346779-0.06002879508816944j),(-0.0057046051722175915-0.0023531195768528006j),5796000000
(0.6219060669574091-0.06330608296900699j),(-0.005894299459200544-0.002138946387469882j),5796250000
(0.6239858588768914-0.06085270761057633j),(-0.005940168030582865-0.002231527402124574j),5796500000
(0.6275980761616995-0.05773299403745252j),(-0.0058171432717946895-0.002229950223445872j),5796750000
(0.6239085691944103-0.06382511424783396j),(-0.005864391411295309-0.0020633714017607896j),5797000000
(0.6267671922398673-0.06209638614370223j),(-0.005913610972108467-0.0019954927089738937j),5797250000
(0.6286341181996828-0.0608620637771602j),(-0.005888119689129818-0.002154126751037687j),5797500000
(0.6262282937095037-0.062297227514342454j),(-0.005793151715158391-0.0021311307835277893j),5797750000
(0.6270225621873635-0.06316736674258629j),(-0.005880401968913375-0.002206108357254254j),5798000000
(0.6296999525409968-0.06136068312202849j),(-0.005749435765729101-0.0021311976411160817j),5798250000
(0.6260960021400703-0.06314930145044163j),(-0.005785132275438245-0.002069339982361876j),5798500000
(0.628755795573064-0.06163107122927946j),(-0.005706665119113651-0.0018937096610298339j),5798750000
(0.6276289655094889-0.06378048975470235j),(-0.005767582214439172-0.002182415743977907j),5799000000
(0.6284514207570886-0.06271312261634633j),(-0.005740991444687747-0.001995809988562661j),5799250000
(0.629298753810543-0.06271730800628589j),(-0.005782142460356355-0.002118307904663243j),5799500000
(0.6288829217996722-0.06471019437680106j),(-0.005601771894470759-0.002205457855134206j),5799750000
(0.6309656684749112-0.06278735305272506j),(-0.005488445717325679-0.002117315988422571j),5800000000
(0.6294958864464424-0.06426055420315274j),(-0.005719481760835146-0.001985757158369265j),5800000000
(0.6334620745353923-0.06257394528847043j),(-0.005723481961082218-0.002170359121327684j),5800250000
(0.6317243289967995-0.06298401152805776j),(-0.005768518795705371-0.002149206502872671j),5800500000
(0.6284721048380304-0.06667335132901375j),(-0.005721694176614467-0.002121078730622579j),5800750000
(0.6314550762498735-0.06424480928292214j),(-0.005597436173391918-0.002113009869420295j),5801000000
(0.6295922824128147-0.0655853816288118j),(-0.005682269424290002-0.0020224420347623143j),5801250000
(0.6283078951661395-0.06825693148185359j),(-0.005714610757521065-0.0021976334507013673j),5801500000
(0.6316670907924983-0.06567526281222463j),(-0.005669951623383211-0.002132593518546621j),5801750000
(0.6297047410525959-0.06918873215746763j),(-0.005631834540456988-0.002073654052295553j),5802000000
(0.634470367736513-0.06494411390827123j),(-0.005663376340370516-0.0021652176468348445j),5802250000
(0.6310315750613255-0.06729083994838911j),(-0.005676802581716482-0.0019629102495818695j),5802500000
(0.6300942609497342-0.06921502152585333j),(-0.005886943590021558-0.0020564979338174054j),5802750000
(0.6301748974035954-0.06831690163854096j),(-0.00577995722914009-0.002041883680897461j),5803000000
(0.6330080643074996-0.0677158006264811j),(-0.005569544656895204-0.0022255176293581097j),5803250000
(0.6304152765444012-0.06863859120960882j),(-0.005733965481255902-0.0019847227395629555j),5803500000
(0.6315056784422499-0.06906116075760588j),(-0.005741220647281229-0.0020248246521740163j),5803750000
(0.6318326833728675-0.07053585270598099j),(-0.0056851729044030425-0.0017960861708318607j),5804000000
(0.6342816115608699-0.06838573500843999j),(-0.005783947652691093-0.002380059201006512j),5804250000
(0.6346827023878239-0.06750171626840308j),(-0.005600799463421149-0.002053912552582215j),5804500000
(0.6306448892170126-0.07074090429870805j),(-0.005467848269179936-0.002063543129935195j),5804750000
(0.6323731006613144-0.06969058210422979j),(-0.005755609049832229-0.0021849711823015076j),5805000000
(0.6294741852906383-0.07368593770151706j),(-0.0055768627647868555-0.0018514158217237226j),5805250000
(0.6261590954425864-0.07522680289003549j),(-0.005661023744873627-0.0021622212608099468j),5805500000
(0.6292442551801223-0.07277113782581338j),(-0.005640775739699577-0.0019190470552505638j),5805750000
(0.6290341051212512-0.07469462259564073j),(-0.005733255930890045-0.0019368995534884401j),5806000000
(0.6325249810245313-0.07047211389971093j),(-0.005601487213688894-0.001868800369261343j),5806250000
(0.628900042187188-0.07556366970246897j),(-0.00567851142077571-0.0020535279222622035j),5806500000
(0.6295544205028305-0.07477998904877788j),(-0.005694526397936146-0.0018940501508899201j),5806750000
(0.6315973527922761-0.07453923031855193j),(-0.005797994160702902-0.0018807127288549596j),5807000000
(0.6316330944284086-0.07370712252338578j),(-0.005571870214914061-0.0018928833792198646j),5807250000
(0.6321286409796176-0.0735216101156063j),(-0.00572298428989365-0.002103593807281404j),5807500000
(0.6299839444922755-0.07740051768618984j),(-0.005647822229522359-0.0020485730504857546j),5807750000
(0.6324626711770925-0.0759046600546543j),(-0.005752694397008591-0.0021644045455742216j),5808000000
(0.6323510201381419-0.0771540129088022j),(-0.0058714701459693115-0.0019289379616613074j),5808250000
(0.6325481901099432-0.07627392277466079j),(-0.005602660061380754-0.002077016383510371j),5808500000
(0.6317965885264799-0.07641439534387898j),(-0.005771426394581497-0.0019913368144830602j),5808750000
(0.6329157839976151-0.07602079072657074j),(-0.005799178165819661-0.0023596532303933344j),5809000000
(0.63261289161688-0.07501741118889618j),(-0.0055932610876985745-0.0021533109051824462j),5809250000
(0.6376250414662221-0.07200140096886805j),(-0.005649494615036955-0.0022404904171763494j),5809500000
(0.6321893443086911-0.07717645960530843j),(-0.0058204662422078075-0.002299635735125101j),5809750000
(0.6328569946275326-0.07814676172335545j),(-0.005578142627647114-0.0022093672481517434j),5810000000
(0.6342620629875995-0.07588618294891085j),(-0.005587667841387651-0.0021333300992933896j),5810250000
(0.6323896776444038-0.07754636313415439j),(-0.005798164423740933-0.0022012432667212556j),5810500000
(0.6309244566519611-0.07968224438570508j),(-0.0056959103016074085-0.0021363282644562163j),5810750000
(0.6313891960895142-0.08055694011025616j),(-0.005441739865414138-0.0022383186455005844j),5811000000
(0.6330574653299584-0.07870376120549387j),(-0.005661615502606933-0.002322184157287549j),5811250000
(0.6308252525129036-0.08096746714321759j),(-0.005717520862090678-0.0021600204714949623j),5811500000
(0.6347233640128855-0.07789824654170642j),(-0.005752305999153752-0.0021434759976737996j),5811750000
(0.6327110781172425-0.07988354880642723j),(-0.00578104813839538-0.002115331013346348j),5812000000
(0.6304883308119021-0.08102972670504417j),(-0.00577470910149078-0.002342026480033422j),5812250000
(0.6348512526397727-0.08022932952980234j),(-0.005419313677199554-0.0022597317648259153j),5812500000
(0.6343624550025301-0.08106123410024549j),(-0.005530076799007216-0.0022770011235822j),5812750000
(0.6347896131102547-0.07980721061359339j),(-0.005403264333627266-0.0020484377734289218j),5813000000
(0.6338395815100248-0.08324169568898954j),(-0.0055099527325308765-0.002062570178187255j),5813250000
(0.6390163719785014-0.07828270773815836j),(-0.005704004906204648-0.0022048608632295294j),5813500000
(0.634630534918468-0.08322861088544603j),(-0.0054709437429655925-0.0020816075901499242j),5813750000
(0.6365448756504289-0.07983282327871727j),(-0.005577227938127579-0.001964470615901955j),5814000000
(0.6369878502440506-0.08241748601990431j),(-0.0055235755719823-0.0020768906662240925j),5814250000
(0.6364044111227465-0.08487313470729728j),(-0.005656445952442989-0.0020200647691641298j),5814500000
(0.6369868130733425-0.08251796132062456j),(-0.005623412872311566-0.0021213170469550568j),5814750000
(0.6344047103368754-0.08517385485720917j),(-0.0056944923966093216-0.0020251924307363367j),5815000000
(0.639630631703665-0.08060719199069595j),(-0.0058551182491481365-0.002206435614056386j),5815250000
(0.6360489639397665-0.08592807809325391j),(-0.005470264187403868-0.0019887084533155527j),5815500000
(0.6393666915362354-0.0841225618623813j),(-0.005670848501456085-0.0018389383158186894j),5815750000
(0.638438917341908-0.08319670028196405j),(-0.005629434685824453-0.0019420619700436861j),5816000000
(0.6368561073856932-0.08700312126345112j),(-0.00561984571947465-0.002079428173007388j),5816250000
(0.6405185613348009-0.08598656559552173j),(-0.005671041843014872-0.0018911474751114265j),5816500000
(0.637527180431042-0.08815010868953847j),(-0.0058067965135540035-0.0020849499980962307j),5816750000
(0.6401494452076592-0.08559607457502924j),(-0.005692705351915994-0.0021627172745731027j),5817000000
(0.637763743272233-0.08771322196796294j),(-0.005635265377841854-0.0018165161878043313j),5817250000
(0.6431802127991664-0.08235862313113755j),(-0.005744981660440472-0.0019500499501666649j),5817500000
(0.6385967724719077-0.08962938195015507j),(-0.005731732789249586-0.001964003014491254j),5817750000
(0.6407322435559452-0.08718073157067836j),(-0.005608399133822525-0.0018895291459109223j),5818000000
(0.6402583559957514-0.09009670070136522j),(-0.005656878199909817-0.001942941868087352j),5818250000
(0.6391398536410827-0.09230139509012625j),(-0.005662540139773737-0.0018091727640641602j),5818500000
(0.6385756052619501-0.09305144920463725j),(-0.005580771046705847-0.001969497966610104j),5818750000
(0.6408566428442425-0.08908019471255238j),(-0.005593805023620924-0.002020507978024572j),5819000000
(0.6404777923693578-0.09182399649210488j),(-0.005697110024410185-0.0021996998170650474j),5819250000
(0.6349235466911715-0.09787423563808137j),(-0.0056063497360343845-0.0018829813549593399j),5819500000
(0.6443044335446814-0.0898973297979022j),(-0.005662792891485635-0.0019803867925113697j),5819750000
(0.6400572825816023-0.09334357115671132j),(-0.005567833536985293-0.0020994528067222j),5820000000
(0.6429578826861736-0.09348868255055723j),(-0.005527670631655386-0.0018947625857705394j),5820250000
(0.6396465627534546-0.09756749399530673j),(-0.0055962744351294195-0.0022116572342673196j),5820500000
(0.6382865035957104-0.10006773437189061j),(-0.00553222748147888-0.0018611415175775997j),5820750000
(0.6470257446098651-0.09214901744949196j),(-0.005463924279332979-0.00208555705414344j),5821000000
(0.6392519020568591-0.10052831135282712j),(-0.0056063810776490605-0.0022211833483452444j),5821250000
(0.6458494115839934-0.09416122373080639j),(-0.0057019695438171305-0.002217256883521775j),5821500000
(0.6359067177833944-0.10506049380251514j),(-0.005578327114707071-0.002124958565505918j),5821750000
(0.6460331954871879-0.09569935278037935j),(-0.005650298967513213-0.002113377862946275j),5822000000
(0.6372629372972102-0.1045032814107805j),(-0.00544224194492695-0.0020158991807378485j),5822250000
(0.6417760619668708-0.10255568222868415j),(-0.005576590431318222-0.002065670392525286j),5822500000
(0.6439544353741898-0.09946977175756891j),(-0.005742451036273993-0.0020893527720595453j),5822750000
(0.6414221846519912-0.10350081348628273j),(-0.005600664411126334-0.002102192750478994j),5823000000
(0.6453330684073341-0.09796619200428605j),(-0.00546368675232265-0.0021662239186661246j),5823250000
(0.6416330541455822-0.104081430824214j),(-0.005597188607549312-0.0022151661048296807j),5823500000
(0.6396855620283433-0.1062584288845865j),(-0.005493647048650747-0.0021787892874340696j),5823750000
(0.6362404641391842-0.10873749778892139j),(-0.005504468014550753-0.0022151397391778145j),5824000000
(0.6431500057820951-0.10390086463790497j),(-0.005571293338093976-0.002112973996903026j),5824250000
(0.6435301058015493-0.10449469290564095j),(-0.005591289224808363-0.0019793379360381847j),5824500000
(0.6400242000189093-0.1094521596143864j),(-0.005732343765968096-0.0019610709245633973j),5824750000
(0.643324342617601-0.10544103027640657j),(-0.005624667019663321-0.002000235582811325j),5825000000
(0.6418832803494935-0.10592121203608586j),(-0.0058332074016023356-0.0019888013340201467j),5825000000
(0.6437856970556004-0.10600152411515312j),(-0.00578820671729009-0.0020738863605418803j),5825250000
(0.6426012893630753-0.10721436864821954j),(-0.005743381150279254-0.0020064036713713534j),5825500000
(0.6378992216839675-0.11110705109979561j),(-0.005835586518706335-0.0018567799080085451j),5825750000
(0.6458338214810632-0.1040977657739946j),(-0.005819171397066265-0.0020552988510468247j),5826000000
(0.6377816820584038-0.11358437440049238j),(-0.005698213633152715-0.0016790246656226398j),5826250000
(0.6471905115826504-0.10343646667364884j),(-0.0057542297465272806-0.002021268853835979j),5826500000
(0.6394130478256564-0.11424451272605861j),(-0.005755666547817179-0.0019016538870648802j),5826750000
(0.6460440591210835-0.10591378554819562j),(-0.005798006669240345-0.0018540824384274553j),5827000000
(0.6417366546138149-0.11073800894016883j),(-0.005828602752178202-0.0020776324420995564j),5827250000
(0.6396707916027446-0.11367591536750118j),(-0.00585922671667729-0.0016374540874068866j),5827500000
(0.6360011457573802-0.11899217402640672j),(-0.005794380691116628-0.0017125230321390662j),5827750000
(0.6402970975597061-0.11432002955445615j),(-0.00578956050611965-0.0018034204686609963j),5828000000
(0.6455153254297458-0.10665147465279066j),(-0.005991678084642564-0.001939530278048079j),5828250000
(0.6374755725533969-0.11797237806460832j),(-0.005820565647622141-0.001869465290452999j),5828500000
(0.6416808549542702-0.11325137264014624j),(-0.005873118550710002-0.001719312656767491j),5828750000
(0.6402656556363951-0.11442554209246746j),(-0.005657483721936215-0.0020043839108452827j),5829000000
(0.6416412882802862-0.11665659195646817j),(-0.005941082479596124-0.0018569231491649201j),5829250000
(0.6441215688545517-0.11342638469044006j),(-0.005917246531914332-0.0016235371472530604j),5829500000
(0.63482952337678-0.12289714859084039j),(-0.006032671164692514-0.001675223935024133j),5829750000
(0.6459573729797987-0.11140034626770062j),(-0.005821670864482251-0.0017857508305988052j),5830000000
(0.639071112180132-0.12149427906059716j),(-0.0058157478560384845-0.0016596988112837219j),5830250000
(0.6424626821359067-0.11990359311538566j),(-0.00579013736818849-0.0018418045345993052j),5830500000
(0.6395795247434684-0.12087037511133852j),(-0.0059038126924858495-0.0016217183564566902j),5830750000
(0.6422312539748204-0.12185765087131667j),(-0.005834358925017288-0.0017551216752458706j),5831000000
(0.6436318226612876-0.12011705353088861j),(-0.005789643646096389-0.0017068989402791823j),5831250000
(0.6407767073007395-0.12214773585817763j),(-0.005931728946670439-0.0017417904364081071j),5831500000
(0.6449105056939145-0.11970301908533941j),(-0.005970182168107329-0.001764645123885088j),5831750000
(0.6430548601411128-0.1241710388827639j),(-0.005825528929509409-0.0017496978146806113j),5832000000
(0.6419228812317993-0.12398123321936447j),(-0.005928582254784997-0.0016570059110481287j),5832250000
(0.6445223033904162-0.12305930576296907j),(-0.00571026005052822-0.0016407929519227302j),5832500000
(0.6376032267154653-0.12969437935717565j),(-0.005834716658526549-0.001669398692714985j),5832750000
(0.6438777226817993-0.12482764260333362j),(-0.005767722665716593-0.0017450773118472022j),5833000000
(0.6430182861794651-0.1273706849993145j),(-0.005998882603843619-0.0018265055414302116j),5833250000
(0.6446030946885847-0.12580343737431265j),(-0.005881145279294962-0.0016653920483381342j),5833500000
(0.642662685531229-0.12738751286473765j),(-0.00583857048528892-0.0016039570655917558j),5833750000
(0.6407077775412242-0.1285897560775883j),(-0.005820054579557393-0.0017600999964982544j),5834000000
(0.6401054912985512-0.1302929713341157j),(-0.005880292717224551-0.0014808606040892988j),5834250000
(0.6443750212181318-0.1290854180421121j),(-0.005868824648787266-0.0018382859150026527j),5834500000
(0.6447969729179871-0.1295276147388096j),(-0.005743799766147496-0.0015473734619919754j),5834750000
(0.6403569775513317-0.1313800710627276j),(-0.0057678456285502975-0.0017407599358954644j),5835000000
(0.6425158495872378-0.13219611938660886j),(-0.005875290158712323-0.0017002162453462403j),5835250000
(0.6436825982463306-0.129792417086759j),(-0.005835454394974668-0.001768310238895727j),5835500000
(0.6451774921941577-0.13134390512615485j),(-0.006082465037504419-0.0016576878117366177j),5835750000
(0.6461803430542696-0.1296508492688463j),(-0.005899872142821217-0.0018030146328315946j),5836000000
(0.6391957603760178-0.136456023740746j),(-0.005862247771155792-0.001655795420317338j),5836250000
(0.6454674783825454-0.13151799522681595j),(-0.005870421668370526-0.0018378670349462984j),5836500000
(0.6434810554074722-0.13243627620568166j),(-0.005834680832104526-0.0019316856795016137j),5836750000
(0.6398840049916725-0.13624817343330722j),(-0.005961469231317697-0.0017496819980384298j),5837000000
(0.6466767163086787-0.1304899609205537j),(-0.005951730849956559-0.0015157361060553116j),5837250000
(0.6447335717035483-0.13422908643782133j),(-0.006033307035659502-0.0017485193238219684j),5837500000
(0.6456230816812282-0.13276618658637387j),(-0.005740075062772057-0.0016137401830381881j),5837750000
(0.643932001498061-0.13568447550528057j),(-0.005743446871312448-0.0018966280075881554j),5838000000
(0.6443828579654322-0.13493056954871174j),(-0.00603977202419589-0.0015001642129760507j),5838250000
(0.6448241845130449-0.13387200603253482j),(-0.00579850361874804-0.0018198638684041133j),5838500000
(0.6452863660593235-0.1358476729823554j),(-0.005832674688039559-0.0017628404546091068j),5838750000
(0.6469808406627995-0.13222953138481303j),(-0.005961989269105401-0.0018092968394662603j),5839000000
(0.6452800755861609-0.13738906824896274j),(-0.005954951401565803-0.0018377188455818165j),5839250000
(0.6451459617915355-0.13763773448823274j),(-0.005831398958020897-0.0015439296417030313j),5839500000
(0.6410090148024659-0.1444284658537136j),(-0.006021696914356989-0.0016891525356182075j),5839750000
(0.6454911254932888-0.1370425282495426j),(-0.0060011977097537295-0.001734125591050419j),5840000000
(0.6439645512648857-0.14088183697749984j),(-0.005990839157354234-0.0016566315004356653j),5840250000
(0.6444174217155737-0.1402235673912624j),(-0.005872990330123666-0.0018103665690252964j),5840500000
(0.6444901835113801-0.14136080050565308j),(-0.005691303715637338-0.0016258104048212459j),5840750000
(0.6485721656449871-0.13644581408533324j),(-0.005613389493610774-0.001543074049576983j),5841000000
(0.6478727065622898-0.13879029315240118j),(-0.00599843166136472-0.0018255509037581965j),5841250000
(0.6436385940574451-0.14530166592005542j),(-0.0059512365986668985-0.0016898354006855399j),5841500000
(0.6471417180683632-0.13889544725447597j),(-0.005826675928473016-0.0017209909095527182j),5841750000
(0.6460794099876379-0.14228469882274128j),(-0.005910831263413724-0.0014579082913084031j),5842000000
(0.6366751967653338-0.15246238678258306j),(-0.005779794100549341-0.0015769092184283215j),5842250000
(0.6426448195734207-0.14654279290914562j),(-0.005841508094466829-0.001605570196729039j),5842500000
(0.6411866374748679-0.14821560277029483j),(-0.005846278410912452-0.0014721801716208807j),5842750000
(0.6464274027232534-0.14331822830175733j),(-0.0058561719945351325-0.0016735111286880816j),5843000000
(0.6415882879125104-0.14826252689201064j),(-0.0057541668119169215-0.0014805240373292085j),5843250000
(0.6424024630060968-0.1494136876029634j),(-0.005913568994979535-0.0015364447500036602j),5843500000
(0.6431895242823203-0.14915951841536212j),(-0.0059234332756304955-0.001604353700149705j),5843750000
(0.6419987393609339-0.15062916780411925j),(-0.0056053405661734435-0.001623871062036983j),5844000000
(0.6426210254788095-0.14758162727653104j),(-0.005618210500573941-0.0016521006905669483j),5844250000
(0.6422095611701228-0.14898025205999313j),(-0.005783481145816493-0.0016369647637886585j),5844500000
(0.6381525427853946-0.15598374710665094j),(-0.005834521471732926-0.0014167683971293117j),5844750000
(0.6442902974481118-0.14754969702048237j),(-0.005807753591488287-0.0016601272324315525j),5845000000
(0.6411283059572593-0.15388814928030492j),(-0.0058355675944727495-0.0016721457103210722j),5845250000
(0.6412190389136851-0.15146243012291716j),(-0.005720730809468565-0.0016672637616453323j),5845500000
(0.6394980182800686-0.1551665728366762j),(-0.005611816537009946-0.00154238850109891j),5845750000
(0.6438158508194954-0.14970930511531627j),(-0.005784865659026086-0.00156617496622694j),5846000000
(0.6404008799484255-0.15424608942020654j),(-0.005742696052265902-0.0016750296914580878j),5846250000
(0.6417984548474795-0.1561063853301528j),(-0.005782535652338121-0.0015935701718117186j),5846500000
(0.6398322753618946-0.1568524278438595j),(-0.005756461586052943-0.0015489110507620907j),5846750000
(0.6467008459032314-0.1493594415795238j),(-0.005582923519884608-0.0018298112153403232j),5847000000
(0.645179620244864-0.15100928985150297j),(-0.005756721113137151-0.001696269191113089j),5847250000
(0.6443795218501502-0.15352953100344952j),(-0.0055464941093793085-0.0014960934040541005j),5847500000
(0.6481199676043298-0.15002794143247386j),(-0.005553868820216804-0.0016359994962465217j),5847750000
(0.6445414259475077-0.15281747554456737j),(-0.005698738092792301-0.001688444315328302j),5848000000
(0.6434216260008456-0.15599766971894796j),(-0.005679260926044197-0.001672142196236828j),5848250000
(0.6464584719237771-0.15328483692846706j),(-0.005652115784877538-0.001595184864801871j),5848500000
(0.6499538407508861-0.14991056938976197j),(-0.005541337852680286-0.0016855321429145361j),5848750000
(0.6530464338464724-0.1465326507061317j),(-0.0055253400655181795-0.0017947002525900244j),5849000000
(0.6449688885486135-0.15279569385837438j),(-0.005664751281001397-0.001641459768966767j),5849250000
(0.6495853746858552-0.15213401884090616j),(-0.0057283344114505445-0.0018234456362389493j),5849500000
(0.6471074856188298-0.15271395229160167j),(-0.00560072968598692-0.0019450606842591474j),5849750000
(0.6460379809267951-0.15390913993567282j),(-0.005488578401533221-0.0016035652819407554j),5850000000
(0.6522449455783214-0.14544031325760653j),(-0.005458485058163442-0.0016964871196025427j),5850000000
(0.6483063259335756-0.1519828086462237j),(-0.0057300682385497004-0.0017698680951659569j),5850250000
(0.644527000013493-0.15691901680035752j),(-0.005396949835154785-0.0015560176595523709j),5850500000
(0.6504523385813515-0.14940917207014484j),(-0.005714104437607348-0.0017219491658396974j),5850750000
(0.6474351425958813-0.1552004839430949j),(-0.005609717293092753-0.0017141962931039767j),5851000000
(0.6462256260811746-0.15452504995794702j),(-0.00573403268684959-0.0018712187675014008j),5851250000
(0.6445248762224332-0.15989681022764282j),(-0.00541858581811242-0.0016599158629426003j),5851500000
(0.6427364702852949-0.16421433346198255j),(-0.005577982767890556-0.001719188744561951j),5851750000
(0.6425233276281125-0.16103155438951045j),(-0.005619227996041347-0.0018964298582544597j),5852000000
(0.649462387503953-0.15369807695960958j),(-0.0057943928780513675-0.001758572903239329j),5852250000
(0.6441311324969784-0.1627363418695816j),(-0.005569682874768428-0.001976479337935119j),5852500000
(0.6471821535600913-0.16010941609222354j),(-0.0057029870044234135-0.0018756680906276378j),5852750000
(0.6420868383438791-0.16362165889163516j),(-0.005795371616794231-0.0017551217178663945j),5853000000
(0.6450489608219316-0.15919741258976539j),(-0.005688034687384379-0.002182166440520478j),5853250000
(0.6429810910563217-0.16483281643491832j),(-0.0056610139559736036-0.0016815543515157816j),5853500000
(0.6380453014091845-0.17168801483773688j),(-0.005892027099689418-0.0018987781668475291j),5853750000
(0.6428990760793821-0.1631953304360732j),(-0.0059041161744281465-0.0020427867276483816j),5854000000
(0.6441437768885453-0.16386993104232486j),(-0.0057532254706632166-0.0018791878223120713j),5854250000
(0.6347937192614194-0.1762499953042605j),(-0.0060083055102796365-0.0020162578458977416j),5854500000
(0.642963209862441-0.1657573392711677j),(-0.005864790759574429-0.00197293869742571j),5854750000
(0.6421342140359666-0.16507041170115508j),(-0.005902085571087875-0.0019001985747984364j),5855000000
(0.6384968050526599-0.17250063926382717j),(-0.005844539734472158-0.0019470600212083882j),5855250000
(0.6410891570145465-0.16943007724234405j),(-0.0059564320901484575-0.001969217053854508j),5855500000
(0.63111172933215-0.18140360769496247j),(-0.005799173094270427-0.0020253680817226612j),5855750000
(0.6338594811282905-0.17963661705432493j),(-0.005822190850777574-0.001999516631652892j),5856000000
(0.6384456160194304-0.17565914562508964j),(-0.005929229826439848-0.001961353732807272j),5856250000
(0.6397153285273428-0.17199313187281418j),(-0.006057548432998183-0.0020325110493517352j),5856500000
(0.6376902229121559-0.174761279458674j),(-0.005813520552941795-0.002160015709696735j),5856750000
(0.6376656094876397-0.1775303356306529j),(-0.005760053184057236-0.0019941783830723153j),5857000000
(0.645092996159494-0.16843804898067022j),(-0.005896492353385664-0.002142082695803267j),5857250000
(0.6414247184970392-0.1773809454010593j),(-0.005893128485393018-0.002108799476577426j),5857500000
(0.6404239445275659-0.17409572276831256j),(-0.005994802582461614-0.0019863434983673246j),5857750000
(0.6404203190000584-0.17464416436347469j),(-0.00595799085087267-0.0021038531161880515j),5858000000
(0.6423243153833531-0.17478124562700417j),(-0.005774664974475442-0.0020099848140695477j),5858250000
(0.6479754778893912-0.16644653413496663j),(-0.005968229253111508-0.002340474143848909j),5858500000
(0.6464155498656492-0.17096411204762288j),(-0.005757846673993319-0.002335010823519967j),5858750000
(0.6461576725193131-0.1690944760423622j),(-0.006058013486426156-0.002113060815951906j),5859000000
(0.6409271864315691-0.1758578199745581j),(-0.005911350765765461-0.002433920791272735j),5859250000
(0.6407098998211-0.18127183455345602j),(-0.006013049732796259-0.0021217997477658824j),5859500000
(0.6459832958697733-0.16841107407970585j),(-0.005810902006275936-0.0023007483312086053j),5859750000
(0.6459517396922773-0.17446445689337112j),(-0.005984859639618511-0.002301864345002058j),5860000000
(0.6492943138849799-0.16851692655337805j),(-0.00602209320625394-0.0021856279904962942j),5860250000
(0.6484116817550356-0.16968671860416099j),(-0.005931954135690545-0.0022092521591426727j),5860500000
(0.6415843279187428-0.1786075711871804j),(-0.005848062583489582-0.002116564839392949j),5860750000
(0.6471605933345151-0.1706818188367674j),(-0.006021058630909012-0.002230911989694461j),5861000000
(0.6455591154524843-0.17039377870289074j),(-0.005955251994991841-0.0024507971176054555j),5861250000
(0.6474838325027212-0.17342200270919356j),(-0.006096225081801191-0.0023806578770562623j),5861500000
(0.6459353726026827-0.17633618381135016j),(-0.0059983033198309915-0.002289954847228309j),5861750000
(0.6522709453956268-0.16436442938687013j),(-0.005826757018540121-0.002182746350871685j),5862000000
(0.6441138478786513-0.17498892225880225j),(-0.006211861830418927-0.002398208245592733j),5862250000
(0.6429305406772715-0.18007897017892716j),(-0.006105657684055445-0.0023379986579292297j),5862500000
(0.647004860289305-0.17410426105556098j),(-0.00608762794177818-0.0022968668256216685j),5862750000
(0.6453897028409994-0.17620723411157324j),(-0.0062002286888633825-0.0023500635476587243j),5863000000
(0.6453946447251435-0.17830356273430867j),(-0.006300760196649421-0.002240724209890707j),5863250000
(0.6485805899046425-0.17024473260995546j),(-0.0061822680405711-0.0024935678902902507j),5863500000
(0.6405275639989741-0.18870230014955736j),(-0.0062166968156445075-0.0023319907585646607j),5863750000
(0.6513320009965327-0.1669665186280054j),(-0.00635991144724999-0.002213139737096972j),5864000000
(0.6399262128299237-0.18840581024253086j),(-0.006396132514461086-0.0020766954329162024j),5864250000
(0.6435068015752652-0.1792207239157653j),(-0.006414908695658084-0.0021659571249185174j),5864500000
(0.6415240641092561-0.18160965633696025j),(-0.006280827731739194-0.0022818461054418425j),5864750000
(0.6413943609065365-0.18415218027465463j),(-0.006320138504415177-0.002156848409776515j),5865000000
(0.6402884605336263-0.1862995368112963j),(-0.006286501353516343-0.0023320831871729477j),5865250000
(0.6405408033207428-0.18688210222815246j),(-0.006417896371076093-0.0020869523779020855j),5865500000
(0.6450998519236472-0.17802677318535953j),(-0.006457577336850496-0.0020991448497208218j),5865750000
(0.6419078108067853-0.18372558934329114j),(-0.006484109927078688-0.002444524343965234j),5866000000
(0.6383396277502751-0.18969880406735032j),(-0.006512330135858958-0.002121733758731654j),5866250000
(0.6428261049984612-0.18374673386874463j),(-0.006492744410680737-0.0020985483927425013j),5866500000
(0.6377090141471756-0.1923549340806252j),(-0.006473816102323464-0.0020649301526282607j),5866750000
(0.6422532963119253-0.1866487576317461j),(-0.006442848216054975-0.0022327383460936474j),5867000000
(0.6377408046276954-0.19293689546528217j),(-0.00662568095319899-0.002190941828152336j),5867250000
(0.6383007789614705-0.19209858874781316j),(-0.006648554999110311-0.002132154122227554j),5867500000
(0.6430742092812021-0.18661643542064776j),(-0.006583390073530799-0.0021115621406997045j),5867750000
(0.6442610240892302-0.18533223302929847j),(-0.006550762134458452-0.0022501124234584656j),5868000000
(0.6412632967261811-0.18917375696232427j),(-0.006763068229348456-0.0021371546104588467j),5868250000
(0.6397461646325847-0.19009452363915494j),(-0.0064900993395955444-0.0024218668176593386j),5868500000
(0.6412237808216731-0.1900604761499571j),(-0.006750605859541713-0.0023066387600731877j),5868750000
(0.6436465860230759-0.18688787331146692j),(-0.00664292878547312-0.0022610914273598027j),5869000000
(0.6364338555465555-0.20133466902450667j),(-0.00684399654307071-0.0021789130950112157j),5869250000
(0.6425785005981524-0.1894640684003916j),(-0.006703776994534737-0.0023352948553841194j),5869500000
(0.6399332114748815-0.19513896751449622j),(-0.006865942564810551-0.002203728819339873j),5869750000
(0.6423718125002661-0.19059938815806565j),(-0.006906952788496975-0.0022848857565428717j),5870000000
(0.6420448004980099-0.19105397549254177j),(-0.006799887995217151-0.0025080876161509254j),5870250000
(0.6388472158580872-0.1988602969360974j),(-0.006660291565278683-0.0022274393137433207j),5870500000
(0.642769594878277-0.1930145928234732j),(-0.006749841769439948-0.0024702183965387954j),5870750000
(0.6410745230077138-0.19327550390923895j),(-0.006935990716854587-0.002362432418080533j),5871000000
(0.643314808501128-0.1949638205614855j),(-0.0070415470420539805-0.0023500125160275903j),5871250000
(0.6433104744906456-0.1911239519050362j),(-0.006776400771935261-0.0024949067808909113j),5871500000
(0.6380888916444261-0.20038014414116664j),(-0.0071804365065826345-0.0023307967944217424j),5871750000
(0.6410437362952448-0.1965880727030788j),(-0.006971707322591005-0.002609729947393104j),5872000000
(0.6388531837881348-0.19736423336140763j),(-0.007057381599232551-0.0022601059351123735j),5872250000
(0.6410126282886354-0.19681080302899748j),(-0.0069769883536326075-0.002234325329397394j),5872500000
(0.639953607823857-0.20052846202783578j),(-0.00719895190751734-0.002556520399349143j),5872750000
(0.6402603655828161-0.20150429887065152j),(-0.007053292451002961-0.0023424928753014366j),5873000000
(0.6453456229647831-0.1922891214150707j),(-0.007069503673060235-0.0024566086409023896j),5873250000
(0.6386004874339593-0.20271829809661956j),(-0.007185451519609091-0.00240981766097482j),5873500000
(0.6434356616832363-0.1931934297490632j),(-0.007266294681945145-0.0024504126219101227j),5873750000
(0.6372552523841505-0.20901225593657408j),(-0.0072677397740364535-0.0022109750417831316j),5874000000
(0.6417375347733415-0.20250792821027847j),(-0.007144674754774677-0.002241551281023485j),5874250000
(0.6381936982075026-0.2053084569893187j),(-0.007248218928195715-0.002386888203052595j),5874500000
(0.6378620680054172-0.2061500790238475j),(-0.007174935976149177-0.0022150212098997818j),5874750000
(0.6416215757054545-0.20180626837768115j),(-0.00736534950263238-0.0023093255405952987j),5875000000
(0.636760242034355-0.20564871525562703j),(-0.007237725122624183-0.0024022513557230615j),5875000000
(0.6398763895938361-0.20536444823110006j),(-0.007152904690718262-0.002211258410920827j),5875250000
(0.6401900072814353-0.200828853162505j),(-0.0074434707638152955-0.002390728045263471j),5875500000
(0.6387905378248361-0.2053281078882438j),(-0.007329057279718182-0.002171109235836393j),5875750000
(0.6380028767158176-0.2085574997852053j),(-0.007331488801355974-0.0021574718996088607j),5876000000
(0.6374593102872531-0.21175227739283942j),(-0.007284618579769563-0.0021685297004978166j),5876250000
(0.6390847500436706-0.20795787363481025j),(-0.007190292683403985-0.0022066892916905514j),5876500000
(0.6392833716645857-0.20595788421479722j),(-0.0072137709471205265-0.0019884710093146843j),5876750000
(0.6363937179276188-0.2130167270064135j),(-0.007251932307991149-0.0022114876871957385j),5877000000
(0.6391849171912638-0.2114770688140739j),(-0.007387398190167456-0.002038807252758864j),5877250000
(0.6379714884510832-0.21081696904214023j),(-0.007407873111814839-0.0021887870317251726j),5877500000
(0.6399957546692148-0.2084746523160916j),(-0.007445762954485153-0.0022596439154756827j),5877750000
(0.636549488990432-0.21394809193699071j),(-0.007339246356802633-0.0019293107122626387j),5878000000
(0.6385225225294259-0.21351832855321795j),(-0.00749938916611376-0.0019634080126172872j),5878250000
(0.6390969052344189-0.2098606453186681j),(-0.007529502940449497-0.0019471688426513582j),5878500000
(0.637642937753025-0.21729271515702772j),(-0.007541165652883689-0.0020132784155402236j),5878750000
(0.6416315920365904-0.2081605081169153j),(-0.007451578195491759-0.0021049485414347817j),5879000000
(0.6399289246036959-0.21404175045479767j),(-0.00769375647011953-0.0022128999711355096j),5879250000
(0.6402248179182812-0.21409690942013787j),(-0.007596663323706493-0.0019538321919680447j),5879500000
(0.6404321764353667-0.21441197873519907j),(-0.007671115599720874-0.0019537919600298133j),5879750000
(0.642025855466754-0.21023588856622233j),(-0.007739206084922032-0.002060731890927776j),5880000000
(0.6357620610112106-0.21981070047648157j),(-0.007708997548103161-0.0021152527029490676j),5880250000
(0.6410888593116701-0.21624390282333275j),(-0.007782227501904011-0.0018950045436428526j),5880500000
(0.6400485734737227-0.21506269032908654j),(-0.007775698783120542-0.00211151465817143j),5880750000
(0.6414749384447546-0.21506339874309285j),(-0.007946096773447034-0.001964339761679843j),5881000000
(0.6426499773922513-0.2128005872175903j),(-0.007908970026264148-0.0021366376498502026j),5881250000
(0.6403984621797673-0.21972561696165227j),(-0.008025931810377645-0.001969460195609777j),5881500000
(0.6406640960065765-0.21474633503770396j),(-0.0079352545705562-0.0020753641365822443j),5881750000
(0.6418291353658996-0.21626937993906845j),(-0.008107808041736029-0.0021879825659672854j),5882000000
(0.6420357453337565-0.21778473864820724j),(-0.007929533548209203-0.0020856409611268714j),5882250000
(0.6416434649611403-0.21736238689776727j),(-0.007913883875850828-0.0021187480428453776j),5882500000
(0.6389026139753706-0.22238640280562652j),(-0.008121526553179288-0.0020987707717338056j),5882750000
(0.64380291524778-0.21521341932236587j),(-0.008080783909638525-0.0021942028723238734j),5883000000
(0.6412915571623662-0.2185794724116797j),(-0.007999158120725443-0.0019633240106729623j),5883250000
(0.6470092777546848-0.2068202431613803j),(-0.007821437107650783-0.002209751425737519j),5883500000
(0.638654229767243-0.22641674870714104j),(-0.008139003751551039-0.0019191288174264598j),5883750000
(0.6411365901705487-0.2193229002172357j),(-0.008050737541922516-0.0020889484984128502j),5884000000
(0.644524903916581-0.21344764159939192j),(-0.008199873622831502-0.0020359626863724048j),5884250000
(0.6443375956488012-0.2184198564521855j),(-0.00803687787225604-0.0019492442177859238j),5884500000
(0.6413932618030234-0.22073546467369304j),(-0.008074407154169266-0.002197643419619663j),5884750000
(0.6459106880259254-0.21571075767215392j),(-0.008120301783594951-0.0021324113151985438j),5885000000
(0.6415667644511265-0.22229475705294865j),(-0.008124074094646123-0.0017460710110145648j),5885250000
(0.6402834100976873-0.22859901399703506j),(-0.00802098647995934-0.001975531350302026j),5885500000
(0.6449666068419592-0.21650168789568078j),(-0.008108682834369076-0.002054835657002293j),5885750000
(0.6446817831107837-0.22235299420432064j),(-0.008022214293712145-0.0020007294684230947j),5886000000
(0.6450432157029213-0.21846769055674764j),(-0.008087533445139652-0.0020920472751323883j),5886250000
(0.643815701447143-0.22394503687166498j),(-0.008222640921095429-0.0019251574813586505j),5886500000
(0.6429336692549822-0.22684940316886176j),(-0.007935158975602511-0.0018224725617007164j),5886750000
(0.6456356552723372-0.22059800912497315j),(-0.00802307520465789-0.0018637986715456492j),5887000000
(0.6435771236299566-0.22710210314871826j),(-0.008287134975679818-0.0018661495025410855j),5887250000
(0.6468905545442767-0.21934491874082734j),(-0.008050060845823761-0.0017992064363490442j),5887500000
(0.6432494406130449-0.22849335883728633j),(-0.007888995492426061-0.001812267613461057j),5887750000
(0.6453177212407895-0.2225917431104955j),(-0.00810715229295167-0.0019370802855839335j),5888000000
(0.645876194533307-0.222374827974253j),(-0.00792222828983124-0.0019142916545361844j),5888250000
(0.6434942416424386-0.22361481903491615j),(-0.00815237850501163-0.0016066930820259804j),5888500000
(0.6458563072631914-0.2243779392479857j),(-0.00830580250963124-0.0019116571423759498j),5888750000
(0.6430507124695799-0.2271212813137937j),(-0.008157459970701263-0.001704608883517338j),5889000000
(0.644940993068795-0.22182662531499323j),(-0.00843217539913044-0.001969319283216601j),5889250000
(0.638323592727905-0.23622939404240698j),(-0.008270803453918675-0.0017821089122587864j),5889500000
(0.6451959533183781-0.22310986994968096j),(-0.008292754248780993-0.001861369420035423j),5889750000
(0.6437160811297299-0.22936779819637215j),(-0.008399646047659973-0.0018464532380906063j),5890000000
(0.6415048865527965-0.23764817863829676j),(-0.008580670008777963-0.0016346000219542955j),5890250000
(0.6474153172990984-0.22130091692823003j),(-0.008413492712556678-0.002029555539292964j),5890500000
(0.6421701899616997-0.23564610960988053j),(-0.00845562980141194-0.0017163537354002302j),5890750000
(0.644002177189412-0.23234306193918994j),(-0.008556603859191525-0.0018490355423733313j),5891000000
(0.6412311331716013-0.24330036868425395j),(-0.008672870908760226-0.0017335636343866576j),5891250000
(0.6421296076613295-0.23281817015587158j),(-0.008587237002798584-0.0019074995066734506j),5891500000
(0.6420831948976061-0.23811788999265776j),(-0.008541813436868021-0.0020188934990433114j),5891750000
(0.6432937503742364-0.23536715467471503j),(-0.008578871501654947-0.0018233099311776438j),5892000000
(0.6446335605050223-0.23346748448807925j),(-0.008607441938594099-0.0018487954650326748j),5892250000
(0.6384422784692191-0.24197979983804618j),(-0.008740850472316519-0.001723633827447276j),5892500000
(0.6411453161584157-0.23631826747328205j),(-0.008803563108202938-0.0016528787538146502j),5892750000
(0.6358893112897498-0.2513850453431797j),(-0.008992456414972401-0.0015487155459270967j),5893000000
(0.6414231720275531-0.23972629650331798j),(-0.00879702043514441-0.0017140056372907772j),5893250000
(0.6444403290963786-0.22829212598962598j),(-0.008878627502877164-0.0017459943356087668j),5893500000
(0.6391104677235537-0.2450875134779454j),(-0.008864643222576336-0.0017371277434390677j),5893750000
(0.6398137388344622-0.2454073500234291j),(-0.008949562809394995-0.0016346114628406627j),5894000000
(0.6398573137055994-0.24137069714104503j),(-0.008894518122685924-0.00169161428418805j),5894250000
(0.6375102999644615-0.24890582168080994j),(-0.008884091336934564-0.001685032531161263j),5894500000
(0.6396154571024395-0.2413633078754198j),(-0.008937972989445698-0.0017269396058536008j),5894750000
(0.6421427653868559-0.23923994434167595j),(-0.008941410190122238-0.00153400491835381j),5895000000
(0.6411561908810349-0.24216698365861947j),(-0.009289416974880798-0.0015862323102654539j),5895250000
(0.637876030397437-0.2475233014181755j),(-0.009026927597194439-0.0014451328177886877j),5895500000
(0.643087344739987-0.23925607404245447j),(-0.009050595239870717-0.0014519990186839633j),5895750000
(0.6392059352598763-0.24999495105433844j),(-0.00900751322656936-0.0015238379836505504j),5896000000
(0.6458571578362265-0.23466161731591131j),(-0.008931559847380787-0.0014352930575261703j),5896250000
(0.6449090264346504-0.23776365081257567j),(-0.009263728912786586-0.0014729467932578278j),5896500000
(0.6406978851989769-0.24891743313631892j),(-0.009379705088555608-0.0012210691110381131j),5896750000
(0.6496166453662714-0.2271891525803332j),(-0.0093939701686713-0.0015433015769148084j),5897000000
(0.6443284043525149-0.2420287151117983j),(-0.009385370430684931-0.001344366107893783j),5897250000
(0.6452384012022834-0.2375976261896897j),(-0.00929727395690093-0.0013097372898958292j),5897500000
(0.6459082235422698-0.23240284170197717j),(-0.009424676901581896-0.0012538587980139076j),5897750000
(0.6437991312129173-0.2361264705728247j),(-0.009437338438777754-0.0013055248267344012j),5898000000
(0.6436441794711345-0.24178467235748027j),(-0.00948919828584329-0.0012650367300799936j),5898250000
(0.6461146182925627-0.23434339319743097j),(-0.009472785084248805-0.001229370362542422j),5898500000
(0.6428724979888087-0.24226634498439611j),(-0.009467442554286035-0.001371975990281821j),5898750000
(0.6458999603463296-0.2364102870190923j),(-0.009538763193085545-0.0011156311724909366j),5899000000
(0.6463526929637746-0.23156108265255745j),(-0.009700313948560657-0.0012086839271020925j),5899250000
(0.6437501915510927-0.23790919133406263j),(-0.009580008598854422-0.0011098702256999294j),5899500000
(0.6479308105020649-0.22760829671224417j),(-0.009745013718697484-0.0011336456929753672j),5899750000
(0.6473100469543867-0.23052170086841514j),(-0.009714026688523314-0.001184894198554719j),5900000000
(0.647154180129382-0.22794553951326252j),(-0.009614774921452294-0.0011510087183509805j),5900000000
(0.6469780725094414-0.23499905977175253j),(-0.009829252675467573-0.0012039043247022417j),5900250000
(0.6480857640256317-0.23092932876777694j),(-0.009705141874483507-0.0011267816671112938j),5900500000
(0.648210464572182-0.236532526228988j),(-0.009925131404863497-0.0012461294906900727j),5900750000
(0.6454199713324305-0.23727723468471848j),(-0.009888192145827718-0.0010875710427340755j),5901000000
(0.6472945699526804-0.2329390208042076j),(-0.009888520130930186-0.0012916002955330637j),5901250000
(0.6479799330918972-0.23838556152096596j),(-0.0099963817670516-0.0008678250014487502j),5901500000
(0.647952231146385-0.23416890021408351j),(-0.010035490344289182-0.000991761560060384j),5901750000
(0.6469337293947961-0.24193447243220328j),(-0.010010692074825593-0.0008197200781627752j),5902000000
(0.6484478498524242-0.23778039320210304j),(-0.010066253207284308-0.000987487637180642j),5902250000
(0.6468358259417867-0.24854117086935137j),(-0.010018368475688523-0.0009284207673229397j),5902500000
(0.6490945024913674-0.23731503569657353j),(-0.010150649743692612-0.0010041710316612607j),5902750000
(0.6480378201656124-0.23909052081531135j),(-0.010167045473277877-0.0010874239985020516j),5903000000
(0.6454274165896673-0.243303744903632j),(-0.01026143269906465-0.0009554865301234338j),5903250000
(0.6471464897019273-0.24211885167027578j),(-0.010245043483344523-0.0007677752541317453j),5903500000
(0.6445637905684858-0.25070765846923704j),(-0.01035206709745508-0.0009171224738521221j),5903750000
(0.649231178553573-0.23867686965293167j),(-0.010233034922064673-0.0009561328199767957j),5904000000
(0.6470568750529346-0.2420343334364356j),(-0.010087939312610443-0.0008367469529982382j),5904250000
(0.6493379059793722-0.2435117940805167j),(-0.01027500547272038-0.0008382815632111645j),5904500000
(0.6490269477932593-0.24568519009061285j),(-0.010556813703763913-0.000603031191714068j),5904750000
(0.6474313701357841-0.2507460626328466j),(-0.010404297072673605-0.000723071371769657j),5905000000
(0.647732196015574-0.24532036339935867j),(-0.010640559513258922-0.0007000829978263866j),5905250000
(0.6495874265071298-0.24745508549422104j),(-0.010426158461474887-0.0007012498833966289j),5905500000
(0.6485788504809199-0.24857041491955842j),(-0.010482772932350953-0.0006377565265064242j),5905750000
(0.6480800404452014-0.24981011495057362j),(-0.010384215640420389-0.00048396508100553165j),5906000000
(0.6460778161357736-0.2468367144233238j),(-0.010474921369675537-0.0006097978847621453j),5906250000
(0.6488834569709423-0.24410692445408028j),(-0.010490256840700788-0.0007289561426775082j),5906500000
(0.649020859068262-0.24978170944753655j),(-0.010386440409046573-0.00044990268959717436j),5906750000
(0.6478435824977553-0.24800630059791032j),(-0.010519349174134874-0.0006614132483421527j),5907000000
(0.6491938576235307-0.2534193169144203j),(-0.010568493201875988-0.0005177015516975475j),5907250000
(0.6482298200011881-0.2473015926894463j),(-0.010436751561202152-0.0005410879921486218j),5907500000
(0.6481582069097221-0.2573771607364007j),(-0.01067834502631768-0.0005106186340789905j),5907750000
(0.6482178722076959-0.258044490281844j),(-0.010764664069543493-0.00037142474363470067j),5908000000
(0.6471814511239228-0.25075569232933537j),(-0.010621522545483621-0.0004120110101537382j),5908250000
(0.6467565694180679-0.25563662899859657j),(-0.010759445042070225-0.00022689546939557207j),5908500000
(0.6482081671622286-0.2546222122351727j),(-0.010591209241162667-0.0003114457971381115j),5908750000
(0.6455974169691049-0.25492358962576384j),(-0.010659780305916033-0.00031704434658863523j),5909000000
(0.649386266961001-0.2541245834032044j),(-0.01056037872511431-0.00020546576298027688j),5909250000
(0.647659432778872-0.26005752265971j),(-0.010630207755025623-0.00038159229034253695j),5909500000
(0.6457388244114534-0.2534662544882814j),(-0.010734383515997228-2.2244876780393662e-05j),5909750000
(0.6437296353594828-0.2684577455205006j),(-0.010644127675919617-0.0002468100968866227j),5910000000
(0.6465844299620772-0.25393980028352303j),(-0.010852415978503718-0.0001959618491409234j),5910250000
(0.6471047066466523-0.24980131658739763j),(-0.010592041086244982-0.0001947540211178296j),5910500000
(0.6444355664355221-0.25912661629593564j),(-0.010806937360294531-5.196706860922983e-05j),5910750000
(0.6451746546424111-0.2579402844934891j),(-0.010800093128866569-1.0939785936486747e-05j),5911000000
(0.643341237089634-0.26172334972194367j),(-0.01082311543178091-0.00024420301803228695j),5911250000
(0.6460186824298002-0.2628171073144214j),(-0.010828865100290047+0.00014891300600336981j),5911500000
(0.6467567911708161-0.2597568773358172j),(-0.010836165674022583-0.0003367627401727379j),5911750000
(0.6469973266998259-0.257718188541696j),(-0.010868970016765034-4.998512243063269e-06j),5912000000
(0.6472486041619896-0.2565944183307991j),(-0.010963835899396092+4.703946515283164e-05j),5912250000
(0.6458491620492907-0.27192295545190215j),(-0.010931447406501068+7.44612221444393e-05j),5912500000
(0.6479846010277036-0.2555039211960381j),(-0.010864905568353626-0.00014431600052086115j),5912750000
(0.6479724336800133-0.26072620232616595j),(-0.010825007391729957-5.58523426880985e-05j),5913000000
(0.6469623648563385-0.26698302612667246j),(-0.010978379708408911+0.0001673021960095895j),5913250000
(0.6503436114512252-0.2550409820606038j),(-0.011073861746937386-0.0001449421900420471j),5913500000
(0.6490441659744295-0.2649174496076306j),(-0.011180787872728888+0.0002108037988367968j),5913750000
(0.6495647232080197-0.2587050846910618j),(-0.011194509047444918+0.00020880381693774372j),5914000000
(0.6489991735899886-0.26892924493507886j),(-0.011413909797516069+0.00017351323357966367j),5914250000
(0.6500777870659937-0.25812291383813013j),(-0.011302813616558358+6.266546258770138e-05j),5914500000
(0.6484526781785347-0.2566413412096518j),(-0.011240142752788718-8.524026373631012e-05j),5914750000
(0.6506232235516921-0.26225970287336203j),(-0.01127732341956768+0.0001864098238804007j),5915000000
(0.651422951833021-0.2636535669635519j),(-0.011373557813028456+0.0001005438391229613j),5915250000
(0.6491442046114495-0.2673205889052565j),(-0.011422724289903853+0.0003037503838791465j),5915500000
(0.651484677731444-0.25335136981598255j),(-0.011339130056592032+2.1691710814498197e-05j),5915750000
(0.6501245349029089-0.26132460125635254j),(-0.011533049395767233+0.00013120382529633023j),5916000000
(0.6502717184659944-0.25707456193182193j),(-0.011335675744142314+0.0001546399630921646j),5916250000
(0.6495722175711711-0.2612614921488936j),(-0.011410993936510351+0.0004101292681775056j),5916500000
(0.6513995308491916-0.2607592407681437j),(-0.011593213476746746+0.0002849160838251931j),5916750000
(0.6491414093635006-0.2620754059579468j),(-0.011513224645266159+0.00032836780094291495j),5917000000
(0.6489636771966913-0.2625339065074394j),(-0.011546817622787657+0.0002998757905738371j),5917250000
(0.6526076574924785-0.2577419967861202j),(-0.011467524298736091+0.0002850915883801757j),5917500000
(0.6503974814160619-0.2668534829023065j),(-0.011456466656113483+0.0006492334905090803j),5917750000
(0.6521157904231264-0.2590989363767251j),(-0.011392838989727006+0.0005731084454618467j),5918000000
(0.6523224349949899-0.2539971177310792j),(-0.011625357754338499+0.0002847030525915069j),5918250000
(0.6528630979406449-0.26673752160174496j),(-0.011637258788627983+0.0005675527098622672j),5918500000
(0.6536548583595825-0.25973287420441143j),(-0.01170260113399179+0.000554934624165663j),5918750000
(0.6521199979190857-0.261011638079909j),(-0.01169771590039895+0.0004312540556005559j),5919000000
(0.6525513863746629-0.26702084195472486j),(-0.01175874088148918+0.0006939822637098869j),5919250000
(0.6535157576852733-0.25490062402598274j),(-0.01169991531828649+0.0005795708557588756j),5919500000
(0.6529973559060378-0.2488052161184089j),(-0.011618347576922719+0.00046900854330102806j),5919750000
(0.6507347314250028-0.26149722389073105j),(-0.011756475932623163+0.000538331285080814j),5920000000
(0.651009425281682-0.2564674700855862j),(-0.011875479681978746+0.0004703120887351649j),5920250000
(0.6508858400474282-0.2629392276951493j),(-0.011741430557230339+0.0006145506621127574j),5920500000
(0.6512162220895682-0.2605842211832332j),(-0.011737995606609757+0.0006197875923027501j),5920750000
(0.6513224201758852-0.26020400334578464j),(-0.012000071512851564+0.000770303644842576j),5921000000
(0.6504517736400247-0.26170439413045815j),(-0.011818868345923971+0.0007376983592761804j),5921250000
(0.6499387461748709-0.25676087346534543j),(-0.011959786557747131+0.0006208753185899535j),5921500000
(0.6506237823342419-0.2613448852788809j),(-0.01182523189053416+0.0010171153970806113j),5921750000
(0.64944751488799-0.2529940332424825j),(-0.011903554534121341+0.0007418090073982031j),5922000000
(0.6499462807849545-0.2623849400496357j),(-0.01207054455203263+0.0009499523899121529j),5922250000
(0.6510500353670651-0.2585593470451781j),(-0.011923561318125102+0.000867257530620092j),5922500000
(0.652778076195852-0.25278554066010656j),(-0.012133067026371932+0.0005881457097155825j),5922750000
(0.6524692326205463-0.26513657006072905j),(-0.01192556904009522+0.0008923835801413777j),5923000000
(0.6537084308092268-0.2601322323757188j),(-0.01200964460964909+0.0007485571901330833j),5923250000
(0.6536496853690009-0.27017472719668245j),(-0.01206458282229939+0.0010179228200729294j),5923500000
(0.6531595745188966-0.255448232857004j),(-0.011985290216991152+0.0008414315017688579j),5923750000
(0.6543652866312208-0.25826753888733345j),(-0.011962044008093123+0.0005734916786307009j),5924000000
(0.6551698011359413-0.26868082463405013j),(-0.012299226408757547+0.0011507946253565004j),5924250000
(0.6552690484822753-0.26148541322979857j),(-0.012328512957068435+0.0009453154301753337j),5924500000
(0.6573587023075956-0.2722031695385677j),(-0.012163683566920045+0.0011065708980727146j),5924750000
(0.6547091333006277-0.26633572981603343j),(-0.01202686973020122+0.0010856090250856319j),5925000000
(0.6564117758514757-0.26392114754201923j),(-0.012371957911077024+0.0010524450090453551j),5925000000
(0.656802891290498-0.2663738164211804j),(-0.012155532773214291+0.0010449146556791486j),5925250000
(0.6558485311230483-0.25798340334979303j),(-0.012426635086458984+0.0008372564623392757j),5925500000
(0.6541428548298013-0.27714550139987376j),(-0.012422571350220766+0.00121130183515097j),5925750000
(0.6572320805235953-0.26107718588907436j),(-0.012356401614382945+0.0011856342675479951j),5926000000
(0.6582906092041276-0.2681997035702353j),(-0.012388368241765783+0.0012940616402376604j),5926250000
(0.6586202433193938-0.26933582307961046j),(-0.012371651248914642+0.0012328248763614467j),5926500000
(0.6560388858797216-0.26347816075966773j),(-0.012329690127210621+0.0012036376003864903j),5926750000
(0.6569512370140779-0.27353849344195796j),(-0.012418809348201526+0.0013808786956976994j),5927000000
(0.6590692902745217-0.26653747349071416j),(-0.012467003639945146+0.001420450012783037j),5927250000
(0.6574663787737219-0.2721778349798609j),(-0.012572213606895425+0.0012003337833155095j),5927500000
(0.6552149917476268-0.26993539595192634j),(-0.01262395293900461+0.0015248339722100607j),5927750000
(0.6600135321434393-0.2701546594895295j),(-0.012728886274818557+0.001495075025062371j),5928000000
(0.6578277835720092-0.27030272591269267j),(-0.012638450797463155+0.0013281218224792074j),5928250000
(0.6573141305525247-0.26593986474622827j),(-0.012632151921195421+0.0014999606423505194j),5928500000
(0.6567625947580051-0.27144671363820044j),(-0.012752391055628426+0.001804346816689138j),5928750000
(0.6571201179757549-0.26633817642568886j),(-0.012610086411868511+0.0018082200724621766j),5929000000
(0.6571722923523139-0.2768985619099334j),(-0.012947542307622798+0.001634215018417537j),5929250000
(0.6571064861992769-0.2703341653818047j),(-0.012932207740269661+0.001989623051375428j),5929500000
(0.6577552584995215-0.27112932413596547j),(-0.012840792853575094+0.0019830449720199127j),5929750000
(0.6584566924493979-0.27570983195308313j),(-0.012941541541188475+0.0020480164177952226j),5930000000
(0.6582601205474283-0.2708955485895399j),(-0.012931862312674229+0.001836421402716234j),5930250000
(0.6565428467747344-0.26763934199316924j),(-0.013042221657440593+0.0017871608039787172j),5930500000
(0.6582084322127252-0.2750223289836079j),(-0.013019533593691245+0.0021412966635426856j),5930750000
(0.6552324249495789-0.2700356142625723j),(-0.012930983724478023+0.00211449370591409j),5931000000
(0.6565051137922273-0.2751875228323292j),(-0.013063414045204455+0.0023207504187058334j),5931250000
(0.6565004371374967-0.2741335993261478j),(-0.012938329045007062+0.0021729100666254306j),5931500000
(0.6529745972116832-0.2749737520452274j),(-0.01322903081929442+0.0021305318504594335j),5931750000
(0.6553585795501411-0.2722638651139322j),(-0.013032733004340363+0.002366457014397603j),5932000000
(0.6535512318688679-0.26960333597598674j),(-0.013275158953601221+0.0023147205152422023j),5932250000
(0.6545686452078517-0.27395005179273846j),(-0.013141455358749662+0.002669981586475608j),5932500000
(0.6519564585884285-0.27292582244475183j),(-0.013231996755536034+0.0025214964193602763j),5932750000
(0.6532768167497238-0.26986498626777206j),(-0.013208990924622624+0.0025677707924998718j),5933000000
(0.6563583296259878-0.27363322287155206j),(-0.013137343225989638+0.0026489715393445868j),5933250000
(0.6528474994850223-0.270616240065026j),(-0.013135098260784354+0.002555821546407576j),5933500000
(0.6548534839935942-0.27751630442953323j),(-0.013326352758226584+0.0027569445618410584j),5933750000
(0.6545166656493485-0.2715974893786549j),(-0.013094241174039407+0.0027552736834883297j),5934000000
(0.656199790568426-0.27116506428450926j),(-0.013391846360213556+0.0027293140274500514j),5934250000
(0.6546175200688943-0.2757951368614538j),(-0.013235055861742081+0.0027361539032426927j),5934500000
(0.6573164298088083-0.2773661840486573j),(-0.013415803110010838+0.00302201582651184j),5934750000
(0.6566217214257833-0.28057105083873557j),(-0.01347802631781995+0.003210400375858017j),5935000000
(0.6578555140084069-0.27290255835152294j),(-0.013382786243165565+0.003024939436423029j),5935250000
(0.6565263588025205-0.2792858084571574j),(-0.013356338128405539+0.003194009359321918j),5935500000
(0.6583890765176024-0.2718009548150493j),(-0.013393671291429663+0.003152379015956219j),5935750000
(0.6580450543813058-0.27888480763647205j),(-0.013491287035947043+0.003068418384688839j),5936000000
(0.6595077435030963-0.27864220539498247j),(-0.013370470056187975+0.0032394597795554463j),5936250000
(0.6561406063495286-0.2748029032724701j),(-0.013736389840506725+0.003364812331962418j),5936500000
(0.6605836153803808-0.28087241473887514j),(-0.01348184053851174+0.0034701340825504514j),5936750000
(0.658912065037282-0.27329397103372166j),(-0.013634668569942245+0.003451535821631241j),5937000000
(0.6592931597739755-0.2786199807052784j),(-0.013739708580107554+0.003409191022132166j),5937250000
(0.6606797009389457-0.279659389868457j),(-0.013409777024233127+0.003764975223097243j),5937500000
(0.6577773179280505-0.27478412762933085j),(-0.013660082850536878+0.0033784947584144316j),5937750000
(0.6599357896520348-0.28012930792308743j),(-0.013449515863035694+0.0038389043352990175j),5938000000
(0.6594686477440033-0.27710226798363924j),(-0.013481482543077565+0.003828278909209492j),5938250000
(0.660300797207166-0.2792610117072462j),(-0.013539868001292319+0.0038377021445380874j),5938500000
(0.6595480774027463-0.2763596881782837j),(-0.013756595034673061+0.0037800069592865185j),5938750000
(0.6607860123365015-0.28488198084722477j),(-0.013384481815780403+0.003968993469567704j),5939000000
(0.6620643968549454-0.28254554460550574j),(-0.013545954085520076+0.003975449563541926j),5939250000
(0.6615729631883314-0.2755012182397939j),(-0.013670529904035333+0.004087048169618147j),5939500000
(0.6602009104409527-0.2778345054108765j),(-0.013542810260297394+0.004254809273156852j),5939750000
(0.6631248874612531-0.28184559804689396j),(-0.013678985275610758+0.004393686742537474j),5940000000
(0.661303722665505-0.2798243763831779j),(-0.013588050175841637+0.004391346170525638j),5940250000
(0.6633586549974356-0.2792855995200023j),(-0.013608078589174904+0.004343757073057741j),5940500000
(0.6613005167677248-0.28482509578533477j),(-0.013625924258058225+0.0044299409529497576j),5940750000
(0.6610953590211566-0.2827932998726223j),(-0.013601500800281798+0.004381091536206872j),5941000000
(0.6611039836112057-0.28530788140867563j),(-0.01350590243704322+0.004749897123035778j),5941250000
(0.6597081708116834-0.27419736215210005j),(-0.01377854231095124+0.004723244171513576j),5941500000
(0.6604278442701456-0.2840339630961842j),(-0.013651860989506723+0.004839509208714299j),5941750000
(0.6609210514561873-0.280533909763319j),(-0.01363814252458253+0.004749414618762836j),5942000000
(0.6602070712854963-0.28364856228510776j),(-0.013617765198808042+0.004715668195481339j),5942250000
(0.6619178459148987-0.2809976985531937j),(-0.013829851667758365+0.005054721838202456j),5942500000
(0.6602991420884455-0.2824187682528041j),(-0.013510679657879303+0.004816214613773056j),5942750000
(0.6608701181623244-0.2853108515041236j),(-0.013455575983676952+0.005278626024381651j),5943000000
(0.6627368995302877-0.27941506136014743j),(-0.013617573495934716+0.005130800695653753j),5943250000
(0.6610416284222342-0.27718586700961273j),(-0.013521700353735368+0.005250470479961551j),5943500000
(0.6631063850303484-0.28052330360268685j),(-0.013753171081053978+0.005385496202048149j),5943750000
(0.659634059000304-0.2808585489815367j),(-0.013599462284390351+0.005134699063355297j),5944000000
(0.66087437695323-0.2873057540988832j),(-0.01351202815165591+0.0053750914432486654j),5944250000
(0.6610313817902733-0.2795689899947523j),(-0.0135797837773649+0.005225393750342554j),5944500000
(0.6644603178750998-0.2889762930942415j),(-0.013522088767466465+0.005323872370684375j),5944750000
(0.6612801698959032-0.28296323774759663j),(-0.013691440331258813+0.005571642229195459j),5945000000
(0.662005017915465-0.28090098417069087j),(-0.01354883132147549+0.005412707493694254j),5945250000
(0.66297954585788-0.283586844297824j),(-0.013536626603282531+0.005534951850383573j),5945500000
(0.6634098368026722-0.279707611527538j),(-0.013592130321733972+0.005548483639443869j),5945750000
(0.6642492030734949-0.2882699604052907j),(-0.01356427493719946+0.005778173344388391j),5946000000
(0.6629307277440065-0.27953768311216987j),(-0.013618447250195832+0.005655113683791243j),5946250000
(0.6650820963791747-0.28340709863247093j),(-0.013521039551174294+0.005759519695339374j),5946500000
(0.6632166232387707-0.2815919431761468j),(-0.013627692844270328+0.005757135165452071j),5946750000
(0.6646121162796392-0.28195112719977183j),(-0.01345382988602308+0.005571341779109796j),5947000000
(0.664259980996219-0.28690771219430566j),(-0.013650863474128604+0.005822408027545356j),5947250000
(0.6631574691132351-0.280299834761728j),(-0.013431511211117663+0.005778955864144828j),5947500000
(0.6659008424826082-0.28216170065567026j),(-0.013461966582714344+0.005918396970702016j),5947750000
(0.6663442163718022-0.2818231521313102j),(-0.013499499418521386+0.005730024348635953j),5948000000
(0.66486782503761-0.28342914579446304j),(-0.01356717027208775+0.00626942355644164j),5948250000
(0.6673285751077356-0.2843182307612082j),(-0.013398220319593842+0.006072391378100286j),5948500000
(0.6677111734147833-0.27738450471956166j),(-0.013535328605342347+0.005961063658181768j),5948750000
(0.6644837869194137-0.2869010961394038j),(-0.013393338634728195+0.006080410488632322j),5949000000
(0.6646005434725324-0.28205510077998835j),(-0.013676266101115025+0.006106939703308849j),5949250000
(0.6668972550290487-0.28513880809830683j),(-0.013442818433240635+0.006148422264670032j),5949500000
(0.6656586851945822-0.28024428878455404j),(-0.013316326282618836+0.006191873594085105j),5949750000
(0.6651509806090364-0.2830324138454913j),(-0.013566518447542319+0.006140371297912581j),5950000000
(0.6686748786360271-0.29096330508924234j),(-0.0135109616766908+0.0064902637544535565j),5950000000
(0.6661846565698697-0.2829773374660104j),(-0.013377736155467923+0.00636383492212274j),5950250000
(0.6684963090232983-0.286442722865848j),(-0.01340720887250839+0.006289915945694518j),5950500000
(0.6670725051335437-0.28120553447165053j),(-0.013499612602505548+0.006309610382505673j),5950750000
(0.6681214573811413-0.28558671150835213j),(-0.013396654307207035+0.006230637562760666j),5951000000
(0.666521954649212-0.2818181102384604j),(-0.013503246290779222+0.0065629337757731054j),5951250000
(0.6713665516617252-0.28978443158618394j),(-0.013175383879227284+0.006426939656589489j),5951500000
(0.6721489681746168-0.28191774462486946j),(-0.013207491640777594+0.00661190543820149j),5951750000
(0.667733825587178-0.2798066979969523j),(-0.013603127347620462+0.006534698549017011j),5952000000
(0.6741496315276186-0.2945412987432268j),(-0.013216643916728311+0.006878164867666841j),5952250000
(0.6706143348307996-0.282940962610182j),(-0.013395690744673816+0.006685442424126415j),5952500000
(0.6723652894178193-0.29084434540949167j),(-0.013280591966177575+0.00674411854273907j),5952750000
(0.6703137224316573-0.283629042385295j),(-0.013439440660987857+0.006646769849261919j),5953000000
(0.6736651060032426-0.29687196688918066j),(-0.013241274975836999+0.007022177639710171j),5953250000
(0.6729422553775224-0.28724270722623335j),(-0.013369576902699343+0.006754099476052655j),5953500000
(0.6702407702154767-0.28438415809484324j),(-0.01318700401556738+0.006800794726378598j),5953750000
(0.6735635076145315-0.29270507769726084j),(-0.01327468032513368+0.007009608860138038j),5954000000
(0.6753243690362157-0.29148489536514066j),(-0.013223881156995404+0.006972382934110565j),5954250000
(0.6717189057627075-0.2872689265830776j),(-0.013123891272642794+0.007019415074733481j),5954500000
(0.6692409405121147-0.28669548533075795j),(-0.013219885273259107+0.006824399957655647j),5954750000
(0.6753266205295558-0.29466441917349817j),(-0.013033137418753409+0.0072206351267970915j),5955000000
(0.6725831814992523-0.28515786856091574j),(-0.013005086503619322+0.0070016167780591505j),5955250000
(0.6750551201949567-0.2918537425023413j),(-0.01307493324574453+0.007227882674240595j),5955500000
(0.6747867786367647-0.292663017989621j),(-0.013068435100938587+0.007260253962388432j),5955750000
(0.6751599294106052-0.2916787299395657j),(-0.013118487237610877+0.007150273438572104j),5956000000
(0.6739305554336105-0.2875063971338144j),(-0.013174567309031918+0.007201691748541661j),5956250000
(0.675765962298181-0.29434082801123024j),(-0.013198981747157865+0.0073063889269943914j),5956500000
(0.676467831676713-0.29155741460604195j),(-0.013148030577342965+0.007578348772773054j),5956750000
(0.6730062658996249-0.28549696333446695j),(-0.013134886140954368+0.007151767416479063j),5957000000
(0.6782338573295321-0.29585576719746237j),(-0.013148429785682664+0.007477617649290345j),5957250000
(0.6745162448762374-0.2902074491738179j),(-0.013194042339645773+0.007631728644977383j),5957500000
(0.6776065969481454-0.2963426267330054j),(-0.01288116455047198+0.007796341848734343j),5957750000
(0.6757990587000675-0.2915477101356541j),(-0.013109916487833545+0.007531389078564344j),5958000000
(0.6776345456979739-0.29965925465502574j),(-0.013176376979248047+0.007674618776212101j),5958250000
(0.6753380592764677-0.2924325888186066j),(-0.013315226608496999+0.007641009096066835j),5958500000
(0.6778410349574634-0.2941307205372099j),(-0.012981194352841835+0.00783771175303436j),5958750000
(0.6765674399181488-0.29073598196398176j),(-0.013201981074003137+0.007705355903931645j),5959000000
(0.6755532096607056-0.29082942880702867j),(-0.013281596265916738+0.00776986380224081j),5959250000
(0.6751349985677157-0.29286310403595145j),(-0.012922116717271656+0.008014301189670975j),5959500000
(0.6767280010553358-0.29469991257021616j),(-0.013050142033471846+0.007990502673299319j),5959750000
(0.679472264448516-0.3025028459562878j),(-0.012921945109520999+0.008359290034009426j),5960000000
(0.6768408117704384-0.2965528483876893j),(-0.013125641858112557+0.008162717069259872j),5960250000
(0.6794660506766844-0.29856849638278826j),(-0.013025490620239145+0.008268432037391563j),5960500000
(0.6758063717102496-0.2940412934375753j),(-0.012894207729564294+0.00818645852245977j),5960750000
(0.6758449132875969-0.2923670844043194j),(-0.012951208518781952+0.008292431922235331j),5961000000
(0.6773424010874391-0.2920664918106609j),(-0.01289815490097762+0.008395849519700722j),5961250000
(0.6775941441263613-0.2972940848828915j),(-0.013133729058638376+0.008452337087588456j),5961500000
(0.6797788946627469-0.29944106110369534j),(-0.01304650973935069+0.008366198283285026j),5961750000
(0.6786098670427472-0.2979591792083619j),(-0.013155860144260852+0.008572612849958795j),5962000000
(0.6770797087645655-0.29525766180122415j),(-0.013088557648935083+0.008585619109489595j),5962250000
(0.6795835784861295-0.29991761110902765j),(-0.01302064255108196+0.008507723161500802j),5962500000
(0.6781223629887456-0.2970322169119693j),(-0.013075493053670026+0.008654415099913213j),5962750000
(0.680249755581106-0.29906292766287135j),(-0.012793687848139652+0.008942449303568778j),5963000000
(0.6792998244331554-0.2964001212495213j),(-0.013044393690621105+0.008815634003125222j),5963250000
(0.6799960276699836-0.29439545705730946j),(-0.012746444092016225+0.008799433039926068j),5963500000
(0.6789414043960507-0.3002244290621557j),(-0.012826092708033926+0.00898512689782724j),5963750000
(0.6801892970588208-0.3006856647971386j),(-0.012781693672693831+0.009204856845198686j),5964000000
(0.6800602234204107-0.29301609069026296j),(-0.01300347861433741+0.009134812869261311j),5964250000
(0.6798639485277617-0.29752592264417566j),(-0.012986447894067171+0.00898087082689185j),5964500000
(0.6780760363000397-0.2939393090134269j),(-0.012985981912832793+0.009169883713000862j),5964750000
(0.6780718001963768-0.2922086056201698j),(-0.013086612244863039+0.009269262415090096j),5965000000
(0.6804513684768606-0.2998364273690208j),(-0.012958136335388351+0.009094570685869576j),5965250000
(0.6785874338597407-0.29384969425394697j),(-0.012971693501328686+0.009116806330504983j),5965500000
(0.6791876658213671-0.2990642121097974j),(-0.012850018962347122+0.009328898088166622j),5965750000
(0.6783547360250495-0.2947913342590659j),(-0.01296249814934677+0.009414383197379188j),5966000000
(0.6791866204027435-0.2922874108620179j),(-0.012862063151956362+0.009375562279764257j),5966250000
(0.6804880184985782-0.29788648002183565j),(-0.012700594863898785+0.009598864974924725j),5966500000
(0.680102703174849-0.29549958443432905j),(-0.012933931926454478+0.009759980108319863j),5966750000
(0.681631480527612-0.30215329087851206j),(-0.012821588964582829+0.009850560841996496j),5967000000
(0.6807952713968185-0.30185807170994233j),(-0.012624438920052732+0.009809010088503357j),5967250000
(0.6805154404658224-0.29759342208107875j),(-0.012936603492880975+0.009907308498816318j),5967500000
(0.6832931244738801-0.30230288686501566j),(-0.012579220091833968+0.009840919833404552j),5967750000
(0.6812708249254869-0.3011961735837298j),(-0.012757931768526437+0.010132968451562691j),5968000000
(0.6816209213702652-0.29776490448510257j),(-0.012708568088723133+0.009913624115860262j),5968250000
(0.6814112917020966-0.30035309188081094j),(-0.012646672320638616+0.010100002736446187j),5968500000
(0.6818814849452464-0.2982226690346511j),(-0.01277762788662126+0.010269572177882536j),5968750000
(0.6820562982721746-0.3034935118736792j),(-0.012433120700096433+0.010311174336088413j),5969000000
(0.680686878265965-0.30132302762766405j),(-0.012484366503952968+0.010415775391619473j),5969250000
(0.6815776625566952-0.3033177968357641j),(-0.012456095414772137+0.010424948340396705j),5969500000
(0.6807625677282416-0.3002239235561752j),(-0.0125192471513682+0.010462356337632697j),5969750000
(0.6801573307471761-0.30203926633080924j),(-0.01273948603228742+0.01051963269531626j),5970000000
(0.680039391630308-0.2975729432284825j),(-0.012716041493515481+0.010465719487456357j),5970250000
(0.6814122841792581-0.30094799410411344j),(-0.0125691575168408+0.010513046929643376j),5970500000
(0.6854235499204748-0.3122083389860966j),(-0.012240483797821838+0.010909270159532868j),5970750000
(0.6809027140021627-0.30087086618793735j),(-0.012500414600174837+0.01071147380065125j),5971000000
(0.680075962748043-0.3004198473419158j),(-0.01252417979241091+0.01066219810752446j),5971250000
(0.682024926260384-0.30744402831328904j),(-0.012495447478036627+0.011121643072927649j),5971500000
(0.68315125311928-0.30599243496337564j),(-0.012479631116029302+0.011225423005523177j),5971750000
(0.6812046853964668-0.3023899931349507j),(-0.012413678297882765+0.01107692838559834j),5972000000
(0.6835530857404233-0.30775275493451754j),(-0.012368807072198696+0.011217856708276207j),5972250000
(0.6815775251208303-0.3027902593252035j),(-0.012277016589586642+0.01127989344313972j),5972500000
(0.683408171338628-0.3027949721226059j),(-0.012259954336390858+0.011436140425329483j),5972750000
(0.6840936241152842-0.3074091617212462j),(-0.01224554525890388+0.011430293420013423j),5973000000
(0.6830362256237706-0.30416390677209515j),(-0.01229213226940712+0.01139647882281367j),5973250000
(0.6839325200764598-0.3080040963637854j),(-0.01216181863039419+0.011315668904543946j),5973500000
(0.6843170780903481-0.30773455307405373j),(-0.012115903993216201+0.011500661797515221j),5973750000
(0.6827488382285519-0.30492764139003414j),(-0.01207886628736532+0.011690493940104019j),5974000000
(0.6829388898496792-0.30340142301848144j),(-0.012184242654488656+0.011375902901436582j),5974250000
(0.6839221779240565-0.30513230620828424j),(-0.012030851200383691+0.011509321184920152j),5974500000
(0.6848658263099532-0.30729895103275173j),(-0.01212406480531529+0.011700292344914518j),5974750000
(0.6825861548721635-0.3027191129931275j),(-0.012228485892900163+0.011698663988198252j),5975000000
(0.6829222909569318-0.30218555754896625j),(-0.012259517514980153+0.011826617802828574j),5975000000
(0.6842404782492006-0.3068744958702983j),(-0.012250024240485788+0.011881342003627365j),5975250000
(0.6845038178310281-0.30681506380276297j),(-0.012063526264460164+0.011617765099203748j),5975500000
(0.6820620514619316-0.30746713168850864j),(-0.011872907560634041+0.011931016162966547j),5975750000
(0.6857623279189252-0.30768899266701416j),(-0.012082653409704906+0.012187910340270294j),5976000000
(0.6837416076110624-0.3054678462712119j),(-0.011905270960415507+0.011793852235951325j),5976250000
(0.6843124601509485-0.3066841827404038j),(-0.011983158295548376+0.01193826067909359j),5976500000
(0.6817601844892592-0.3029338795820716j),(-0.011994371469237293+0.012114363558850566j),5976750000
(0.6835614769905226-0.30576402397658653j),(-0.011980460977010986+0.012212396878684865j),5977000000
(0.6851243387328173-0.30655616040990236j),(-0.011842388291930135+0.012101172998487644j),5977250000
(0.683964973975316-0.30523422205349204j),(-0.011739421111853936+0.012127797538139123j),5977500000
(0.6856782937425971-0.30810662039068204j),(-0.011716624058710596+0.012283610088292084j),5977750000
(0.6886415891345561-0.3128483163214782j),(-0.011549000063634629+0.012464712656989771j),5978000000
(0.6858411902292433-0.30605433979943836j),(-0.01181510796375067+0.012397261228075204j),5978250000
(0.6844781675430843-0.3063645730960326j),(-0.01158213310689936+0.01243858651856291j),5978500000
(0.687578628982525-0.31183258371081074j),(-0.01170641162542525+0.0124292465669397j),5978750000
(0.6890269808835152-0.3126394157314881j),(-0.011475255521166938+0.012809334068964085j),5979000000
(0.6855311701513589-0.3087699349042119j),(-0.011663213845687312+0.01247701788334229j),5979250000
(0.68631861533321-0.3112844736585178j),(-0.011562559831529895+0.012640458509086579j),5979500000
(0.6872896502385308-0.310520738830065j),(-0.011614179048665223+0.012687140922919116j),5979750000
(0.6868822916267123-0.3142149719540545j),(-0.011375767369327177+0.012651713922009374j),5980000000
(0.6848041783706267-0.3070533608507716j),(-0.011465801218922421+0.012519252924420205j),5980250000
(0.686359572358904-0.31317706580663285j),(-0.011390771235894312+0.012954557431518642j),5980500000
(0.6865795037615362-0.31105834241925395j),(-0.011412448625935665+0.012762861405985652j),5980750000
(0.6855418822497773-0.3125970439426972j),(-0.011312018670360269+0.013017883313013973j),5981000000
(0.6852746497455156-0.31417148072707934j),(-0.011287852750422288+0.012786813787447672j),5981250000
(0.6859581656305882-0.31386926964801204j),(-0.011337348031854058+0.01307742032120094j),5981500000
(0.686615130298776-0.31467750919313775j),(-0.011375868458646141+0.01309167219777236j),5981750000
(0.6874621879677437-0.31542816851935873j),(-0.01152102115186923+0.012824418661962305j),5982000000
(0.6853589802776356-0.31724046466105377j),(-0.011064874002288366+0.01319723136569497j),5982250000
(0.6852292531557467-0.3131368059289401j),(-0.011151489866411046+0.013044371368850546j),5982500000
(0.6896079985412901-0.3219644791830721j),(-0.011191422477768834+0.013300912668788037j),5982750000
(0.686294183332884-0.31486927129370573j),(-0.011233030207465175+0.01315083464471519j),5983000000
(0.6867690004540438-0.315558738026092j),(-0.011031318553876028+0.013579625581541953j),5983250000
(0.6838168441798743-0.31185023517817234j),(-0.011139098998196314+0.013341139463849423j),5983500000
(0.6884339137713962-0.32056731549548795j),(-0.01097837491401971+0.01350012978616679j),5983750000
(0.6845381038358866-0.31365983281190346j),(-0.011143065873010272+0.013461002420610563j),5984000000
(0.6872491235736347-0.31694201500527375j),(-0.011125996560156757+0.013412699987600734j),5984250000
(0.688017930862968-0.3195266202962432j),(-0.010898208485192941+0.013490339729523756j),5984500000
(0.6851429886968257-0.3164017518720157j),(-0.011118351642233591+0.013587662197033671j),5984750000
(0.6908151481441343-0.3225030918178122j),(-0.010880103885372437+0.01364532968359929j),5985000000
(0.6851858253637279-0.3149401444639104j),(-0.011117101153284525+0.01375827340947219j),5985250000
(0.6884286778481548-0.32076505532879696j),(-0.010817909274488193+0.013757515782705084j),5985500000
(0.6872871943306992-0.32146035194063843j),(-0.010752676996553473+0.01380572878873799j),5985750000
(0.6879267695612763-0.3178632567930541j),(-0.010789782699235653+0.01395133693482396j),5986000000
(0.687240095307688-0.3196557568213536j),(-0.010792836654512715+0.014245211417776888j),5986250000
(0.6858935440981894-0.3167430076938011j),(-0.010692699149521276+0.014009433453686921j),5986500000
(0.6888134328939617-0.32325528375500684j),(-0.010682767535280552+0.014046156726339177j),5986750000
(0.6856935534223304-0.31816828105787776j),(-0.010621945026704408+0.014182812606123993j),5987000000
(0.6899049883964959-0.32576224237341683j),(-0.010600176560801929+0.014107480806576157j),5987250000
(0.6859642227940803-0.320731387726993j),(-0.010982019885420977+0.014327287822301592j),5987500000
(0.6860308815031967-0.31974854032512945j),(-0.010721280373527544+0.014359986655609485j),5987750000
(0.6868866750046279-0.31941428510623254j),(-0.01030702143188577+0.014253552956550663j),5988000000
(0.6885000775205165-0.32201123968822953j),(-0.010161631913183259+0.014159541969218566j),5988250000
(0.687605270679007-0.3213443727115396j),(-0.010136405531868908+0.014654499566079704j),5988500000
(0.6877583706055006-0.3184859244680693j),(-0.010318438998502705+0.014322967942847261j),5988750000
(0.6897369587909951-0.3242565658567988j),(-0.010329293769166345+0.01452522695581699j),5989000000
(0.6875552964708639-0.3197164051620116j),(-0.010323662941462405+0.014466312315129074j),5989250000
(0.6885382310292322-0.3205828287466901j),(-0.010357898024605428+0.014720939692993547j),5989500000
(0.6903522198341074-0.32177193682393296j),(-0.010174017349776457+0.014970144539971282j),5989750000
(0.6889659632475783-0.31997788278171635j),(-0.010165808933299063+0.01478384703215365j),5990000000
(0.6925002458466495-0.3253162521970932j),(-0.010105365648492034+0.014694372026292219j),5990250000
(0.6917259003743743-0.32240777683212324j),(-0.009829752360707203+0.01484869704766707j),5990500000
(0.6910440329567208-0.3239723976550746j),(-0.010109865306883613+0.014807221622714932j),5990750000
(0.6922560211065472-0.3239931262936402j),(-0.009817240853914316+0.01487188457894374j),5991000000
(0.6921592239095968-0.3250284389460452j),(-0.009929538247921994+0.014768840621275425j),5991250000
(0.6914484678540569-0.32500791337339097j),(-0.00966226939478671+0.015149605642940775j),5991500000
(0.6908595762147353-0.32090348726283296j),(-0.009725503876318955+0.014740653729022562j),5991750000
(0.6940896032561873-0.32759282655245686j),(-0.009482045849081295+0.015144628176309976j),5992000000
(0.6924847518741599-0.3229848411369922j),(-0.009626394738792432+0.015375802031154837j),5992250000
(0.6915800179315981-0.3230941731576017j),(-0.009649979855629773+0.015183592161054206j),5992500000
(0.6933259347407849-0.32524151209976004j),(-0.009621397216196101+0.015192395295056687j),5992750000
(0.6917222381760483-0.3245477395415987j),(-0.009335500895923582+0.015436520754595132j),5993000000
(0.6948416802847832-0.32883345055166424j),(-0.009304586330323576+0.015289797045893122j),5993250000
(0.691599250358031-0.3221790105860619j),(-0.009209372552352551+0.01545237608278398j),5993500000
(0.6946629469841045-0.32820237147485865j),(-0.009022287196864877+0.015254467184026833j),5993750000
(0.6923013181722131-0.32374746809126476j),(-0.009090906114116027+0.015174412447003731j),5994000000
(0.6948279770754294-0.32801412714259404j),(-0.00899737731848018+0.015383605912021186j),5994250000
(0.6940720003274014-0.32583558245582883j),(-0.009001372942892726+0.015360767392815108j),5994500000
(0.6939554256103723-0.32637205732461205j),(-0.009030042469226243+0.015519558205267441j),5994750000
(0.6964067027728337-0.3301961381549272j),(-0.008685639544907624+0.01570304766312688j),5995000000
(0.6935214226141849-0.3262836661738508j),(-0.009033894466202003+0.015536358052020131j),5995250000
(0.6967208196234506-0.33203365011550356j),(-0.009026948407242103+0.015744082005483842j),5995500000
(0.6938083514368792-0.32741665204493003j),(-0.008730417468782493+0.015745331365198508j),5995750000
(0.6928147398095589-0.32826633802430555j),(-0.009010500776198119+0.015687746862277776j),5996000000
(0.6947407673162023-0.3304765992297342j),(-0.008516977659191006+0.015639648955169116j),5996250000
(0.6934754675676863-0.328519805800885j),(-0.00879611522154849+0.015855860514884815j),5996500000
(0.693980982118078-0.3301848484344479j),(-0.008517114041610124+0.015563719252268543j),5996750000
(0.6943080579175129-0.33019794675853736j),(-0.008405937131897391+0.015806354449431338j),5997000000
(0.6945503260491547-0.3317056887619594j),(-0.008286601984210903+0.015838650937855175j),5997250000
(0.692575449726872-0.32915714365475685j),(-0.008145411509332545+0.015844153139010733j),5997500000
(0.6931833141576066-0.32929500835286785j),(-0.008456536811999774+0.016129597898297043j),5997750000
(0.6928478721382295-0.33081548978749475j),(-0.007996472958306905+0.015836858824228854j),5998000000
(0.6947111993531221-0.3331950518694258j),(-0.008057530996053167+0.015843909312330595j),5998250000
(0.6930584677176149-0.3323199130305074j),(-0.00808487801786648+0.01586679603022817j),5998500000
(0.6914229145653337-0.3312158627943182j),(-0.008169632340145068+0.016064901104612853j),5998750000
(0.692674213574426-0.3331737393985341j),(-0.008068936368634722+0.016131685194016615j),5999000000
(0.6903329812664769-0.3302734840532492j),(-0.00839229329079227+0.015707479658484087j),5999250000
(0.6928065737971645-0.3339826620924902j),(-0.007730325922694316+0.016180640036358326j),5999500000
(0.692697557948725-0.33327869862099274j),(-0.008126981789136387+0.016039616805603996j),5999750000
(0.6941072884091377-0.3354276380199587j),(-0.008055104696464564+0.016061083760275388j),6000000000
(0.6964477500079829-0.3357750564825337j),(-0.0076894073414880415+0.016371394606303904j),6000000000
(0.6939812869887753-0.3345183917370728j),(-0.0078006583403431775+0.016077745155567653j),6000250000
(0.693890617283785-0.33202739465774495j),(-0.007469480230681388+0.01593721807575327j),6000500000
(0.6951422413393995-0.3356508510903637j),(-0.007553256231749387+0.0160209936007337j),6000750000
(0.6937097415472279-0.3328100221471368j),(-0.007597436308048917+0.015915270417028393j),6001000000
(0.6942603408162984-0.33570517678588807j),(-0.007441670922621805+0.016191447401139925j),6001250000
(0.695672640628053-0.334539772079523j),(-0.007465448267427789+0.01609541089633257j),6001500000
(0.6937133960178683-0.3364061364391309j),(-0.007287413765295103+0.016469513900950937j),6001750000
(0.6952780445107066-0.3368242991970721j),(-0.007042620641245315+0.016042919040093206j),6002000000
(0.6957531215361731-0.3362808533671386j),(-0.0072252965410934695+0.016390762064071005j),6002250000
(0.6956871683911247-0.3373473983556309j),(-0.00710795401105184+0.016261983963376407j),6002500000
(0.6946809894329127-0.33519302465812967j),(-0.007169605228440705+0.016203189374622787j),6002750000
(0.6949683995966447-0.3364561251040501j),(-0.00706667035689061+0.016476474492219652j),6003000000
(0.6949410019797692-0.3365480181895346j),(-0.006929122082436575+0.01627590113710918j),6003250000
(0.6936263124593111-0.33549293465553043j),(-0.0068336673577197+0.016635919625013557j),6003500000
(0.6955288019412681-0.33748901061397923j),(-0.006664859655382811+0.016383755805067773j),6003750000
(0.6942865302639026-0.3365578610765526j),(-0.006650089706296292+0.01621251185298712j),6004000000
(0.695265443853556-0.33951338544701504j),(-0.0065355739017992605+0.016787956754763973j),6004250000
(0.6939470094245972-0.335586791807783j),(-0.006563426151690803+0.016605757128915308j),6004500000
(0.6946158159641859-0.33902501023644455j),(-0.006709196523364626+0.01649318783673778j),6004750000
(0.6925702418342797-0.33521521119385644j),(-0.006757234133190933+0.016619282649290155j),6005000000
(0.69576880221763-0.33916856326141165j),(-0.006641703726154429+0.016850801411969242j),6005250000
(0.6953782655306132-0.33825425068100995j),(-0.006697592622238655+0.016744178599852753j),6005500000
(0.6952096558525815-0.3408686428518291j),(-0.0064498854250674195+0.01657116081443669j),6005750000
(0.695516372220739-0.3410840992255899j),(-0.0062212943012510315+0.016922629701676774j),6006000000
(0.6951015550513373-0.33995754106504755j),(-0.006438042978823086+0.016676996677319162j),6006250000
(0.6956082401169756-0.34024205621930337j),(-0.006351078522179114+0.016771656012064994j),6006500000
(0.6950890519835897-0.340475927014366j),(-0.006565707607210676+0.016798140946575363j),6006750000
(0.6952885912502462-0.3417167122212873j),(-0.006132319944491386+0.01686461450711557j),6007000000
(0.694405674116977-0.33992345398557483j),(-0.006346622543883243+0.01707344479817104j),6007250000
(0.6960461939162292-0.3442611065960635j),(-0.006377627953936976+0.016797640842240655j),6007500000
(0.6944769938890007-0.3424167945193838j),(-0.006178566525825605+0.01692837632852314j),6007750000
(0.6945008310433376-0.34264809697337045j),(-0.006126476698419885+0.017049280561098716j),6008000000
(0.6945227450412196-0.3431155049820294j),(-0.005918922967712328+0.016927574321731302j),6008250000
(0.6933647099879137-0.3428321247085574j),(-0.0062107373506541195+0.01681398245970983j),6008500000
(0.6942380080561479-0.34344677903895526j),(-0.006070766202397017+0.017001551621672304j),6008750000
(0.6937118462489624-0.3410265992842472j),(-0.0062096199693477605+0.01710755399772178j),6009000000
(0.6951635562912694-0.3440593449880775j),(-0.006045622808603273+0.01691227534196943j),6009250000
(0.6951687395890946-0.3443893729694093j),(-0.005823162044514586+0.016934309482496978j),6009500000
(0.693925591376573-0.34491528511344943j),(-0.00573403997886392+0.0169984962863974j),6009750000
(0.6938307807630982-0.34597344262011964j),(-0.005610693533044859+0.017203756329866236j),6010000000
(0.6935865383460562-0.343076462134938j),(-0.005850397872117346+0.01716919190726625j),6010250000
(0.6949436312225609-0.3458477889037117j),(-0.005691750453437295+0.016864646361210395j),6010500000
(0.6945886266184189-0.344977302960931j),(-0.005479579380579544+0.017210748084993528j),6010750000
(0.6942877416659312-0.3462468723507177j),(-0.00574909366375766+0.01722080093904184j),6011000000
(0.6950063630501205-0.34666792627071047j),(-0.00547035547596318+0.017340852209581016j),6011250000
(0.6959752790829747-0.34841777955202524j),(-0.005549877060705761+0.01712304526815417j),6011500000
(0.6953582089285776-0.34619073670242184j),(-0.005294010666333037+0.017475810771184586j),6011750000
(0.6953589256132001-0.34745290351034747j),(-0.005276877014803569+0.017424919357739533j),6012000000
(0.6959124226142904-0.3489502786110356j),(-0.005082273427793156+0.017388818409424352j),6012250000
(0.6956194344958319-0.34570370748728263j),(-0.00528819489593361+0.017384071823940223j),6012500000
(0.696627585422772-0.35020077052165866j),(-0.004903529832588662+0.017474590581726655j),6012750000
(0.6960540413032112-0.3475615070283556j),(-0.005147580046095844+0.017360480920349003j),6013000000
(0.6969224835156723-0.3496135585026295j),(-0.004785173538691671+0.017536671352747637j),6013250000
(0.6966404257550404-0.348837873169489j),(-0.004689188714540746+0.017228483914603476j),6013500000
(0.6948528791972838-0.3481950260856833j),(-0.0048011251943194545+0.01778814646921235j),6013750000
(0.6964278505180836-0.3498048487911213j),(-0.004683443416250457+0.01741103534178251j),6014000000
(0.6958926212852641-0.34764513984810025j),(-0.004741849351676045+0.01755521577545061j),6014250000
(0.6955285929857389-0.35018760799474385j),(-0.004321581831440871+0.01781340792851395j),6014500000
(0.695028927469078-0.34850108764032794j),(-0.004622229248857636+0.017732008075977548j),6014750000
(0.6953609007593583-0.3508060750893968j),(-0.004378685285987826+0.017680433295349317j),6015000000
(0.6947475921543181-0.350152310878244j),(-0.004276682033887614+0.01754439949365805j),6015250000
(0.6967738434861727-0.3512560997244125j),(-0.004226173419782283+0.017681701353782116j),6015500000
(0.6964854104699758-0.3502393871289581j),(-0.004218360328277352+0.01785357674364577j),6015750000
(0.6978796781015368-0.3525667688152649j),(-0.004115881068797875+0.017848509782847813j),6016000000
(0.6965178764456382-0.35241460549265696j),(-0.003735086571969694+0.01784239373796008j),6016250000
(0.6966224911919848-0.3517915698104358j),(-0.0039039141285517652+0.017914875531698685j),6016500000
(0.6974716298246936-0.3540480474262388j),(-0.003918652042729294+0.017993357701410414j),6016750000
(0.6968445977734552-0.35190102976003257j),(-0.003955578429755899+0.01815303266288016j),6017000000
(0.6978268039838229-0.3539173403252862j),(-0.003725496071943304+0.017914988366940377j),6017250000
(0.6980676133318724-0.3525755648644275j),(-0.003750992116979976+0.0180856634181685j),6017500000
(0.6972641842518866-0.3532723958437395j),(-0.0036833546628669963+0.01792255215758665j),6017750000
(0.6979070491915779-0.35444166654489945j),(-0.0035432469400758565+0.01794985148543159j),6018000000
(0.6977631980850053-0.35499093326896636j),(-0.003567295790041649+0.017857339236074327j),6018250000
(0.6984721926924842-0.3558714739021918j),(-0.0036068134771245963+0.017641581428422353j),6018500000
(0.6966247775518407-0.35437185516911374j),(-0.0039110477557269974+0.01790081936283416j),6018750000
(0.6988490306343133-0.35603748856544537j),(-0.0034319410686670963+0.017824583975581006j),6019000000
(0.6997535469005695-0.35608677747405465j),(-0.0029485142280407314+0.01806950361548067j),6019250000
(0.6993852541281582-0.3555402068046154j),(-0.0033693599023317997+0.017969148046113582j),6019500000
(0.6989213576946318-0.3571338948712492j),(-0.002885722526600419+0.017884588454546567j),6019750000
(0.6994842009608851-0.35802518205756273j),(-0.002948256290038745+0.01783022232524212j),6020000000
(0.6986365030809056-0.35810511160410496j),(-0.003419805741935339+0.0175808310077335j),6020250000
(0.6976504835117779-0.35877502081678164j),(-0.002864255954086029+0.018320542493677018j),6020500000
(0.6991106294844938-0.36029682662891804j),(-0.002831044408600712+0.01795107839695104j),6020750000
(0.6994314907705471-0.3587099435560172j),(-0.002741071097897651+0.017928991719443243j),6021000000
(0.6987902334470256-0.35867788513540516j),(-0.0026681615576768665+0.018001953158429077j),6021250000
(0.6997666960527125-0.35959160646809546j),(-0.00253583538015977+0.017951988888167108j),6021500000
(0.6995454897852506-0.3629632741594736j),(-0.002606610639098205+0.01805551288213796j),6021750000
(0.6996684420977625-0.3614019631122235j),(-0.002523847060916016+0.01780555833848942j),6022000000
(0.6990384526578212-0.360491348735725j),(-0.0029156032308106103+0.018124654516019738j),6022250000
(0.698893069318266-0.36238303877231837j),(-0.002708908685340342+0.017899358039558038j),6022500000
(0.6993783284914648-0.3610075292245783j),(-0.002570710928871692+0.017796325064296042j),6022750000
(0.6996735709989326-0.3606585851531506j),(-0.002315938621601665+0.017807731425940585j),6023000000
(0.6997739105455236-0.36004775318879784j),(-0.0026275244955533323+0.017935709884596328j),6023250000
(0.6997716106172684-0.3612165379381909j),(-0.0021027808102388823+0.017797267485674357j),6023500000
(0.6998671674744784-0.3627151053290426j),(-0.0022727037868312413+0.01754470818480117j),6023750000
(0.6998205924263939-0.3647480118963604j),(-0.0019525571508296692+0.017679791467326008j),6024000000
(0.6992310011214662-0.3618784053748524j),(-0.0022989151497122724+0.017655130800580027j),6024250000
(0.6999442826253046-0.36398581889360654j),(-0.0016111844670094924+0.017483668495903146j),6024500000
(0.6984408366977618-0.36491584015800443j),(-0.0015270457006589808+0.01781787495509982j),6024750000
(0.7003206734119857-0.3637983980725831j),(-0.0017938295065469678+0.017491440647999863j),6025000000
(0.6990976437562166-0.3644347088027144j),(-0.0015526321403735183+0.01733087503048134j),6025000000
(0.6996207299448406-0.36257466575058706j),(-0.001743486677045068+0.017559164532746523j),6025250000
(0.6994267413392182-0.36535680583450203j),(-0.0016099579648129882+0.017718408992088847j),6025500000
(0.7000962648379803-0.36372276304454926j),(-0.0018811821940451843+0.01736794911394644j),6025750000
(0.6983488976731739-0.3643862762087904j),(-0.0014516944975514002+0.01744097913854676j),6026000000
(0.69888215132542-0.3643510112369212j),(-0.0011629234276962315+0.01774388790596173j),6026250000
(0.696660759085117-0.3660732645874634j),(-0.0010838774178779224+0.017620808347403503j),6026500000
(0.69852537517794-0.364289122939866j),(-0.0017019096488353372+0.017366419671153297j),6026750000
(0.6979759215776243-0.3660325950809459j),(-0.0014115806843236621+0.01743757311724808j),6027000000
(0.7001789374289714-0.36688857675275693j),(-0.001140493702003976+0.01746008841223904j),6027250000
(0.6995892407331922-0.3673227666705852j),(-0.0013654334808720398+0.01729930441469753j),6027500000
(0.700112550487404-0.3678329500378132j),(-0.0011793099685361858+0.017535203791863345j),6027750000
(0.7002510934362177-0.36677833286949457j),(-0.0011893104546334523+0.017516323929448404j),6028000000
(0.6996962819782587-0.3683431652813226j),(-0.0006677886406428501+0.017554004447228926j),6028250000
(0.7006545988991552-0.3689532948581111j),(-0.0010446229561282896+0.01750222837366596j),6028500000
(0.7010033957534427-0.3705138394351855j),(-0.0008364082848722132+0.017463466581408668j),6028750000
(0.6983002584545918-0.3731996013935171j),(-0.0007336601849432708+0.017672528622430368j),6029000000
(0.7003372145264728-0.3707107267528569j),(-0.0009193089002770821+0.01790854122643646j),6029250000
(0.7008766188111113-0.37092411603153763j),(-0.0006616235484944904+0.017317733090919916j),6029500000
(0.7001236776912585-0.3731531917590846j),(-0.000735237669941155+0.01760604258137798j),6029750000
(0.7015696802670526-0.3715220998043683j),(-0.00032656046337815165+0.01761394897610656j),6030000000
(0.7008357203917236-0.3747418093997955j),(-0.00048370983859448153+0.017366897231153894j),6030250000
(0.7014162525457385-0.3750664450058855j),(-0.0003531684118149292+0.017733031865311756j),6030500000
(0.6993352634420548-0.37439253445452814j),(-0.0007988710258956775+0.017886891965079144j),6030750000
(0.7002006502743852-0.37546352508937464j),(-0.00026221496099121627+0.017673918074784804j),6031000000
(0.6990597990785599-0.3765754651023746j),(-0.0003975110352542558+0.017922398800122852j),6031250000
(0.7008928517559891-0.3747207659799346j),(-0.00034043730575262056+0.017528704820816355j),6031500000
(0.699542968500913-0.3763104554885589j),(-0.00047821226733073046+0.01793029087234156j),6031750000
(0.700187900493312-0.3768567007235358j),(-0.00037305508119642714+0.017682197426830807j),6032000000
(0.6995658854079867-0.3785809166278097j),(0.0002862866179910318+0.017729812551303008j),6032250000
(0.701327973960485-0.37661265540142996j),(-0.0003306579546012078+0.0176606970019915j),6032500000
(0.7010972522426342-0.3779820485569703j),(0.00019258675244525477+0.017797052451234592j),6032750000
(0.6997995397338224-0.37838775665237057j),(0.00027723360035577594+0.017583824814393946j),6033000000
(0.7001213306170864-0.3785080663155938j),(1.1734084641812663e-05+0.017752388893757604j),6033250000
(0.7007673731542677-0.3795307445895165j),(1.670348300124953e-05+0.017703847598921983j),6033500000
(0.7003630927592432-0.37725243364463457j),(0.00010727225434203165+0.01777878830034027j),6033750000
(0.7012289380550784-0.3781683939396408j),(0.00038759381543669526+0.017482373974343473j),6034000000
(0.7006920940794646-0.37789122712676537j),(4.256451640521734e-05+0.01762744584059794j),6034250000
(0.701430682151286-0.3777350305464623j),(0.000604864571945874+0.017743480265066686j),6034500000
(0.7007805814429156-0.3771970975510187j),(-1.0026399248339686e-05+0.01749716105527011j),6034750000
(0.7001007178598867-0.3795475453042606j),(0.00043247691807690443+0.017402921636349353j),6035000000
(0.7019681359917196-0.3765450597167041j),(0.00013918088943463925+0.017466304580994546j),6035250000
(0.7004002523663037-0.378537973038368j),(0.0007579312355491653+0.017540364710191426j),6035500000
(0.7026863531690785-0.3757877710499804j),(0.0004922175661916063+0.0175964026499322j),6035750000
(0.7011238813623538-0.3773116731039932j),(0.0008124053208443318+0.017348439174145327j),6036000000
(0.7001712430156103-0.37717552689703326j),(0.0009198524833959937+0.017370720648832147j),6036250000
(0.7012467240206803-0.3765846840982887j),(0.0007444184138333083+0.01731014694497281j),6036500000
(0.6987245798065314-0.3787886677650801j),(0.001085646021180428+0.017230318080627124j),6036750000
(0.7022799690185823-0.3753706896030318j),(0.0006924643001869225+0.017437960309011423j),6037000000
(0.7000057066288594-0.3777127712078209j),(0.0008990885542337532+0.01725014214385963j),6037250000
(0.6991707439572993-0.37527566267741747j),(0.0010683828235204776+0.017250307844993335j),6037500000
(0.7015676822508339-0.37721622241412844j),(0.0007184434386358568+0.01719072559834878j),6037750000
(0.6987403365067044-0.3786792317487669j),(0.0010815703850070332+0.01709684406365663j),6038000000
(0.6980861223839693-0.3790086502279293j),(0.0011658023796661174+0.017041030786354053j),6038250000
(0.6993214856873231-0.3812701294213013j),(0.0012154506903693178+0.017259905301505802j),6038500000
(0.7008421446433336-0.3806635670048254j),(0.0013630138175123026+0.016984985080254488j),6038750000
(0.6993648824903212-0.38310541262606684j),(0.001534856370720664+0.01698883516664458j),6039000000
(0.6991672277081901-0.38116646155991085j),(0.0012037257857463739+0.017387144231902282j),6039250000
(0.700387233918597-0.3839028148040486j),(0.0017955372865860089+0.017055823452883888j),6039500000
(0.7016139055016086-0.38321689513013596j),(0.001331840575838555+0.017125774263436564j),6039750000
(0.7007610111300934-0.38478563617995926j),(0.0012930084720551964+0.0173103693717607j),6040000000
(0.6997799300334292-0.38717494392030155j),(0.0016091609869860733+0.016980240080688512j),6040250000
(0.7015135608106399-0.3864953561913499j),(0.0015298920139900408+0.01685071453196643j),6040500000
(0.7026110402439733-0.38723416905917907j),(0.0019520097371513447+0.017004808477605497j),6040750000
(0.7018787168259143-0.38831968912624654j),(0.001932649640686891+0.0169696441630298j),6041000000
(0.6996988063539328-0.3895330289228014j),(0.002105821139678972+0.017133165793464248j),6041250000
(0.7015281425051703-0.39005962315977577j),(0.0017605868233773758+0.01690509730407921j),6041500000
(0.7013147086642145-0.3919615153728293j),(0.002079391187488364+0.016757656296046666j),6041750000
(0.702517145386444-0.3924204138317849j),(0.0021187940358932196+0.016741702122869462j),6042000000
(0.6991050944832604-0.3944086291934412j),(0.00228350330186247+0.01669756400417565j),6042250000
(0.7032490113982848-0.3939013889864772j),(0.0024162298970093294+0.016897163781520896j),6042500000
(0.7010956081341109-0.39536140367501826j),(0.002281722567212494+0.01669532393563569j),6042750000
(0.6996621489575936-0.39466278887102346j),(0.0024289827930669113+0.017055667826178955j),6043000000
(0.7034727396328154-0.39491101837852755j),(0.0023650106521329816+0.016890198189132434j),6043250000
(0.7013085418172168-0.39733180489202957j),(0.002415380358124693+0.01644138808173918j),6043500000
(0.7017582233922893-0.39429384275255097j),(0.002630352979548204+0.016640394694180227j),6043750000
(0.6989094592468448-0.39563475021607564j),(0.0027921295492817754+0.016824381277690266j),6044000000
(0.7034012276299272-0.3935361017268903j),(0.002773876039501308+0.016612003641435683j),6044250000
(0.7002957180757412-0.3955681970106924j),(0.002723085025187145+0.016413916822466866j),6044500000
(0.7017122319970015-0.39753822350398926j),(0.002560160957635833+0.01630284770097783j),6044750000
(0.703717592164117-0.39503579024544355j),(0.0026828776616077453+0.016281717153991584j),6045000000
(0.7034814581725204-0.39548095126271554j),(0.002494574630319945+0.01634372235685268j),6045250000
(0.7003062370173344-0.3933993627540172j),(0.002707271583259182+0.016513946483886547j),6045500000
(0.7040592273168812-0.39312843194551056j),(0.0027060175645066183+0.016270406494308904j),6045750000
(0.7000848292537918-0.39480214667901387j),(0.0024779572031293972+0.016472469205967368j),6046000000
(0.6987310502634742-0.3936803383400427j),(0.0028570118079219624+0.01628966065081834j),6046250000
(0.702752667494503-0.39267247766649377j),(0.002915195876279102+0.016299140943565056j),6046500000
(0.7009294844899122-0.3938388333323109j),(0.0026703358491379113+0.01599239786137542j),6046750000
(0.7003110605945521-0.3926490039264535j),(0.0029400996684887694+0.01604552408818441j),6047000000
(0.6995875170119984-0.39255433882127977j),(0.0030434094719356403+0.015977526167971327j),6047250000
(0.7004651238037422-0.3917441171555894j),(0.003078064501987922+0.015873831919038916j),6047500000
(0.7004529270320372-0.3935228908255204j),(0.0025401018327610757+0.01587736304502779j),6047750000
(0.6974213734579265-0.3921505736813836j),(0.0032759276849851867+0.01618933293597318j),6048000000
(0.6982341850428218-0.3932673115227114j),(0.0028774835064754424+0.016064308482973893j),6048250000
(0.7010113785933324-0.39051456007081037j),(0.0029157644018035682+0.015746311881591524j),6048500000
(0.6980183734885933-0.392160421833557j),(0.0028105997105502844+0.015840088992242315j),6048750000
(0.7002178302967754-0.3925892436518203j),(0.0029046759395106913+0.015709020056128658j),6049000000
(0.6979664308471557-0.3945622055285154j),(0.0029553175025290213+0.015690294867689036j),6049250000
(0.6999136395900799-0.3933655482180643j),(0.002900958970256815+0.015974870105005992j),6049500000
(0.7026908790068673-0.39485064472398723j),(0.0030382362374632827+0.015585474852054533j),6049750000
(0.6982045872643494-0.39508750038885204j),(0.0032644590084629785+0.015583083755632755j),6050000000
(0.7012694154850948-0.3939454301384222j),(0.003069293331644625+0.015761588178849043j),6050000000
(0.7002389463089599-0.3961823697771469j),(0.002843569745679778+0.015725023540217296j),6050250000
(0.7025582004259222-0.39568820956699j),(0.002964655541288215+0.015576875366139276j),6050500000
(0.6973393761372283-0.397858952884822j),(0.0033235638700832796+0.015674923498731345j),6050750000
(0.7007259611653632-0.3961028061666692j),(0.0033172915563437397+0.015617690860235423j),6051000000
(0.6987918567796019-0.3977164914661167j),(0.003494621894064868+0.015582477360875866j),6051250000
(0.7010768519716538-0.3974246526745439j),(0.0030698629722082493+0.015794200010610906j),6051500000
(0.7004077849500808-0.4008096863037227j),(0.003207395773709905+0.015180427435726528j),6051750000
(0.7010579702147116-0.3974361407121797j),(0.0033714744276916414+0.01542369580021139j),6052000000
(0.6995393462759852-0.3995484715776988j),(0.003124921859915811+0.01576772103591562j),6052250000
(0.702023519058684-0.39968029053084686j),(0.003199266599257247+0.01580597858933482j),6052500000
(0.6988471976204764-0.4005167380235131j),(0.0034075561292715604+0.01567152551532139j),6052750000
(0.7015692745418822-0.4011053775614276j),(0.00342498637463495+0.01564610010813922j),6053000000
(0.7027497602361301-0.4026700239730991j),(0.0034100218742686658+0.015503336318773587j),6053250000
(0.7035367783826465-0.40203462861487077j),(0.0029857544559545326+0.015506827582468928j),6053500000
(0.695879970735192-0.40332007015705806j),(0.003419856074554131+0.015370825750989293j),6053750000
(0.698221270251197-0.4041003583461787j),(0.003672798923840161+0.015210709070668524j),6054000000
(0.7006972639308329-0.4030800706116935j),(0.003393122083448664+0.015298778018349854j),6054250000
(0.6976517475313819-0.4037320735916451j),(0.0037161185789910687+0.01522590034163992j),6054500000
(0.6968547853190863-0.40537682929146207j),(0.0037139047508905646+0.015118262138296923j),6054750000
(0.7005503833404022-0.40376850889133237j),(0.0036462299925564545+0.015456813670783134j),6055000000
(0.7017841255956541-0.40427993596842504j),(0.0038174772830591834+0.015218084550183983j),6055250000
(0.7014961208119926-0.40451936565176644j),(0.003690483821502992+0.015040879450899776j),6055500000
(0.7011114300256367-0.4052580520786432j),(0.0036182213812445243+0.014958284415680182j),6055750000
(0.7025812694831437-0.4044914680174662j),(0.00372224646177652+0.014999681897265577j),6056000000
(0.7008009889695824-0.4046404806184103j),(0.004012472385404987+0.014933651792865255j),6056250000
(0.6999868923939072-0.4047742460460266j),(0.0035741781590977097+0.014983253180845084j),6056500000
(0.6978851767690033-0.4077266123583628j),(0.00412924337598885+0.014907679290711915j),6056750000
(0.7024801673449805-0.40347688272470156j),(0.0036225435625719497+0.014717857777850557j),6057000000
(0.6983597372258668-0.4049390913642517j),(0.003915400633881981+0.014839816015295344j),6057250000
(0.7021061733161307-0.40466811535182046j),(0.0037875614359707556+0.01469803424028973j),6057500000
(0.7008401598239292-0.4031471610035919j),(0.003975191681386912+0.014673957424270941j),6057750000
(0.6981197045628811-0.4060500095541487j),(0.0035692865842121215+0.01427780746252666j),6058000000
(0.7010380551895946-0.4062778561113506j),(0.003891874470379738+0.014524688990448504j),6058250000
(0.6956915799174194-0.40773153998187545j),(0.0038918869942097347+0.014296738487654177j),6058500000
(0.7021501528924765-0.4061228803661051j),(0.0035389107599204054+0.014436710118019135j),6058750000
(0.6982797985867547-0.40680659734517505j),(0.003907293972566089+0.01404187922717888j),6059000000
(0.6994659959221108-0.403598341534334j),(0.00396609827926977+0.014337248184091676j),6059250000
(0.6972901750247835-0.40540755408099344j),(0.0037291715175023325+0.014298235004625797j),6059500000
(0.697246891640566-0.4057246939498329j),(0.0038187660115729786+0.01424229788069145j),6059750000
(0.6964030335320185-0.40618674209349676j),(0.003907524619312647+0.014281382174282601j),6060000000
(0.7000455605614155-0.4070556908968442j),(0.0038677312085291086+0.01421239660439078j),6060250000
(0.696452641362513-0.4081943573847949j),(0.004081857967314314+0.013925672540246634j),6060500000
(0.6941726537609617-0.40775735844085265j),(0.0040558710817646245+0.014349954621137669j),6060750000
(0.698461665129883-0.4088960503713911j),(0.003836444486486259+0.014104142722108736j),6061000000
(0.6945601069290077-0.41003773682856753j),(0.004089558948291166+0.01434071876122331j),6061250000
(0.7010884773263075-0.40821056183129123j),(0.004112246272488952+0.01412333685025915j),6061500000
(0.6957803010103081-0.40990586168262155j),(0.004149475101877009+0.014019913050047234j),6061750000
(0.6979157487718818-0.40896470616434033j),(0.0041372916998512355+0.014312455426849337j),6062000000
(0.6947287978678887-0.4114355141953907j),(0.00368730516863086+0.01413040999244318j),6062250000
(0.6970240652796412-0.4095551228729922j),(0.004287259861576187+0.013933853394185824j),6062500000
(0.700120328452236-0.409511792326681j),(0.003983434417935484+0.01371418424363192j),6062750000
(0.6971536093520964-0.41055938399566494j),(0.004449981169007591+0.013949722719704813j),6063000000
(0.6986741694807269-0.4142987671000507j),(0.0038063273180361204+0.013747760698154877j),6063250000
(0.6958473600226921-0.4122404553801982j),(0.004081111872819616+0.013671277823530068j),6063500000
(0.6974017601661863-0.4128152667925268j),(0.003606646447537596+0.0138538725053745j),6063750000
(0.6925808809051629-0.4117405186521752j),(0.00434233044487745+0.013806209657508292j),6064000000
(0.6958021853120854-0.4119524595692579j),(0.004130909003169871+0.014125879337007234j),6064250000
(0.6938838181273914-0.41363395233599703j),(0.003971400774682766+0.014053294725860968j),6064500000
(0.6938559841597738-0.409975685243271j),(0.004092068762890094+0.013975184730497098j),6064750000
(0.6941347766381674-0.4118548067515524j),(0.0040875521503522284+0.013972371140258394j),6065000000
(0.6910351264878168-0.4142469831517005j),(0.004086399798422591+0.013605468215065414j),6065250000
(0.693973406995288-0.41539493172544745j),(0.0035703267694099016+0.013571031134208097j),6065500000
(0.6902849563324894-0.41437244369819987j),(0.003894346987653288+0.014000290583486775j),6065750000
(0.6925959391872963-0.41424091112300526j),(0.003966070270629188+0.013773295862340466j),6066000000
(0.6903436542922013-0.4149639966802273j),(0.003940458302647688+0.013890542171040219j),6066250000
(0.6948205319004684-0.41522651268166294j),(0.0041493649699039376+0.013597753231911862j),6066500000
(0.688898625301352-0.4177204651590021j),(0.0036552933321915434+0.01383461765908564j),6066750000
(0.691675159980226-0.4181724255832156j),(0.003671670681344213+0.013525683454686861j),6067000000
(0.694459562794395-0.4168801156323499j),(0.00404671603844644+0.013685026770670742j),6067250000
(0.6890890775260176-0.4195885740213717j),(0.003731147960377028+0.013356020985830717j),6067500000
(0.6949623157309406-0.41800736288261825j),(0.004040962942401079+0.013947554611676159j),6067750000
(0.6978834644311082-0.41741958049912653j),(0.0037495226240998026+0.013407044179344733j),6068000000
(0.6960764080874187-0.4192626312808645j),(0.004028669439515579+0.013528791353232577j),6068250000
(0.6930206014156813-0.4181897723328115j),(0.003952416335148524+0.013560811229533643j),6068500000
(0.690935228047345-0.41771170283116205j),(0.004085914418619933+0.013817652333655752j),6068750000
(0.6957879535277735-0.41802318091987406j),(0.0038752642788331022+0.013686382827922505j),6069000000
(0.6872255588495628-0.4204501033121417j),(0.0036309249521653195+0.013634593986122176j),6069250000
(0.6953617673970063-0.4180979957924663j),(0.0039469220822912635+0.013473020197166065j),6069500000
(0.6907547798226081-0.4215527757136859j),(0.0038433910293048054+0.013516491696692948j),6069750000
(0.6932524759352915-0.41864987476604487j),(0.00393780787661192+0.014026768316365882j),6070000000
(0.6940100617077247-0.42070653923170404j),(0.003985078617273385+0.013532763920536374j),6070250000
(0.6890159885694547-0.4204153690951331j),(0.0035970716575895686+0.013485906556216695j),6070500000
(0.6903242007303854-0.4190088888479121j),(0.0038521406418249816+0.013823619413864273j),6070750000
(0.6868062368253027-0.42212447870741454j),(0.0038695999695202415+0.01347207763081785j),6071000000
(0.695718003815605-0.4199499376198901j),(0.004252227877864324+0.013727657937348495j),6071250000
(0.6908286517164196-0.422461378861947j),(0.00433951069070192+0.013347276981068999j),6071500000
(0.6920040631299973-0.42202169613865675j),(0.00427424002049526+0.013464519530026158j),6071750000
(0.6913242437308271-0.42254965038278414j),(0.004006364519257623+0.013588459747499912j),6072000000
(0.6933208953506538-0.4220864587018237j),(0.004004880708184578+0.013317010881260897j),6072250000
(0.68942421748252-0.42132759197125763j),(0.004027617106688184+0.01406432760458825j),6072500000
(0.6915590676594069-0.4193076028525192j),(0.004059861448242418+0.014046480456076732j),6072750000
(0.6893115349989695-0.42251166606605856j),(0.0035037294002112406+0.013443865018257457j),6073000000
(0.6827787593341399-0.42257391964465324j),(0.00447050807336953+0.01356863285415419j),6073250000
(0.6892353021818333-0.4237450220737673j),(0.0039483627918854465+0.013651338710202337j),6073500000
(0.687764124831692-0.4225759206770088j),(0.003937311573116555+0.013623904604701505j),6073750000
(0.6919005079412037-0.4239189652812851j),(0.003571060094467274+0.01339592656570692j),6074000000
(0.6837599876370074-0.4213490252412367j),(0.004064535815424552+0.013848077348595549j),6074250000
(0.6866917278137136-0.4226504757773188j),(0.004255104910740809+0.013423300712969457j),6074500000
(0.6861790354200812-0.42480764045289543j),(0.0037640004931495286+0.013902528311177624j),6074750000
(0.6867658565310756-0.42491410151180614j),(0.003943580509565428+0.013497648097307191j),6075000000
(0.6864773036187555-0.42157313558846987j),(0.0037959392244840285+0.013937883483823792j),6075000000
(0.6829209771520934-0.42290428242161965j),(0.003920218994520533+0.013845150277285577j),6075250000
(0.6834561073936275-0.42249523556301377j),(0.0036555924486858108+0.013481966702641837j),6075500000
(0.68205218305769-0.4199053102963368j),(0.00410731009831522+0.013797215596519464j),6075750000
(0.6857037285073615-0.4228139812102057j),(0.003913324426596012+0.013703787369446208j),6076000000
(0.6837545038263222-0.4236519348357522j),(0.00417169948832802+0.01370645811409256j),6076250000
(0.6872192079129986-0.4206094029901336j),(0.003893294972963384+0.01386333277490043j),6076500000
(0.6825383954770833-0.4228617591656481j),(0.004237301316520059+0.013857222888279333j),6076750000
(0.6863487414108548-0.42418948020357866j),(0.003959265204206189+0.013897145749238556j),6077000000
(0.6837344150967875-0.4244395294465078j),(0.004110169719986456+0.01390841618063858j),6077250000
(0.6827201133041882-0.42604491844371406j),(0.0039676282648527395+0.014050491486367835j),6077500000
(0.6846279606085993-0.4253415595006857j),(0.0036016979571821656+0.013603473846703245j),6077750000
(0.6766510199220543-0.42565213961353837j),(0.00389311386207689+0.01366206586338072j),6078000000
(0.6861487940813675-0.42442193338315237j),(0.0036323970701338327+0.013730799820476048j),6078250000
(0.6828965084750108-0.42651020529976286j),(0.003915724707763145+0.0136047351863508j),6078500000
(0.6860897831872432-0.42626193334545137j),(0.003733881366353514+0.01328115959262916j),6078750000
(0.6813812235940746-0.42719684958499304j),(0.003634498511367825+0.013836955582703628j),6079000000
(0.6834110185368483-0.4256169862257177j),(0.003955511214411707+0.013870681591402976j),6079250000
(0.6785199806084917-0.4271904224185584j),(0.004055019994232426+0.013758330120711506j),6079500000
(0.6799931398351223-0.42695229904969967j),(0.0035546578458936218+0.013668064448481865j),6079750000
(0.6839326105784277-0.4259971989697572j),(0.0035455000357762787+0.013884184124145873j),6080000000
(0.6803234203525879-0.4258754247061793j),(0.003769793026434737+0.013952978077449092j),6080250000
(0.6835321863605055-0.4270015282830808j),(0.003401232341899409+0.014072941771234661j),6080500000
(0.6819109895061073-0.42763180930414335j),(0.0038969315224839274+0.013869723706892986j),6080750000
(0.6827767829460272-0.4258508058655898j),(0.003869934532175469+0.013793992474421753j),6081000000
(0.6769232002675032-0.4260018512178095j),(0.0036612199180719065+0.013805237712585613j),6081250000
(0.6829722642758363-0.4271998819271011j),(0.0035298792639894875+0.013997902918058145j),6081500000
(0.6807749329444184-0.42760578740509625j),(0.0030865404310286473+0.013625091684808629j),6081750000
(0.6798113587726459-0.4278279646834694j),(0.003635876460468637+0.013603443989584055j),6082000000
(0.6850884029194634-0.4257469882465788j),(0.003429542267925327+0.013794402069091766j),6082250000
(0.6758439216826524-0.42804829709446957j),(0.003821200715774557+0.013752165045323188j),6082500000
(0.6844739597917338-0.4245578633743156j),(0.003870987399461321+0.013933563873405873j),6082750000
(0.6793494536429793-0.4256440977048794j),(0.003662983321850846+0.014036801628601363j),6083000000
(0.6831272825625229-0.42666986729681916j),(0.0037525097582865336+0.014039703362060554j),6083250000
(0.676245144633181-0.4286073225782977j),(0.003690419707997085+0.013675552842373257j),6083500000
(0.6807647829817322-0.4251033793325676j),(0.004346722871115268+0.014217847506401574j),6083750000
(0.6775372696453024-0.4265892991270889j),(0.003695733485000167+0.014173725871077169j),6084000000
(0.6735385898091033-0.42736853115154105j),(0.003725431318067751+0.014304021161435724j),6084250000
(0.6786454764096923-0.4246602765769847j),(0.003950168828186827+0.014123091310337234j),6084500000
(0.6777567527587302-0.4271853923181641j),(0.003709628914853733+0.013986617520736759j),6084750000
(0.6865404906480519-0.4236244838260507j),(0.0036488001758931926+0.013962475705147612j),6085000000
(0.6715645021502945-0.4261885649521579j),(0.003987067724613075+0.014021733890325053j),6085250000
(0.6767435077051523-0.42484769741539363j),(0.003827253272391304+0.013909199643090366j),6085500000
(0.6733082290617572-0.42365322031144825j),(0.0037979931241880725+0.014396563300176324j),6085750000
(0.6807436950713364-0.4231264386865003j),(0.00401945669073346+0.014162570080274524j),6086000000
(0.6693733065088295-0.4259014916518807j),(0.0038960181599391576+0.014191129114053062j),6086250000
(0.6700896368018062-0.4247695563203194j),(0.004112832533181172+0.014415800893583217j),6086500000
(0.6777898916334762-0.4254885510254072j),(0.003771312644721849+0.01445532958799694j),6086750000
(0.6696286824471831-0.424816245639539j),(0.0038398310036054776+0.014101994944208841j),6087000000
(0.6720221418578282-0.42239837820261567j),(0.003761386299907234+0.01450783208680809j),6087250000
(0.6711813132428834-0.4246371803600091j),(0.0039008719071001643+0.014518506205019611j),6087500000
(0.6815286522559822-0.4243286500241915j),(0.004146492008323856+0.014424808748934675j),6087750000
(0.6721272161063278-0.4249270322746296j),(0.004216109414312532+0.013992529673146396j),6088000000
(0.6846886914355799-0.42171888197828244j),(0.0036754617776097996+0.014682277581556595j),6088250000
(0.6682764438105426-0.430265561616746j),(0.00428286686861082+0.014445633448572364j),6088500000
(0.6774140989963994-0.4224268450352659j),(0.0038396066569683055+0.014486519980081469j),6088750000
(0.6790124660131254-0.4244872884509906j),(0.004076114057296357+0.014362163020559602j),6089000000
(0.6853582121336671-0.42292096851937844j),(0.004203643878819144+0.014644870369188271j),6089250000
(0.6749038873117275-0.42596639214747817j),(0.004142204965126506+0.01459839164104676j),6089500000
(0.6783146259596727-0.4264670708034817j),(0.0038720426325095053+0.01501442259317364j),6089750000
(0.6827286686125463-0.42580895786946316j),(0.004262848640423913+0.014457717739511088j),6090000000
(0.6805797140511-0.42474784699959073j),(0.004096697484385042+0.014758840491770248j),6090250000
(0.6645878890524395-0.42827455972292616j),(0.003955659100978149+0.015130259762112557j),6090500000
(0.6830414339726574-0.42708442167404553j),(0.004029471945501073+0.014675922202010343j),6090750000
(0.6854845033255206-0.4255056915810936j),(0.004031694992926039+0.014963860756301465j),6091000000
(0.6723115822681551-0.4285665425153833j),(0.003809743747022187+0.014586825052904113j),6091250000
(0.6829117583078647-0.4268273208096895j),(0.004369761360921161+0.014722814112240221j),6091500000
(0.6818303223823544-0.4255730015490067j),(0.0045512546439611425+0.01458188347920653j),6091750000
(0.6858080433912425-0.4267097648468672j),(0.0039059462399630655+0.01463800125183553j),6092000000
(0.6777098331573508-0.42841472803557423j),(0.004336658455089247+0.015036760045976066j),6092250000
(0.6753986537784006-0.42771077211479913j),(0.004201198705516952+0.014748736310434695j),6092500000
(0.6863371620997633-0.4248592085099482j),(0.003898250154704124+0.01476044343689231j),6092750000
(0.6760617510504278-0.42760531854018297j),(0.0040304884397663375+0.015209632653093922j),6093000000
(0.6847466844804726-0.42886329434635984j),(0.00396725775674787+0.014822163330782363j),6093250000
(0.6790810734694965-0.4296215189723102j),(0.004065945862271715+0.01514271719974558j),6093500000
(0.6804037433842038-0.4295417065517402j),(0.004199581662131056+0.015084124411417425j),6093750000
(0.6845960567145419-0.42769157493149346j),(0.004017842638404573+0.015087385547724793j),6094000000
(0.6788902949124916-0.4305366234163718j),(0.004454001853340235+0.0152353417454913j),6094250000
(0.6679519410669876-0.4285059094061664j),(0.00422360802194168+0.015327854236790112j),6094500000
(0.6718393067423706-0.43207113532980373j),(0.004330175836957623+0.015193698208619573j),6094750000
(0.6820516343274271-0.4262943296785512j),(0.004352051126248816+0.015378869346878847j),6095000000
(0.6782980463731133-0.4288108751140399j),(0.0041362815163570495+0.015058206451435682j),6095250000
(0.6757103027878298-0.4308586402104837j),(0.004712057182097393+0.015420831033073666j),6095500000
(0.6700273596910273-0.4297505066402958j),(0.0042343240419114615+0.015319620675452873j),6095750000
(0.6753505359611555-0.43134016433407063j),(0.004326029202492768+0.015506845073386247j),6096000000
(0.675147047691994-0.4293496181984017j),(0.004629200277496616+0.015603211578205996j),6096250000
(0.66376851851496-0.4300554736588551j),(0.004912313914469195+0.015826360961724958j),6096500000
(0.6766061382824916-0.43108715327546154j),(0.00413026141189934+0.015914984619574475j),6096750000
(0.6726374751869333-0.42992096604346514j),(0.004489769613825567+0.015820694496416085j),6097000000
(0.6759173618342638-0.43020478387691774j),(0.00475814833677428+0.015909084885266857j),6097250000
(0.6753785584923605-0.43193337423214945j),(0.004323041110103095+0.015910094329650428j),6097500000
(0.674726387962629-0.42796392716300075j),(0.004295087734656637+0.01625748434711098j),6097750000
(0.6688429251959415-0.43061403062359965j),(0.004371355989165332+0.016070678242200136j),6098000000
(0.6671990813142546-0.4314798760686887j),(0.004662719921251289+0.01626092591366639j),6098250000
(0.6707265114061491-0.42928540009845273j),(0.004673163314377534+0.016236082938510688j),6098500000
(0.6679975728548141-0.43205664304328445j),(0.004422239869135628+0.016264250377520488j),6098750000
(0.6727160920819457-0.43015499084074194j),(0.004620860104646007+0.016256590575465704j),6099000000
(0.6651534365265023-0.4327762369206161j),(0.004696960585965324+0.01635818017564953j),6099250000
(0.6796827168416966-0.4321196048393911j),(0.005025131539877445+0.016051864922288953j),6099500000
(0.6672824965874498-0.43242522236304737j),(0.004834650950204045+0.016324171242993353j),6099750000
(0.6662293163393002-0.4335996130968863j),(0.005223819429599677+0.016424224759174544j),6100000000
(0.6741563841952181-0.4309768135064574j),(0.004636932416241129+0.016588471931810116j),6100000000
(0.6652824498285418-0.43612401488324093j),(0.0054321157894503605+0.01631066668876198j),6100250000
(0.684531634520039-0.42971271824441026j),(0.00464646920908004+0.016333319808309932j),6100500000
(0.6763621942308244-0.43338219151400026j),(0.004760046690578673+0.016466262170104533j),6100750000
(0.6741717370852268-0.43617340021311124j),(0.005272994965560936+0.015880246936823744j),6101000000
(0.6759618389486456-0.4343631819261451j),(0.0051312009898672245+0.01630623925198481j),6101250000
(0.6757454067628408-0.4377537484263871j),(0.005184049204721147+0.01643958527851984j),6101500000
(0.6756800657112269-0.43685314611328313j),(0.004960837834782021+0.015735669434606275j),6101750000
(0.6751069775238139-0.435831212281957j),(0.005096083228897298+0.01607325866923541j),6102000000
(0.6797132157883854-0.4352442657529625j),(0.005277807746142153+0.016327487316354007j),6102250000
(0.6780818382741096-0.4340918147982815j),(0.00508301879983861+0.01654540681540594j),6102500000
(0.6817570381153972-0.43152197937099385j),(0.004966311280996704+0.016891423087196118j),6102750000
(0.678798690142899-0.4378883144757318j),(0.005206134342047266+0.016296710204019942j),6103000000
(0.6855284065057676-0.4341127001528613j),(0.005798479014752247+0.016592617978655643j),6103250000
(0.6812079004599889-0.43010119410777325j),(0.005387287767641308+0.016725167069419178j),6103500000
(0.6792954020838153-0.43380303380751956j),(0.005279722541717957+0.016779468922020584j),6103750000
(0.686091903531185-0.43447474086197474j),(0.005727737040520958+0.016795789656481156j),6104000000
(0.6807590548192689-0.43439595546543425j),(0.005553990396934751+0.016934033767995932j),6104250000
(0.6857488461053284-0.43471022228852885j),(0.005748199347397546+0.01667453301416617j),6104500000
(0.687591030209117-0.4327968847496053j),(0.005498921123959045+0.01683789175686839j),6104750000
(0.6764437783871937-0.44118425021119756j),(0.00617475862581094+0.01622825308921388j),6105000000
(0.690053992034922-0.4333663546510518j),(0.00573468976950182+0.017082827257425454j),6105250000
(0.6781742657947553-0.4417271638300986j),(0.006143171366516083+0.016703776774937448j),6105500000
(0.6946218316546237-0.4339925746445117j),(0.006129478189906002+0.016635229610245918j),6105750000
(0.6733383659248648-0.44356586438539347j),(0.0063074334176156195+0.016719621550668275j),6106000000
(0.6945009358553397-0.4351052041679246j),(0.005833327608725046+0.016714804539107214j),6106250000
(0.6825503214212315-0.44099157451211873j),(0.006026770719475921+0.016769986438389034j),6106500000
(0.6832325864259574-0.43778867870500227j),(0.006130158449353839+0.016999989479088408j),6106750000
(0.6888434067061603-0.43981811188684994j),(0.005950869663587665+0.016561683738432965j),6107000000
(0.6840086854850701-0.4422999345499417j),(0.006844817662207382+0.01670102559274133j),6107250000
(0.6853060034390729-0.4395653634488097j),(0.006353548411120569+0.01671878644516947j),6107500000
(0.6848727666058354-0.4396788080283189j),(0.006702635103038927+0.01696662633961209j),6107750000
(0.6853711677393695-0.43832818546890256j),(0.00637932363273782+0.01696926606085929j),6108000000
(0.6829216083651054-0.4411694279510722j),(0.006323653160518896+0.01644914002329765j),6108250000
(0.6872421619520005-0.43780523580200287j),(0.0065635033121615805+0.017350632763515127j),6108500000
(0.6866198113565019-0.43719680902441527j),(0.006762373802763529+0.017515992260364145j),6108750000
(0.6828895929291814-0.44036632559367006j),(0.006977653647026852+0.01726636753007812j),6109000000
(0.6928276792778966-0.4371388305548509j),(0.00660202387214783+0.017435224529718102j),6109250000
(0.6820154862364393-0.4405672147043257j),(0.0068000585590982585+0.017256193156915026j),6109500000
(0.688438435755264-0.44229706842526045j),(0.007574972744538317+0.016786871630545378j),6109750000
(0.6834033024385195-0.4428494168632753j),(0.006837546632931332+0.016886706845446842j),6110000000
(0.6861896879973453-0.4440592539441699j),(0.007032298673027795+0.016597449245631717j),6110250000
(0.6725007698126266-0.4451383304831503j),(0.007231011630816002+0.01698954228123647j),6110500000
(0.6847979137889922-0.4455763140262255j),(0.007286517999529268+0.017096723171859434j),6110750000
(0.6944324102937256-0.4424691759306531j),(0.006684677171086995+0.017088178468318622j),6111000000
(0.6829433239745819-0.4451489362059428j),(0.007152491901164952+0.01718431406760088j),6111250000
(0.6871724275979109-0.4462970983349903j),(0.00703672974256146+0.01692000422374887j),6111500000
(0.6805499365808914-0.44809892229416753j),(0.007490714346155367+0.01691522002808415j),6111750000
(0.686012311883509-0.44822384143507715j),(0.007356231152797422+0.017597045948963563j),6112000000
(0.6868151362035828-0.4480342919600091j),(0.007363478429823563+0.016778263802836535j),6112250000
(0.6853206998111494-0.4518215390340225j),(0.007690127366936432+0.01660908325033178j),6112500000
(0.6850991400817906-0.44656820202818603j),(0.007576165530034579+0.017084716267920182j),6112750000
(0.6809616901512012-0.44839781046213023j),(0.007626157005575407+0.01679297263729952j),6113000000
(0.6842459595054254-0.44726947989643523j),(0.007896717799988318+0.017195960299906547j),6113250000
(0.6792798537717935-0.4509344157119704j),(0.008003444969478303+0.017173676937526437j),6113500000
(0.6856112581608661-0.4504739124763903j),(0.0076232046699668465+0.016339460089287116j),6113750000
(0.6879489639150204-0.4485044726476396j),(0.007556696114416653+0.016673046672414836j),6114000000
(0.679086141895666-0.45159153066577756j),(0.007902360168235301+0.016884346742923214j),6114250000
(0.6797644698964113-0.4535902579288016j),(0.008356572714766794+0.01640328927188941j),6114500000
(0.6746858880230319-0.45507607709305j),(0.008055441630403922+0.016742133342445304j),6114750000
(0.6885332123397594-0.4524415414790904j),(0.008011679102294125+0.016686748015759457j),6115000000
(0.6848058988887514-0.4527203771943083j),(0.008083359419418451+0.016821251456937903j),6115250000
(0.6787372050080281-0.4560405797633463j),(0.008729657082781303+0.0165876481900517j),6115500000
(0.6886427675737401-0.4506729523692404j),(0.008524468157831639+0.01710412349731351j),6115750000
(0.6770421629805741-0.45766238658784836j),(0.009038741523902044+0.01685223562685881j),6116000000
(0.6889489570606772-0.4521163735598095j),(0.008829788810062267+0.017222850871623206j),6116250000
(0.6896200694543181-0.45421047312443236j),(0.008973430939896257+0.016685917773625266j),6116500000
(0.6804113434042531-0.46012037314333903j),(0.008717092604904924+0.01693013263392134j),6116750000
(0.698458874116291-0.45577450082181303j),(0.008397314507134792+0.01688381768232736j),6117000000
(0.6783166179444281-0.46473952786887174j),(0.009206499627365203+0.016630242194241186j),6117250000
(0.6816252808200493-0.45968771603805225j),(0.009054676254752436+0.016786520348260003j),6117500000
(0.689957310791307-0.45768596930781463j),(0.009193069508558901+0.01697272949037847j),6117750000
(0.6889712642875093-0.4579739852291174j),(0.009113894558238531+0.0166269485058223j),6118000000
(0.6899017644499893-0.4586555505330205j),(0.009396236176705187+0.01653462827568981j),6118250000
(0.6841801942925525-0.4587063712883122j),(0.009420991367642443+0.017139996837956414j),6118500000
(0.6891852081858699-0.45929641943935334j),(0.009388839516666185+0.016880190633884632j),6118750000
(0.6886594499361918-0.4578423008066688j),(0.009272564494289079+0.0171044729534935j),6119000000
(0.6916495652525786-0.457411617118386j),(0.009863615005165405+0.016869560783601755j),6119250000
(0.6887181896358283-0.45792546452190314j),(0.00946872282150368+0.017426434542069685j),6119500000
(0.688510405780695-0.46213289713818456j),(0.009020427437160106+0.017139415414171473j),6119750000
(0.681850876232857-0.4649857020691557j),(0.010040484551259258+0.01690018669274414j),6120000000
(0.6951717150335992-0.45866158605304336j),(0.009975935428373677+0.016788996323233055j),6120250000
(0.6912578040999163-0.45740204054598116j),(0.009531494126103397+0.01717406204763265j),6120500000
(0.6775785506159544-0.4672024198418938j),(0.010231231456086811+0.016956527677294178j),6120750000
(0.6963623032056379-0.45732622469597944j),(0.009888462798688423+0.017101177587885454j),6121000000
(0.6808805804124634-0.4658496386645906j),(0.010233354176229932+0.016959161915444373j),6121250000
(0.6906163026820065-0.465969380170385j),(0.010142949866430277+0.016744845619382158j),6121500000
(0.6774839899859848-0.46942521986562835j),(0.010210467134320689+0.016825330526942645j),6121750000
(0.6879295735772981-0.46825993950058675j),(0.009914424369530175+0.016480918277520098j),6122000000
(0.6868192666914414-0.4677829603528981j),(0.010023515182289751+0.016779084249664976j),6122250000
(0.693834767887493-0.46582835564534214j),(0.010040557084642618+0.017021230537887542j),6122500000
(0.6850505053652625-0.46911404498284415j),(0.01005069571703533+0.01676576075759773j),6122750000
(0.685737948129804-0.4680752222620305j),(0.010479565039747256+0.01700611992911799j),6123000000
(0.6931469226442081-0.46704188304915284j),(0.010069199789135874+0.016504662639050923j),6123250000
(0.6825056769961519-0.4691281302555992j),(0.010922697825595892+0.01651870943253144j),6123500000
(0.6777822751743028-0.4750902270089177j),(0.010864739805138572+0.01589083443731468j),6123750000
(0.6827161132825912-0.4762283631400059j),(0.01103357451359984+0.016615604624312615j),6124000000
(0.6864983965878599-0.4698918154858407j),(0.011090301699490676+0.016828429055027155j),6124250000
(0.6848909892797886-0.4737185053270904j),(0.01059250505956389+0.01680078603830926j),6124500000
(0.6742650774116972-0.48377651210909606j),(0.011185709136897794+0.016122718993507257j),6124750000
(0.6873646088923298-0.4761659007749571j),(0.011755213481136707+0.01622239828438413j),6125000000
(0.683995353332893-0.47537743315302494j),(0.01066855210258617+0.01642097533194078j),6125000000
(0.669219968785961-0.4841495348614886j),(0.011204311992746288+0.01631011068419881j),6125250000
(0.6802332968428442-0.4764595495748777j),(0.011123911702235569+0.016273161011793262j),6125500000
(0.6777696238475152-0.48344515360553214j),(0.011229030032760262+0.016211124995121687j),6125750000
(0.6960662179488308-0.47282225906744696j),(0.011485753029133777+0.01667190642743584j),6126000000
(0.670156092463033-0.48804955338325445j),(0.011921475478588801+0.015864195791335047j),6126250000
(0.6915085904377458-0.4773090214794517j),(0.011082210584611866+0.016233272636422092j),6126500000
(0.6742533891808203-0.4822338986782207j),(0.011748766222019754+0.016257104791368392j),6126750000
(0.6814776467608148-0.4816522009418213j),(0.011370227768101345+0.016517155168566167j),6127000000
(0.6744240396099802-0.48113250087532206j),(0.011081400173693835+0.016207292050556397j),6127250000
(0.6856242153893362-0.4834641845829272j),(0.01197893695649223+0.01602582339858386j),6127500000
(0.6797869833348281-0.48178806824162657j),(0.011387603366550843+0.01622753641500006j),6127750000
(0.6704692075181216-0.49049420498968965j),(0.011483083858458872+0.016175752147341863j),6128000000
(0.6825527479561685-0.48239691514619315j),(0.011403803095449704+0.016442806050389835j),6128250000
(0.6812744441357316-0.4824524859173212j),(0.011586492379175665+0.016164947013685132j),6128500000
(0.6820681088211967-0.48362981567302893j),(0.011296333859209869+0.016274253593957715j),6128750000
(0.6789559390906627-0.48472673834661545j),(0.011952005667095035+0.01601838714617296j),6129000000
(0.687559323340754-0.4784210974800597j),(0.011677529428914387+0.016052039810896954j),6129250000
(0.6703646586163948-0.49137438519597876j),(0.01158345186292731+0.015802540316958297j),6129500000
(0.676365376081323-0.48691174882653065j),(0.012108073282294962+0.015401879781035726j),6129750000
(0.68184367451968-0.4835583509363506j),(0.011465608979621315+0.0160424989911688j),6130000000
(0.6739005661077189-0.49242012660261414j),(0.011765971944092282+0.01525556594060494j),6130250000
(0.6815921806191155-0.48543275053583834j),(0.01226659500568139+0.015589789047195667j),6130500000
(0.6857070169816447-0.4858038540729143j),(0.011637518562530126+0.015718054000526043j),6130750000
(0.6755041348816183-0.4861648845020273j),(0.011812294282240166+0.015976697180225655j),6131000000
(0.6795947720932367-0.48758128142029805j),(0.012085751331841142+0.01574604095849246j),6131250000
(0.677192004878334-0.48973539275146416j),(0.011984443429087086+0.015219427477834963j),6131500000
(0.6733348357748843-0.4889227201057355j),(0.012469763762342623+0.015253353963010308j),6131750000
(0.6688799379064903-0.49452855518391514j),(0.012020287464296564+0.01544069278272876j),6132000000
(0.680037880804406-0.4893454904284576j),(0.012195878046849996+0.015425108952644576j),6132250000
(0.6729743494904165-0.4897374207783932j),(0.012631968565737237+0.01573130934862j),6132500000
(0.6791509985741253-0.48676128701812793j),(0.012788866658218306+0.015640296085114327j),6132750000
(0.6700680037196394-0.4939665654189927j),(0.012323747520105672+0.014996539083034314j),6133000000
(0.6742428730551113-0.493201703100052j),(0.012885136955093107+0.015267251733331497j),6133250000
(0.6734207695885792-0.4954762706519862j),(0.013003831043804318+0.014662257075566162j),6133500000
(0.6782364573957861-0.491275171022543j),(0.012961633090317117+0.015011553273759868j),6133750000
(0.6739079308347163-0.49274656175235443j),(0.013647259818946919+0.015438530857889701j),6134000000
(0.6678579484219223-0.4928303901600905j),(0.013097315974263472+0.015418121685503612j),6134250000
(0.6799603871770867-0.48896820405374203j),(0.013189730869518631+0.01492822896130246j),6134500000
(0.6798206679779545-0.48823835459060017j),(0.013448096392447876+0.015031217610981938j),6134750000
(0.6759361672869011-0.49402290475109845j),(0.013443465094245667+0.01507307803288568j),6135000000
(0.6659652029448656-0.49825053318740103j),(0.01387742591976763+0.015027571546773302j),6135250000
(0.6689795992512008-0.4951968146186992j),(0.013851733267039897+0.014837274764917353j),6135500000
(0.6697589418639988-0.4924412475384474j),(0.01362631209094188+0.015355510966712334j),6135750000
(0.6686829060702851-0.4907068145585869j),(0.013355697911639581+0.014425365342474131j),6136000000
(0.6720795514520114-0.49704940252244j),(0.013894450204582534+0.014864175145432224j),6136250000
(0.6639202505921319-0.49792858115300387j),(0.013992786247479782+0.015308196319806417j),6136500000
(0.6737871664485043-0.49367724193825796j),(0.014239264936984106+0.014934687627217611j),6136750000
(0.6621338347859802-0.4997454720559071j),(0.013844388252483925+0.01475373600963414j),6137000000
(0.6589331430160097-0.5015308383555621j),(0.013834725554756682+0.014707677680198705j),6137250000
(0.6622996884487526-0.49975305724100527j),(0.014268849637225104+0.014745229135880179j),6137500000
(0.6718126239124141-0.49189534724777423j),(0.014319476447649143+0.015036675246313313j),6137750000
(0.6647558726768412-0.4991209112979494j),(0.014109474988442942+0.01441271597132843j),6138000000
(0.6667186532964118-0.4981307810074319j),(0.01439992857328735+0.014747473759396367j),6138250000
(0.6680389912903325-0.4964652273180458j),(0.014362741563543667+0.014467639477371065j),6138500000
(0.6638132139396317-0.502528445108518j),(0.013835091293238426+0.014383400305165125j),6138750000
(0.6655766759858546-0.49620261420510064j),(0.01466379627329045+0.014470922124571092j),6139000000
(0.6624868558918535-0.5019131378395629j),(0.014014314545267501+0.014454198633056874j),6139250000
(0.6631749269725185-0.49541172105340275j),(0.013712470513769764+0.014417922445639535j),6139500000
(0.666691662150278-0.49759165998947297j),(0.014317214291169982+0.014423928078695601j),6139750000
(0.6701085405762334-0.4946370548196582j),(0.013850990627020223+0.014042598870690533j),6140000000
(0.6632221678099239-0.501022345237114j),(0.013864334987542313+0.01413432882553j),6140250000
(0.6606396552887643-0.4994187914394525j),(0.014230768448972884+0.014363311973417699j),6140500000
(0.66402473135123-0.49336980875749215j),(0.014032774882316724+0.014089178558895625j),6140750000
(0.6601520670497866-0.5028516601850775j),(0.014230007398591878+0.013175558659267278j),6141000000
(0.6533664054903673-0.5047661126810921j),(0.01392494341895321+0.014055823722701572j),6141250000
(0.6586990724127889-0.5045043129053858j),(0.013960816072869317+0.013524663920134508j),6141500000
(0.6699209456820607-0.4984323404688374j),(0.014568120887851395+0.013546540566059102j),6141750000
(0.6654600286131336-0.4974625234171393j),(0.013819280251367498+0.013994009348689256j),6142000000
(0.6621510433853643-0.5052992654982201j),(0.014503981559059246+0.01311677129730217j),6142250000
(0.6710945849357005-0.49709076851079187j),(0.014541339353619398+0.014003818488662351j),6142500000
(0.6636973344455962-0.49843928849876495j),(0.014519903802135732+0.013975025428611804j),6142750000
(0.6599923352685504-0.5030408224575837j),(0.014636358508791912+0.013262841497675955j),6143000000
(0.6574280262823533-0.5066042944762852j),(0.014819279619581847+0.013671006663456225j),6143250000
(0.6634850895191399-0.5047555754221204j),(0.014750930031853932+0.013363051327123614j),6143500000
(0.6701919007188156-0.5004340813391515j),(0.014934498266012718+0.013731442906548081j),6143750000
(0.6630429938978148-0.5013408980587023j),(0.015180308682562838+0.013348181754810342j),6144000000
(0.661693544702137-0.5036282295099646j),(0.014581979939264031+0.01346338621865426j),6144250000
(0.6565740463226487-0.5056379059848513j),(0.01491142712884835+0.013625175890430581j),6144500000
(0.6642075705898364-0.49958045043495003j),(0.014426509752724546+0.013803484232206086j),6144750000
(0.6536191023537914-0.5088142899481408j),(0.014866641857281987+0.013265937605476322j),6145000000
(0.6593011547668985-0.5080231509638559j),(0.015198579016559053+0.013328566016931054j),6145250000
(0.6561535349489901-0.5073208038179668j),(0.015321040196676083+0.013628881304919304j),6145500000
(0.6601564794980583-0.504543049308417j),(0.01469662414019029+0.013666064668265683j),6145750000
(0.6590665228068537-0.5074889675430537j),(0.014709595548407456+0.013245635527683843j),6146000000
(0.6545135975606439-0.5122816129268778j),(0.015418180245259228+0.013344450823909877j),6146250000
(0.6542219044234314-0.510493270779678j),(0.01487636742628668+0.013449698249638563j),6146500000
(0.6457172058539529-0.5152915393422095j),(0.014946726048871805+0.013325065017959402j),6146750000
(0.6508092623732545-0.5111971365973902j),(0.014587819613494049+0.012946929847301504j),6147000000
(0.6532999007015856-0.5083598944623782j),(0.01504850264114378+0.013480022205967416j),6147250000
(0.6477173871022097-0.5172775089393176j),(0.015284920020067774+0.013150792545431994j),6147500000
(0.6547106340262563-0.5085460674946702j),(0.015248055945058455+0.012715879725639458j),6147750000
(0.6469730630199741-0.5140049897134992j),(0.015027126884056509+0.013100468085845328j),6148000000
(0.6514700993039866-0.5159332416350728j),(0.015375853495691545+0.012595462404817213j),6148250000
(0.6572597384898645-0.5130770853947335j),(0.015480766559596822+0.012764295606042564j),6148500000
(0.6480621513555698-0.5197921308806466j),(0.01553602456319014+0.012806769899906863j),6148750000
(0.6570048043385702-0.5143155627123905j),(0.015549660765528099+0.01271848306673805j),6149000000
(0.6645680062009497-0.5107568091668678j),(0.015491885527967106+0.012818439481475818j),6149250000
(0.6517349408307543-0.5175618364978464j),(0.015184004837200794+0.012281088533673204j),6149500000
(0.6485457366977326-0.5237999682455177j),(0.015697274498047708+0.012198264202232358j),6149750000
(0.6618227114935747-0.5138451181025734j),(0.01577405846930544+0.0126535004509796j),6150000000
(0.6444711065987743-0.5229724062952669j),(0.015867794264309603+0.012871118402733741j),6150000000
(0.6598418781978146-0.5097007773612549j),(0.015374963907536551+0.012110116655536202j),6150250000
(0.6510354108015497-0.520298849731757j),(0.01580769669662266+0.01228792491461205j),6150500000
(0.652452307252367-0.5173678065912558j),(0.015111710490177696+0.0127386307602315j),6150750000
(0.6536071267309796-0.5189254932126179j),(0.015766066048812307+0.012473613314907964j),6151000000
(0.6565180284665674-0.5162369689525931j),(0.01625059648860106+0.012524725462639497j),6151250000
(0.6547432358010425-0.5160543313547479j),(0.015366067768766164+0.01261856002513534j),6151500000
(0.6485555917201854-0.5200773189245567j),(0.015992662379049193+0.01256651395671803j),6151750000
(0.6598243085727397-0.515470396817972j),(0.015200410060930156+0.012449404922538237j),6152000000
(0.6536852812804317-0.5202024919351043j),(0.01562771601140727+0.011905740681452157j),6152250000
(0.6539811359039756-0.5200850484199098j),(0.01593278491419745+0.012233123697316243j),6152500000
(0.6527720521003256-0.5180084962400893j),(0.015546740304209274+0.01208876610472988j),6152750000
(0.654188570611139-0.5187200405341348j),(0.015796124624334384+0.011454516338450543j),6153000000
(0.6431056869445353-0.5246838715884495j),(0.015698881195865787+0.011628345675796651j),6153250000
(0.6484829599846472-0.5238119282568119j),(0.015360895477026763+0.011721041819548514j),6153500000
(0.6689124164994045-0.5143369367665916j),(0.01590205450015201+0.01216272300075694j),6153750000
(0.6360569794183397-0.5344609170932645j),(0.01605497236886898+0.01125835076542146j),6154000000
(0.6593304045355568-0.5169284500808276j),(0.01578396179622827+0.01258469777343788j),6154250000
(0.6495893063661031-0.5247609557440661j),(0.016081450128517593+0.011599391927085177j),6154500000
(0.6609686173403273-0.5195763405085614j),(0.01602004606902276+0.012313094968694562j),6154750000
(0.6447396724262111-0.5279122133726404j),(0.016114191584116894+0.012132394261068723j),6155000000
(0.6530647572150452-0.5241071953734041j),(0.01662002890048201+0.011311344527395566j),6155250000
(0.6501473136217624-0.521683900697935j),(0.015983781933938183+0.011897888057211085j),6155500000
(0.6534846140687345-0.5250494213897476j),(0.016816885837592953+0.011906879324830368j),6155750000
(0.6498074052329833-0.5271683512511134j),(0.016434112880692346+0.011623750109932315j),6156000000
(0.6502305003277391-0.5256479775112449j),(0.01717296725666994+0.011670248169210239j),6156250000
(0.6501073305408794-0.5229998501113527j),(0.01648942892531436+0.011747949824631919j),6156500000
(0.6480323893170488-0.5312914355880868j),(0.017056565240570015+0.011429727758284484j),6156750000
(0.641866119065792-0.5337291795952457j),(0.017072715111527918+0.011330849101782552j),6157000000
(0.6488976284313631-0.5279951608337309j),(0.01697374874753819+0.011383365946374976j),6157250000
(0.6449239724323539-0.5285913979640502j),(0.0173668981907601+0.011356683607573156j),6157500000
(0.6497162766396459-0.5272668421395691j),(0.017074426600075954+0.01157833951090371j),6157750000
(0.6356284203896125-0.535924143514576j),(0.017489631993195056+0.011688006660274211j),6158000000
(0.6420137845233459-0.5290044272872302j),(0.016906629640530805+0.011572944178308555j),6158250000
(0.6472231986688636-0.523923287931887j),(0.01698146956915529+0.011694752550307781j),6158500000
(0.6433978112377265-0.5311063211598741j),(0.017908275475097744+0.010920104711986144j),6158750000
(0.6341789869027376-0.536394135287229j),(0.01719826280731818+0.011219280566396735j),6159000000
(0.6423216471323373-0.5316331142026205j),(0.017693987085733897+0.01143361207639924j),6159250000
(0.6401110604585517-0.5325819415831177j),(0.01706236379894056+0.010984452197043354j),6159500000
(0.6582712883178375-0.5309606425369965j),(0.017398532237337276+0.0111345085112847j),6159750000
(0.6439317882664596-0.5341486875617042j),(0.016606736771796155+0.010766758340278036j),6160000000
(0.6376115198610004-0.5384566113292917j),(0.01736496301943342+0.011108826269598958j),6160250000
(0.6448878896683745-0.5322551983014335j),(0.01770673840313484+0.0104475264035029j),6160500000
(0.639311750855241-0.5366071390226629j),(0.01753039176023475+0.010937753992901535j),6160750000
(0.6386130615487485-0.5388590581742391j),(0.017620678695860287+0.010856982852497275j),6161000000
(0.6485223985520963-0.5360273993926485j),(0.017431117110924765+0.010658162107420505j),6161250000
(0.6418813152613074-0.5429880603020887j),(0.0173498158173283+0.01038106370429677j),6161500000
(0.6419738196750784-0.5383162031403653j),(0.017112186963193592+0.01049540126481288j),6161750000
(0.6381275654045485-0.5371647919436614j),(0.017512746028434546+0.011011248054990997j),6162000000
(0.6404932446456423-0.5387224078783505j),(0.016967441746059873+0.011024513734653142j),6162250000
(0.6361438625018729-0.5435912685520073j),(0.017552047159450808+0.010743747964519422j),6162500000
(0.6495585371869472-0.5278612589478213j),(0.01784653729084685+0.010918668701648438j),6162750000
(0.6376197195914834-0.5374737584603837j),(0.017756455154522784+0.010654281865587313j),6163000000
(0.6369074699822893-0.5481553885305411j),(0.017719224310012438+0.010192855353044632j),6163250000
(0.648237248231173-0.5342412998839806j),(0.01760461030381904+0.010817465001280432j),6163500000
(0.6495584645871946-0.5360198999381225j),(0.017220195781640548+0.01044692795749607j),6163750000
(0.643593409477047-0.5388048952732805j),(0.01763286739176509+0.010265150338208094j),6164000000
(0.6408200517168532-0.5401990089785086j),(0.017714876653060985+0.010801428894234263j),6164250000
(0.641420309674785-0.5412056080044783j),(0.01779426436679271+0.010434000932796072j),6164500000
(0.6395255349287415-0.540786602531374j),(0.01746666899608955+0.010224983072502905j),6164750000
(0.6308207167121538-0.5482243229099005j),(0.01785009033694888+0.010240225003971284j),6165000000
(0.6442984577368571-0.5389678642159477j),(0.017687790332818663+0.01000784273170563j),6165250000
(0.6369962284127244-0.5429915225528478j),(0.01741002208404703+0.010291942511740352j),6165500000
(0.6335111360837058-0.5500128655534011j),(0.017747375251397843+0.009306500286114319j),6165750000
(0.6502262334461343-0.5296343895487343j),(0.01768987760193921+0.010518383621371277j),6166000000
(0.6321092163492744-0.5457969304923193j),(0.017062619293056903+0.010141296279836613j),6166250000
(0.6417878072333923-0.5415436097947234j),(0.017212169105673466+0.009505271964552942j),6166500000
(0.6412434221294175-0.5433600780328062j),(0.017692681255269235+0.009422220021638434j),6166750000
(0.6412900724781908-0.5387365995230131j),(0.016868260658575825+0.009599444989405558j),6167000000
(0.6355659469302009-0.5453332484714192j),(0.017521357669793652+0.00952353316700387j),6167250000
(0.6422471270102446-0.5407789452515944j),(0.017769799236673097+0.009868096814798704j),6167500000
(0.6389087918164957-0.5431786607788077j),(0.01722245951633372+0.00956153716138251j),6167750000
(0.6389929606638186-0.5477076211111477j),(0.01731679553779319+0.009297159397869804j),6168000000
(0.6411389751964978-0.5408181682563779j),(0.017150692468210157+0.009377236735943357j),6168250000
(0.6373531117295577-0.5438300750149516j),(0.01728259078265502+0.009436831682620172j),6168500000
(0.6376066978515819-0.539536578632415j),(0.017038396921847495+0.009555364376972311j),6168750000
(0.6491115627126444-0.5313761768947485j),(0.01738367164872797+0.009249746358216458j),6169000000
(0.6372296249739214-0.5388928696497315j),(0.017521148623417953+0.008585445723414794j),6169250000
(0.6420839578083207-0.5310885863735254j),(0.01739614716501183+0.009508275236885941j),6169500000
(0.632688801431263-0.5467273400054327j),(0.017640733162201844+0.008687695711948645j),6169750000
(0.6440487490342924-0.536010461202452j),(0.017777670741056247+0.009324314126116322j),6170000000
(0.6334229160584548-0.5375456330857351j),(0.01733083542384477+0.009253952488762806j),6170250000
(0.64279137986771-0.5329239948150398j),(0.018072968371135534+0.009055444121717611j),6170500000
(0.6475375132724613-0.5349042174783156j),(0.018317568721450402+0.00899104957659356j),6170750000
(0.6351991792778272-0.5389906324589222j),(0.017491995022098937+0.008291302907985834j),6171000000
(0.6417173064235442-0.5371658670818515j),(0.01799942823363113+0.008564035950487976j),6171250000
(0.6336479084079771-0.5464861462002495j),(0.01790697624465847+0.008060123785034432j),6171500000
(0.640106976434762-0.5353553810052543j),(0.017735596045146476+0.00889433181717698j),6171750000
(0.6361431347542592-0.5415817029828816j),(0.017618969665849082+0.008304674161787902j),6172000000
(0.6372340423318178-0.5373022747750604j),(0.018130312525683506+0.008581903786405975j),6172250000
(0.6440386558137735-0.535824408953867j),(0.018038006996511365+0.008034518430932622j),6172500000
(0.6344889970672153-0.5466658262025905j),(0.018357546441761168+0.008245741124154387j),6172750000
(0.6472626630286256-0.5308966602566955j),(0.018080060085422758+0.00883883229034814j),6173000000
(0.6347214327887332-0.5374329583264056j),(0.018071921704391217+0.008817891783265598j),6173250000
(0.636174575029281-0.5403148187160497j),(0.01823933320980833+0.008003756992362132j),6173500000
(0.6355938976941014-0.533173383238657j),(0.017600306066909224+0.008351250174293175j),6173750000
(0.6335729261888337-0.537627856661331j),(0.017965008761022406+0.008496076453530286j),6174000000
(0.6300527604517481-0.543277441178226j),(0.018149826483192126+0.008228782685620795j),6174250000
(0.6355229508702218-0.5385073422152575j),(0.018562040597628702+0.008379300472728272j),6174500000
(0.63767538562291-0.5259898920008496j),(0.01814939379778539+0.008656798790966584j),6174750000
(0.633212328858723-0.5392012363429849j),(0.01842968878685732+0.008248948001495976j),6175000000
(0.6428428540710567-0.5300170106119396j),(0.018595599434367595+0.008224582345455986j),6175000000
(0.6369371277960858-0.5396789015617794j),(0.018667758895806217+0.008079426636833581j),6175250000
(0.6311015861294164-0.5402539651818652j),(0.018152200200160815+0.007771825257382616j),6175500000
(0.6401399493298257-0.5347704270509943j),(0.018199117564006908+0.008269118800528028j),6175750000
(0.6343022851260772-0.5370053453900044j),(0.01876212809815218+0.008220117543640056j),6176000000
(0.6390383190044945-0.534325743791495j),(0.018783611920363583+0.008229273596078656j),6176250000
(0.6352748989580237-0.5450788214466328j),(0.019116100176768007+0.007814156474869018j),6176500000
(0.6401206332223897-0.5329776814996464j),(0.018196391034182604+0.008576338325525148j),6176750000
(0.6478916606722996-0.5308553101062405j),(0.01899197581277331+0.008014559663392245j),6177000000
(0.6394541223354857-0.5389621375155936j),(0.018198070392373682+0.007734308731734683j),6177250000
(0.6402180741252806-0.541145139521965j),(0.018295040460197223+0.008022715878720141j),6177500000
(0.6358776930377554-0.5454926065289551j),(0.018372381795895287+0.007649611557597401j),6177750000
(0.6440042049721186-0.5338735134797408j),(0.018200125660659983+0.00811508615559668j),6178000000
(0.6309293725300493-0.5502628227683402j),(0.018854389247761623+0.00783613222935128j),6178250000
(0.6426644855258827-0.5384430460470199j),(0.01829682862066425+0.00831696535384582j),6178500000
(0.6421154356839187-0.5409406322795617j),(0.018310377711435635+0.007402539950977112j),6178750000
(0.6364239753655815-0.5400301387039996j),(0.01915261926299335+0.0075168568727451745j),6179000000
(0.6464814681490286-0.543107152664479j),(0.018722959738245785+0.007539346911398379j),6179250000
(0.6350405160251925-0.5556187489488437j),(0.019124058991492818+0.007211892460072818j),6179500000
(0.6456871451393178-0.5380442128146532j),(0.018360434244405234+0.00796387070178462j),6179750000
(0.6426877736999307-0.5406920333679869j),(0.018947187085329695+0.007465422010918312j),6180000000
(0.6420737801941371-0.5421412332872327j),(0.019168138579026352+0.007844837072546462j),6180250000
(0.6399901567816809-0.5394496577690286j),(0.018876869217119337+0.007487458763684915j),6180500000
(0.6386046981589049-0.5479772662528007j),(0.01924892765773615+0.00733051529924966j),6180750000
(0.648476130583071-0.538640826264716j),(0.019133356731042793+0.007297833616677395j),6181000000
(0.635705515050998-0.5508436157399114j),(0.01869256447291341+0.00676811224363917j),6181250000
(0.6405035779513425-0.5335323714474403j),(0.019002870393489937+0.0074898534424976465j),6181500000
(0.6353592758627102-0.5546420758743836j),(0.01859006804774354+0.006398030133684213j),6181750000
(0.6363181245135368-0.5489656376085356j),(0.018613812857588855+0.006918580701178489j),6182000000
(0.6290505881207479-0.5603469224568474j),(0.018432419436479424+0.006258512229225579j),6182250000
(0.6344114749402024-0.5433411557876133j),(0.018296760573374565+0.0064118319418586455j),6182500000
(0.6401039720905852-0.5408822648833059j),(0.018677701216651625+0.006344025828856212j),6182750000
(0.6254708011765892-0.555631711099059j),(0.018122119474830566+0.0063280956715929745j),6183000000
(0.6377871995883303-0.5462950328089514j),(0.018921099780301234+0.006154100158153833j),6183250000
(0.6317768534934353-0.5540948497329099j),(0.01858137560810454+0.006563121698094385j),6183500000
(0.6380921423616244-0.5460321891275456j),(0.018736553116052903+0.0062952597378418546j),6183750000
(0.6305336685755588-0.549786299792123j),(0.018516713305698474+0.006588219587633561j),6184000000
(0.6305494457026557-0.5579863682093652j),(0.018736377012658414+0.006100217629805757j),6184250000
(0.6259974380593303-0.5499910082425036j),(0.018457160002919727+0.005783602844980862j),6184500000
(0.624825778002483-0.5595229483346921j),(0.019037802247544585+0.006394081161399849j),6184750000
(0.6378322458175744-0.541752096926855j),(0.018505350364215876+0.006192629377365314j),6185000000
(0.6297994203129688-0.5518929960134813j),(0.018808116694098605+0.006334379080557019j),6185250000
(0.6217279560195283-0.5590934946508989j),(0.018574589784216267+0.005980405709834013j),6185500000
(0.6248220267178557-0.5568563142215441j),(0.01838503330969757+0.005800475481580736j),6185750000
(0.619392928460926-0.5595931795443466j),(0.018296614216584038+0.005912311794106591j),6186000000
(0.6228693820314912-0.5536656571304873j),(0.01894231048820666+0.005919917209621153j),6186250000
(0.6236810400099678-0.5540079634195155j),(0.017942028678682363+0.005406853662485881j),6186500000
(0.6245222102695048-0.553525605341482j),(0.01880723885875821+0.006162920226407279j),6186750000
(0.6224827012631777-0.5534640957207169j),(0.01828364959612308+0.005340122920089474j),6187000000
(0.6263512943991255-0.5595572291272748j),(0.018740694223864714+0.0052577658347258025j),6187250000
(0.6297669311976083-0.5584751105840854j),(0.01786698603216144+0.005483878331175979j),6187500000
(0.621507198623763-0.5593155385462051j),(0.01854083305608543+0.0058049246298795655j),6187750000
(0.6316305665199985-0.5518810254920204j),(0.018571540878981066+0.005201556309386383j),6188000000
(0.6218696723858099-0.5547991537949891j),(0.01860755505486615+0.005651242638328464j),6188250000
(0.6238763426914837-0.5532201101310952j),(0.018452525226826305+0.005293894470256385j),6188500000
(0.6276960447816273-0.5565681404873668j),(0.01899178335244413+0.005285445328474116j),6188750000
(0.6240659559438952-0.5574310763484568j),(0.018360844026673463+0.005564126302904894j),6189000000
(0.6297599186652265-0.5561421659970825j),(0.018866151466057794+0.005118171617034185j),6189250000
(0.634165142812821-0.549117172840536j),(0.01934220145763248+0.005315351575446839j),6189500000
(0.6339390760858226-0.5601262276816693j),(0.018900935584819138+0.005164319308913587j),6189750000
(0.6359355359646259-0.5462415742406735j),(0.01921251436592523+0.005728312549847355j),6190000000
(0.6358246976295183-0.5445344805913044j),(0.018977994384461648+0.00531195061746143j),6190250000
(0.6364997269475944-0.5414301469978786j),(0.018565722570722334+0.005128757053760985j),6190500000
(0.6332429347760117-0.5471311649393702j),(0.018850118810234507+0.005624288550853373j),6190750000
(0.6323031174821365-0.5457600625906949j),(0.01889857819419295+0.00499416621571123j),6191000000
(0.6275247931118376-0.553472008907539j),(0.018640103220390523+0.0054419599276629305j),6191250000
(0.6328259006953723-0.5517978902123769j),(0.018527596816678905+0.004775623300442887j),6191500000
(0.6376912340431752-0.5433510311559551j),(0.019242245647148767+0.004626212123311129j),6191750000
(0.6306658303680795-0.5477861261719409j),(0.01864474684921556+0.004799735303574076j),6192000000
(0.6350077377102129-0.5469596050132182j),(0.0193395814854116+0.004809200257913567j),6192250000
(0.6320237480865137-0.5522950516131051j),(0.018667911915249528+0.004813486301591924j),6192500000
(0.6326713593436216-0.5478066316843481j),(0.01873387298444629+0.004263061724623874j),6192750000
(0.6316175240428233-0.5515377815368759j),(0.019294836685049225+0.004518833110147243j),6193000000
(0.6340854368756472-0.544328427662568j),(0.019747896659221196+0.005363616846374938j),6193250000
(0.6321834601410585-0.5348499463283429j),(0.018259259956194877+0.005084759441614793j),6193500000
(0.6286162902674702-0.5522262196357994j),(0.019324402532384752+0.004770786340149416j),6193750000
(0.6312149630901936-0.5464467622910967j),(0.018923411250383847+0.005186810831599571j),6194000000
(0.6260199160228972-0.5482070647186946j),(0.019197508278054887+0.005166405353087735j),6194250000
(0.6311619608143763-0.5447086680968855j),(0.018529188868345235+0.005020259645808554j),6194500000
(0.6314697308117811-0.5393348134953385j),(0.018909645445214132+0.004368152226615126j),6194750000
(0.627235282500846-0.554987501563568j),(0.018814530472434653+0.004638093168977152j),6195000000
(0.6314899000159172-0.5499942716162126j),(0.018696929369588663+0.0039832832540819315j),6195250000
(0.6287549973260769-0.5594245253790753j),(0.01915776999336907+0.004375764840895694j),6195500000
(0.6323252454795719-0.546166785506028j),(0.018794030247868354+0.0039048105188059868j),6195750000
(0.6259796006399675-0.5563613681131424j),(0.019260936581050936+0.004203095848906269j),6196000000
(0.6287527749886553-0.5505787925874656j),(0.01879635926865263+0.004215741014261892j),6196250000
(0.6312562727319735-0.543394966674423j),(0.019064354450442984+0.0044189874402260475j),6196500000
(0.629929671045392-0.5462221753873011j),(0.01850379762547482+0.004216350701599007j),6196750000
(0.6281808841298876-0.5568538725320239j),(0.018432224269671105+0.003368188283283647j),6197000000
(0.6306658996032638-0.5460661352966015j),(0.019239252626907188+0.004538952462118784j),6197250000
(0.6200821615490134-0.5616630828092173j),(0.018392878060251635+0.0036224087413527072j),6197500000
(0.6311293525352519-0.5438283721296401j),(0.019199173116414208+0.0038193602815078517j),6197750000
(0.6259289230464754-0.5636945942711893j),(0.01888747169964645+0.0033579860589435418j),6198000000
(0.6271777480013341-0.5508022099073049j),(0.019240360692467994+0.003964584283341218j),6198250000
(0.6258227231500522-0.5607780640152599j),(0.01933116394567591+0.0036841933770488584j),6198500000
(0.6316787722431774-0.5504844327411913j),(0.01945680947914846+0.0035901086318979427j),6198750000
(0.6259619745130064-0.5554922835911842j),(0.019072906872238837+0.0038379667568693783j),6199000000
(0.624885013783909-0.5537111739818494j),(0.018489775514900903+0.003662930544854324j),6199250000
(0.6314220915588786-0.5472325724305023j),(0.019193190738645536+0.0036224218390304413j),6199500000
(0.623851070440559-0.556628722818918j),(0.0185137904069829+0.003658474851457313j),6199750000
(0.6253461335642387-0.5526369873445353j),(0.01851395432653129+0.0038138604899775165j),6200000000
(0.6267073943481448-0.5545016518030456j),(0.018849804642999617+0.003956399385856133j),6200000000
(0.6247562741219045-0.5471758648353308j),(0.019226850554931087+0.00405567416777295j),6200250000
(0.6270790734258571-0.549205081168742j),(0.018863709133507604+0.004037971125897759j),6200500000
(0.6216817425954128-0.5654668213625259j),(0.01925376682288834+0.0025777659389267047j),6200750000
(0.6232864700312557-0.5474350181293484j),(0.019102119976092187+0.004035524901732665j),6201000000
(0.6183321648805787-0.5614744157242435j),(0.018920444471725695+0.0029774588496889703j),6201250000
(0.6269444201759988-0.550596472918766j),(0.01933621311856005+0.0030459893315015474j),6201500000
(0.6222328033395466-0.5464837114265811j),(0.018447794934231137+0.0035685705288401957j),6201750000
(0.6210358350693894-0.5489266800022388j),(0.018542284466007402+0.002912057842974632j),6202000000
(0.6225187787373199-0.5510534259208704j),(0.01934475051268201+0.0034430575621238347j),6202250000
(0.6262699309883067-0.5483743577867576j),(0.018821599561202752+0.00362835031139626j),6202500000
(0.6232164020758675-0.5543856049211576j),(0.019016575966881562+0.0031505446002972593j),6202750000
(0.6199263253694274-0.5563018633548525j),(0.0189355051906242+0.00329293485376466j),6203000000
(0.6301063242678182-0.5507572383381274j),(0.019090993946744295+0.0028961190194030967j),6203250000
(0.6211018900399253-0.5591698061890442j),(0.019070972369232032+0.003194564453903751j),6203500000
(0.6191419732822702-0.5625589299201111j),(0.01907811282869474+0.003478357541430261j),6203750000
(0.6199109586394238-0.5585837134745453j),(0.019195862604411786+0.0025153985195868j),6204000000
(0.6213739603156394-0.5572777841395918j),(0.01904365037606129+0.0030628385481822405j),6204250000
(0.6249973533323621-0.5564704264516847j),(0.01860929983318583+0.003079089366153787j),6204500000
(0.6247587173213026-0.5565951025373177j),(0.018498447664227927+0.002805161561460938j),6204750000
(0.6229862622439327-0.552781189370603j),(0.019045280173297072+0.003015487668052877j),6205000000
(0.6217736563887165-0.563896054139604j),(0.01852554289391429+0.0023457218664904357j),6205250000
(0.6297340267122777-0.5532527654004595j),(0.018650290293658167+0.003236423043012411j),6205500000
(0.6243534204806181-0.5618138156985323j),(0.019259310257995942+0.0018019284335222732j),6205750000
(0.6293141312822136-0.5577032015581272j),(0.019060975453264926+0.002435825070937466j),6206000000
(0.6280795195294847-0.5593684248283756j),(0.018878344163247174+0.0024826886814439753j),6206250000
(0.6333278164598706-0.5462257227258845j),(0.019485726547385486+0.002795558195089352j),6206500000
(0.630199643652522-0.5569248024772221j),(0.0188377881215352+0.0022457767998228483j),6206750000
(0.6271702012890443-0.5620272146491937j),(0.018714086589884483+0.0018698679257422492j),6207000000
(0.627422759016398-0.5588855386210467j),(0.018743226376002668+0.0025227575458739823j),6207250000
(0.6254026558073558-0.5708070877062277j),(0.01865625828451847+0.0017568930986468026j),6207500000
(0.6358812351768147-0.5535999266831896j),(0.019141839270559607+0.0025105394044787994j),6207750000
(0.6287793003588052-0.5629079752334929j),(0.018481056353819483+0.0016672370730254173j),6208000000
(0.6319689503619726-0.5606806506680673j),(0.01894567338439974+0.002735454218434413j),6208250000
(0.6335235630149756-0.556476447485762j),(0.018627199982370987+0.002863484554876263j),6208500000
(0.6266206791558484-0.5654664779275042j),(0.0187933746110928+0.0016841555479449326j),6208750000
(0.6252299155940231-0.5691881496556801j),(0.018548551674820068+0.0019918320001120066j),6209000000
(0.6284307712307416-0.5647411426231037j),(0.01890862005617842+0.001734889748159792j),6209250000
(0.6350032814260365-0.5545094166008069j),(0.019244555169459887+0.001397370718218569j),6209500000
(0.6332667502360512-0.5603033529366935j),(0.01871378063591241+0.0018907480331421382j),6209750000
(0.6317925001202331-0.5639188681591097j),(0.018525709306209514+0.002065301741155486j),6210000000
(0.629896735187436-0.5570118928090855j),(0.018320201486476728+0.00203875586057176j),6210250000
(0.629303150081024-0.5607740385433984j),(0.018431938836316285+0.0015095176831325487j),6210500000
(0.6300403131945728-0.5567433211911919j),(0.018952387192333206+0.0019680473469421878j),6210750000
(0.6273634826745376-0.563390222647377j),(0.018012385346593905+0.0018547919488153812j),6211000000
(0.6315709451804399-0.5593593182920125j),(0.01829312478451447+0.0010197019479525051j),6211250000
(0.6304629939430492-0.5635390914606461j),(0.0187117079101794+0.002053870510989775j),6211500000
(0.63683726963395-0.5515358510998986j),(0.018920640104285912+0.0021015479062318015j),6211750000
(0.6325387043655528-0.5609230534847205j),(0.01863102024388992+0.0012519291036440059j),6212000000
(0.6272377852023301-0.5611778468613818j),(0.018524986361749082+0.001118066808638201j),6212250000
(0.6318311035361759-0.5544153689579738j),(0.019390138552066873+0.0011798865739832997j),6212500000
(0.6268872712487675-0.560148150018613j),(0.018622893834208665+0.0016310860656623646j),6212750000
(0.6270572369914372-0.5682767949781209j),(0.01828085731504291+0.0011289992999135592j),6213000000
(0.6295716010577123-0.5574787424139898j),(0.018473650742015783+0.0013992477709207272j),6213250000
(0.6310540012011219-0.5547850754584172j),(0.01862898218410572+0.0019531452989487363j),6213500000
(0.6280839571651117-0.552721278522176j),(0.018724192928402633+0.0018800510955643884j),6213750000
(0.6240895985521603-0.5613726319078517j),(0.018718956026473787+0.0012598046151011753j),6214000000
(0.6290543795787134-0.5587355936672658j),(0.018856527543134872+0.001298004215377718j),6214250000
(0.627747251125169-0.5599062484597968j),(0.01888905964457917+0.0006679082290655634j),6214500000
(0.63164378638496-0.5538600757932433j),(0.01800243721793313+0.0017519564690848242j),6214750000
(0.6294970963676272-0.5557076478265847j),(0.018799837384412838+0.0016209728477140535j),6215000000
(0.6277187301768494-0.5627635229379566j),(0.018031739857908246+0.0011927029526323633j),6215250000
(0.62760429891499-0.5564220517377815j),(0.018389104953690075+0.000509808713873313j),6215500000
(0.627680332031644-0.5590678229139271j),(0.018587105114340596+0.0017452124313661007j),6215750000
(0.6262795636123106-0.5661111649047582j),(0.01865244081856825+0.0007728929629683426j),6216000000
(0.6296906401396171-0.5545842894269631j),(0.017824583911198726+0.001330349506616389j),6216250000
(0.6260014018165218-0.5662391248210039j),(0.01829286741304473+0.00164381335182695j),6216500000
(0.628331963546358-0.5590377638313749j),(0.018571395053289478+0.0013074874895494387j),6216750000
(0.6271227713984153-0.5614561344307104j),(0.018352501699116168+0.001499195403833749j),6217000000
(0.6294717585807493-0.5634023604649583j),(0.01800798553277369+0.0007875721279190354j),6217250000
(0.62339266040134-0.5563488662261727j),(0.017879236559909882+0.0010420374767139574j),6217500000
(0.6249821627165355-0.5650270950391844j),(0.017641227210084837+0.000581589230274523j),6217750000
(0.6298409088231639-0.5599181946941905j),(0.018501023462383682+0.0007137461781594272j),6218000000
(0.6262751596407948-0.5622366081545451j),(0.017957500877491255+0.0007445387243638474j),6218250000
(0.6279594203447919-0.5598306086630255j),(0.01781713029134343+0.00048128640367738984j),6218500000
(0.6199876633727948-0.5602100429887583j),(0.017867584474617657+0.0012013833509801068j),6218750000
(0.6301056993071694-0.568680215513577j),(0.018213481492925017+0.001152455904742881j),6219000000
(0.6278706506275683-0.5614138937414757j),(0.01776778266060533+0.0005810501457014257j),6219250000
(0.6284064031728296-0.5687400136535455j),(0.01819479869577428+0.00020223080440545126j),6219500000
(0.6294750162554028-0.5575623768352921j),(0.018224741799637886+0.00038624711351918585j),6219750000
(0.6280514755905496-0.561618311535917j),(0.01771063726319355+0.0005700948599887164j),6220000000
(0.6300048725525734-0.5598361724222954j),(0.017747438024579353+0.0010412589222397555j),6220250000
(0.6292786206244888-0.5630118878088906j),(0.017811337110097587+0.0009297373522078654j),6220500000
(0.6301656851287893-0.5571438986576712j),(0.017996244285845894+0.0008838019136322443j),6220750000
(0.6266392810144318-0.5645667619288268j),(0.017804278037158863+0.0008757034966807998j),6221000000
(0.6254487960405236-0.564442752392904j),(0.017978666522741767+0.0003601929375687692j),6221250000
(0.6303274274475765-0.5543750735611633j),(0.01782954380820656+0.0008347305105669684j),6221500000
(0.6304315780724753-0.5566920975603012j),(0.018211467561385246+0.0013115721300065047j),6221750000
(0.6309795164238815-0.5647753553530653j),(0.017891117071468326+0.0003555319289294711j),6222000000
(0.6244287925089049-0.5596834082291304j),(0.017348322376648496+0.0008238656461876633j),6222250000
(0.6289124281394753-0.5601722769691537j),(0.017592479096262246+0.0009260055812869677j),6222500000
(0.6315852616887386-0.5617065614270309j),(0.01791770119532856+0.000723148474558305j),6222750000
(0.6277150003509026-0.5531873756437924j),(0.017529224452189004+0.0011667796094186728j),6223000000
(0.6243455034335206-0.5635992276728993j),(0.017837988925509127+2.5313917968607764e-05j),6223250000
(0.6284326939967466-0.5568760750215862j),(0.016844407296788336+0.000272795468317999j),6223500000
(0.6295409351244281-0.5551182247244335j),(0.018141331131244675+0.0008820086941028071j),6223750000
(0.6220896730705691-0.5679505040356378j),(0.017325637265135006+0.00065653524482945j),6224000000
(0.6279622626335241-0.5511025318128148j),(0.017837765489482786+0.0007862902321748209j),6224250000
(0.6275052552878877-0.5600938841674229j),(0.01813118805416964+0.0008638568692949874j),6224500000
(0.630584066915767-0.5595917040133668j),(0.017430193780682668-3.5919994139810274e-05j),6224750000
(0.6255181314641364-0.5495756685493105j),(0.017979006633692018+0.0004028184590637318j),6225000000
(0.6254939151736667-0.5646446393074813j),(0.01722936517435662+0.00013589731108354234j),6225000000
(0.6285844615011233-0.5506431230110458j),(0.017616375119990483+0.00043511807030384154j),6225250000
(0.6284363721498156-0.5643435601839495j),(0.017967542701047553+0.0006677469801977096j),6225500000
(0.6256945854406648-0.5625841977797216j),(0.01682491908079032-1.3597826558677689e-05j),6225750000
(0.629608752129565-0.5617068253517116j),(0.017594435456892737+2.0235249257666657e-05j),6226000000
(0.6314985189287149-0.5468361927650764j),(0.01810790585593529+0.00040246170796146214j),6226250000
(0.6290846150631638-0.5614837475675718j),(0.017319873725807112+0.0002129847614560833j),6226500000
(0.6305346680033115-0.5619294446069947j),(0.017231540311751774+0.00011173326637835984j),6226750000
(0.6280860853402507-0.5640327960429431j),(0.017032996077985533-0.00017805927673513258j),6227000000
(0.6361294158867855-0.556502502714066j),(0.017879555000351766+0.0007803524323606167j),6227250000
(0.6325419434361831-0.568896502708264j),(0.017850772170532193-8.159423955696426e-05j),6227500000
(0.631281674354101-0.5577690787963574j),(0.017869664870717745-0.0001730850067346555j),6227750000
(0.6319095114476856-0.5577400910462418j),(0.01745169875468256-0.0008473290563513941j),6228000000
(0.632333977325966-0.5544371898098472j),(0.016919407979509856+9.372165748214507e-05j),6228250000
(0.6309378359625849-0.5551746171066569j),(0.017332364295946995-0.00014905641565113109j),6228500000
(0.6309046271510874-0.5716161113592294j),(0.01714789810721471-0.001448848566181362j),6228750000
(0.6328617768284487-0.5512063143713416j),(0.017342857631238905-0.0010213944500160705j),6229000000
(0.6302980100620688-0.5619026525334373j),(0.017471563259516442-0.0009097324045524302j),6229250000
(0.6275409347122318-0.5562680476000492j),(0.017378461329072708-0.0007456080698473958j),6229500000
(0.6307341007984201-0.5587137218894147j),(0.01715597127926783-0.0011482662988297066j),6229750000
(0.631248777368355-0.5637970952641492j),(0.016465053198007243-0.000922671515980728j),6230000000
(0.6325564544965889-0.5648806908711823j),(0.017344253845863567-0.0005646110600453531j),6230250000
(0.628747847420971-0.5691744132583206j),(0.017151286685435804-0.0007280907565152844j),6230500000
(0.6331943077378748-0.5565940698247313j),(0.016751402949821862-0.00038342577146315276j),6230750000
(0.6298121689214787-0.568027155971948j),(0.017961692155897494-0.0014129534809692577j),6231000000
(0.6320898264030679-0.5602449456526154j),(0.017163351911304706-0.0008008497635072116j),6231250000
(0.630363349862469-0.5466815347276004j),(0.01729113636221233-0.0009515902911622472j),6231500000
(0.6288528153459529-0.556412763582416j),(0.017070525477259336-0.0016421680564008838j),6231750000
(0.6300980718400052-0.5598653911820097j),(0.017120793476892004-0.0008699884427973556j),6232000000
(0.6284266210891183-0.5625279126565756j),(0.016469309404806717-0.0009987635389124838j),6232250000
(0.6275667183573126-0.5626591609449662j),(0.017320474227560702-0.00046657806521216406j),6232500000
(0.6304982504543853-0.5605827629467737j),(0.016620516812943804-0.0007929600337300585j),6232750000
(0.6261953380015035-0.5681609614432223j),(0.01736005940839435-0.001438623444212956j),6233000000
(0.6281397238537034-0.5629085037236301j),(0.016390028418476546-0.000919172362781179j),6233250000
(0.6287355273951609-0.552511138860256j),(0.016320296791954556-0.001754236973484494j),6233500000
(0.6269752728682663-0.5607646949944605j),(0.0173406119945773-0.0006687196860423142j),6233750000
(0.6270433836520262-0.565517505413044j),(0.016897157134307228-0.0015884073113628045j),6234000000
(0.6273157315113456-0.5515805013729675j),(0.016785388594013902-0.000644734298090872j),6234250000
(0.6250124080440932-0.5630366661137143j),(0.016229818556429357-0.000451812583252389j),6234500000
(0.6225109645450897-0.5516966007436832j),(0.017029822541065394-0.0007557047822900107j),6234750000
(0.6264205270614496-0.5626956707866019j),(0.016834517352904057-0.0006278978863261132j),6235000000
(0.6237034920524775-0.5577201757219059j),(0.016044378122474102-0.0010425088616811467j),6235250000
(0.621957730497278-0.54548834661918j),(0.016851615863607797-0.0004998198813637863j),6235500000
(0.6272384189366692-0.5615486014492499j),(0.015944652048896467-0.0012031200533456432j),6235750000
(0.6231506688800276-0.559067816281393j),(0.016898904126802176-0.0012228378253824458j),6236000000
(0.6211714619761195-0.5582500845165096j),(0.016095441577728197-0.0015334794050457495j),6236250000
(0.6236888840791348-0.5568192469817498j),(0.016877772528964805-0.0010944194539371339j),6236500000
(0.6199050378626093-0.5695010587664981j),(0.01640517331934996-0.0010489109044818181j),6236750000
(0.623146379261137-0.5535215667951299j),(0.016481517009140877-0.0013048816717099903j),6237000000
(0.622854655553452-0.5531506168450964j),(0.016221743218009052-0.0007751491238831188j),6237250000
(0.6218974713198808-0.5700334671340193j),(0.015668084710753045-0.001406151713049017j),6237500000
(0.6221698514499621-0.5559200447178548j),(0.01601732817022806-0.0005357412106408888j),6237750000
(0.6243230322381382-0.5642536276824058j),(0.015599907457392941-0.0011700348542083333j),6238000000
(0.6189171906100428-0.5577448890357921j),(0.016262012634281054-0.001482475461366687j),6238250000
(0.6234941260212702-0.5640825675182647j),(0.016082220306977243-0.0014955335817296539j),6238500000
(0.6234929597417721-0.5609074870586527j),(0.01652832770931674-0.001906226386337297j),6238750000
(0.6236323555783077-0.5682041743687519j),(0.016956992481543233-0.001347826475675213j),6239000000
(0.6287428526203426-0.5613998803991149j),(0.016403406597559272-0.002206247521253603j),6239250000
(0.6245461261298813-0.5643072661853415j),(0.01619689422481593-0.001768841951915177j),6239500000
(0.6242360634322015-0.5643492113227918j),(0.0166420388239755-0.0015568728284974238j),6239750000
(0.6237370705188698-0.5566634675552974j),(0.016072523415092542-0.0024095598173697044j),6240000000
(0.6249941508052507-0.5656277215854985j),(0.01587697721694795-0.0012048086727507955j),6240250000
(0.6246640467876987-0.5663958840008887j),(0.015425645515442947-0.00217073648934226j),6240500000
(0.6223159521612631-0.5583923454527822j),(0.01628006300686039-0.0019133583985974584j),6240750000
(0.6256004357293855-0.5685948405524921j),(0.015596011179084848-0.002319896519669276j),6241000000
(0.6201181881296339-0.5625262000617924j),(0.015814007467664325-0.0025718342640296613j),6241250000
(0.6226357685187348-0.5671363162013008j),(0.016383911375454314-0.0019907454087988424j),6241500000
(0.6238520372172893-0.5625959888870333j),(0.016715166237778592-0.0019619485748343544j),6241750000
(0.6262156000324905-0.563467003751956j),(0.016551069665186074-0.0010394088325063138j),6242000000
(0.625680722082184-0.564578975903936j),(0.016347896518722236-0.002063063754691535j),6242250000
(0.627211723431088-0.5688512553280484j),(0.016340056272124277-0.001369942292443578j),6242500000
(0.6313526431979604-0.5634180005106727j),(0.01626385123166125-0.001287288270550191j),6242750000
(0.625414249215525-0.5564477562969493j),(0.01616835171888925-0.0015057277357302407j),6243000000
(0.6267891783771982-0.561284768607928j),(0.015549087845447531-0.0020966770275604217j),6243250000
(0.6305294146479378-0.5594536096946924j),(0.016110796442644404-0.001995715364626191j),6243500000
(0.6297443961571003-0.5626223985855624j),(0.015553602994942135-0.0017238777997138337j),6243750000
(0.6320358291478894-0.5514338755798589j),(0.016160214523867997-0.002468653436479417j),6244000000
(0.6330886301649798-0.5609878217604327j),(0.016453372024097142-0.0013114563254295957j),6244250000
(0.6356789793169775-0.5558164087518951j),(0.0162861812140046-0.001665763390510101j),6244500000
(0.6362695808383906-0.5458541040002658j),(0.016458165690160755-0.0014422901744374312j),6244750000
(0.6352878760640204-0.5563758322571631j),(0.016462240261527834-0.00084727660995365j),6245000000
(0.6341577289493696-0.5530128938266461j),(0.016373938514496176-0.0012408904266476494j),6245250000
(0.6340138316847493-0.5566474172727984j),(0.01570580573091046-0.000710643251789368j),6245500000
(0.6386928873986216-0.5572278431965985j),(0.01565299438263612-0.0017287331994749857j),6245750000
(0.6366701578920216-0.5557388894728253j),(0.015813056705099266-0.0005779440654090551j),6246000000
(0.6403326146797095-0.5615010548590922j),(0.016201656062659022-0.0013548323898771007j),6246250000
(0.6362983239540829-0.549597787060462j),(0.016564495477086487-0.0010864111540638917j),6246500000
(0.6414046017867158-0.5558791690551136j),(0.01583501908747337-0.0015533497570971945j),6246750000
(0.637799393493153-0.5516946863795711j),(0.016618510361729805-0.0007354683192035466j),6247000000
(0.6377152848948511-0.5502310661733706j),(0.015953589773516588-0.0015530018268253075j),6247250000
(0.6377242007796458-0.5558524423253597j),(0.01650215912380743-0.0017103981917694314j),6247500000
(0.6363605469427386-0.5533199749307602j),(0.016265235811990294-0.0010121128888020195j),6247750000
(0.637993555550562-0.554658197139501j),(0.015406474077149944-0.0009985063077787505j),6248000000
(0.6373136707436377-0.551937306208564j),(0.01636239943782234-0.0004876741774828266j),6248250000
(0.6343203513926152-0.5588012091879032j),(0.015747245539870055-0.0013608788562729825j),6248500000
(0.6313683881370664-0.5438588013527559j),(0.016442588521393218-0.0015885112087540756j),6248750000
(0.6346148224067159-0.5566862182916786j),(0.015472477432920016-0.0011907841299345374j),6249000000
(0.638072292991274-0.5580446282027796j),(0.016405380389380095-0.0016537504509028433j),6249250000
(0.6345407736629991-0.5552043239945893j),(0.015546116994115258-0.0008163280070149848j),6249500000
(0.6374223159309245-0.5599679532715512j),(0.01621914293252945-0.001177514886843866j),6249750000
(0.634725905311982-0.5629992513812492j),(0.015475460944591329-0.001015911429941011j),6250000000
(0.6323725710330741-0.5554302988415437j),(0.016266196768487284-0.0017552183501915203j),6250000000
(0.6339321999251747-0.5609877527649303j),(0.015116355765196578-0.002115184096524302j),6250250000
(0.6339131538262556-0.5565102361604114j),(0.01613293460197938-0.0019937459188675653j),6250500000
(0.6353320801139812-0.5629894161414402j),(0.016427101641497393-0.0012341693626252556j),6250750000
(0.6310076563594806-0.5572996061957006j),(0.016440872461548475-0.0018966614922851103j),6251000000
(0.6335249187724972-0.5605441487400123j),(0.0157360736878046-0.0008946390061645927j),6251250000
(0.6319255213369517-0.5575235714972614j),(0.015159498152993554-0.001476155843322414j),6251500000
(0.6302565514063889-0.5555693180609288j),(0.01577169679083413-0.0012837968676796085j),6251750000
(0.6344132660824231-0.5672706212419264j),(0.015635841988661577-0.0019843011647591806j),6252000000
(0.6317767708136283-0.5579669064582036j),(0.01573456384606954-0.002158528435499722j),6252250000
(0.6342536653466337-0.5608961210533663j),(0.015355534581649644-0.001533665326203558j),6252500000
(0.6307542611487578-0.5584649280653233j),(0.01592885605766425-0.0020075330381671844j),6252750000
(0.6332742932875616-0.5620211166985835j),(0.015280689430093064-0.001956178240920643j),6253000000
(0.6289054202050204-0.5580675043645035j),(0.016022265583946625-0.0018271198560149914j),6253250000
(0.6320249906818276-0.5649757597037245j),(0.015521137135185825-0.002915913746770533j),6253500000
(0.6344514816241104-0.5607508889734354j),(0.016260288626011293-0.0021608281908232496j),6253750000
(0.6380639980811342-0.5573686508845873j),(0.01553070514532134-0.0013152485031719787j),6254000000
(0.6378850883482313-0.562381916318442j),(0.01556245668445031-0.002469795094644068j),6254250000
(0.6383522827167594-0.5554008729570064j),(0.015057979867771524-0.00154648245159029j),6254500000
(0.6355298796489222-0.5654004845693363j),(0.014834310404546344-0.002442582134387047j),6254750000
(0.634808177473361-0.5550746164482484j),(0.01503732168412773-0.002710378095550052j),6255000000
(0.6355580162264869-0.562351447298928j),(0.015417748974667354-0.0020429445080653026j),6255250000
(0.6386265159685595-0.5646210117989887j),(0.01566690256588088-0.002213066267627075j),6255500000
(0.6400823515591023-0.5502661917513397j),(0.01568732002800445-0.0020496854574822716j),6255750000
(0.6391681323596858-0.5617172582223648j),(0.015345795368558818-0.00217280094252541j),6256000000
(0.6365360550324299-0.554347200675549j),(0.015556508651419403-0.0016424487649618826j),6256250000
(0.6390120288818396-0.5620851728677537j),(0.01514417242621708-0.0016144185458438975j),6256500000
(0.6361672851682549-0.5600383353868672j),(0.0149461525485506-0.0025618014156481733j),6256750000
(0.6391008506309214-0.5558942181079725j),(0.015464703202699145-0.001334263936179385j),6257000000
(0.6384540092880912-0.5635005815795829j),(0.015001488946617916-0.0025631909266670924j),6257250000
(0.6381800006538958-0.5581170203348331j),(0.014988719584341467-0.0005433647614570781j),6257500000
(0.6436547191450392-0.5645779077964731j),(0.014837714190320305-0.0017593879228209014j),6257750000
(0.6368370233110033-0.5577387206974859j),(0.015000870836426308-0.0023645286266490264j),6258000000
(0.6429073069916734-0.561500705082021j),(0.014560754957859509-0.0016425243412224058j),6258250000
(0.6411389096111005-0.56323679993774j),(0.015372616933843657-0.002444250923023257j),6258500000
(0.6405439542870971-0.5561037108760012j),(0.014334411657189523-0.001877305698741259j),6258750000
(0.640690870207876-0.5633021167201223j),(0.015740187315252164-0.002885733763303337j),6259000000
(0.6405281303548127-0.5597143165031256j),(0.0156270614906174-0.0026912243433578455j),6259250000
(0.6407963409327477-0.5666412772316981j),(0.015615486011358471-0.0022842014038929066j),6259500000
(0.6433461124652562-0.5588101467315459j),(0.015426526638115255-0.002663790751855225j),6259750000
(0.6432315828460121-0.5649198388323845j),(0.015315639091428407-0.00237883720932472j),6260000000
(0.6406567609734914-0.5612775105805204j),(0.015037923349575525-0.00289639182313451j),6260250000
(0.6402663957986504-0.5649507511905196j),(0.015445431613511926-0.002537722565495346j),6260500000
(0.6401567643723262-0.5632140791470298j),(0.01526828640373102-0.003249317807303487j),6260750000
(0.6423825708328161-0.5615157057742771j),(0.01588879742450866-0.0023337256813637094j),6261000000
(0.6427061782391216-0.5617718851351772j),(0.015642887238596463-0.001839332587382104j),6261250000
(0.6421353861681514-0.5669732285936755j),(0.015382768716261198-0.0021105223440830807j),6261500000
(0.6426290744134724-0.5618501323438134j),(0.015971346778795935-0.0024718662169984744j),6261750000
(0.6412867669268142-0.5654089340158984j),(0.01550591397237271-0.0025624112151310893j),6262000000
(0.6458204835170687-0.5696201837196305j),(0.015993748699875687-0.001660237205967848j),6262250000
(0.6423033137396269-0.570072050895881j),(0.016298128104627656-0.0019748478019403735j),6262500000
(0.6379479204771417-0.5574036743194459j),(0.01599359245175807-0.0026277361354797224j),6262750000
(0.6402617593837681-0.568825633281317j),(0.015742854373259757-0.002405164183182912j),6263000000
(0.6372253000898594-0.5628653719894798j),(0.01579922834434488-0.0027368945097339887j),6263250000
(0.6400945704515579-0.5689267461557714j),(0.01595910882334655-0.0022782951550919164j),6263500000
(0.6438444940454494-0.5626002972289605j),(0.016167599391545957-0.0025933909791836145j),6263750000
(0.6419460319360154-0.5684161159947672j),(0.015550948166495934-0.002946051523674718j),6264000000
(0.6417015552572721-0.5675535317414124j),(0.016028764354388506-0.0031707417787578823j),6264250000
(0.640219811994664-0.5632870783458646j),(0.01667822235339049-0.002020530028300091j),6264500000
(0.6414781806210265-0.562063183734124j),(0.015560939009287582-0.002854874546177145j),6264750000
(0.639732874844709-0.5544000809959754j),(0.016178695583908765-0.002398748820442783j),6265000000
(0.6458027836043518-0.562270570393003j),(0.015654885185533592-0.0026308553063977805j),6265250000
(0.6461575055419437-0.5676084342832001j),(0.016177511907220363-0.0034680939987342197j),6265500000
(0.6430546894720794-0.5618851393331017j),(0.015448261124017454-0.002611400101098973j),6265750000
(0.6433750903338682-0.5630629644333037j),(0.01640014394922886-0.0024713413206073954j),6266000000
(0.6474295821389452-0.5647952541021992j),(0.015505316697534119-0.0019213871523370229j),6266250000
(0.6439839080078329-0.5607513244053974j),(0.015654776178857487-0.002362217555050758j),6266500000
(0.6459485458648367-0.5645225838578506j),(0.016832355339642596-0.001960579345547113j),6266750000
(0.6475179218834003-0.5646409846635608j),(0.014889321302987554-0.0023040631985608313j),6267000000
(0.6460086738693713-0.5632951018425809j),(0.014884249071968393-0.0025325758116420136j),6267250000
(0.6474918109227419-0.5619774774953221j),(0.01540649343041653-0.0029941155775924213j),6267500000
(0.6496473002991492-0.5623843603818635j),(0.015032816942993223-0.0017636337672920564j),6267750000
(0.6473838319647383-0.5618532887642462j),(0.015723837657467626-0.002149806452998191j),6268000000
(0.6460474233813941-0.5627011108562968j),(0.015366888261433773-0.0016772670599456945j),6268250000
(0.6464644755811136-0.5621847871132567j),(0.015350028431359537-0.002405971902131668j),6268500000
(0.6475984725964128-0.5576199718250484j),(0.014882952182101925-0.0025833643695438303j),6268750000
(0.6491274262806566-0.56045562618495j),(0.015107358887875838-0.002666555037479833j),6269000000
(0.6513948571675262-0.5565586003272488j),(0.01463640495957586-0.002345060922791349j),6269250000
(0.651187549483941-0.5616185135778619j),(0.015036667920458713-0.0023660229560128147j),6269500000
(0.6545991308624548-0.5632527067104799j),(0.014535225077276039-0.0023999124442881676j),6269750000
(0.6469492283726399-0.5615095923844767j),(0.014780921462398141-0.002772903932801573j),6270000000
(0.6503968124284883-0.5693232769559553j),(0.014815652663580127-0.002702067588755912j),6270250000
(0.6489055680909284-0.5608385059532504j),(0.014840094037962107-0.0028582548722471263j),6270500000
(0.6523814705206223-0.5681948026673341j),(0.015160698079623818-0.0019501317194772093j),6270750000
(0.6479671755037077-0.5646978545271413j),(0.01501969446503552-0.002792955776653956j),6271000000
(0.6490961453804721-0.5667502950338392j),(0.015211439708073671-0.002422952451623727j),6271250000
(0.6510066956555132-0.5657693926610583j),(0.014672223297651303-0.0021135251292453286j),6271500000
(0.6494997366414224-0.5627472163993965j),(0.014919136676808453-0.002368442680205981j),6271750000
(0.6501929166680298-0.5649858034470056j),(0.014754655799161904-0.0026509843908534636j),6272000000
(0.6521830794803687-0.5680408395448772j),(0.014194124810371628-0.0031059807564840338j),6272250000
(0.6509860806884066-0.5676418353328792j),(0.014137281003881678-0.0023345632276975956j),6272500000
(0.6509554317351283-0.5742690033520165j),(0.015170884961289157-0.002486866739460982j),6272750000
(0.6524603176938643-0.5691127552685896j),(0.014210762573554662-0.0023050106835651044j),6273000000
(0.6525290278592271-0.5728769364460633j),(0.014119735905961299-0.0025507373143688755j),6273250000
(0.6463723598712429-0.5676248205740327j),(0.01484740925847841-0.00151943686314348j),6273500000
(0.6548859457573226-0.5720449150776136j),(0.01504060613909896-0.001936856888506854j),6273750000
(0.6499135260612379-0.5756017640106944j),(0.014532731614017417-0.0019449108844829697j),6274000000
(0.647694185232058-0.5669183686723125j),(0.015395181319418336-0.0015707809878100232j),6274250000
(0.6531684833496053-0.5730841961159088j),(0.013881185154687429-0.0027917820703869203j),6274500000
(0.6511801411491677-0.5692677284503281j),(0.014118437963198305-0.002136395811203347j),6274750000
(0.6486945225053993-0.5713030258454782j),(0.014681758964113893-0.0026149656909556273j),6275000000
(0.6532157810497343-0.5744299458438902j),(0.015414759545931099-0.00228756643676756j),6275000000
(0.653572053938752-0.5719596247004577j),(0.014734563185408693-0.002401758589452882j),6275250000
(0.650434950132747-0.5811767154964j),(0.01454418913093231-0.0019855156056754093j),6275500000
(0.6486816295034211-0.5752031416031539j),(0.014648385136229259-0.0027890479576691317j),6275750000
(0.6476898928859105-0.5724438293887573j),(0.013710807869197981-0.0018385302192115557j),6276000000
(0.6519985419040814-0.5840000942128735j),(0.014329761469364315-0.002392640745188958j),6276250000
(0.6497207923941904-0.5754328739170151j),(0.014586131660945228-0.002958408399672379j),6276500000
(0.6485821185575107-0.5807475571124462j),(0.01471595526763979-0.002515351423952944j),6276750000
(0.6471427564427352-0.5778198949768819j),(0.01443774208761785-0.002766085130890219j),6277000000
(0.6491602769219948-0.583811435537953j),(0.014888941605242652-0.002595826126441929j),6277250000
(0.6478905905974263-0.5804373618070283j),(0.014772483678589889-0.001661805955221425j),6277500000
(0.6438478834226613-0.5789882761093311j),(0.014821156224834884-0.0014413995602813483j),6277750000
(0.645665172261183-0.5834207317511545j),(0.0146220952893973-0.0024298236284058953j),6278000000
(0.640459512180182-0.5843909552457512j),(0.015452649887303275-0.003452703252364575j),6278250000
(0.6421143430814256-0.5788403499838944j),(0.015266808655445871-0.0023885300146425665j),6278500000
(0.6454119102911728-0.5848078936673314j),(0.015218317046965343-0.0027385115485421153j),6278750000
(0.6404307692008774-0.5800790149653413j),(0.015356815642023649-0.0021480138893058j),6279000000
(0.6421525341696948-0.5850129287896886j),(0.015271605127279644-0.0027604807215340114j),6279250000
(0.638538798629847-0.5822722376482564j),(0.015657812659870055-0.002482148791946531j),6279500000
(0.6389223029463408-0.5796721444811528j),(0.015223961489905341-0.0029386664017322928j),6279750000
(0.6403704032327833-0.5860803090883433j),(0.015314543709361028-0.0024623412842849917j),6280000000
(0.6425993050222115-0.5883240818595734j),(0.014391006645354379-0.0020076652601652457j),6280250000
(0.6393932106158786-0.5865647200583992j),(0.014680298782534289-0.0032006256487959774j),6280500000
(0.638884960514665-0.5851379717685161j),(0.014617567299852322-0.0022815703880949474j),6280750000
(0.6402328748096928-0.5877958507087173j),(0.014822486968197539-0.0026198206039597903j),6281000000
(0.6419215183740598-0.5895234510149386j),(0.014768523684926751-0.003475236389683667j),6281250000
(0.643175342345609-0.5925736597955478j),(0.014557467417756686-0.002400496964855432j),6281500000
(0.6436447985148637-0.5878836582176267j),(0.014276402449914453-0.0033176076635319466j),6281750000
(0.6372336939556845-0.5919765236363488j),(0.015132450577116622-0.0033410960883618443j),6282000000
(0.6420191125491623-0.5872447776278564j),(0.015663887368526645-0.0028648989493862197j),6282250000
(0.6382888225915765-0.5893172196147648j),(0.014245638332358675-0.0037395862519537673j),6282500000
(0.640227726295005-0.5936949348018707j),(0.015407003356204412-0.002665985481737911j),6282750000
(0.638931341765619-0.5888121023248557j),(0.015912339334919277-0.0035028556300546994j),6283000000
(0.6448810407888547-0.5959561321234977j),(0.015304698560180857-0.0025534074670348944j),6283250000
(0.6455560084157499-0.5936388040416043j),(0.014381986143836102-0.003343523149313971j),6283500000
(0.6408860017568311-0.5938798683907559j),(0.014651537733542965-0.002419553842541408j),6283750000
(0.6455459981802589-0.5929896670553966j),(0.014850660939693363-0.00319280067072976j),6284000000
(0.6411465547093066-0.5926756448120956j),(0.015400707899550618-0.004104043782431812j),6284250000
(0.6399913190640989-0.5950962482537948j),(0.014634841200841511-0.003144044716480488j),6284500000
(0.6406696519280999-0.5965639830327234j),(0.01573429444574167-0.00357950027774212j),6284750000
(0.6411871163893189-0.5972158564480979j),(0.015488182572522295-0.002167747165126675j),6285000000
(0.6395470921564779-0.5958497868069882j),(0.015543483596807331-0.0027498397252151328j),6285250000
(0.640592403762209-0.5974489929347773j),(0.01507235583892558-0.0021278261171073505j),6285500000
(0.6470125672846756-0.5958378587127422j),(0.015430546098299178-0.0027391783055822866j),6285750000
(0.6425419425028606-0.598744940531114j),(0.015235701961592444-0.002571994486972458j),6286000000
(0.6449110391299376-0.5981841376707011j),(0.01441854402785324-0.0030911574600734296j),6286250000
(0.6409997070834519-0.6025856963348877j),(0.014629505141085334-0.0032557439010290393j),6286500000
(0.6475228670131278-0.5970094254843088j),(0.014466170848028058-0.0030952512412122744j),6286750000
(0.6418453982176165-0.5988778036989936j),(0.014793669469245941-0.003162896685264968j),6287000000
(0.6406463369782778-0.6004921435530041j),(0.015112212417372014-0.0034580486716676772j),6287250000
(0.6440692763402479-0.5982340853651918j),(0.015501436838619787-0.0036446701601236865j),6287500000
(0.6457146363746427-0.6016936953285452j),(0.015477868070836912-0.003033568297531419j),6287750000
(0.644570386105793-0.5979254771428593j),(0.0147720822813738-0.002373030752173065j),6288000000
(0.6455283281519937-0.6017011103301783j),(0.015543170874698446-0.00356697963203892j),6288250000
(0.6470095623955767-0.596532944422523j),(0.014798455047904717-0.0029088481411993442j),6288500000
(0.6440333424522403-0.5970808200053427j),(0.01486522135015479-0.0035153651556895254j),6288750000
(0.6471987597422558-0.6005176957693533j),(0.014184152951678023-0.0032555321543879545j),6289000000
(0.6477859287651442-0.5964552347726161j),(0.014794867037671399-0.003441532622773671j),6289250000
(0.6447885948892731-0.5997167107699264j),(0.014463221599198392-0.0028854578955429255j),6289500000
(0.6434050162609877-0.6013390144808611j),(0.014238874926707943-0.004177259571559086j),6289750000
(0.6419638365660598-0.5969196630403765j),(0.015254555408066273-0.003708796836094569j),6290000000
(0.6501004847338779-0.6079189014774998j),(0.013569466336115336-0.003377505382294963j),6290250000
(0.6434627595170682-0.6028600882148443j),(0.015052420220811923-0.003665228278461694j),6290500000
(0.6474531268961844-0.605193637785781j),(0.01469446849613813-0.003206271338115122j),6290750000
(0.6455922896159138-0.6018158800421383j),(0.013680905500708183-0.0029544134059644664j),6291000000
(0.6492181192892759-0.6022065074369072j),(0.014317537260906024-0.003022567489857665j),6291250000
(0.6461466129994345-0.6063545567526997j),(0.014081191381397242-0.0032481947891664477j),6291500000
(0.642762308953973-0.6007792311961007j),(0.014859134867252894-0.0032925324575933967j),6291750000
(0.6485593415598332-0.6028842751546142j),(0.014169983063698858-0.002614194088486633j),6292000000
(0.6423534542712797-0.6025569056620981j),(0.01480567127787903-0.003320959849541791j),6292250000
(0.642971392888628-0.600633379819172j),(0.014627638068151497-0.002999275534466061j),6292500000
(0.641416868745735-0.6076822322710393j),(0.015484329574620315-0.003636566000383019j),6292750000
(0.6451986883214509-0.6047416724660547j),(0.014986991424258246-0.0022842277568640773j),6293000000
(0.638097719908083-0.6051945156541697j),(0.014693218991054156-0.002524908147728968j),6293250000
(0.6411768714599428-0.6084439922162508j),(0.015351831366346179-0.002827050472871967j),6293500000
(0.6419293702672-0.6106400299327591j),(0.014781420039815946-0.0016106652062133561j),6293750000
(0.6450816890133374-0.6107525829937926j),(0.014338295367353659-0.003608131667831264j),6294000000
(0.6388523026195696-0.607893687046247j),(0.0151135569346026-0.003833105931019537j),6294250000
(0.6400181645543788-0.6121600663492229j),(0.014723889074830545-0.00413393302349376j),6294500000
(0.6384893179661136-0.6094680630174629j),(0.014906503331993068-0.0037940446540042534j),6294750000
(0.6381831105096633-0.6078642815604886j),(0.015720752340106232-0.0033466397535449554j),6295000000
(0.6394254585082831-0.6063903624312172j),(0.014432080667669111-0.0029816415169333418j),6295250000
(0.6352697771349838-0.6079557145923835j),(0.01433183094359653-0.0032556909979594203j),6295500000
(0.6411995033805377-0.6176672225397741j),(0.015300442211261119-0.003778670993478018j),6295750000
(0.6351334841787835-0.6138265442802763j),(0.015322603901014115-0.0022084326980087157j),6296000000
(0.639765313836577-0.6136212333855944j),(0.014712768107078708-0.0034618617831219277j),6296250000
(0.6345964400518089-0.6122351964766563j),(0.01594632055929311-0.002608276762689832j),6296500000
(0.639906407216434-0.6133014781911745j),(0.014986467545044532-0.0027495788658793148j),6296750000
(0.6376265312535649-0.6159455124774832j),(0.01574735226228121-0.0029311663021492533j),6297000000
(0.6393197191053759-0.6185576000293118j),(0.01490172890461352-0.00256177683018947j),6297250000
(0.6379366416315702-0.6172428307661573j),(0.016015369507648248-0.0029783087403454298j),6297500000
(0.6356867961109667-0.6189484732415484j),(0.01559803295055199-0.0033914232774603726j),6297750000
(0.636054698902021-0.616292553101143j),(0.01637143500776352-0.0026417367350789435j),6298000000
(0.6357631977961281-0.6138115972433941j),(0.015929658584826825-0.0035050904229708213j),6298250000
(0.6384880978521627-0.6129165245496071j),(0.015465477156205724-0.0029121050555237058j),6298500000
(0.6364383609769702-0.6142979348149292j),(0.014992772176564566-0.003393973102196297j),6298750000
(0.6409976672054845-0.6167880138860429j),(0.015374711289058957-0.0020110327475320426j),6299000000
(0.6419179873399072-0.615150935485762j),(0.014935781730886659-0.003237275588413883j),6299250000
(0.6352979903506015-0.6159278478510983j),(0.01652518268521312-0.0032056733199135805j),6299500000
(0.6378218108959255-0.6187189758933869j),(0.016069304201266406-0.002601106009856629j),6299750000
(0.6376230194285786-0.616443212406653j),(0.015345374367043722-0.0019149228495134655j),6300000000
(0.6378348774632338-0.6149832749541227j),(0.015737957370591388-0.0029718528994871736j),6300000000
(0.6393591416169918-0.6180251783783356j),(0.015205752002839768-0.0027875213139072026j),6300250000
(0.636090672790257-0.6172312403457355j),(0.01577349455103496-0.0037869577672278577j),6300500000
(0.634916648397941-0.6172303963879451j),(0.01562345757935664-0.0031546326942030523j),6300750000
(0.6342991084948457-0.6174459218213252j),(0.015699804237188225-0.0037035173303858132j),6301000000
(0.6370491489713019-0.6185803221347378j),(0.015720519704861248-0.0022830943572573967j),6301250000
(0.6380537974015437-0.6155855359160955j),(0.015801092994749518-0.0033738652886691842j),6301500000
(0.6336270377761856-0.6187542617060342j),(0.01640847446254625-0.00378639011425473j),6301750000
(0.6320661061623969-0.6213428810002193j),(0.016489831640932977-0.002914204934725554j),6302000000
(0.6376430760942009-0.6190382664451856j),(0.015517658201641808-0.0027632066502677475j),6302250000
(0.6338804271752608-0.6209046437562127j),(0.015401509308032297-0.0026817625430656123j),6302500000
(0.6364596715595189-0.6213374885645566j),(0.015991366268153003-0.0030762836157777968j),6302750000
(0.6399116211230551-0.6176812499607713j),(0.015566015299607243-0.0036573789095379764j),6303000000
(0.6362460878413682-0.6189884946085458j),(0.015640209863489674-0.0036520165866796403j),6303250000
(0.6388057670776056-0.6149768647711406j),(0.016116255165352856-0.003769125282228711j),6303500000
(0.6359389564666357-0.6184384036310238j),(0.01544970620697144-0.0037128733228065256j),6303750000
(0.6399461776039156-0.6205215596485614j),(0.015055093100138287-0.00349592007187819j),6304000000
(0.637979048510071-0.6178197797638643j),(0.0159412587005373-0.003727008558038877j),6304250000
(0.6318388643324067-0.6210022228418842j),(0.015933332596531638-0.0032631148082268237j),6304500000
(0.6374927704903028-0.6186389133288733j),(0.01576473234818321-0.002758156091319697j),6304750000
(0.6362968900841028-0.622173174605794j),(0.016420648151792467-0.0029796631726184694j),6305000000
(0.6379460171129755-0.6169170691292267j),(0.01585947230853752-0.003379902684061262j),6305250000
(0.6390354560796067-0.6179127358866043j),(0.01600708587114458-0.003332179655492339j),6305500000
(0.6351755849419297-0.620045791828029j),(0.016569826403694365-0.004137786472299257j),6305750000
(0.6322325738777919-0.6148030972179431j),(0.016040081398208485-0.0040366708498039295j),6306000000
(0.631373039970306-0.6173525696377407j),(0.01605057086682345-0.003746368287112941j),6306250000
(0.6347475091468947-0.6217544637533913j),(0.01631234129961895-0.004047010067596297j),6306500000
(0.6304764023784978-0.6175495311786301j),(0.016187168983823-0.0029314644480711092j),6306750000
(0.637249465204025-0.6184363813688312j),(0.015836332024915332-0.0033540921869557455j),6307000000
(0.6294199276815368-0.6177628779610979j),(0.016947173199480546-0.0030604238847110462j),6307250000
(0.6342902352860234-0.6157761020482729j),(0.015303096301057209-0.003543212409041291j),6307500000
(0.625484457712458-0.6215304584808446j),(0.015870711049481633-0.003902451015444925j),6307750000
(0.6281939530809753-0.619133473495068j),(0.0159138164831283-0.003865291511420233j),6308000000
(0.6272525750503185-0.6294878073361831j),(0.015869110785758703-0.0032383629886494304j),6308250000
(0.6307135866338822-0.6289495425211651j),(0.0154609117042805-0.003554248708919301j),6308500000
(0.6265100752786829-0.6239364168595882j),(0.014930874689073809-0.004450317047093029j),6308750000
(0.6277724725452909-0.6247750844107071j),(0.015006253611181497-0.005156043290587769j),6309000000
(0.6278291532665776-0.6293469240814193j),(0.015385982705319079-0.004018053817092175j),6309250000
(0.6202706726794094-0.6272931242261102j),(0.015403735053038362-0.005514610252230664j),6309500000
(0.6167787004372404-0.6294613060994247j),(0.016175358272804443-0.004723493101307987j),6309750000
(0.6220858988311695-0.6361426172314202j),(0.014956707528068817-0.005037087769665509j),6310000000
(0.6032301093192389-0.6304877996628835j),(0.014089080255911046-0.008132357964352709j),6310250000
(0.5889410997667516-0.6339806678142401j),(0.011496095008249907-0.00564676315407787j),6310500000
(0.6068929474263466-0.6341107270819281j),(0.013700241910078305-0.007215150538593891j),6310750000
(0.6099363516622237-0.6272924188096888j),(0.011837073583237066-0.006084445235662322j),6311000000
(0.60099154004672-0.6363632454945655j),(0.01269659328387729-0.00869634047173017j),6311250000
(0.5891526776309943-0.655733479456541j),(0.013164415063595046-0.00476914370607519j),6311500000
(0.591675946949635-0.6318934312241349j),(0.013892956905970295-0.010900387772305987j),6311750000
(0.5990409497207344-0.6341397823452675j),(0.011757270936005558-0.007655305975633758j),6312000000
(0.5677284700720971-0.6323926755450867j),(0.014011504140872684-0.007376798542015559j),6312250000
(0.6151750265122337-0.642740992864333j),(0.010319751687965952-0.006465977434055527j),6312500000
(0.5975169175503344-0.6425418645320815j),(0.009740815822961-0.006956454062942318j),6312750000
(0.5809290576804752-0.6385146176716731j),(0.013098422351317689-0.007167232052527436j),6313000000
(0.5876380253247538-0.6467785247959138j),(0.01407598670021379-0.005658403125717296j),6313250000
(0.5839257242959109-0.6350078702106673j),(0.010954045607035553-0.008270081173867343j),6313500000
(0.6042386216585959-0.6463584229225072j),(0.01478966024663778-0.010227571702406613j),6313750000
(0.5875748239374595-0.6633421438561338j),(0.016204086621127163-0.00935622430942092j),6314000000
(0.6010022489678785-0.6568457035114998j),(0.015472994142194241-0.005493791319978541j),6314250000
(0.6277093075877956-0.6497595827553571j),(0.011459701920528899-0.0057117288703953445j),6314500000
(0.606237361133523-0.6376513243744096j),(0.015690762928795985-0.0047542709931847425j),6314750000
(0.5936521379851653-0.6461869836536988j),(0.0139935800900816-0.004866720651690402j),6315000000
(0.5956867316548135-0.6552148338262519j),(0.01463180040589718-0.007001237525328872j),6315250000
(0.5969043029812944-0.6449235125767815j),(0.015070193275146285-0.008500586730018956j),6315500000
(0.6098200262908959-0.6313756668421959j),(0.013838223422351803-0.00468180935735203j),6315750000
(0.5967269631260239-0.6504614327002224j),(0.013869877065050029-0.009124487565362646j),6316000000
(0.5993468753958336-0.6436144424686335j),(0.014252809866653305-0.009996029916365131j),6316250000
(0.5921125240604695-0.652748491484402j),(0.014406589309984983-0.008621956617382744j),6316500000
(0.5866253053150474-0.6548684978372202j),(0.01738549677588184-0.009390617109861235j),6316750000
(0.6080923455955473-0.6318493485121996j),(0.01743464724683332-0.006469110430229009j),6317000000
(0.6300014621049037-0.6428301185201624j),(0.015430012496414137-0.00554426232533418j),6317250000
(0.614311283346244-0.6477245481498402j),(0.015616135875928947-0.006961692349973777j),6317500000
(0.6059184648303824-0.6205317643413618j),(0.012371330138557454-0.009687491667354227j),6317750000
(0.606251152270227-0.6452653724456345j),(0.019972294355164386-0.008039243465166272j),6318000000
(0.605900362801265-0.6394453790525584j),(0.01499618568144028-0.006635763547942889j),6318250000
(0.6188350835779941-0.6384927693146445j),(0.012588910436805281-0.0053784548127027675j),6318500000
(0.5996396083456449-0.6566675040581396j),(0.01624450577259065-0.006119002196986558j),6318750000
(0.5982158855299288-0.6191690371952145j),(0.01567987703731521-0.006592931091259092j),6319000000
(0.5957634285270355-0.6460424415974125j),(0.015253910064895215-0.006290870219540431j),6319250000
(0.6033007352927275-0.6446236966014068j),(0.013818062046769613-0.0055125361339086465j),6319500000
(0.5852711072330861-0.643427216711144j),(0.015454389874063616-0.0089252861406741j),6319750000
(0.58934051612645-0.6550345405586772j),(0.012472805069573446-0.0065409633373460525j),6320000000
(0.5987140585199447-0.6461284886628097j),(0.014117259448959023-0.007622105813626786j),6320250000
(0.5795642036655684-0.634514864179779j),(0.015765914747304544-0.008010314676425677j),6320500000
(0.5687496456725264-0.6309590327672995j),(0.014047419654731738-0.007125387680793006j),6320750000
(0.5518821002853174-0.6446608043466298j),(0.015831693475758794-0.008072274980219278j),6321000000
(0.5549952457728302-0.620269166357423j),(0.013433039252106612-0.007331280452436436j),6321250000
(0.5347637249980286-0.631537188520467j),(0.017150373568073175-0.009552813076751068j),6321500000
(0.5667129622825995-0.6413387689348583j),(0.012530068555476764-0.007760115306276956j),6321750000
(0.5510438382747337-0.6479225950996716j),(0.01706578448925569-0.006624748002805548j),6322000000
(0.5693851154044061-0.657967555429333j),(0.015164701986532724-0.009535013497907559j),6322250000
(0.5550437652391532-0.635058540909541j),(0.01774537444519103-0.008812612008144032j),6322500000
(0.522314696152886-0.6623161086046103j),(0.018381617696364545-0.005842498698276265j),6322750000
(0.5538210739889827-0.6377315393208692j),(0.014210332636527613-0.0046591772688658875j),6323000000
(0.5273938850132409-0.6577085365374467j),(0.01538504876671302-0.006404527086305023j),6323250000
(0.511072878320199-0.6518099086665293j),(0.013050489455488474-0.010374301668179648j),6323500000
(0.520649981715484-0.6362183121625269j),(0.014392637552668057-0.0042154969095150215j),6323750000
(0.5031288079337023-0.6408829782986061j),(0.01333029303445852-0.007923884979254088j),6324000000
(0.5161712907330215-0.6599795955196294j),(0.01329088171207287-0.00595730315790433j),6324250000
(0.5439538504301717-0.6553451557000307j),(0.01181325280646933-0.0066871074935246685j),6324500000
(0.5548662762406377-0.6390235796225667j),(0.015589481776441089-0.009158364023448863j),6324750000
(0.5365538221900961-0.655523714966717j),(0.012753531630059272-0.00876196871544027j),6325000000
(0.5475401779847484-0.6421795255359061j),(0.010965287399833264-0.0071793442358511084j),6325000000
(0.542651231058657-0.6442460940591049j),(0.017111124953335978-0.007834378644112424j),6325250000
(0.5407634300408297-0.636547220632352j),(0.01448507856252458-0.007569700220992666j),6325500000
(0.5536441939067621-0.6485490518072039j),(0.013275893532633058-0.006215245535839659j),6325750000
(0.5351463206770088-0.6602967256434564j),(0.011332163845163959-0.011902967315516582j),6326000000
(0.5616916344456147-0.6570652506835651j),(0.012611375524798995-0.008966621769624603j),6326250000
(0.5368605934921626-0.6386243443393687j),(0.011501799955772083-0.008442562517001255j),6326500000
(0.5492423142279386-0.6483521081889614j),(0.013452414382005328-0.004461035434494938j),6326750000
(0.5252613821957587-0.6458185463773363j),(0.010856679439198696-0.006905919087417035j),6327000000
(0.5370213644131118-0.6297514684375818j),(0.012622963985759164-0.008157265459491444j),6327250000
(0.5595508415721326-0.648049523799355j),(0.012119226856167611-0.004501199363982647j),6327500000
(0.5672749146928511-0.6569227499079033j),(0.013514290256681761-0.004694606613630633j),6327750000
(0.5609782850943528-0.6257158959618445j),(0.014413094998318518-0.007363871218723092j),6328000000
(0.5755687353136052-0.650182811893602j),(0.010768746962689715-0.0058365257360883495j),6328250000
(0.5685079239637878-0.6508628420760273j),(0.01555179401054268-0.008453997083182898j),6328500000
(0.5560900460767441-0.6317001426531189j),(0.01181577322981846-0.005769343946088111j),6328750000
(0.58103710230437-0.650470280730812j),(0.010589438843652968-0.006274939730128761j),6329000000
(0.5809549105344646-0.6551770277809946j),(0.0116399991503581-0.009634971033252338j),6329250000
(0.559327152305827-0.6240836270042086j),(0.01181695667711985-0.010549553595010207j),6329500000
(0.5640086218271805-0.640633780254383j),(0.012279975953340783-0.008566314818005238j),6329750000
(0.5978540944001242-0.6458520425064932j),(0.01270353452394389-0.008574317689305604j),6330000000
(0.5579217525733758-0.6354208330878958j),(0.012928414804616168-0.007610665974273697j),6330250000
(0.602035913135687-0.6385869276299828j),(0.008721380787693475-0.006967233515841426j),6330500000
(0.5818546123593954-0.6358527987128841j),(0.01026411158110711-0.010451395924707766j),6330750000
(0.5851282322632447-0.651109781085575j),(0.012383096561233532-0.007978615388922038j),6331000000
(0.5808806499733794-0.6505499375045226j),(0.014318889750491849-0.008232101932893084j),6331250000
(0.5944914817940373-0.6421495285331164j),(0.014183284149956545-0.008270812368688173j),6331500000
(0.5670911875032346-0.6349861112725391j),(0.015390804704831057-0.00899882466686175j),6331750000
(0.6069867807681995-0.6737011951754664j),(0.01819613066524732-0.004108058209917307j),6332000000
(0.5627750786825334-0.6336680089153652j),(0.014976593449081812-0.008612050143531457j),6332250000
(0.5973153137658327-0.6661064518199189j),(0.012659358885064751-0.008333434093078834j),6332500000
(0.6090745152158729-0.6531841970999842j),(0.015042233605453238-0.00870199413401947j),6332750000
(0.5988102876795927-0.6207967820612282j),(0.01361585288570945-0.010434108703613073j),6333000000
(0.5886993356521042-0.6657402125570122j),(0.01735220756944921-0.006606523931055774j),6333250000
(0.633903238920795-0.6548957386710549j),(0.017610396259059802-0.009364596774221329j),6333500000
(0.6115873582644505-0.642975113615649j),(0.015934616067325384-0.007405789789275967j),6333750000
(0.6236397162081493-0.6552423196431264j),(0.01507707238088718-0.002868428807307226j),6334000000
(0.621962886063822-0.6603608008192906j),(0.013915014273493627-0.008269576692910228j),6334250000
(0.6116085754729862-0.6432134680161635j),(0.01595975246060495-0.006093401315049547j),6334500000
(0.6116516650500493-0.6340944485167517j),(0.017602056991041014-0.006105596602932075j),6334750000
(0.6331868365611943-0.6492341139909142j),(0.018022527828810923-0.005329718114561812j),6335000000
(0.5970168134438434-0.6653958589272374j),(0.01518992638724215-0.007612763011476385j),6335250000
(0.5934976712152449-0.6514581445114083j),(0.014453012668350935-0.0047859691423546335j),6335500000
(0.6009420164228481-0.643741406908111j),(0.013536893828235287-0.004989293964581197j),6335750000
(0.6028792536165646-0.6379019741103411j),(0.016818386863010543-0.006231217705716653j),6336000000
(0.6210256800373541-0.6570236623913529j),(0.012940210960324399-0.0041909738150957485j),6336250000
(0.6035838701906331-0.6566913423387165j),(0.018944538692243183-0.00886432375709865j),6336500000
(0.6080426413244312-0.6537669772720476j),(0.016046095827470852-0.008440683333287267j),6336750000
(0.618376705023071-0.6418712308988221j),(0.014790553245032496-0.006350526208017179j),6337000000
(0.6123444591859071-0.6397839647432744j),(0.015207568216401334-0.008721682100816558j),6337250000
(0.5914004601851113-0.6844224719096584j),(0.014858273520675572-0.006831604267281248j),6337500000
(0.6098833097309341-0.6490922891624205j),(0.01541609684012272-0.007267328975664837j),6337750000
(0.6037680531255306-0.6902474191153308j),(0.015436370893305068-0.006326868033019142j),6338000000
(0.5850547507371995-0.6364483587651729j),(0.01492368223066843-0.005650447685675287j),6338250000
(0.5692792491666504-0.6744474273595037j),(0.015094998847120462-0.00656168357655092j),6338500000
(0.6017116888867139-0.66221333251105j),(0.01574634296429014-0.0007931236510245478j),6338750000
(0.6042269981088989-0.660533570785134j),(0.015386488560523957-0.005048040940807102j),6339000000
(0.5928158457427799-0.666356405280331j),(0.01617124702440801-0.005320755587944466j),6339250000
(0.5776947201102993-0.6332460605479937j),(0.01546245596200838-0.008930550608663141j),6339500000
(0.5896086254541634-0.6509200329255591j),(0.018851222084788146-0.003119573261379683j),6339750000
(0.5948142423957913-0.6462871766871577j),(0.013632857812193325-0.007227377744807095j),6340000000
(0.5953405803160794-0.6541148035756947j),(0.014597494807268453-0.007936546141211096j),6340250000
(0.6005203740837687-0.6659825694119236j),(0.014892183451342947-0.008675126841298756j),6340500000
(0.6099657093888703-0.6418304232199745j),(0.015887891676968427-0.009981868566889745j),6340750000
(0.5821526135761179-0.6629498576933853j),(0.01781882296323783-0.007665009537770421j),6341000000
(0.5830201601750441-0.6843790621305j),(0.01833203832273234-0.004530904879940186j),6341250000
(0.5799497247022035-0.6454391011140042j),(0.01621118399053135-0.007432161253542147j),6341500000
(0.5419138883723416-0.6324312064640786j),(0.013745139201872269-0.011233254330160996j),6341750000
(0.5736368607080449-0.637821580073119j),(0.018182090667168433-0.007150394198456788j),6342000000
(0.5786628526832336-0.6752569194344747j),(0.014021820077587092-0.0026128561300201017j),6342250000
(0.5814560870221916-0.6641792497466334j),(0.01691116011167303-0.009039387053126218j),6342500000
(0.5857297245025899-0.651816574083616j),(0.015734226950296706-0.005598818033564501j),6342750000
(0.5834639100010409-0.6467911208943331j),(0.013363227583692284-0.007518310120202826j),6343000000
(0.5839019105258776-0.6425952543000989j),(0.01562511078689111-0.009985964663236733j),6343250000
(0.554379826167423-0.6326944153800748j),(0.01649852775072662-0.008445368325778356j),6343500000
(0.5914231365706334-0.6586156087451477j),(0.015743249907785348-0.010022948469659251j),6343750000
(0.5702830387913259-0.6367018043530958j),(0.017434585153058662-0.009386194123718378j),6344000000
(0.5608152573383733-0.6130516896231376j),(0.01642089396398963-0.007196944531903869j),6344250000
(0.5690091065997221-0.6319932946398651j),(0.016726678989415475-0.0058991389197592305j),6344500000
(0.5618478751562607-0.6439138088523895j),(0.02155675560284626-0.009088127614067057j),6344750000
(0.5679917669087298-0.6464461264211148j),(0.012521219246784968-0.008174330316362232j),6345000000
(0.5580396173739233-0.6480762469071286j),(0.0202532168536089-0.008770783194920332j),6345250000
(0.5629307077769597-0.634690538239104j),(0.016176469419310974-0.00809636263287265j),6345500000
(0.5676584115102905-0.6494556584154316j),(0.0182635231626085-0.008264004889584358j),6345750000
(0.540282589841579-0.6422578415388172j),(0.022222536298659248-0.012595465596921974j),6346000000
(0.5740479850975783-0.631693150637763j),(0.01608201382735817-0.006458639017105692j),6346250000
(0.5689327347366203-0.647850810065683j),(0.016962353641752498-0.007699381674171791j),6346500000
(0.5571414070336412-0.646913787785418j),(0.018859373035759658-0.0066675349675207555j),6346750000
(0.5630906052069351-0.6485023770890341j),(0.016552273240648077-0.008085457040778735j),6347000000
(0.5507164156160603-0.653609430965149j),(0.016906742321524334-0.009660158480252388j),6347250000
(0.567978493673351-0.6824478657677464j),(0.015341945945318921-0.009091414205182342j),6347500000
(0.5439229323199045-0.6526633253225305j),(0.013175031280395206-0.006008458027880938j),6347750000
(0.5626770726501831-0.634079332922595j),(0.016137149942376573-0.00584923695197016j),6348000000
(0.5481078626455217-0.6388998923893997j),(0.012651707004904107-0.00950228040882589j),6348250000
(0.5666338558415951-0.6698754374424455j),(0.01744339215053641-0.006578915278585933j),6348500000
(0.572566601297954-0.6545167858647464j),(0.014547858155327786-0.0063334107744740945j),6348750000
(0.5571406273109079-0.6380549166469429j),(0.014997299291037765-0.006445993276130439j),6349000000
(0.5592463510278982-0.6521924847645014j),(0.011248397017317027-0.00930948421977788j),6349250000
(0.5616837147761485-0.6285636000360354j),(0.01609796555431033-0.008826495952747029j),6349500000
(0.5619409410718328-0.6522847363688056j),(0.013248927787489552-0.007257029579494925j),6349750000
(0.567137296136659-0.6406622783900868j),(0.00956852193469397-0.010973257170448907j),6350000000
(0.5608993720348276-0.666483136930344j),(0.015790259829855484-0.011059429868413765j),6350000000
(0.5477051992558067-0.6594179876626624j),(0.01151494740999361-0.007580696157214528j),6350250000
(0.574569085960045-0.639180903075997j),(0.014332223792702109-0.00865546984921512j),6350500000
(0.5687517084956016-0.6561629045737931j),(0.015926730661075146-0.009684072646324269j),6350750000
(0.5804387209432956-0.6260379198283703j),(0.014596659619161179-0.008473477437311323j),6351000000
(0.5573395611526408-0.6435942522266449j),(0.013015723866463498-0.00831309679915956j),6351250000
(0.5966330427395455-0.6390329135361614j),(0.012816494458338431-0.006982298553840032j),6351500000
(0.5808533834175046-0.6666239519099167j),(0.013088168322035063-0.007944218514713289j),6351750000
(0.5878460315220864-0.6297278801882947j),(0.016898255658137722-0.008238362211101193j),6352000000
(0.591175467266135-0.6583834833681879j),(0.01470467301559059-0.007962178419676582j),6352250000
(0.5531367371209498-0.6628872729715494j),(0.013676895087528873-0.00923230256957502j),6352500000
(0.5927160812761272-0.6438209435949256j),(0.01319903459855759-0.009049434156579161j),6352750000
(0.5645478847310059-0.6493127034989504j),(0.014065808076813825-0.008072940824161585j),6353000000
(0.5759247742266864-0.6415360301407667j),(0.01311773867024051-0.008381331313559613j),6353250000
(0.5985142167328897-0.6642459736462555j),(0.01165132127028062-0.00894680437769578j),6353500000
(0.572258913666184-0.6788286178092772j),(0.015797854737809727-0.006869255650453675j),6353750000
(0.5979458536939037-0.6548190776658819j),(0.013704194586768213-0.010706963804960213j),6354000000
(0.6074981304165777-0.6599974034145843j),(0.012064957596511189-0.00211386572389223j),6354250000
(0.5796114550061281-0.6576616436900752j),(0.01576935726986936-0.008102167357749412j),6354500000
(0.5764467826164853-0.6530605956611357j),(0.014953248014462-0.009862891862976448j),6354750000
(0.5865706660026225-0.6507323302200344j),(0.013817558638537945-0.009376052865064719j),6355000000
(0.5731465152013729-0.6465178695801937j),(0.015132826639224954-0.009330388813040292j),6355250000
(0.536324540861288-0.6323952665015856j),(0.013937717353830387-0.010194721536453892j),6355500000
(0.5916420550539058-0.6647487393643471j),(0.01516500125616395-0.01048820912463099j),6355750000
(0.6085163404828515-0.665436027908063j),(0.012719619888609342-0.009967842742668065j),6356000000
(0.5889615611989055-0.67634038380892j),(0.011572510309872842-0.00865744433788634j),6356250000
(0.5603144401475518-0.6500604587570465j),(0.01184522612424753-0.010323807095962331j),6356500000
(0.5695037381119381-0.6580518254079085j),(0.012308140937222508-0.008355387340782689j),6356750000
(0.5844826873169386-0.6257791448261927j),(0.013945854777332158-0.008664507807627826j),6357000000
(0.572765541793629-0.632373524625161j),(0.010604391133848257-0.011181737680843204j),6357250000
(0.588640298404303-0.6467784402785801j),(0.013783710113957452-0.007404903359146118j),6357500000
(0.5619960577860728-0.6348663549839237j),(0.015902318338150954-0.008547200631667222j),6357750000
(0.5403945254482989-0.6563654238981026j),(0.014508836579671015-0.010933097970922604j),6358000000
(0.5800896906446645-0.62739996993674j),(0.015137037233061437-0.005565439397274545j),6358250000
(0.5763403565870127-0.6176838473552979j),(0.009777507836950989-0.01001736701523991j),6358500000
(0.5836538857369771-0.6556752349775463j),(0.016263075431308473-0.007183621327240143j),6358750000
(0.5810315562086902-0.651956407485484j),(0.017047447021051904-0.01146284394925496j),6359000000
(0.580156703631542-0.6500822824474062j),(0.014984266619907972-0.010339192874817488j),6359250000
(0.5846107006471241-0.6516759445342374j),(0.012604291552345865-0.011071263986720944j),6359500000
(0.5909647529298145-0.6483274488280301j),(0.016451463979545243-0.005105811588482146j),6359750000
(0.5997215905939682-0.6743288256938975j),(0.01412393223115721-0.008279178123765999j),6360000000
(0.619666208427709-0.6664987433668519j),(0.017069326519450676-0.010688689081980576j),6360250000
(0.6133337909543141-0.6658792714457789j),(0.019675460417998416-0.007866770880187463j),6360500000
(0.5749493660805085-0.6662645596422282j),(0.017158601932637366-0.009836949215104989j),6360750000
(0.5962427585074257-0.6276235426488134j),(0.014050426846534202-0.006354402543424719j),6361000000
(0.6168450853756402-0.634190773615135j),(0.014266328745566124-0.009778479449083824j),6361250000
(0.5785014478188149-0.6847511190981357j),(0.01737152858592949-0.013062845806583873j),6361500000
(0.6271212240403954-0.6616338406299312j),(0.018205360074541398-0.010526836695632296j),6361750000
(0.6256832504409475-0.6674788896924614j),(0.01575630931031597-0.007333519197224282j),6362000000
(0.5844016002550375-0.6496017736183662j),(0.0174925988706341-0.007904937281126272j),6362250000
(0.6147260854372818-0.6415424936712816j),(0.016583074197964266-0.009820568953033662j),6362500000
(0.6012448534861125-0.6677813760196467j),(0.012830415299311712-0.010870952433994205j),6362750000
(0.6024045920328346-0.6614008445355228j),(0.017244186975425152-0.007491473156354519j),6363000000
(0.6199813967848145-0.6481398531233412j),(0.0167757834941993-0.011875052471555275j),6363250000
(0.6326787737738924-0.6817697285422777j),(0.015170500297410221-0.01060086199357025j),6363500000
(0.6002068973743171-0.6699512568109801j),(0.017740083705131787-0.0103764443223227j),6363750000
(0.6180925616242315-0.7112235377652538j),(0.018435429152205834-0.007606927473524207j),6364000000
(0.6402664817165645-0.6534018004860376j),(0.01605434719341976-0.009989936083727762j),6364250000
(0.6187206917957255-0.6898341436166563j),(0.014610426136383428-0.008830252533271535j),6364500000
(0.6258046969632893-0.6710315483339782j),(0.014424914475237334-0.008697601476593635j),6364750000
(0.6320304100088979-0.6889074078108636j),(0.01610755641426124-0.009533658033102571j),6365000000
(0.600635067381673-0.6831613033383979j),(0.012289570205976963-0.009065352229284009j),6365250000
(0.5960367357115987-0.6599437330050136j),(0.014160830459181536-0.00970804453867989j),6365500000
(0.6465145322086691-0.6982859367233714j),(0.014928984884792367-0.008605746300790078j),6365750000
(0.6088645792157331-0.6753014204539117j),(0.014560013384005862-0.009676431021497931j),6366000000
(0.5840978147341296-0.6729850518227203j),(0.014628694733188974-0.006550721946384919j),6366250000
(0.5904052651767705-0.6652429507178775j),(0.016562224102311045-0.010605250600702608j),6366500000
(0.5952373607359492-0.7076291676439749j),(0.0156800082723239-0.009050524534187705j),6366750000
(0.6212400861131683-0.6889194694099681j),(0.015460513799688226-0.009749249176845535j),6367000000
(0.6037986151226032-0.6603353272224095j),(0.01574570282985131-0.010856421795740378j),6367250000
(0.599739999095735-0.705458234130223j),(0.01337964810433829-0.00822122497600611j),6367500000
(0.6321327599872122-0.6834629490451457j),(0.015102475071749374-0.011138858575865116j),6367750000
(0.648613775941014-0.6903363001430426j),(0.016694859545521683-0.005699629852720794j),6368000000
(0.5760537769456688-0.6697378441060791j),(0.015203133977329438-0.010529996818971476j),6368250000
(0.6242601276745949-0.6728374447427916j),(0.01504693172567115-0.010830247862944642j),6368500000
(0.5849348418031451-0.6773094741158854j),(0.015354293185241459-0.007313824105481012j),6368750000
(0.6267807728795107-0.7084726355627836j),(0.012259646095024553-0.009258817283300682j),6369000000
(0.6115885410380862-0.689160238942686j),(0.017423625338281713-0.011498483817003222j),6369250000
(0.6271962651165808-0.6572448634315329j),(0.02001493852122942-0.008740734867336702j),6369500000
(0.6164958951479069-0.6616983271000534j),(0.01820259515063793-0.006948809348185843j),6369750000
(0.6177021701657196-0.6774722946591692j),(0.013862815420820936-0.01054451059876543j),6370000000
(0.645388295731703-0.669000925910274j),(0.017845354521186966-0.009413708340458602j),6370250000
(0.6858522676262323-0.6815445377475361j),(0.01209359048465912-0.007588060590572201j),6370500000
(0.6193958247896711-0.6719936065007497j),(0.011847308916742055-0.008233188378102097j),6370750000
(0.6413336695493186-0.6550486197484242j),(0.014252785948746549-0.008879957547652187j),6371000000
(0.6423522559396408-0.6420289556382828j),(0.014743699930307727-0.009137884086135625j),6371250000
(0.6669382325421731-0.706193174835134j),(0.016331596552204144-0.01162263710643597j),6371500000
(0.6403993456277938-0.6548794929148647j),(0.016104188637619154-0.006088711433086677j),6371750000
(0.666104091766743-0.6813788758076993j),(0.01555757182574963-0.007712006571731756j),6372000000
(0.6780419782924976-0.6758444642213709j),(0.014635010958372725-0.009874239091042155j),6372250000
(0.6590268805175487-0.6563787255403474j),(0.014735328913567332-0.011991153302260056j),6372500000
(0.6624828147657593-0.6771347723573364j),(0.013370751475496505-0.011871121064295255j),6372750000
(0.6413761971729361-0.6981530310865236j),(0.013743432386965158-0.00901445228091297j),6373000000
(0.6426567726192506-0.6850200177468012j),(0.013064512198414084-0.011351668466334803j),6373250000
(0.6698329593368749-0.6610370793275437j),(0.01512088945776601-0.009109950170522936j),6373500000
(0.6501545109458792-0.693488357364696j),(0.015899270995616027-0.012124311538527829j),6373750000
(0.6580187451336456-0.6825678280281946j),(0.010876166964720244-0.008010419980766518j),6374000000
(0.6629888900034474-0.661448420880757j),(0.011648389772285522-0.00637611165518698j),6374250000
(0.6783588726802977-0.6377814147497316j),(0.012508234652346779-0.014016842674861259j),6374500000
(0.6781451899534551-0.6778147379186877j),(0.01349740473829716-0.005571301510484285j),6374750000
(0.6117447490428722-0.6580735663598365j),(0.012467109951263511-0.010416435233376615j),6375000000
(0.667177222789874-0.6663380504541551j),(0.012011292523445719-0.008270576132633796j),6375000000
(0.6652107091211223-0.6613185515956096j),(0.013118357673202182-0.010543796860068889j),6375250000
(0.6575551697176062-0.655968472626619j),(0.011020744738391437-0.009331250436241412j),6375500000
(0.6612607135848172-0.6314706123026362j),(0.010863819241472122-0.0085111092331713j),6375750000
(0.6348858669459634-0.6549682483623175j),(0.014111886623742484-0.0102771371154972j),6376000000
(0.6494282289376877-0.6471281217921716j),(0.014502710014570906-0.010113253321270697j),6376250000
(0.6277761707492047-0.6720098303936898j),(0.014618796409144624-0.011482484027187184j),6376500000
(0.6596324016521509-0.6823340917039218j),(0.01646467887249224-0.008722250311171811j),6376750000
(0.6052851671689704-0.650151875215262j),(0.014148280570781345-0.00661572303350739j),6377000000
(0.6341087246888255-0.6647976252382453j),(0.012850892379175635-0.0070725621482132855j),6377250000
(0.5822846307757004-0.6660023046169242j),(0.01282174855933489-0.009407047719171087j),6377500000
(0.649543330181819-0.6265246377140803j),(0.014740362348623555-0.00690300407066103j),6377750000
(0.6198706961312074-0.6271424743451126j),(0.01386003364512082-0.005320089383411291j),6378000000
(0.6526848385862843-0.6428138172549435j),(0.011938823274087646-0.005842630290438407j),6378250000
(0.6364962147318435-0.6382492636694597j),(0.013124389042289264-0.008911694186917224j),6378500000
(0.6500776714836416-0.6338396547812858j),(0.014303861140528033-0.004849414883476771j),6378750000
(0.6086093342691558-0.5979930091304093j),(0.013071950449123302-0.006730681175726979j),6379000000
(0.6386787313374008-0.6196764000799896j),(0.01367130288567713-0.004746997911444099j),6379250000
(0.6124696060525495-0.6103502672294177j),(0.013570117014567212-0.007233428965535765j),6379500000
(0.6041516490531286-0.6297381085189184j),(0.015292541345931228-0.0099131445083607j),6379750000
(0.5642353593874169-0.6243151375783725j),(0.014453180834820032-0.011534855988274495j),6380000000
(0.5645390599748172-0.6710290982781425j),(0.014343825679396786-0.009464053581385485j),6380250000
(0.6512094419160275-0.6578669488085211j),(0.016597890082538577-0.012262879524678354j),6380500000
(0.5776527351731202-0.6613869045359517j),(0.014300669825149-0.008555086298707876j),6380750000
(0.6502437174145457-0.6504034014921168j),(0.009922038752630218-0.007244194097290401j),6381000000
(0.6396964053197253-0.6494964971189062j),(0.014650625208796732-0.00991002511131232j),6381250000
(0.5657990403115692-0.7008116629088351j),(0.013057706177612097-0.006913049264707591j),6381500000
(0.6219754631051934-0.6600860018620389j),(0.01470501077715446-0.008326566245909824j),6381750000
(0.5984176493249701-0.6809298959519848j),(0.016868968437906137-0.01145390241576972j),6382000000
(0.5703787412184484-0.6441328892881197j),(0.01552660034948528-0.009721275594795444j),6382250000
(0.6021610521925076-0.6962936379290886j),(0.012467535331550983-0.009427063478776877j),6382500000
(0.6229554470034775-0.6604379763894106j),(0.014554301066097362-0.009500538688033364j),6382750000
(0.5823815052600737-0.6334491926589377j),(0.013627586109144807-0.01132473685569832j),6383000000
(0.5907402177711669-0.6892756268264415j),(0.012325714251556232-0.007881252057487919j),6383250000
(0.577769978868856-0.6737494268209984j),(0.012492745231897385-0.009713619775698545j),6383500000
(0.6014599557338307-0.6938936708216009j),(0.012550766917836685-0.011997476453926757j),6383750000
(0.5638854814424423-0.6978063130448834j),(0.016443628477511574-0.007552676183015172j),6384000000
(0.5619826506433241-0.7350174503860516j),(0.01951151073415451-0.011211310667225005j),6384250000
(0.5892038324097171-0.7100823319885059j),(0.01494136680818023-0.011106520882233876j),6384500000
(0.5895670052578146-0.7282489734298361j),(0.01563006373998003-0.011483969734204307j),6384750000
(0.5915317693142702-0.6962378889854308j),(0.01476326857050952-0.013929358221956671j),6385000000
(0.5926655746519677-0.6862763959672612j),(0.012569439939373421-0.010765316614841904j),6385250000
(0.6188580256961371-0.7203260493345105j),(0.012157951172593098-0.008857970443964996j),6385500000
(0.6107574855011318-0.6612352441199154j),(0.012930676947242092-0.007794691765120704j),6385750000
(0.6326662485212355-0.6986545713974184j),(0.017215231230055156-0.00954717704439809j),6386000000
(0.6067909680219599-0.6547960439215448j),(0.015222319690303745-0.009586755349470859j),6386250000
(0.6187576146489946-0.657168179169559j),(0.014797440292029387-0.00965978332247696j),6386500000
(0.6203589766294683-0.6093507829083876j),(0.012472511694762503-0.008112647688971774j),6386750000
(0.6183400519993821-0.6127540957087084j),(0.013618287548809926-0.012830125243556546j),6387000000
(0.6305913176935435-0.6416697071280406j),(0.015397897041686232-0.007998298059232458j),6387250000
(0.6224512382754148-0.6337916396433027j),(0.011292542854147589-0.009577087699835209j),6387500000
(0.6744762662453927-0.6225159534189316j),(0.013394453719071098-0.00945691757672316j),6387750000
(0.607296921589148-0.6410699156265323j),(0.014894181960226686-0.011848096403806765j),6388000000
(0.6517726965978555-0.5663891219839468j),(0.013184008498504976-0.008354449666717422j),6388250000
(0.6405570940963862-0.5971770804878428j),(0.015416608903240656-0.007428347553111571j),6388500000
(0.642819244484228-0.6135428600164211j),(0.011185985027191188-0.008180717591185287j),6388750000
(0.6820037910515586-0.5865956174470062j),(0.01175375037382659-0.006629841069759695j),6389000000
(0.6502160167593025-0.595933995054193j),(0.013617307358276135-0.008866676761590083j),6389250000
(0.6470483402129196-0.5686575770719207j),(0.014120523671840217-0.004097534635145412j),6389500000
(0.663509782185714-0.5831026535451974j),(0.011733141787374004-0.008970407762808882j),6389750000
(0.6450653159908358-0.5902524435548058j),(0.009462447437496416-0.00702482606955144j),6390000000
(0.6755043764666523-0.556925681512207j),(0.01433830341451213-0.007947781087818477j),6390250000
(0.633598143264227-0.5831238428727561j),(0.01213246332805923-0.011018197388719729j),6390500000
(0.6443474644689136-0.5657460306134569j),(0.012272149442109246-0.012414065868762909j),6390750000
(0.6720615915095318-0.5844666287155771j),(0.014211049498542183-0.011796011338828226j),6391000000
(0.6358153846107105-0.5982252713639137j),(0.013359851254860578-0.011190591608907653j),6391250000
(0.6479299272381254-0.5972122760955642j),(0.014489369640337337-0.008187729785976768j),6391500000
(0.7002548355643939-0.6078432013459734j),(0.01139951091632924-0.008574448459379517j),6391750000
(0.6304686736755116-0.6278325573126528j),(0.014019485539050804-0.010640280148363004j),6392000000
(0.6603619558951107-0.598765350478882j),(0.013887569070916919-0.010666221970463474j),6392250000
(0.6557179766472946-0.6283570754324226j),(0.013249179676487706-0.011648027528118497j),6392500000
(0.600358947231554-0.640392554381705j),(0.012246923325198283-0.010364257215007798j),6392750000
(0.6167453803697274-0.6341923601709918j),(0.01124306410264668-0.01217836655880768j),6393000000
(0.628309008569146-0.6277711381251271j),(0.015521669108359228-0.00888646249708861j),6393250000
(0.6397987591825716-0.6450629630215844j),(0.014306963200630723-0.012067191436725432j),6393500000
(0.6250151688784762-0.5722479033799036j),(0.01096566901097067-0.009853733608136687j),6393750000
(0.6325634171025908-0.6422871475600512j),(0.016429902763952054-0.013540021268855916j),6394000000
(0.6160314905054212-0.5984892641473842j),(0.0164490845393833-0.01489922913281326j),6394250000
(0.6474015022585545-0.6660606807384047j),(0.016669465291208278-0.01273951431478013j),6394500000
(0.5974646627198474-0.6516326420543262j),(0.016364724065045584-0.014909913319626909j),6394750000
(0.6166211207411194-0.6442238884584077j),(0.01213813472226377-0.016109243453518562j),6395000000
(0.6089065454960052-0.6232950755772574j),(0.014073821885901635-0.014778753110289205j),6395250000
(0.6431026714617586-0.6376475275373684j),(0.015986680204310467-0.015187226041085309j),6395500000
(0.6091713642004376-0.626890195047827j),(0.014327840543507156-0.012914001059453853j),6395750000
(0.6476072227797905-0.6578696740832088j),(0.015751354665587095-0.014943331177920537j),6396000000
(0.6249417873057374-0.6593193344243451j),(0.012981355744319844-0.014977961848469952j),6396250000
(0.5831835380329357-0.6782978206203204j),(0.0159597657510087-0.013853985532622825j),6396500000
(0.6240788381973214-0.6384099424695721j),(0.014795504089857563-0.014958352161085469j),6396750000
(0.6523361237505751-0.6617348112719093j),(0.01536284352156447-0.015147284186583695j),6397000000
(0.6180324007120064-0.6548082594564675j),(0.015302078634938607-0.01639270477226596j),6397250000
(0.6181912748116175-0.6018761750571479j),(0.015255183117760019-0.014938083655468223j),6397500000
(0.6595995836887771-0.6665109913753017j),(0.011592031816391415-0.014370308342415407j),6397750000
(0.618711162113016-0.6285254476536593j),(0.016026743234596887-0.012730260752902343j),6398000000
(0.628670322929301-0.6180041068942389j),(0.014475368481021003-0.012579295755471474j),6398250000
(0.6685540312283552-0.6314791087575415j),(0.016148978277263075-0.011443879694367769j),6398500000
(0.6863962476877506-0.5944211995891804j),(0.016418331516118018-0.010463497464826646j),6398750000
(0.6145375896204871-0.6245515940409212j),(0.014097934404175802-0.01413221399207268j),6399000000
(0.6416522785665203-0.59065939864473j),(0.0167888074932726-0.01153218000535317j),6399250000
(0.6036977904449156-0.5998012927860497j),(0.017450448444053957-0.014998576117355576j),6399500000
(0.6290590036300844-0.6002050970958218j),(0.014652981837408782-0.010477937943012265j),6399750000
(0.638165578915365-0.5888972936903059j),(0.014771167604236995-0.010727462290419376j),6400000000
(0.6769925407965384-0.5910586763414539j),(0.012679827226582206-0.011504541827166443j),6400000000
(0.6629888035051114-0.6149898956836514j),(0.013391823093879467-0.011587733816720546j),6400250000
(0.6212658069278794-0.5781867154048587j),(0.012806141585342436-0.014055495197414452j),6400500000
(0.6613778476458008-0.5945688589369065j),(0.011337628527469001-0.009808266314131385j),6400750000
(0.6179212467274106-0.6063038346999264j),(0.014671628343720433-0.012105837797745517j),6401000000
(0.651505430140263-0.5993304495111874j),(0.014020121482213325-0.012591066793979812j),6401250000
(0.6483905528520523-0.6218710114521182j),(0.013993790332642463-0.011331314739997324j),6401500000
(0.6195780246395051-0.5873817781095837j),(0.014347757770537019-0.01409037571436649j),6401750000
(0.6603940297440557-0.620072955319835j),(0.015950550752096466-0.01064457261211091j),6402000000
(0.6440718742517978-0.6292098200727263j),(0.015046525187751578-0.01287745325873806j),6402250000
(0.6226494067669707-0.6140893872636684j),(0.012279771015387778-0.009023065527080302j),6402500000
(0.607385223317694-0.6490463004874022j),(0.013790980886746351-0.015114646568350595j),6402750000
(0.620189289787111-0.6243831658303383j),(0.017142055097911155-0.007924974524525844j),6403000000
(0.6221893460724056-0.6430551358640108j),(0.014556052321061401-0.01323173317138865j),6403250000
(0.5921353604440164-0.6604913429949657j),(0.014229331322968861-0.011537028556022016j),6403500000
(0.5969646062969575-0.6465777722304056j),(0.014774323466515468-0.013642071395350567j),6403750000
(0.6332760060994295-0.623298901016501j),(0.016553380482163472-0.011153303764655204j),6404000000
(0.6156574341399629-0.6684788728881084j),(0.014658684774610185-0.0144399540564546j),6404250000
(0.6041233362343188-0.6603499599114099j),(0.014447464057903727-0.01184060021659891j),6404500000
(0.6032694346694345-0.6084454755718883j),(0.018724180839142443-0.015872454909403977j),6404750000
(0.6394849624837485-0.6604743673197327j),(0.019259920243138814-0.011039712686803281j),6405000000
(0.6114493826524154-0.6636103229318394j),(0.01584146117516622-0.01414217818137201j),6405250000
(0.612787221676174-0.681093276009162j),(0.014987172332247804-0.013118984258545123j),6405500000
(0.6005569778121119-0.6855440588570412j),(0.01394640244585696-0.013191208295476644j),6405750000
(0.5885775020691161-0.645205533101059j),(0.013558517415561949-0.014427402939631021j),6406000000
(0.6188194217262545-0.6687182490139788j),(0.015098042634796263-0.014459685756664816j),6406250000
(0.5930466783478575-0.6639901502436735j),(0.015203386016039686-0.011682050027010112j),6406500000
(0.5979427151747381-0.6933897354974041j),(0.018402245526619666-0.014577296943199829j),6406750000
(0.6195214912309027-0.6917163782964145j),(0.01584876794238991-0.015907839447074093j),6407000000
(0.6657548314086512-0.6848634136829732j),(0.015449851716446856-0.012983136633905186j),6407250000
(0.5796961941850293-0.6902624023463334j),(0.015101758577959597-0.015473977262450233j),6407500000
(0.6142052626428867-0.6860673524180506j),(0.017097114181327113-0.014037295702673558j),6407750000
(0.6004459737992828-0.7036187747584711j),(0.015941619016015988-0.017760326327616337j),6408000000
(0.5767881121076581-0.6594378111073922j),(0.016196746386582417-0.01262329762027823j),6408250000
(0.6380349066962907-0.6678345212268892j),(0.014019551616745965-0.015671527506734007j),6408500000
(0.5876236040601729-0.6770055844725347j),(0.016370320449285998-0.014818850245815323j),6408750000
(0.6537958508778094-0.7013847693861105j),(0.013147212207021955-0.015375944906284501j),6409000000
(0.6781410914288976-0.681419800696014j),(0.017604249684979704-0.013611249265824578j),6409250000
(0.638279000346886-0.7088040784416852j),(0.014708317770334047-0.015215820398675015j),6409500000
(0.6177483854432227-0.6883923101921652j),(0.011693706083472113-0.01401315251604657j),6409750000
(0.6561692686019327-0.6870953237889867j),(0.013218514924449167-0.013655936022205474j),6410000000
(0.6378607243438333-0.6673366728658513j),(0.016219323351632543-0.014182461956236854j),6410250000
(0.6107239125605745-0.7093990040602439j),(0.014001443127320998-0.018422849473169526j),6410500000
(0.6486631090441273-0.6819872887680668j),(0.013530321668355856-0.016052787114903686j),6410750000
(0.6150531255214893-0.6761343716276237j),(0.012309704355876562-0.015453002023086474j),6411000000
(0.6148025810285009-0.7168268708586887j),(0.014222382787186296-0.01626528443523235j),6411250000
(0.6075916071078239-0.6752848480712987j),(0.012364750146418321-0.016273156869829886j),6411500000
(0.6629776256879184-0.6148175489330394j),(0.01595118940315199-0.017197224736390827j),6411750000
(0.6538897807901053-0.6578018637474724j),(0.012922015309166706-0.013877967342714393j),6412000000
(0.6407942516446288-0.7170441889310019j),(0.01416615027047515-0.01924439686740694j),6412250000
(0.6535286792461691-0.6691170641391311j),(0.009780592113371-0.016019192329339686j),6412500000
(0.6251656873004292-0.7061162010875847j),(0.014921356215191629-0.01806033436041285j),6412750000
(0.6057988255028078-0.7234360384254792j),(0.011939768250653779-0.01390008490850297j),6413000000
(0.6427528732884673-0.6741709598186769j),(0.018506890810447287-0.017803766906405862j),6413250000
(0.6028344743956083-0.7132190190434791j),(0.016625697868933042-0.01797902462766476j),6413500000
(0.6124790822121319-0.7009878627027709j),(0.016831967069778516-0.01518168719753845j),6413750000
(0.6624344231611831-0.717079023216619j),(0.014535864606654429-0.018976687951839644j),6414000000
(0.5705172028713442-0.6870706996687633j),(0.015656486615456426-0.019257066244282677j),6414250000
(0.6327856490662318-0.728781993734982j),(0.016037781391767696-0.018914108621964677j),6414500000
(0.6252311441620209-0.7202285908683386j),(0.017077278468537623-0.017225810046267977j),6414750000
(0.5821278130735161-0.7067817904135909j),(0.015733658250863695-0.015162314213594007j),6415000000
(0.6446233560631301-0.6852192643282492j),(0.01815387475400501-0.01693949730266356j),6415250000
(0.6049307393803179-0.7140670315680987j),(0.014104238271678938-0.017190177842248255j),6415500000
(0.626236276909881-0.7020987005201196j),(0.01777586304839826-0.016672845712856092j),6415750000
(0.5792305600146386-0.7004922573930257j),(0.014474000304934906-0.01614025499758327j),6416000000
(0.5612593890958051-0.7411813369385033j),(0.017713212383452723-0.019551165907074616j),6416250000
(0.6073958619919818-0.7286185104545072j),(0.015237120931688433-0.01749342792301799j),6416500000
(0.6165187833615873-0.7554204007693868j),(0.01957169916290792-0.018972452590106645j),6416750000
(0.5971260799230075-0.6912558753769751j),(0.019339189809178724-0.01762631309541988j),6417000000
(0.6322132553199594-0.7713946150374787j),(0.017043817174282057-0.019966612225144512j),6417250000
(0.6073850678248666-0.7087099303993487j),(0.020167917477411475-0.019562199123512654j),6417500000
(0.5968613300141515-0.748086443316077j),(0.015497054443831957-0.018062383439977653j),6417750000
(0.6412961730091536-0.7303514828572453j),(0.01550335959479201-0.020427408367313996j),6418000000
(0.6132448577990529-0.7105008420530403j),(0.018195373125319606-0.018437298770665803j),6418250000
(0.5470575563274287-0.751918971670382j),(0.01630896586988506-0.0208439407885708j),6418500000
(0.5802750295991552-0.7317904854535496j),(0.014774782717707007-0.019899988263353433j),6418750000
(0.5978075419261213-0.7145935080259768j),(0.01587369149487833-0.016407927370798603j),6419000000
(0.5619828722803447-0.7397109010555523j),(0.01666531260540733-0.01969258261620299j),6419250000
(0.5996010938384482-0.7455152952750458j),(0.01516846519221983-0.019160294701402295j),6419500000
(0.6076791533757752-0.7116119054883885j),(0.015200063788348523-0.020009681629031485j),6419750000
(0.6081968394582664-0.7389241949994599j),(0.014289607450364467-0.019364061730344516j),6420000000
(0.5871816315271963-0.7080170175526743j),(0.013200480033979969-0.019890581653157914j),6420250000
(0.5897355561484658-0.7108106387170711j),(0.01352532740275778-0.017995577590652116j),6420500000
(0.5954046271142793-0.7270524622330611j),(0.014152435618897289-0.017988246087587194j),6420750000
(0.5937575690829251-0.7400680670505524j),(0.014597485855268343-0.01765615832992386j),6421000000
(0.6698590381047816-0.7113584140401114j),(0.01143655498045233-0.016284041476763354j),6421250000
(0.6226605444926903-0.7460850098886993j),(0.012887218481344557-0.01776198291486799j),6421500000
(0.6193427175767732-0.7171838320321546j),(0.011468334458321596-0.0185445801619412j),6421750000
(0.6421360892888985-0.7106473249415858j),(0.014690183602739652-0.01988775510072846j),6422000000
(0.6037923934036455-0.725585396629502j),(0.010868149041762191-0.018943881015085966j),6422250000
(0.5776115619712408-0.711250388751751j),(0.009185573892363106-0.018049533962038348j),6422500000
(0.5881275980088647-0.7153840645148504j),(0.016601901908609155-0.02004537448508911j),6422750000
(0.6175456904394007-0.6705795354122634j),(0.01070577605155831-0.016718355766781122j),6423000000
(0.5939141241770064-0.7140640477801766j),(0.011560212273736705-0.018541086855668933j),6423250000
(0.6077910856412325-0.6729756692991539j),(0.012293102107260168-0.018289926932581187j),6423500000
(0.550199697375916-0.6902320395661996j),(0.013007651265213404-0.02003361396802479j),6423750000
(0.5794391729835147-0.707194453381425j),(0.012199515130887425-0.01777668351709729j),6424000000
(0.563526879616977-0.7299861218391893j),(0.01037820626713611-0.018211970098558256j),6424250000
(0.6327662072298592-0.7445401896976109j),(0.011431295725125079-0.019448216946983413j),6424500000
(0.5490514061723704-0.7410499524224394j),(0.011299590644584445-0.021856376560449073j),6424750000
(0.559440637582063-0.6996073056117198j),(0.011962139963354951-0.020499492357739464j),6425000000
(0.6154500573654936-0.7078821501609481j),(0.012598154942468028-0.02006685133106377j),6425000000
(0.6063029684083668-0.6873536472041069j),(0.012667264110127242-0.02077243754855921j),6425250000
(0.5799961761954328-0.7128676712186268j),(0.008502844719775627-0.017938722741584173j),6425500000
(0.5958437948531262-0.7485566222038572j),(0.010041211695838347-0.019334887477406346j),6425750000
(0.5738884913683073-0.7219019303129672j),(0.013285072463492992-0.018203021700192404j),6426000000
(0.5673397591168249-0.7435101006405187j),(0.01065644984367609-0.016321580836106436j),6426250000
(0.6035907795861082-0.686961319172569j),(0.009780493428128163-0.016969867053748127j),6426500000
(0.5660307215610336-0.7214064369208644j),(0.008856570301140721-0.01949007699487468j),6426750000
(0.556567387216337-0.7088545084093973j),(0.009357418317886251-0.02275430490368528j),6427000000
(0.5603492683402359-0.7553635265254951j),(0.011771730723707373-0.02324786536294178j),6427250000
(0.5701908269368913-0.7315245297221344j),(0.012004529396469172-0.017864031290162865j),6427500000
(0.5491990529447295-0.757267583390154j),(0.011386463721212641-0.01919412316656763j),6427750000
(0.5540898898188871-0.7467080925429213j),(0.010826115160847184-0.019030435247779264j),6428000000
(0.5321913646772544-0.7418064994102825j),(0.01007635357688221-0.01854523428177093j),6428250000
(0.5929076161568543-0.6968407963095965j),(0.010226041381226271-0.01936023050552707j),6428500000
(0.4985577330980195-0.7163905631153765j),(0.010716886262133012-0.023577831104216403j),6428750000
(0.6092207918951419-0.7349245697122629j),(0.00978737896709218-0.02058609241568303j),6429000000
(0.5940195634551478-0.7705734245579614j),(0.012605966364009607-0.023243447803612524j),6429250000
(0.5497156061032384-0.7402700213032418j),(0.014339260431807999-0.019628699726714036j),6429500000
(0.6038569447521333-0.7139734741634534j),(0.011340858316062645-0.018144339596352085j),6429750000
(0.5727494171289622-0.6886411419288895j),(0.008285811221080425-0.02293695014950391j),6430000000
(0.5204524170176416-0.7441374288924174j),(0.010360284399871487-0.023412652477551404j),6430250000
(0.6180594346184088-0.7107396586720038j),(0.007020269997063464-0.019662425827566745j),6430500000
(0.5931900468962452-0.6899401070230684j),(0.011998650258432433-0.01679880713893475j),6430750000
(0.5621274684301758-0.7566664518603727j),(0.00872560586638403-0.018665885633228872j),6431000000
(0.5908664703270537-0.7178545551956915j),(0.01506449289177076-0.02093316139215411j),6431250000
(0.5873092302817711-0.7167043694783466j),(0.012441178244746063-0.015967980818362263j),6431500000
(0.5881383648610119-0.7306123292444272j),(0.013200754344544308-0.018599815783780883j),6431750000
(0.571970928098003-0.7368079141549275j),(0.013976276504270252-0.020292044588635726j),6432000000
(0.618427864179539-0.7078218268821875j),(0.01287937749863124-0.02147779768604687j),6432250000
(0.5968377877006549-0.7506309939909445j),(0.01318371108386511-0.02086586814801146j),6432500000
(0.6002882105391596-0.7311346713810684j),(0.012346875765526396-0.01956180762816854j),6432750000
(0.6635489389115015-0.7094749951103939j),(0.014168877818066423-0.019644956435908193j),6433000000
(0.5909992342479734-0.6929037555319938j),(0.013135603450187843-0.021111037508975004j),6433250000
(0.6512401681806981-0.735156448881593j),(0.016969821967507768-0.018377769512332286j),6433500000
(0.5648293628538491-0.7338586442101264j),(0.014840288111872584-0.020545867948794153j),6433750000
(0.582627062365586-0.7156537036563857j),(0.01287307423751449-0.02096891968149697j),6434000000
(0.6198840074124037-0.6760936387379983j),(0.01615302465963782-0.017587978080395944j),6434250000
(0.608546093145858-0.6972035884970491j),(0.01680627772205448-0.018778008216602072j),6434500000
(0.5784628756075185-0.6785468063283072j),(0.013826956353919756-0.01976361794609873j),6434750000
(0.5738400743800971-0.718734579219629j),(0.012708237221911379-0.01769213873659596j),6435000000
(0.5953995898833738-0.6436557048282159j),(0.015261409098909471-0.018051457485507513j),6435250000
(0.6230080878472982-0.6805868158278304j),(0.014912116556721164-0.01811651489712364j),6435500000
(0.6102712380486703-0.6958944781977747j),(0.013629815333352092-0.01714133328894606j),6435750000
(0.6175369093402596-0.7132877459266856j),(0.01569175169120042-0.018686020918356642j),6436000000
(0.5708531225877548-0.7171525087452473j),(0.009412479995945315-0.016412800042454642j),6436250000
(0.6222141429838386-0.6876611725753111j),(0.011887781407303103-0.019641575901852996j),6436500000
(0.5962735729077738-0.7112329019005779j),(0.01374129465791383-0.018681494234438704j),6436750000
(0.575304011071002-0.692584897570099j),(0.012697426576912398-0.020296076328362854j),6437000000
(0.5422125729125511-0.646522065700913j),(0.012395009910846909-0.01755163019857361j),6437250000
(0.5844236673421488-0.6770650635502775j),(0.01047970118108828-0.01898826306675234j),6437500000
(0.5126038943964424-0.709708691180123j),(0.010812197464582304-0.018583308174636513j),6437750000
(0.589703798462753-0.6572948861472581j),(0.011535805806747573-0.017136517979916756j),6438000000
(0.5463216533482946-0.6738102441897198j),(0.009664530507403575-0.01815045176250365j),6438250000
(0.5353087152840873-0.6855787855731253j),(0.008627163865867857-0.020906948191539813j),6438500000
(0.5819326444490895-0.6814468349148238j),(0.010201440613232185-0.02179994234261485j),6438750000
(0.5826077072855378-0.6883126172806152j),(0.014203346448550386-0.01979332847570892j),6439000000
(0.6064060871054997-0.6396399269099621j),(0.011509649784217637-0.018199925022228815j),6439250000
(0.5632219753494858-0.6625355393074148j),(0.011292199665746164-0.017801018723642224j),6439500000
(0.5221669144234672-0.7191194075912486j),(0.011502024729810031-0.01852021248616377j),6439750000
(0.5677738529616253-0.6631423136075862j),(0.011636882103791369-0.019934691654272807j),6440000000
(0.5875744140147325-0.6647616818946809j),(0.011340705233094705-0.018385379627634837j),6440250000
(0.5949800429864595-0.6936172957948159j),(0.009993682737652564-0.021886127489586075j),6440500000
(0.5795447336536205-0.6576606891141973j),(0.010198949343163706-0.018559468536983124j),6440750000
(0.5389280310285224-0.7107665210274331j),(0.009438048796635769-0.020125534266459095j),6441000000
(0.5782449393708231-0.668553078506857j),(0.011755030569506494-0.018268907031302625j),6441250000
(0.5722255191773258-0.7105923987839801j),(0.012821385517030853-0.019615838334834684j),6441500000
(0.5260628272252198-0.7034773479063163j),(0.00953734383523984-0.020972563659558317j),6441750000
(0.5909205116309779-0.6461505738427458j),(0.009239611501295686-0.016822060428486402j),6442000000
(0.5909048482730016-0.6791865481438053j),(0.01388882937686273-0.019070094219326594j),6442250000
(0.5981593601220444-0.698872369794669j),(0.013109145600113115-0.01945561893246283j),6442500000
(0.550402032478428-0.7132843373215711j),(0.010840849171721864-0.018040338775919474j),6442750000
(0.5492915275631721-0.7212819216738441j),(0.011840328190297223-0.017839988301343666j),6443000000
(0.5485375573491034-0.6944555184881028j),(0.013357751434845784-0.0191839504846876j),6443250000
(0.5317234810613971-0.6811033563207946j),(0.008679079384298405-0.021762712381536202j),6443500000
(0.5889836590916846-0.6908530562354974j),(0.01297988694849495-0.018356360821573624j),6443750000
(0.6382565021770409-0.6426380728812029j),(0.009521083365942777-0.018110184886716417j),6444000000
(0.5663127485481844-0.68643823359964j),(0.010524352297904379-0.01991869780048511j),6444250000
(0.5838093922088688-0.6632490187693929j),(0.01070188433295235-0.015933503967514657j),6444500000
(0.5764945319207294-0.6232963816345956j),(0.009187343166838724-0.01665397604773205j),6444750000
(0.6227378860721002-0.6458023307555476j),(0.008702946097875348-0.017191942367976543j),6445000000
(0.6149532279584803-0.6512944970795798j),(0.008973929142388069-0.018443266302116932j),6445250000
(0.6097642916857595-0.6466261224118991j),(0.010393968528779943-0.016497609525545538j),6445500000
(0.5509450254310307-0.7336173883600393j),(0.010902438135062992-0.01942895867177093j),6445750000
(0.5922842438294741-0.6784039155619442j),(0.011181434691435996-0.019369413211514915j),6446000000
(0.5792666189006054-0.7674896187152229j),(0.009875517537251518-0.02247900101459698j),6446250000
(0.6285978767852651-0.6853393449295693j),(0.010853068371166952-0.01688689103568417j),6446500000
(0.6025815632232324-0.7160175396247666j),(0.016023831314773033-0.022082698754269714j),6446750000
(0.5745867364784534-0.7219986159675706j),(0.009884575719646408-0.02190876104976868j),6447000000
(0.580917209112184-0.6801052326778594j),(0.010663417832842572-0.02131002251499031j),6447250000
(0.5866849466928392-0.7214922056874299j),(0.009134209100237394-0.021308009136440008j),6447500000
(0.5771773603423525-0.7214868436580043j),(0.007052411369599097-0.020855582374241698j),6447750000
(0.6138241299102675-0.7106896196641145j),(0.009862432884670133-0.019930937308546465j),6448000000
(0.5842148877025999-0.676263065086198j),(0.013915870841758379-0.02146034003315637j),6448250000
(0.5886890680077678-0.7362979259717884j),(0.012527233922187783-0.02058976829959345j),6448500000
(0.5625645550470468-0.7570357569162869j),(0.011295887514343954-0.022937846633194106j),6448750000
(0.5806342636921308-0.709796597630106j),(0.00997122322474354-0.021154661164299985j),6449000000
(0.6176533058122278-0.6906683720455726j),(0.014417959463573694-0.01971374609048218j),6449250000
(0.5531205426517761-0.6882274807940716j),(0.012825710311092623-0.027189375639314343j),6449500000
(0.49442470676403383-0.7420396945391143j),(0.008324908402052333-0.023634342543195658j),6449750000
(0.5681176767131556-0.7366636086997412j),(0.013684663717294085-0.02602878499672605j),6450000000
(0.540502940041526-0.7623393009192583j),(0.00911477033939331-0.025557680507872747j),6450000000
(0.5942961407132289-0.7734966927146605j),(0.011947014829647313-0.026270586139590178j),6450250000
(0.5232487273485619-0.7743653788174119j),(0.010752354781851645-0.02651590426184468j),6450500000
(0.5648235070454839-0.6881930500858687j),(0.009776943954672478-0.02411948198951003j),6450750000
(0.5767545123880261-0.749435717324448j),(0.01135838420653797-0.02337561191972311j),6451000000
(0.5661467134900934-0.7241227135576582j),(0.012747728462265236-0.022734426834735894j),6451250000
(0.5916385948313516-0.7124496706938134j),(0.013556595047942521-0.023470258522911663j),6451500000
(0.5799266246203462-0.7470343784500278j),(0.01544020119658482-0.022377967920491924j),6451750000
(0.5602984396717935-0.73563997394375j),(0.01652807450332146-0.020528439980156226j),6452000000
(0.595566543096139-0.6418579751772951j),(0.012928438896281763-0.02314784488606835j),6452250000
(0.5876928372533587-0.6749759681425151j),(0.01342947645418752-0.024063516872549248j),6452500000
(0.5332459474829245-0.7283271395744696j),(0.009423126198081649-0.022410719476351634j),6452750000
(0.5275737614062013-0.722748394681838j),(0.009121130602371734-0.023059556076619258j),6453000000
(0.5392347690253118-0.7171766231352684j),(0.010399340019579328-0.024141700393024712j),6453250000
(0.5595237373916812-0.6929873591339871j),(0.01211581629752219-0.020648509993617874j),6453500000
(0.5925009091971033-0.6658630078896671j),(0.013521706122888862-0.021962874277974886j),6453750000
(0.5525103937504742-0.7001207633546375j),(0.010882417292076034-0.023206141080767625j),6454000000
(0.5737984377268264-0.6597870832788085j),(0.01149373868833838-0.022165135847466884j),6454250000
(0.5708079832607572-0.688060889674813j),(0.010424059941608763-0.020748654515357276j),6454500000
(0.5948919908943183-0.681048641548981j),(0.014937732316851816-0.021607419110188094j),6454750000
(0.6150571003710188-0.6739307749858354j),(0.009779049092229786-0.022885987919652222j),6455000000
(0.5788404596881604-0.670395600547337j),(0.00791660412869068-0.019428418010037644j),6455250000
(0.5359597842388124-0.6681372164534777j),(0.010988359970056842-0.021624992915423587j),6455500000
(0.5086734421322361-0.6652943039662699j),(0.009519405934698248-0.022663757143834236j),6455750000
(0.5487251517260707-0.6569984223740138j),(0.012117299032256614-0.0257437187194919j),6456000000
(0.6371605469356189-0.6474287105545151j),(0.011333375635527368-0.020778965735061147j),6456250000
(0.5433445090466088-0.6555602520876783j),(0.008804705721446706-0.02143945666792618j),6456500000
(0.5972282321746116-0.6489195341861286j),(0.009410735815389142-0.026434412156675104j),6456750000
(0.5597440558790602-0.6517846270566257j),(0.009333602499078563-0.024656650272688617j),6457000000
(0.5437301338841444-0.6525389819987646j),(0.009496075069161666-0.023116760295109215j),6457250000
(0.626868052689979-0.6421141103212127j),(0.010998462823575902-0.02363054092978209j),6457500000
(0.5453461393007009-0.650334276275312j),(0.010023955368292842-0.02459343445511679j),6457750000
(0.5966020787614839-0.6431233990316447j),(0.010504186986630384-0.024180510664315282j),6458000000
(0.5309952186939263-0.6501099451469896j),(0.012244984164154883-0.023018701437185405j),6458250000
(0.5690860905930504-0.6442187485088108j),(0.00895975485013035-0.022684327072210388j),6458500000
(0.5487064317520388-0.6457884884078411j),(0.007396453468977798-0.024510987164214782j),6458750000
(0.489621113748164-0.6528867615721812j),(0.008021510574606502-0.02503243520800222j),6459000000
(0.5368159687367302-0.6453436635416878j),(0.0076257876233107955-0.02081445806699759j),6459250000
(0.5007701592744878-0.6495337273871555j),(0.006545126975633069-0.022758394745349613j),6459500000
(0.5110953210551169-0.6470929850349785j),(0.008989066157378451-0.02584244743229474j),6459750000
(0.5834846153477287-0.6353778485153487j),(0.007760497791308343-0.02667167809978573j),6460000000
(0.4443433283336234-0.6557394947678926j),(0.006699337702248204-0.022927318936706926j),6460250000
(0.5400830427143427-0.6396941145948399j),(0.01022596070136145-0.02510638210201577j),6460500000
(0.5313588007011378-0.6400351479316776j),(0.012046186665268115-0.025897725302940707j),6460750000
(0.4740660108349826-0.6485097401388484j),(0.0064873619451604435-0.02363962674329808j),6461000000
(0.4728616493120096-0.6478773720297573j),(0.008302477989299712-0.023172840453629533j),6461250000
(0.4862120807724321-0.6444631397210796j),(0.00969183140646481-0.026120833867320364j),6461500000
(0.5247816595774034-0.6349709070769317j),(0.008196530285924217-0.02483023316650284j),6461750000
(0.4950755514268842-0.6378216915480404j),(0.007448347109070653-0.02701313005708054j),6462000000
(0.49431228481723216-0.6354293012236346j),(0.009165866185990875-0.025704666973475166j),6462250000
(0.4936753430080846-0.6330250767455593j),(0.006808291659565833-0.025802869670584375j),6462500000
(0.5809350666646288-0.6117154808209736j),(0.006424284284869351-0.026826569691289878j),6462750000
(0.5787341670345101-0.6088862332847758j),(0.00863748642215683-0.025688054877251523j),6463000000
(0.5617488015801069-0.6095091890571266j),(0.010078039352525003-0.025978144258659398j),6463250000
(0.5295884485939844-0.6141366443509564j),(0.01106316030467777-0.02725391999991482j),6463500000
(0.5075156761686146-0.6168597040831787j),(0.008230736783575422-0.029344884206643003j),6463750000
(0.5173005267396638-0.6116395615272876j),(0.009826572897773974-0.026255360685855503j),6464000000
(0.47867558390034154-0.6194109467207256j),(0.00368445202138674-0.025688869836178296j),6464250000
(0.4723410311788644-0.6188090371904492j),(0.00894440076721126-0.025849110648278214j),6464500000
(0.5231907286149311-0.6017001543869606j),(0.00797095250061883-0.024406545707541045j),6464750000
(0.5012877874001066-0.6054413084260144j),(0.005887314411632419-0.0270410975507708j),6465000000
(0.5427925649803428-0.5900815536126003j),(0.009477012603509383-0.022515247906959693j),6465250000
(0.5534135911286641-0.5837469827477483j),(0.006485729784131489-0.02773695692350633j),6465500000
(0.5757945500198335-0.5734188316081351j),(0.009109562089416968-0.027136966808287064j),6465750000
(0.5012040646054636-0.5950502296669695j),(0.00631982775603606-0.029435337450491043j),6466000000
(0.5206733282283156-0.5857190432871561j),(0.011113731068380622-0.02795615605623516j),6466250000
(0.48104804702311826-0.5970029761747332j),(0.005343350034505551-0.029589676050181812j),6466500000
(0.5186639934752331-0.5808591974711533j),(0.007919615954436845-0.030696113294612627j),6466750000
(0.5170876622394375-0.5783572472182231j),(0.006386104768918011-0.02808336365361348j),6467000000
(0.5700411549322478-0.5531167766397521j),(0.003844113009892195-0.02938880050720638j),6467250000
(0.5111106180078139-0.5705017257276112j),(0.008764985249274914-0.02517497099329698j),6467500000
(0.44677695472970635-0.5913640106141668j),(0.006063569356803624-0.024733379311063074j),6467750000
(0.4522758217439302-0.5846522651234287j),(0.0059632639368197024-0.02525153208407741j),6468000000
(0.5393733162910375-0.5436721423972082j),(0.006804822708604101-0.025032149736255963j),6468250000
(0.5220714163245532-0.5457685643969684j),(0.0040722090849216845-0.025503143777011673j),6468500000
(0.5381560981855551-0.5337032045714316j),(0.008625285688378127-0.025319935678373057j),6468750000
(0.4912543392672155-0.5492982201575365j),(0.002153505033701633-0.025224742908610563j),6469000000
(0.4978255576755466-0.5415008679317983j),(0.003755244106800183-0.02381374461580627j),6469250000
(0.5153409347489426-0.5285358847034239j),(0.0032006315964838955-0.02569073716757012j),6469500000
(0.5134550492055588-0.5244120632672254j),(0.005255962054030446-0.025049071775010413j),6469750000
(0.4947594007322957-0.5284156258386893j),(0.006349502936832336-0.02665715957339215j),6470000000
(0.5017108593480003-0.5201838807026841j),(0.008810291413591255-0.026297548703468336j),6470250000
(0.4286999202508413-0.5522301037945277j),(0.006690688147498902-0.025985015172273328j),6470500000
(0.5579540236319841-0.48211178943990024j),(0.00757429327892739-0.02383902401000155j),6470750000
(0.5550644167482564-0.4782111253680004j),(0.0032913997050430933-0.026760898122044848j),6471000000
(0.5168349580213385-0.4927418778391177j),(0.004259301376901634-0.02687198307705292j),6471250000
(0.48797691596767256-0.5031914921373964j),(0.005390703459102678-0.027070351956561833j),6471500000
(0.43782565017785813-0.5262135565261559j),(0.005596809406037958-0.0265622622851826j),6471750000
(0.4997475148637954-0.4871600217150899j),(0.004686706688453996-0.02496359167592456j),6472000000
(0.456623488579056-0.5068427320195547j),(0.0012600470061612744-0.02240132461334858j),6472250000
(0.5018475588720948-0.4767618200649384j),(0.008058930999496712-0.02402910591890273j),6472500000
(0.4608563171544568-0.500255936297321j),(0.008398556901619445-0.024204061742657556j),6472750000
(0.5163314054876663-0.46800278218370234j),(0.00492835680888136-0.022674618168591083j),6473000000
(0.45096314717250324-0.505797747599294j),(0.008565760199166897-0.026747270549789533j),6473250000
(0.48054839796307736-0.4882489321768345j),(0.004070274536089354-0.025566944623433167j),6473500000
(0.4344505682943847-0.515413745742909j),(0.0037272325722055334-0.02537518397766709j),6473750000
(0.46981078452163333-0.494221303667944j),(0.004717953071136571-0.024637038703549947j),6474000000
(0.45708516703200697-0.5016406879750267j),(0.006748835203715206-0.02348550390534628j),6474250000
(0.4549052685849528-0.5028137642701709j),(0.001583254993717937-0.026605027282038597j),6474500000
(0.4948855524249602-0.4788368976885374j),(0.0027390024460227074-0.02439777542944574j),6474750000
(0.44922047860770725-0.5059952657190308j),(0.003858099841587963-0.023516183089602367j),6475000000
(0.48534270097170495-0.484297687653245j),(0.0009072165062050929-0.021955838843181665j),6475000000
(0.4515734158940379-0.5039709437367889j),(0.006894603786983438-0.026342796727238802j),6476250000
(0.4027646115917408-0.5343015052540588j),(0.002438057768831242-0.02692950608875109j),6477500000
(0.35261113754480744-0.5696688614269106j),(0.00025430806995832973-0.022889507740565564j),6478750000
(0.4061424648396269-0.5335114557696822j),(0.002148108240737138-0.021142728559383102j),6480000000
(0.4340359086264643-0.5118619657514324j),(0.004019164035218582-0.02372314726858674j),6481250000
(0.4600928815636356-0.4880214252529538j),(0.002735477227107965-0.02411464024055638j),6482500000
(0.4004965943569769-0.5469532040358686j),(0.005951854677602895-0.022785920413999898j),6483750000
(0.3935371937673414-0.565830621894675j),(0.0035086096286242874-0.02477853551666052j),6485000000
(0.400051107823585-0.5716159187482042j),(0.004349927807325552-0.02775226234726886j),6486250000
(0.3898138930215654-0.5949818952417222j),(0.0066531529812887185-0.028028291503369447j),6487500000
(0.38261380463282807-0.6159454498853838j),(0.004851947787890968-0.02488179238476874j),6488750000
(0.3787606916201322-0.6175561207254703j),(0.00405232953826393-0.025221932668295137j),6490000000
(0.3163770085999798-0.6765518696980456j),(-0.00024810854776583695-0.02474398410509682j),6491250000
(0.3130457007870039-0.673151380899985j),(0.0005989220508941853-0.02880762596958219j),6492500000
(0.3109095297642627-0.6683091621918387j),(-0.0011204231483644504-0.027030810434255936j),6493750000
(0.27963090691707077-0.7077208977222995j),(-0.0032906218330044585-0.028094325434198167j),6495000000
(0.2805175675401451-0.7346956814168631j),(-0.007720754578346745-0.026059469548215503j),6496250000
(0.30152735681903603-0.7421139859453243j),(-0.0018906733516419352-0.026982707081155348j),6497500000
(0.3418985512869814-0.730930465489404j),(-0.0025773406439604284-0.026176272838392963j),6498750000
(0.26139119242181175-0.8478737138902027j),(-0.004313197115370358-0.02325685048475227j),6500000000
