S11,S21,freq
(0.9932776408264185-0.11156123716108073j),(-2.9851438632951127e-05-2.207321129850782e-05j),150000000
(0.9940944769016661-0.1117149617154098j),(2.254221218558637e-05-1.3740483035750916e-05j),150100000
(0.9938614078792213-0.11155982382348106j),(1.7754541787477996e-05-3.331399420955263e-05j),150200000
(0.9931833465241431-0.11148546441812601j),(-8.303752420479894e-05-1.6104570547150757e-05j),150300000
(0.9938127926490697-0.11254995392053836j),(2.909510336891646e-05+2.0076143334571777e-05j),150400000
(0.9942139283018944-0.11164183898228724j),(-2.0342255938931702e-05-5.4890341927068695e-05j),150500000
(0.9936858914081337-0.11209176374772506j),(-3.353221269663742e-05-2.3781424127283073e-05j),150600000
(0.9941451382793351-0.11237767303933316j),(-1.6153130334512635e-05-8.295193086342353e-06j),150700000
(0.993156592392258-0.1125537498044177j),(-3.3371630084692256e-05-1.8401887101126595e-05j),150800000
(0.9933415442351676-0.1127878534124129j),(-1.1023653361194709e-05+3.3789799113252124e-05j),150900000
(0.9934007655025664-0.11243916385357614j),(-2.679121985347101e-05+3.2755856844397996e-06j),151000000
(0.9934349245569186-0.11260661388146834j),(-4.158873947530319e-05+1.5588094517278414e-05j),151100000
(0.9938710904275587-0.11296192904646239j),(1.0724106475668505e-05-1.2239430105867018e-06j),151200000
(0.9938513449416436-0.11260416083512806j),(4.662993331512985e-05+1.8014669330931972e-05j),151300000
(0.993545501364663-0.11306252335600493j),(-2.282817061838737e-05-6.901009362383292e-06j),151400000
(0.9941184504490527-0.11269043891646263j),(3.0459805054199012e-05+1.1175657548447817e-06j),151500000
(0.9935083720190531-0.11319001817756563j),(2.336239687955933e-05+4.8003442075196546e-05j),151600000
(0.9942402905119888-0.11352571908607771j),(4.626671443115745e-05+1.928921078000286e-05j),151700000
(0.9931818304283071-0.11331375775405716j),(-1.752116062894805e-05-2.2231431005632972e-06j),151800000
(0.9935991476135063-0.11360272711566238j),(3.741992917226569e-05+1.317865438315236e-05j),151900000
(0.9939768218337459-0.11353540403874515j),(6.052362388282434e-06+3.2460817868079533e-06j),152000000
(0.9938434581010618-0.11417399037737061j),(-5.1989691354772455e-05-3.300962700979411e-05j),152100000
(0.9938756323647644-0.11391105821072287j),(-8.98641535937427e-06-4.3627818166069116e-05j),152200000
(0.9937067374060904-0.11395770883832103j),(-2.332027862724757e-05+4.60478797783319e-05j),152300000
(0.9936980767847213-0.11385625427636903j),(7.799388945815326e-06+1.512423637581954e-05j),152400000
(0.9933253343007546-0.11402275252035439j),(-7.686083161788291e-06+2.4022854485837573e-06j),152500000
(0.9932910328102901-0.1142082541225948j),(2.6852654069002955e-05+6.185308516539545e-05j),152600000
(0.9935297067166471-0.11440210225088j),(-2.20009594406075e-05+1.015862507957692e-05j),152700000
(0.9927045664732225-0.11396458873593582j),(-1.4934877404276286e-06+5.31069748856475e-05j),152800000
(0.993574944193468-0.11501747229333459j),(6.062890595645006e-06-2.3939604473103972e-05j),152900000
(0.9933317036767707-0.11440704847184922j),(6.0188969044940456e-05+8.159521328739582e-06j),153000000
(0.9930428663152686-0.11547197321922044j),(3.5467053921123295e-05-6.409428421450569e-05j),153100000
(0.9929875542723737-0.11522579033479834j),(1.5394162458082108e-05+2.6193940707645276e-05j),153200000
(0.9928130343878718-0.11430135896519152j),(-2.6331629466945242e-05-2.9575249040802755e-05j),153300000
(0.9937098006940928-0.1153575296003243j),(-6.478871682486767e-05+4.273433003187403e-06j),153400000
(0.9937070895374553-0.11538516490240687j),(-2.1813940336369845e-05+3.122846949629275e-05j),153500000
(0.9930559366983176-0.11493572625161032j),(-4.8289574793535466e-05-1.0588802200416825e-05j),153600000
(0.9935536755012488-0.11493431657678885j),(4.13565862457974e-05-3.2348926170333713e-05j),153700000
(0.9934204447909292-0.11558574752258188j),(1.7063666422618365e-06+2.0564640872284782e-06j),153800000
(0.9930359053430453-0.11595738767912545j),(2.5536677395230428e-05-2.514922927291016e-05j),153900000
(0.9930924676247632-0.11567822458940176j),(-3.960618979765938e-05-1.4754970592721637e-05j),154000000
(0.9933191513418709-0.11573334470658511j),(2.5611061138601153e-05-4.336819710461003e-05j),154100000
(0.9929777708769271-0.11582066700275147j),(-8.38200295887009e-06-1.0957994878209915e-05j),154200000
(0.9929315570408731-0.11588132649754898j),(-4.3761076910980694e-05-5.780205292996113e-07j),154300000
(0.9930891469087502-0.11612092472735218j),(5.559698484143706e-06-1.9928984234199453e-06j),154400000
(0.9932795858781112-0.11659525834830445j),(1.1738646041860111e-05+4.087505588452134e-05j),154500000
(0.9929979480896948-0.11621834808093381j),(-6.86990659883876e-06-2.5354374528778847e-06j),154600000
(0.9931504069736558-0.11699104674225667j),(-2.7309118153376442e-05-9.00054224958631e-06j),154700000
(0.9929713883958293-0.11669204355918726j),(2.7710355638504266e-05+2.4962636156168764e-05j),154800000
(0.9929794093967026-0.11701861185753092j),(4.210661702400148e-08+2.785095885979473e-05j),154900000
(0.9928474163536587-0.11692464192402756j),(2.844690283053512e-05+1.0906600373511716e-05j),155000000
(0.993269658810385-0.11742341605300646j),(-2.5412654143720087e-05-1.9118849127826472e-05j),155100000
(0.9930050485034114-0.11755886667326128j),(-3.188285727963898e-05-4.740196349669121e-05j),155200000
(0.9928702292490396-0.11729417264860359j),(-4.6303198773493976e-05-2.878919089199471e-05j),155300000
(0.9936988893969012-0.11752266814309943j),(2.1568059480797924e-06-1.814554244731525e-06j),155400000
(0.9926949990133408-0.11745546842742863j),(-1.1913588051112488e-05+7.7718313906994e-06j),155500000
(0.9926879381053433-0.11749111508155402j),(2.7624070352462898e-05-1.2419651632702368e-05j),155600000
(0.9929719304868548-0.11797823107884658j),(-2.364272789313547e-05-1.6834027936272804e-05j),155700000
(0.9929974007191718-0.11787448806453026j),(2.9573717606718646e-05+2.7404155251412082e-05j),155800000
(0.9933634289720585-0.1176922409686101j),(3.68429389004106e-05+7.353980278581608e-05j),155900000
(0.9925989420435117-0.11820069097205448j),(-3.200676074049322e-05+4.422792558780655e-06j),156000000
(0.9929931651733918-0.11796970397461437j),(1.4838875391904107e-05+3.049336324289162e-05j),156100000
(0.9926616975456264-0.11884543846966786j),(-2.1560751349838046e-05-1.6675565056589872e-05j),156200000
(0.9927808083615612-0.11873601721933744j),(-6.320346554438241e-06-4.678270695301986e-06j),156300000
(0.9920263267589219-0.11861130848031347j),(-5.261271497831806e-05+3.812497452861224e-05j),156400000
(0.9930033413167828-0.11919550928073434j),(2.3297582296381517e-05+3.049635257636473e-05j),156500000
(0.9925587593228553-0.11911336846452575j),(2.98319203514292e-07-3.48652797887916e-05j),156600000
(0.9926872891918338-0.11955188915152211j),(1.7961620261757276e-05-2.3484280756090052e-05j),156700000
(0.9929158086109215-0.11986231254682184j),(8.858126278643863e-06-1.6912278255991277e-05j),156800000
(0.9922313799247142-0.11915070903756497j),(-1.458848923101024e-05+1.3187523773589046e-05j),156900000
(0.9929652497307583-0.11974377024396392j),(2.5750416177618405e-05+5.419138807903998e-05j),157000000
(0.9928367876633302-0.11946624017949815j),(2.746352496019978e-05-2.4116658814730374e-05j),157100000
(0.9923369855137788-0.11990724411966037j),(3.3943372860037404e-05-6.500587558450679e-05j),157200000
(0.9927844818058937-0.11994923665492525j),(2.5679141685668704e-05-1.1958639447531627e-05j),157300000
(0.992365099569115-0.11959092095498106j),(1.84074592319569e-05-2.3488406960406393e-05j),157400000
(0.9927109106701806-0.12039882733509986j),(3.8200688329563846e-05+9.389120821336296e-06j),157500000
(0.992702897117176-0.1205321117147849j),(-2.7293503139594198e-05+9.806930783706558e-07j),157600000
(0.9922397326841942-0.12024331102610424j),(3.3870348356394227e-05+1.3397459609014905e-05j),157700000
(0.9923277096740467-0.12045447649195243j),(6.327914827227441e-07+3.178506252600901e-05j),157800000
(0.9926858795753771-0.1200846048258956j),(-7.711960150309495e-06+4.4410220534158565e-05j),157900000
(0.9927697675318351-0.12080828992957135j),(1.1948756540968701e-05+3.0501814456982913e-05j),158000000
(0.9924592163166792-0.12097952163453456j),(-1.2044418930461678e-05+2.598494395174553e-05j),158100000
(0.9924295872739376-0.1207224254707002j),(-2.512371594742336e-05+6.220175433420924e-05j),158200000
(0.9922062488536757-0.12170256295830874j),(5.330982458717374e-05+3.7513955718996497e-06j),158300000
(0.9927323262296759-0.12119560693336248j),(-3.5778557413233255e-05+1.2414319692495756e-05j),158400000
(0.9926010127184621-0.12163367216566784j),(-3.3320945080407826e-05+5.274167652090768e-06j),158500000
(0.9929027786912413-0.12189382229965058j),(-9.27577823017878e-06-8.262462499541562e-06j),158600000
(0.9927547692963352-0.12219322180396226j),(-2.4377524468542113e-05+3.9123748459261404e-05j),158700000
(0.992332084299408-0.1219500120363374j),(-3.182266370676491e-06+3.6260025226276427e-06j),158800000
(0.9927951082477885-0.12182888845204883j),(2.3447202511752303e-05+1.087739823568837e-06j),158900000
(0.9923614979701745-0.12271390312996039j),(-2.3959627487945256e-05+7.668406726856289e-07j),159000000
(0.9927884317111496-0.12211415976478787j),(1.7357659579446436e-05-2.7964633255738993e-05j),159100000
(0.9922234503225676-0.12241787161847073j),(5.7774024707186864e-05-2.193172286530343e-06j),159200000
(0.9925836710823189-0.1224979682844068j),(8.063972306319378e-06+2.7011543056122538e-05j),159300000
(0.9920561725828579-0.12264712196631887j),(-1.0777995541118718e-05-1.2604123898198328e-05j),159400000
(0.991793968979865-0.12255404851611376j),(-2.260538283228387e-05+4.929488651586216e-05j),159500000
(0.9919177486698244-0.12304777192571598j),(4.124491089459955e-05-4.993002672830813e-06j),159600000
(0.9921272881887798-0.12268733232512087j),(4.657718207558786e-06+6.0343477246454915e-06j),159700000
(0.9922235802909021-0.12327376421886545j),(-2.6226656099356643e-05-4.100219236317937e-06j),159800000
(0.9924167421122712-0.1236573744074495j),(1.564797627298052e-05+4.464889705606884e-05j),159900000
(0.9911348390528689-0.1238948374207594j),(2.5890621565069317e-06-2.432094979214142e-05j),160000000
(0.9909418138167733-0.12369507557385674j),(5.7339849130832035e-05-5.981208502513942e-07j),160000000
(0.9922440155749173-0.12376565962967295j),(8.272883170177198e-08+4.621204319970404e-06j),160100000
(0.9917942000215518-0.12401089066764065j),(-1.4892473170321278e-05-2.5787264915961454e-05j),160200000
(0.9921946992390235-0.1243612228997491j),(-3.3308662935188367e-08+1.834299340092277e-05j),160300000
(0.9924251414781293-0.12475189681390136j),(-3.5244466054887415e-05+5.454204947449762e-05j),160400000
(0.9911704753257261-0.12405202135021182j),(1.9789457338005773e-05+1.6189060733702427e-05j),160500000
(0.9924717909140048-0.12497299782760347j),(-2.313013781148775e-05+3.292914335146468e-05j),160600000
(0.9919583608390355-0.12417656452571388j),(-5.461054812838222e-07+1.2182838470947617e-05j),160700000
(0.991363319868941-0.12525416946474757j),(-1.176090245946631e-05-5.198631777364607e-06j),160800000
(0.9919515520250303-0.12485479662444245j),(-1.3633930619481963e-05-1.1415907516247531e-05j),160900000
(0.9916067245412915-0.12517371335148736j),(1.2731824504631249e-05+5.640385103290072e-06j),161000000
(0.9918451323222839-0.12553749839568795j),(-8.372853500496577e-06+7.806232966889281e-07j),161100000
(0.9918983084286707-0.12557158664260756j),(2.2084562332579245e-05+3.987822773320273e-05j),161200000
(0.9916991526320159-0.12548843423961833j),(2.4887572368033886e-05+1.6768947292234278e-05j),161300000
(0.9919949691595195-0.1262496657763446j),(1.7251167684245034e-05-6.325893193673805e-05j),161400000
(0.9915523738284958-0.12624442524177254j),(1.667825779483469e-05+1.8833100326411444e-06j),161500000
(0.9918039084349252-0.12645831368915897j),(1.972132452356234e-05+3.173748828870208e-05j),161600000
(0.9913968280261944-0.1265014984319719j),(5.157735256479664e-05+1.196520621229404e-06j),161700000
(0.9922732223380808-0.12683227242026396j),(-4.884078733365074e-06+4.6053448767900236e-05j),161800000
(0.9920439265284857-0.12672863233789317j),(1.8287976236807982e-05-3.8086250182032847e-06j),161900000
(0.9911345480550787-0.1267570954354463j),(-2.025250439567573e-05-3.960423032233058e-05j),162000000
(0.9917618260694014-0.12726845281892246j),(2.0736516786977465e-05-3.950767365003504e-05j),162100000
(0.9917256587187515-0.12770846222379906j),(1.0719251077714497e-05+5.976523445125355e-05j),162200000
(0.9920283039828045-0.1272228432638548j),(-1.634969066051201e-05+2.751215244630178e-05j),162300000
(0.9913016983103016-0.12742215763832024j),(-4.4840347683602114e-05-1.96109675806686e-05j),162400000
(0.9910129485642001-0.12792593898278595j),(4.3954226307885876e-05-2.4280361936595115e-06j),162500000
(0.9915277080790781-0.12827629475318048j),(3.2246666440966793e-05+5.958306924786562e-07j),162600000
(0.991356403373282-0.12798839426181946j),(-2.4898930866399063e-05+1.9024931195577417e-05j),162700000
(0.991964555032378-0.1285566488100375j),(2.0474591879808847e-05-8.148169813045591e-07j),162800000
(0.9913574775502775-0.12919798314532602j),(4.9105408346671416e-05+1.4768741776429094e-05j),162900000
(0.9913142381536135-0.12879396838378943j),(2.5054558488200013e-05+7.152689178907552e-06j),163000000
(0.9912073903987384-0.12856977380442056j),(2.2825014555539665e-05-1.7583509845807328e-05j),163100000
(0.9914433521017689-0.12943367205910344j),(1.319915824566062e-05+8.803587264441437e-07j),163200000
(0.9905504800974301-0.1292282650374713j),(-2.189442684848547e-05-3.5118808496380784e-05j),163300000
(0.9908461704387403-0.12995163508865593j),(8.25749640191437e-06-3.17443409219635e-05j),163400000
(0.9909617207801398-0.12985714592799394j),(-3.397197686749743e-05+1.9753926862089157e-06j),163500000
(0.9906733403792534-0.12998470258866154j),(-2.7915214635420913e-05+2.7831465484745237e-05j),163600000
(0.9917371401135361-0.13069935676425729j),(1.5741513169071253e-05-1.7269301569613794e-05j),163700000
(0.9911474791511908-0.13034612324304257j),(-1.26596405444294e-05+1.3251704188619634e-05j),163800000
(0.9912449338059158-0.13051022767974557j),(6.734243673589573e-06+3.527007714118352e-05j),163900000
(0.9909225523272499-0.13153941095520422j),(7.790431337051414e-06+1.1448954235934838e-05j),164000000
(0.9903672294761453-0.13090125958454188j),(-1.3709768326934866e-05+3.256128551710503e-05j),164100000
(0.9908433449933023-0.13135042329428465j),(-7.700385289410801e-07+2.4109361192659917e-05j),164200000
(0.9906843893721361-0.1314792820742392j),(-1.3107887750910527e-05+6.718120341193625e-05j),164300000
(0.9908353178581405-0.13130183133627696j),(1.6532884045613925e-07+3.5161491559943436e-05j),164400000
(0.9906621721481076-0.13212161466333947j),(8.546467262819031e-07-1.7536641558129087e-05j),164500000
(0.9903987789965368-0.13186848945326873j),(1.4534235785506916e-05+5.4407029753460386e-05j),164600000
(0.9907610517876427-0.13268238755158468j),(9.358386663679124e-06+7.39436338921789e-05j),164700000
(0.99061643611677-0.1326226603495367j),(3.06122849137394e-05+3.055352182105315e-05j),164800000
(0.9902754686524313-0.1330784587509477j),(-2.4296783180866618e-06+3.229341929633693e-05j),164900000
(0.9903489186522741-0.13307885610965686j),(-2.384543034365377e-05-1.1351829230004243e-05j),165000000
(0.9904820036970797-0.133646691406811j),(-2.967057357605342e-05+3.046369975713334e-06j),165100000
(0.9910316282456085-0.13362310409865744j),(-1.2132206202825633e-05+4.786026183810305e-05j),165200000
(0.9908510763056547-0.13414920613535192j),(-1.2765772565485361e-05+3.5437107928281756e-05j),165300000
(0.9901629797841343-0.13436318992085902j),(-1.025684988350449e-05-7.299340122424939e-05j),165400000
(0.9896449566557346-0.13476916146319745j),(-1.9471847158739156e-05-2.2750197637627093e-05j),165500000
(0.9897979026456796-0.13486701933067421j),(-1.4729977929244977e-05+9.256076355386087e-06j),165600000
(0.9901821785745324-0.1354118505554485j),(9.914013068612112e-06-2.3679813861717966e-05j),165700000
(0.9900318141019484-0.13542656247141896j),(-1.6831128697447944e-05-3.486977046085259e-05j),165800000
(0.990293801270154-0.13548546354818747j),(-3.8066093906787536e-05+3.162393639529743e-05j),165900000
(0.9903361730400182-0.13617483461712784j),(-2.8659181588001405e-05+9.257351370137131e-06j),166000000
(0.9895783722431144-0.1360748733767096j),(-5.771832066226792e-05-1.5539695317473257e-05j),166100000
(0.9906011068453887-0.13655762586294878j),(-3.0436770838404437e-05+3.863375023461986e-05j),166200000
(0.9894558128348018-0.13692047058002227j),(1.4634988572445356e-05+1.7188601929030164e-05j),166300000
(0.9900827363169877-0.1367435523664167j),(-6.9160882265963044e-06+2.4697939739081772e-05j),166400000
(0.9892530524531424-0.13738771595502094j),(-9.56938465232595e-06+2.272255887197488e-05j),166500000
(0.9898291003758952-0.1376164999672247j),(-3.0065132042950952e-05+3.913601662223792e-05j),166600000
(0.9902682235327563-0.13812907642563382j),(-2.0715767151148214e-05+3.069527341726289e-05j),166700000
(0.9899708236556378-0.13882410039002582j),(8.12005191514243e-06+7.517666619720099e-05j),166800000
(0.9890209336050053-0.138203807859041j),(3.844661649775588e-05-2.4809241663319387e-05j),166900000
(0.989399503928972-0.13937905688837854j),(-4.41676086855199e-05-2.660420469137296e-05j),167000000
(0.9891752008630095-0.13891150657273885j),(-4.170401529731104e-05+8.367973797569621e-06j),167100000
(0.9894480861189127-0.13905685746788932j),(5.006800336333484e-05+5.2900294337772625e-06j),167200000
(0.990327407267265-0.14027174323972383j),(-6.667512470904202e-06+2.6107587502449826e-05j),167300000
(0.988839553203262-0.1403249017740282j),(-3.8349712943521854e-05+4.968890882703459e-07j),167400000
(0.9891917317806037-0.14096298200515733j),(-2.9394312867023508e-05+1.5158562430464772e-05j),167500000
(0.9892510137313285-0.1413919227307753j),(1.2412008665314116e-06+6.511191523231661e-06j),167600000
(0.9887471649688606-0.14166787417769522j),(1.565358252808472e-05+2.509237920531972e-05j),167700000
(0.9892909019018644-0.1424006960576767j),(-6.726033305120478e-06-9.493092129527184e-06j),167800000
(0.9886417359742189-0.14208929329892692j),(-1.4947369831832904e-05-1.614325539175979e-05j),167900000
(0.9884359514381592-0.14304324736911467j),(7.0044185944449385e-06-6.178121887306153e-06j),168000000
(0.9888707618226905-0.14320268065703132j),(-1.141634747208807e-05+4.4151068288114595e-05j),168100000
(0.9886453958200563-0.14311134506946818j),(2.9031963082884306e-05+2.792927278496117e-05j),168200000
(0.9878029272458715-0.14432146874683485j),(-2.446415917196113e-05+2.29967865558503e-05j),168300000
(0.988367155922334-0.14445936518756589j),(4.912131344180294e-06+8.073698158156655e-06j),168400000
(0.9882773569259494-0.14464679691514926j),(-2.693416352325571e-05+4.5681263578661554e-05j),168500000
(0.9878275475359469-0.14529297819113496j),(-3.758648311587742e-05+7.044354035507641e-05j),168600000
(0.9879876129957775-0.1460793463571553j),(4.253051424603393e-05+1.1394920332927645e-05j),168700000
(0.9872701434419674-0.14617954466355426j),(-6.039213817228383e-06+5.306441378149234e-05j),168800000
(0.9879095568164482-0.14660332738497994j),(-4.2249944501043004e-05+1.610168357841631e-05j),168900000
(0.9878056162908957-0.1476311442811869j),(-1.2581128123281799e-05-2.003738976866212e-05j),169000000
(0.9878447983354491-0.14763777763014893j),(3.46667295623921e-06+6.7270031499966795e-06j),169100000
(0.987102216064434-0.14859157734659287j),(2.4951032490937785e-05+4.858913252382516e-05j),169200000
(0.9874205728536771-0.14928750115898015j),(-2.5394059411651605e-05+2.562520513809991e-05j),169300000
(0.9865573780310618-0.14934754046788726j),(-1.7113155902146146e-05+6.284069637117961e-05j),169400000
(0.9870928045089075-0.14992454595164584j),(1.6676509194108882e-05+5.727101569355893e-05j),169500000
(0.9866258731157299-0.1506219700197493j),(-1.0354437535335116e-05+8.389445910560276e-05j),169600000
(0.9873925552929482-0.15106993145393036j),(-2.429249254302653e-06+4.270422308144261e-05j),169700000
(0.9864099953681064-0.15199883158163932j),(-6.020978638325436e-06+5.1359102746394516e-05j),169800000
(0.986358266021413-0.15207003784444062j),(-2.8144243357803517e-05+4.266273818034046e-05j),169900000
(0.9853725546603664-0.15264255585434774j),(-7.73438434963605e-05+2.3969833167897047e-05j),170000000
(0.9855104736227646-0.153034632187862j),(-1.5892901807402198e-05-4.740126884423548e-06j),170000000
(0.9856837545739852-0.15387689798717846j),(1.0874136362921077e-05+5.986182631312585e-06j),170100000
(0.9857535909285274-0.15547192200513982j),(9.562979070521596e-07+7.181412905860218e-05j),170200000
(0.9857780992921474-0.15468733770226126j),(-1.748074616886214e-05+2.064931397943558e-05j),170300000
(0.9854069403538654-0.1558027202752965j),(-1.1033463732229765e-05+7.457443797795496e-05j),170400000
(0.9845767016520944-0.15706340387939968j),(-1.6269880746807608e-06+3.665613148744456e-05j),170500000
(0.9850276107729456-0.1573430249325875j),(5.25797670953054e-05+3.184655994741229e-05j),170600000
(0.9846366664353443-0.15792628313569673j),(-3.973175000538808e-05+1.3079692928409475e-05j),170700000
(0.9839935917119833-0.15958665146747292j),(-6.267871305660953e-06+3.1727210528658495e-05j),170800000
(0.9836428865612301-0.15975480986318213j),(-2.237648788502791e-05+2.6763830291906535e-05j),170900000
(0.98440296382219-0.1608787500156835j),(8.115228481308306e-05+5.592221642246931e-05j),171000000
(0.983580479962746-0.1622822182852214j),(8.05103758851907e-06+6.743394845995333e-08j),171100000
(0.982612868715467-0.1624501882386399j),(8.820521831978504e-06+3.886731490973815e-05j),171200000
(0.982603739091239-0.16332415391646324j),(-6.4115672569144826e-06+3.315935977510503e-05j),171300000
(0.9825267621871989-0.16433247534692172j),(1.609598301367428e-05+5.767264760243915e-05j),171400000
(0.9815555274325733-0.1660673471406951j),(4.272336037524964e-05+3.22178837588126e-05j),171500000
(0.9816226375218146-0.1673889885770664j),(6.231125069521052e-05+3.985593167852979e-05j),171600000
(0.9813460129896627-0.16736446370600686j),(2.325448364461802e-05+2.0465852818367623e-05j),171700000
(0.9812551067991555-0.16901121139333755j),(6.080144125300404e-06+4.511298814525725e-05j),171800000
(0.9798994391088676-0.17085727291512032j),(-4.294219453961392e-05+8.605678714144189e-05j),171900000
(0.9798738764214294-0.17158675253178554j),(-1.124858055759006e-05+3.983825883432091e-05j),172000000
(0.9793825996500127-0.1732980017111558j),(1.4313332555924852e-05+7.718907129401399e-06j),172100000
(0.9791061074355177-0.17520045515049112j),(0.00010072864297866692+3.811302316845739e-05j),172200000
(0.9779736405831038-0.17607249039045156j),(-4.845692337508293e-06+6.260344884694501e-05j),172300000
(0.9771859981896261-0.17766021167820642j),(-1.1136190699521946e-05+2.0641728972009063e-05j),172400000
(0.9767884892050291-0.17937197965608623j),(1.1993633532700694e-05+2.9401896528087952e-05j),172500000
(0.9761687033052879-0.18097497629404996j),(7.868904998987982e-06+7.255307579681652e-05j),172600000
(0.9755628762203057-0.18331479776132958j),(-2.1525412897146657e-06+3.920925493513772e-05j),172700000
(0.9742062472903095-0.18524712340159832j),(-2.9004145601896995e-06+3.171993617128542e-05j),172800000
(0.9738803082692413-0.1874781099964175j),(1.6891619851354955e-05+4.113446361019856e-05j),172900000
(0.973305623500059-0.18967628841844983j),(4.98711079628412e-05+4.6707992018057095e-05j),173000000
(0.9715232024108901-0.19215801905597119j),(0.00010566943084833931+4.266519796673469e-05j),173100000
(0.9709459561503235-0.19386512080021392j),(6.0150635808109624e-05+6.789346425719311e-05j),173200000
(0.9687441806998348-0.19704628375178646j),(3.6751335631875357e-06+6.037541233911844e-05j),173300000
(0.9683088738662011-0.20010677245588748j),(-7.78273635451974e-06+8.742328870954155e-05j),173400000
(0.9661679324754644-0.2028044206420743j),(-3.5468503010192127e-06+8.009669071562974e-05j),173500000
(0.9641479016195795-0.20651721967256015j),(-2.623602404981782e-05+5.061600766295571e-05j),173600000
(0.96152508828919-0.20966981030253767j),(1.1189844139077812e-05+0.00011236713075456415j),173700000
(0.9588294221469289-0.213972925916233j),(5.782057263688333e-05+6.194379523247635e-05j),173800000
(0.9571295598695656-0.21784404812648137j),(5.63502742115712e-05+0.00010281440121342207j),173900000
(0.9544337208447427-0.2217324290538401j),(8.212515605523349e-05+9.982617734564903e-05j),174000000
(0.9507023060472716-0.22693256106999987j),(8.549049692033543e-05+0.00010732244263236471j),174100000
(0.9468023513534679-0.2314129291957208j),(4.426249122429249e-05+9.965489403682646e-05j),174200000
(0.9419028449067903-0.23755771857360536j),(6.1990872072072e-05+9.879006238358862e-05j),174300000
(0.9364948340922676-0.24381229998294524j),(6.917063007780115e-05+9.129033454210135e-05j),174400000
(0.9314534808445846-0.25021252845677844j),(6.241786860847412e-05+0.00010338719437254222j),174500000
(0.9238917036220661-0.25733175736616704j),(4.637874229000912e-05+0.00011571562168630857j),174600000
(0.9153783683035748-0.2657699429968864j),(7.858876796500214e-05+0.00016837205951742313j),174700000
(0.9046190546423415-0.2738377034157468j),(0.00010602734173498716+0.00016302401750731984j),174800000
(0.8911845512501632-0.283149818478338j),(0.00011250329478980943+0.00015304234378284138j),174900000
(0.8764711238279866-0.29201677872890675j),(0.0001025375246826155+0.00015371839275482078j),175000000
(0.8571503752717186-0.301013619883477j),(8.164903761632697e-05+0.00013913549595649907j),175100000
(0.832248955489693-0.31085811944105957j),(0.00014598069371590014+0.00022043490226713507j),175200000
(0.8017392771431554-0.3171894495621734j),(0.00020248038166205908+0.000207749772459605j),175300000
(0.7631623526751626-0.31995771723487665j),(0.00022070963181329507+0.0001937777115751925j),175400000
(0.7171526735128162-0.31453134412176903j),(0.0002533368471034347+0.000131619219022398j),175500000
(0.6626803196620535-0.29481843232481636j),(0.00032526674817432935+0.00015897661725275438j),175600000
(0.6074825871102421-0.2538520151429087j),(0.00038457972042957463+0.0001264660155028047j),175700000
(0.561813669871643-0.1866699978829735j),(0.00045645263416208703+0.00010054218116166999j),175800000
(0.5439320808792032-0.09935001509497694j),(0.00043147256513378516-1.7060913749703288e-05j),175900000
(0.5619531605685906-0.010168005708232076j),(0.0003654254547164191-0.00011746070934876903j),176000000
(0.611465167924884+0.06225829483152203j),(0.0003912391719796684-0.0001606513324353564j),176100000
(0.6745682614669273+0.10575212249221444j),(0.00029922311848533005-0.00024332379456150867j),176200000
(0.7371534155765914+0.12492453323018408j),(0.00028356725111630714-0.00023588018800788815j),176300000
(0.7899614832506959+0.12651918021441338j),(0.00023458677850361084-0.0002429135767492741j),176400000
(0.8324344290037567+0.11901930269937051j),(0.00015044660632817638-0.00022116389364382368j),176500000
(0.865685028271096+0.10677011003329084j),(0.00013832908154327202-0.0001869849671432415j),176600000
(0.891147048302121+0.09337012680269978j),(0.0001547504045284482-0.00016857479694486083j),176700000
(0.9106014195090086+0.07919147035799896j),(6.136899370924964e-05-0.00018521964705443347j),176800000
(0.9252439840983154+0.065841453761251j),(2.6442921323455585e-05-0.000211762468648329j),176900000
(0.9373775924311117+0.0533296356134679j),(8.641691254735266e-05-0.00015917596098142335j),177000000
(0.9467826332480472+0.04250260814473548j),(2.723825661476395e-05-0.00016820813646382672j),177100000
(0.9539787434259794+0.03221099054082289j),(2.8480447137111796e-05-0.00014833897671308915j),177200000
(0.9602009003847876+0.02289214067458533j),(1.9577297526457636e-05-0.00015754260813151923j),177300000
(0.9648788482835349+0.014708036286517314j),(4.982731065487441e-05-0.00010962836404676984j),177400000
(0.9693020381749661+0.007069552069031028j),(2.510988782764835e-05-0.00012923561507618186j),177500000
(0.9719887661437819+0.0006151680832437717j),(-8.161282043566323e-06-0.0001287675265169526j),177600000
(0.9755702888126173-0.006037409494250283j),(-1.107803555950466e-06-0.00014742579758981518j),177700000
(0.9777544892944978-0.011833764584164023j),(7.893546542157056e-05-0.00015152385906359877j),177800000
(0.9801926863412187-0.016901500571676997j),(2.7998213858310135e-05-0.00010984671646339682j),177900000
(0.9824698990018791-0.02157153268948059j),(-2.1835297656640147e-05-9.974080251058667e-05j),178000000
(0.9836988542278492-0.025900902995810476j),(6.825731633565118e-06-5.905085634730772e-05j),178100000
(0.9837255870550962-0.030076827223309253j),(-7.751592353679675e-06-8.765895692505557e-05j),178200000
(0.985057468086549-0.03378889162946364j),(-6.372044546860785e-06-0.00011985966951379063j),178300000
(0.9858464280139013-0.03685109617764148j),(-3.6529167364465984e-05-9.920069982741882e-05j),178400000
(0.9871770652038251-0.04031750849325777j),(-2.6718247270624987e-05-0.00014136237846927487j),178500000
(0.9884235440459623-0.04387553570807361j),(-7.384018609563835e-06-0.00010429736546168654j),178600000
(0.988711611942652-0.04647326816810301j),(-4.718177482687847e-05-7.667055324218719e-05j),178700000
(0.9896977811471195-0.04883830630410858j),(-2.328133802772445e-05-8.641122789304314e-05j),178800000
(0.990488203461952-0.051417562907956266j),(1.1382472717109916e-05-7.082019663989515e-05j),178900000
(0.9901182611270216-0.05390673755170579j),(2.950446177271672e-05-7.62925375023334e-05j),179000000
(0.9906112105567613-0.055948400766762205j),(2.027503777077641e-05-7.591221277226403e-05j),179100000
(0.9908314785875754-0.058139442181976156j),(3.143055065308184e-05-7.899778737107272e-05j),179200000
(0.9907550917765228-0.06030114094625551j),(2.716281736302213e-05-2.8899517873414917e-05j),179300000
(0.9914662806090956-0.06220673096343875j),(-1.421884499504752e-05-6.745441732231858e-05j),179400000
(0.9923006030611548-0.06320035197188331j),(-3.2264390488371884e-05-6.119122465689438e-05j),179500000
(0.991146751083668-0.06531145110243132j),(-3.144210977876121e-05-6.050991268135986e-05j),179600000
(0.9924326481397149-0.06751350927490977j),(-1.0658196225101243e-05-3.548388634727221e-05j),179700000
(0.9915160198287998-0.06884117647471591j),(-6.157663331127486e-06-3.5285741404366135e-05j),179800000
(0.9925439178722657-0.07006258191436877j),(8.583999253965636e-06-8.11113097610971e-05j),179900000
(0.9929180222649692-0.07129956657481339j),(-5.862972771888531e-06-6.14272726334227e-05j),180000000
(0.9931367150694901-0.07178068345475799j),(1.8849299080497007e-05-8.635507299224813e-05j),180000000
(0.9924292747833363-0.07302607439084206j),(1.482048245158574e-05-0.00010516332736466625j),180100000
(0.9925435340329889-0.07373923561077626j),(-5.552148375577529e-05-5.6015905028208285e-05j),180200000
(0.9928584927206939-0.0751812823539582j),(-3.1395718894883496e-06-1.3757507510664211e-05j),180300000
(0.9925037457892012-0.07600497307246684j),(8.149547944989972e-05-2.764140713157195e-05j),180400000
(0.9927200885287185-0.07738198916667027j),(1.0896155064918368e-05-5.8864753211760226e-05j),180500000
(0.9931369159641157-0.07861964752231515j),(1.4562399794928622e-06-0.00010233494880052914j),180600000
(0.9936210344989749-0.07923269981125093j),(-2.8694080114150604e-05-2.645102408756766e-05j),180700000
(0.9938724793089172-0.08073570228147833j),(1.378589761020503e-05-2.1575548424388062e-05j),180800000
(0.9937773464882663-0.08118559799425511j),(5.934164824323255e-06+4.515417451092482e-05j),180900000
(0.9930807136047148-0.08228804999026668j),(-5.721030020295198e-06-5.843413315663556e-05j),181000000
(0.993642862539335-0.08355379589897598j),(2.0246641979097275e-05-7.638971950430836e-05j),181100000
(0.9935352358926877-0.0843375955362189j),(1.8171041103547818e-05-3.0938433851844445e-05j),181200000
(0.9934622937559564-0.08491097744128287j),(-2.814987091664172e-05-4.3079169705102034e-05j),181300000
(0.99436629885469-0.08533709203094322j),(-1.4086332584583096e-05-4.015301595116361e-05j),181400000
(0.9934422905761321-0.08629987460269584j),(1.9000931081904584e-05-8.191107417941937e-05j),181500000
(0.9933421694466321-0.0875089382975962j),(2.2370405692684427e-05-8.722328779838239e-05j),181600000
(0.9930775466086239-0.08811851589083183j),(-5.876509757677033e-05-7.326409165499326e-05j),181700000
(0.9930938141513738-0.08850827133444895j),(-1.6971593062609666e-06-5.9057709233552605e-05j),181800000
(0.9933641142130827-0.08995854588165483j),(-2.3707864683220918e-05-6.0605771426771095e-05j),181900000
(0.9934559331418491-0.08999787133989588j),(2.628916829294828e-06-6.049283134138665e-05j),182000000
(0.9932521626987345-0.09093701175941389j),(1.60880262289224e-05-5.3166481776880447e-05j),182100000
(0.9942153741155257-0.09100417664397811j),(-3.1828052883384637e-05-4.258255682082651e-05j),182200000
(0.994053759330276-0.09170376424392795j),(2.756024272087843e-05-5.281684744843719e-05j),182300000
(0.9941355755815777-0.09216868117402367j),(7.683176486915579e-06-9.566308095359301e-05j),182400000
(0.9938293220670401-0.09299829337410412j),(2.424819516188709e-05-3.212561105796023e-05j),182500000
(0.993203170318896-0.0937710842485002j),(-1.2853089521715875e-05+2.916263119473699e-05j),182600000
(0.9938054817271553-0.09457420834572355j),(-2.690316054730995e-05-3.965265144200141e-05j),182700000
(0.9939767702934554-0.09476326316553463j),(-3.336103708697755e-05+1.8735601316798162e-05j),182800000
(0.9930806164048284-0.09568054156716652j),(-1.0754551610672414e-05-8.528930782902168e-06j),182900000
(0.9937360122248948-0.09608754829195275j),(-4.6631383419231004e-05-1.049975417216399e-05j),183000000
(0.9942688396473547-0.09590960288239413j),(-1.0539756292614525e-05-2.15550150313811e-05j),183100000
(0.9934797179898229-0.09710998487552991j),(-5.9047062417175255e-06+5.39960202014996e-06j),183200000
(0.99389150913761-0.09690600114377695j),(-2.5858127683274946e-05-9.204994926728625e-06j),183300000
(0.993595696878151-0.09772190115572428j),(5.091026061304198e-06-2.6129279062486227e-05j),183400000
(0.9937271409506491-0.0985176571811248j),(1.824044898627628e-05-2.1082495226808308e-05j),183500000
(0.9934742745098293-0.09857209726886038j),(-3.136673702378557e-05-7.667839595541718e-05j),183600000
(0.9940773843401577-0.09945087375601142j),(-4.788895655324362e-06-3.2348407842334357e-05j),183700000
(0.9943699639080181-0.09917395117013851j),(-3.854994387110809e-05-1.4289030998322805e-05j),183800000
(0.9933272880156361-0.09949538890571077j),(-1.2066095194991094e-06-6.013579816129951e-06j),183900000
(0.9939474679972545-0.10062884918005932j),(-9.011678639737577e-06-5.120322701624973e-05j),184000000
(0.993325445160362-0.10039675628356774j),(-4.5667899862899203e-05-8.603058700673681e-06j),184100000
(0.9931715450428505-0.10153976920688682j),(7.88040371389259e-06-1.6057411952380505e-05j),184200000
(0.9939137152876109-0.10173579659849505j),(-1.1082246907982585e-05-3.8597338708280305e-05j),184300000
(0.9933031262911542-0.10210972951129527j),(1.608471729682349e-06-6.0676295638675595e-05j),184400000
(0.9933983264703062-0.10243590710704244j),(-9.634951900111113e-06-7.172397129371201e-05j),184500000
(0.993630166859577-0.10316360303529966j),(2.4209445783288682e-05-2.0980840228253987e-05j),184600000
(0.9939894526015384-0.10304274490472659j),(-2.8417493782497905e-06-4.3256808575354594e-05j),184700000
(0.9943086972558818-0.10300762225619377j),(4.166376772376064e-06-3.781326262963831e-05j),184800000
(0.9933603564827483-0.10326966461729785j),(-2.4845966749868394e-06-5.3785103209351677e-05j),184900000
(0.9930760440953279-0.10409481385310332j),(-6.03492987747522e-06-5.092305786050402e-05j),185000000
(0.9934223488683865-0.1044155090453492j),(-4.4115479064080344e-05-6.41614005106629e-05j),185100000
(0.9929479901787976-0.10462101369706933j),(-8.366238026010935e-06-5.4665910660380566e-05j),185200000
(0.9927711171956809-0.1055091810782054j),(-5.219854298639067e-06-4.731599263125851e-05j),185300000
(0.9932891152774785-0.10494126214139075j),(-5.1908829120088014e-05-9.03253665445214e-06j),185400000
(0.9935476889185464-0.10555814128166544j),(-3.910759848173485e-05-5.5464011441247326e-05j),185500000
(0.9929594279339038-0.10631739608554203j),(1.1311392065234037e-05-4.538902994306663e-05j),185600000
(0.9928975659302471-0.10627653825368025j),(-1.577594663417333e-05-7.458954923268024e-05j),185700000
(0.9929305864842635-0.106733738594913j),(-3.4489208705772636e-05-2.9143096439840582e-05j),185800000
(0.9935961388186146-0.10727579670182996j),(5.120768003612798e-06-3.561500758730478e-06j),185900000
(0.993148826129179-0.1072468462219795j),(-2.607981653715861e-06-5.418979489620277e-05j),186000000
(0.9942364899870263-0.10725215286800277j),(-5.789627041331439e-05-3.450556016007115e-05j),186100000
(0.9932425572514417-0.10735800069510495j),(3.1514211110891684e-05-4.864551177650767e-05j),186200000
(0.9934372381170349-0.10780301192376827j),(1.0072591235235847e-05+1.2074437297445865e-05j),186300000
(0.9935804973133106-0.10851082512536803j),(-2.6170156865896847e-05-3.9476371861260086e-05j),186400000
(0.9930635504888502-0.10883065334559695j),(9.601202929040866e-07-6.345526553627467e-05j),186500000
(0.9930952647774581-0.10902586070130363j),(-1.5846253319578998e-05+1.65173327018915e-06j),186600000
(0.992570555210767-0.10904956980489519j),(1.2867293195083269e-05-1.9512416149430073e-05j),186700000
(0.9932406971010324-0.10950400042032615j),(1.37521611052622e-05-6.840463444770854e-05j),186800000
(0.9939007968471355-0.10981187474857695j),(1.3402519767951857e-05-4.4413199399573957e-05j),186900000
(0.9937648154716996-0.10942353288068242j),(4.4755619724864465e-06-4.863048594744266e-05j),187000000
(0.9933584792443553-0.10930754788892842j),(4.306949436079717e-06-5.813444227187096e-05j),187100000
(0.993668227885369-0.11060130013562973j),(-1.4301933176079067e-05-2.2718556092990647e-05j),187200000
(0.9935516688825589-0.1109450434865177j),(-1.9103894412882738e-06-1.0160659056046453e-05j),187300000
(0.9933991792355882-0.11070843058621638j),(-3.339114218869435e-05-5.266184089989135e-05j),187400000
(0.9934842954956655-0.11124087084165127j),(3.569655246212615e-06-1.353804636196839e-06j),187500000
(0.993267953789489-0.11083148067783756j),(2.5485550727611343e-05-2.6554286199961005e-05j),187600000
(0.9926773083805953-0.11134901719603213j),(3.264333481890838e-05-2.3302209028751703e-05j),187700000
(0.9931985863085512-0.11179320540213408j),(1.788989812341072e-05-1.635326718234046e-05j),187800000
(0.992646478872461-0.11179880456920734j),(1.716112304920336e-05-6.463380724569858e-05j),187900000
(0.9933131640007692-0.1122035148009375j),(1.873040404514158e-05-1.4803829260801685e-05j),188000000
(0.9926461455970329-0.11267431069491618j),(-1.6962919239002403e-05-5.981370823010171e-05j),188100000
(0.9923698459620724-0.11241083597624157j),(-3.0459903312525097e-06-4.058737847263349e-05j),188200000
(0.9924902387897736-0.11275073010649812j),(1.351874472039727e-05-5.294655361712777e-06j),188300000
(0.9930349040053745-0.11273385763343058j),(1.979065506248695e-05-1.5613479272757028e-05j),188400000
(0.9923590271438291-0.11316765165191817j),(3.3397838257390115e-05-4.805724497032579e-05j),188500000
(0.9924504414448218-0.11389959725834721j),(1.903183980270688e-05-3.796104621170885e-05j),188600000
(0.9929391345903915-0.11304479814586518j),(-2.7248279265150393e-06-4.514757042081046e-05j),188700000
(0.9923402668969199-0.11399116162714941j),(-2.2614492794460123e-05-1.3521322676815802e-05j),188800000
(0.9931855742373156-0.11413699198967936j),(2.4189224485687436e-05-1.772048815087291e-05j),188900000
(0.9923506536437645-0.11386708880900458j),(-1.539366945756099e-05-7.26352734270192e-05j),189000000
(0.9933253212283258-0.1140435706409541j),(-4.347207245295599e-05-3.812583028382618e-05j),189100000
(0.9929673841909077-0.11438644951181742j),(7.321582094059611e-07-1.958357665642285e-05j),189200000
(0.9928897292765143-0.1141844756373787j),(-3.9264146105745824e-05-1.0938365526469464e-05j),189300000
(0.9932901043212902-0.11514666999883295j),(-1.5590022428624104e-05-3.426936232947037e-05j),189400000
(0.9931651646290472-0.11546692419531429j),(-3.373686776027964e-05-2.550645561994291e-05j),189500000
(0.9927672681353624-0.1148403053653668j),(2.1030597880103038e-05-6.373976028807433e-06j),189600000
(0.9921617673058748-0.11562842265504654j),(5.427581498082121e-06-4.4945939852986884e-05j),189700000
(0.9923076009178807-0.11582704372636501j),(2.2529197774601035e-05-4.353763661158564e-05j),189800000
(0.9923587172311755-0.11558837397427922j),(2.7341234806156867e-05+3.84837488138659e-07j),189900000
(0.9926490870801201-0.11589233968752442j),(-1.853055424946943e-05-1.4278299864081753e-06j),190000000
(0.9930267510437205-0.1153926065692949j),(4.4408969795357334e-05-2.0226025339977342e-05j),190000000
(0.9924788788672195-0.1160682634779606j),(-1.9962985451083866e-05-5.222065189427474e-05j),190100000
(0.993004982207121-0.11626536730813772j),(2.8681197704706656e-05-1.78791146523927e-05j),190200000
(0.9931100072863004-0.11632165259638423j),(7.974455805701686e-06-2.943172241035452e-05j),190300000
(0.9932426898162511-0.1163793151146505j),(3.6165483441175415e-05-3.4858744203440034e-05j),190400000
(0.9926846868344898-0.11649782014361615j),(-2.1076743732443195e-05-2.3258328424125077e-05j),190500000
(0.992656552490141-0.11713231230637687j),(-1.1901417442187742e-05-2.4628764435236704e-06j),190600000
(0.9927778459931863-0.11684209768343931j),(-1.762745567047787e-05+5.162620245193647e-06j),190700000
(0.9929813564555222-0.11747597981700203j),(-3.039163458003752e-05-1.1330898513712507e-05j),190800000
(0.9933093034275317-0.11752886960266817j),(-4.260563305769135e-05-1.7665801842116177e-05j),190900000
(0.9932867216262947-0.11737106043957794j),(-6.1894396326881086e-06-2.2408080767432384e-05j),191000000
(0.9920520065379099-0.11837814866710807j),(9.339360710723955e-06-3.789724576592806e-05j),191100000
(0.9926524951130671-0.11777595626776029j),(-1.766483588860744e-07-6.464908147124342e-05j),191200000
(0.9923300542932572-0.1184008860713736j),(-8.062385548323639e-07-7.195988994537246e-05j),191300000
(0.9928776191956039-0.11840988688392014j),(4.830335443961824e-06-1.8608704158574208e-05j),191400000
(0.9926215311007686-0.11815718580855679j),(5.880344296819053e-06-2.1963379121246054e-05j),191500000
(0.9923756572883152-0.11884310342043435j),(9.329661167495878e-06-4.1635932385217276e-05j),191600000
(0.992425971863175-0.11904826537474517j),(-1.7223476100297755e-07-3.5260965614178844e-05j),191700000
(0.9916708687390271-0.11892008086898476j),(-3.7887634573144476e-07-2.035429535672992e-05j),191800000
(0.9914037032842045-0.11899709857299523j),(-4.5089625258827835e-05-3.974139049329054e-05j),191900000
(0.992912195398408-0.11889628397974962j),(2.5273549942110795e-05-3.2850554858646014e-05j),192000000
(0.9926428794321824-0.11869008608798186j),(5.369768459598651e-06-3.691722465022729e-05j),192100000
(0.991909502608869-0.11951330095858473j),(5.359269217339218e-07-4.321538534988633e-05j),192200000
(0.9926044901911288-0.11894274062166268j),(-3.786654201024114e-06+1.587263548275229e-05j),192300000
(0.9918689240502346-0.11963593756496892j),(2.283955789508593e-05-4.9990895804360094e-05j),192400000
(0.9922982555272063-0.11968956861027111j),(3.542011301394048e-05-1.735780777836777e-05j),192500000
(0.9913146189519836-0.12027278050461203j),(-6.58969170838445e-07-4.1713027948018796e-05j),192600000
(0.9924815677498037-0.12008861364330276j),(-5.928483106617944e-06-2.3036549327974694e-05j),192700000
(0.9936020768414415-0.1211034730042675j),(3.9923729555815866e-07+6.548217372732293e-06j),192800000
(0.9928030769426144-0.12035679762065762j),(-4.2803259735222794e-05-0.0001051329297857772j),192900000
(0.9924007462136326-0.12030279513523401j),(-1.571583507824493e-05-3.30823790712567e-05j),193000000
(0.9928993543288585-0.12111900296899451j),(8.615048314613662e-06-2.137436722405115e-05j),193100000
(0.9916940724129921-0.12088624806229671j),(-1.9323258175339415e-05-3.858703320491668e-05j),193200000
(0.9917094744320083-0.12092720059416771j),(1.2139055413328528e-05-3.1536054729506244e-05j),193300000
(0.9922194703550137-0.1212576719989919j),(2.1783499134406632e-05-7.0519164840096234e-09j),193400000
(0.9918519307126399-0.12168144146245212j),(-1.0002029123663857e-05-2.796132026546088e-05j),193500000
(0.9919520640321665-0.12108724360662622j),(1.206905890292939e-05-2.5625707643476534e-05j),193600000
(0.9915851924220028-0.1216075322497416j),(3.6816901767896596e-05-1.904993593779496e-05j),193700000
(0.9916853950873088-0.12157215664256574j),(-1.2949616125411304e-05-4.7354613012386904e-06j),193800000
(0.9922206277440792-0.12212432250794987j),(-5.0258303780378266e-05-2.3600552146851496e-05j),193900000
(0.9925280308904924-0.12234747047910084j),(-2.668816164197574e-05-4.096358041699387e-05j),194000000
(0.9926464039199302-0.1225830628545455j),(8.662418399961686e-06-2.2700483286001194e-05j),194100000
(0.9925518338099674-0.12236868964997374j),(-2.450268579532301e-05-5.1376471032814835e-05j),194200000
(0.992294584514474-0.12305299082770906j),(-5.6952868827702545e-05-4.757439942330291e-05j),194300000
(0.9926729959938376-0.12284573517146678j),(-3.0879850175416544e-05-4.766746615435598e-05j),194400000
(0.9923977637605814-0.12233938260865856j),(-2.8027170741060733e-05-4.614671954702168e-06j),194500000
(0.9926564072950915-0.12236263171980516j),(-2.9046927489748296e-05-1.6212560789769703e-05j),194600000
(0.9926280024970402-0.1224948864247931j),(-8.183030284944904e-06-1.762964915288494e-05j),194700000
(0.9918085802491554-0.12321971663892926j),(8.876898506697268e-06-3.316000563937575e-05j),194800000
(0.9924179311193092-0.12340702229635557j),(8.418838935780754e-06-1.1277288792089378e-05j),194900000
(0.9926202150537371-0.12395251440476382j),(-2.783692111525838e-06-1.4372540569660063e-05j),195000000
(0.9916239616544398-0.12349455091403112j),(-1.582886569402195e-05-2.2512621869336002e-05j),195100000
(0.9929836594279855-0.1236496347498312j),(-2.6711086035732387e-05-9.578227508690988e-06j),195200000
(0.9921239537719324-0.12390388902338582j),(-4.8061040456746866e-05-1.308513237906676e-05j),195300000
(0.991961355214907-0.1240039761309731j),(-2.4434443141006017e-05-3.0854068055892844e-05j),195400000
(0.9928440620535175-0.12457182796221669j),(2.6365080483748202e-05-4.101821900401379e-05j),195500000
(0.9918157100217094-0.12408028805671403j),(2.6626417321014597e-05-9.021041075944175e-05j),195600000
(0.9933662388327084-0.12454869970139451j),(-2.1770002525344154e-05-1.886115344032253e-05j),195700000
(0.992779650167312-0.12424375331647732j),(1.3168718881337023e-05+1.24401180751851e-05j),195800000
(0.9926934147765586-0.12460315496282132j),(1.262422577291068e-05-4.9037360070099305e-05j),195900000
(0.9925768813969694-0.12483309919930544j),(-1.5446851670041403e-05-3.122188970306258e-05j),196000000
(0.9911972922558109-0.12436811787344922j),(4.5713417145945994e-06-4.157655059060726e-05j),196100000
(0.9908434033081097-0.12529658230557636j),(6.73844067426558e-05-2.501521310689687e-05j),196200000
(0.9912834455773267-0.1253560991953768j),(1.0331926698002777e-05-1.4219431837562204e-05j),196300000
(0.9917798542395361-0.12496856004412824j),(-1.935752745692404e-06-7.320628227595482e-05j),196400000
(0.9918621917999181-0.12498398947972783j),(-8.670598750663747e-05+6.289113350048794e-06j),196500000
(0.9921943167925276-0.12533397420564715j),(1.2983072889055239e-05-5.33156709196629e-06j),196600000
(0.9913006470304572-0.12554433989576036j),(-3.85648365590185e-06-5.580739570132917e-05j),196700000
(0.9921434398437401-0.12564598882566286j),(-4.728902787423247e-06-1.2206473035847109e-05j),196800000
(0.9925643242434417-0.12576625642315623j),(-3.4599408181644957e-05-3.4608139469294373e-06j),196900000
(0.9914115641673048-0.12624615561668426j),(-1.59200516358546e-05-5.853157992418708e-05j),197000000
(0.9922721247367663-0.12647367904161258j),(5.012125272536315e-07-4.9488345819582014e-05j),197100000
(0.9923104172437288-0.12597135278548152j),(-4.3936309991732886e-05+7.325912450386919e-06j),197200000
(0.9910434330447707-0.1263961007931835j),(4.1323860389030696e-05-3.675690188260992e-06j),197300000
(0.9913105701433353-0.12614133970891356j),(-1.764524724445992e-05-1.849648298138651e-05j),197400000
(0.9918470760320839-0.12628506606926j),(-1.5538126129365367e-05-4.6076859265319187e-05j),197500000
(0.9913052001199042-0.12696126885184497j),(-9.972619719824139e-06-3.142759758653495e-05j),197600000
(0.9914419509866254-0.12709123663272992j),(-2.9216361808774567e-05-5.370388129581372e-05j),197700000
(0.9916704119159574-0.12660644872626978j),(-4.039642391391814e-05-1.9238943998038733e-05j),197800000
(0.9908664603668158-0.1279517722292035j),(-3.8104308988693735e-05-4.587826941517385e-05j),197900000
(0.9914885743155799-0.12777926520848687j),(3.6338548739830976e-05-1.3379436490823007e-05j),198000000
(0.9922784384095449-0.12729234154749203j),(3.112104471842289e-05-3.43916207954225e-05j),198100000
(0.9921100244103277-0.1274368699267453j),(2.9049292014865833e-05-3.760424581221449e-05j),198200000
(0.9916240666816755-0.12777572682642838j),(-4.211151103596188e-05-1.3116294912863503e-05j),198300000
(0.9915947599665703-0.1275423549264351j),(-5.5241183588893594e-05-2.7434705429101247e-05j),198400000
(0.9915478259267723-0.12786662048498665j),(-4.9928539033439886e-05-2.686795187688924e-05j),198500000
(0.9921440804436913-0.12775197359889753j),(-2.628019587315532e-05+5.723566423755373e-06j),198600000
(0.9915904998205004-0.12832951143329038j),(-1.9136244337669652e-05-1.6351465336301387e-06j),198700000
(0.9921679590654451-0.12813892010452366j),(-2.7963515739895943e-05-4.910904887836e-05j),198800000
(0.9910214433609715-0.12833185984774598j),(-4.072417945010673e-05-6.390751462312884e-05j),198900000
(0.9916779032829094-0.12817361160618806j),(-5.848264535335289e-05-4.680087586640818e-06j),199000000
(0.9909710867842255-0.12866522640088526j),(-8.370569723220716e-08-1.6963597016961045e-05j),199100000
(0.9922423991205688-0.12854593616431262j),(9.300928701876492e-06-1.7218198184416062e-06j),199200000
(0.9909257976369851-0.12860831326499242j),(2.4285360846193365e-05-1.49723256200961e-05j),199300000
(0.9920565380189205-0.12874023189143582j),(3.8372334701550985e-05-4.085794676592312e-06j),199400000
(0.9917111434592786-0.12871447040775866j),(-2.5537414848990107e-05-1.039202432255521e-05j),199500000
(0.9915638471141013-0.12853999211944336j),(-3.2693465763974454e-05-3.775161858899628e-05j),199600000
(0.9911837290814957-0.12890806120525647j),(-2.55304928482228e-05-6.380745033651254e-05j),199700000
(0.9917061167643111-0.12916720986162825j),(6.273433256518708e-06-1.8679074000597766e-05j),199800000
(0.9917359757067146-0.12949747946324808j),(-2.3558888411061192e-05-5.1200601465910834e-05j),199900000
(0.9913699079329639-0.12908418127909216j),(2.381828296172868e-05-4.355535060689054e-05j),200000000
(0.9920666460418561-0.129435611805087j),(2.8886824640347233e-05-5.6498423655635835e-05j),200000000
(0.9916774490488942-0.1294696214144152j),(-2.8991599463337494e-05-4.247801642987193e-05j),200100000
(0.9920703099588333-0.12931315804135426j),(-3.8273585996409326e-05-2.6763975652005083e-05j),200200000
(0.9912706129261959-0.12926354203216991j),(-1.0015244742117612e-05-4.043211179517067e-05j),200300000
(0.9913171337020343-0.12961186355498952j),(1.2368642684152488e-05-1.0152194718162957e-05j),200400000
(0.9907557596578839-0.12990420645647954j),(-6.452478311682942e-06-2.153360595604281e-05j),200500000
(0.9918648406461675-0.12994943824711136j),(-4.590139840530734e-05-7.081150065214258e-05j),200600000
(0.9913767575873627-0.13052649287546464j),(-8.768382005647053e-06-9.282856861582485e-06j),200700000
(0.9911358366939109-0.13026835869574635j),(4.300848252115037e-05-1.4516603635910464e-05j),200800000
(0.9909495682851502-0.13013630981970564j),(1.4841527915697697e-05+1.7011518704871034e-05j),200900000
(0.9918288788669806-0.13039855371224016j),(-3.8338637003704086e-07-1.7943736721818073e-05j),201000000
(0.9910989726786655-0.13048951554833105j),(-4.5290927585363956e-05-2.8355082463199205e-05j),201100000
(0.9913021360248129-0.1311270503914686j),(-1.7512614201150464e-05-8.594286374871968e-05j),201200000
(0.9913658267077143-0.13067571379416437j),(4.673373713392334e-05-8.184136532352126e-05j),201300000
(0.9913124006123728-0.13108188077307364j),(2.7808226323183858e-06-6.092910146094515e-05j),201400000
(0.9912311327282739-0.13150507866077296j),(3.628634407695799e-06-7.311623429628514e-05j),201500000
(0.9908592935820426-0.1307899283704417j),(-5.517935868827154e-05-5.30951310810686e-05j),201600000
(0.991951537572856-0.1314132718664169j),(-4.48717047850767e-05-4.5020943559302833e-05j),201700000
(0.9919361251820158-0.13138385732460303j),(-1.4780590981487513e-05-2.542891870679947e-05j),201800000
(0.9906497015193769-0.13117364505853588j),(-1.1586351112220621e-05-3.3887527682491665e-05j),201900000
(0.9921994795135751-0.13149216283055212j),(3.5928230072769887e-07+9.121522332994487e-06j),202000000
(0.9915579761982192-0.13172690611488597j),(-3.0105873124819682e-05-4.2375667644728965e-05j),202100000
(0.9915329073317746-0.13181575135136775j),(-2.905241840787407e-05-1.7782205558117166e-05j),202200000
(0.9909948123504981-0.1320815890935759j),(-2.9370793275697255e-05-3.208680168384968e-05j),202300000
(0.9910035626838729-0.13176642998948582j),(-2.7971111109637245e-05-2.4175461509859572e-05j),202400000
(0.9917637583931305-0.13169216601754413j),(5.089617124131282e-07+4.3519915844417964e-05j),202500000
(0.9919514515194616-0.13185300574408215j),(-3.884262925888482e-05+7.596498384348385e-06j),202600000
(0.9911648330287847-0.1322913449527948j),(1.2623521540844299e-05-6.629594736796637e-05j),202700000
(0.9912751640293614-0.13218311034952365j),(4.6178137336485274e-05-6.182627771889186e-05j),202800000
(0.9917273977543625-0.13294403978498653j),(5.3041947657703675e-06-3.910377801290613e-05j),202900000
(0.990042076641327-0.13233653026823403j),(-4.372745952783738e-05-4.466832820676064e-05j),203000000
(0.9906840806872751-0.13243154083845504j),(-2.6032629619514688e-05-4.1061849512733615e-05j),203100000
(0.9905399358013796-0.13242586540803908j),(-4.158709904055769e-05-2.5440022094929948e-06j),203200000
(0.9910560344966215-0.1324933827060545j),(-3.99230316152119e-05-5.903278234851432e-05j),203300000
(0.9905845877677277-0.13240319339508977j),(-4.5052486090894094e-05-2.2827794918452782e-05j),203400000
(0.990509808650378-0.13293396012902126j),(4.806759097085574e-06-6.392831248198981e-06j),203500000
(0.9902990592939858-0.13321748102821598j),(-7.992742241079582e-06-3.078576945469734e-05j),203600000
(0.9911367277730003-0.13372059080768148j),(-2.8466840065722475e-05-3.196622781460122e-05j),203700000
(0.9912960724018149-0.133397189012129j),(3.2400628346422494e-06+9.044283131430971e-06j),203800000
(0.9897033434682823-0.13363675632433797j),(1.3847096356787608e-05-4.642918797897832e-05j),203900000
(0.9906439017352692-0.13357583491442515j),(-6.408829051583456e-06-2.2134770823220183e-05j),204000000
(0.9899070757826066-0.13347304928567733j),(-7.954878079336171e-06-1.550732968247679e-05j),204100000
(0.9907870753303617-0.13350298183037584j),(1.7038192892417966e-05+1.9615574971241126e-06j),204200000
(0.9909437573830707-0.13334162703077165j),(2.49782311879213e-05-2.9441292572165982e-05j),204300000
(0.9901755229551682-0.13374518466291901j),(-1.476235767169259e-05-6.142755521037592e-05j),204400000
(0.989890285887493-0.13411525177324216j),(-3.041465416174291e-05-2.3786023677361533e-05j),204500000
(0.9900910759957259-0.1340417473180285j),(4.355064232364475e-05-1.0527355263838136e-05j),204600000
(0.990878894962346-0.13411947922203193j),(-2.0313512322826558e-05-6.424026447476654e-05j),204700000
(0.9906469881054067-0.13464753301663213j),(-4.99253061507665e-05-5.089833932665599e-06j),204800000
(0.9908322771065194-0.1340481042931274j),(-1.4740055127720918e-05-3.33058552869629e-05j),204900000
(0.9900053571867111-0.1341018179854931j),(-1.2929275678576815e-05-2.1070910961799043e-05j),205000000
(0.9908639602249003-0.13461326574458865j),(1.5382924280739096e-05-5.301522254571807e-06j),205100000
(0.9912973396964274-0.1348602828618057j),(2.7228357503952238e-05-1.3787066435859403e-05j),205200000
(0.9909129376020159-0.1346615291974729j),(-1.4270620022850934e-06-1.4302549872597184e-05j),205300000
(0.9904362107249786-0.13488410143959897j),(-3.16766702655019e-05+3.1503115033327834e-05j),205400000
(0.9913958357794744-0.13453909698852093j),(-5.104922763298371e-07+7.617514505373017e-05j),205500000
(0.9905962750505062-0.1348561036504093j),(8.103529358574943e-06-1.5468245583821042e-05j),205600000
(0.9912924901718724-0.13503321378203195j),(-2.2712448891954585e-05-2.4373024003959436e-06j),205700000
(0.9898614862745759-0.13550371725704513j),(-2.9442606946356866e-06-2.210745013545337e-05j),205800000
(0.9907204986387498-0.13568456544039906j),(-1.818179133949084e-05-2.6862615609959674e-05j),205900000
(0.9902807709355473-0.13581287650407134j),(-2.00147489504986e-05-2.5731527149517605e-05j),206000000
(0.9910370766020112-0.13561262489585665j),(-7.412555954332198e-06-9.713571913678938e-06j),206100000
(0.9900973003879237-0.1357797430796821j),(-2.714614169427753e-05+9.550476229140158e-06j),206200000
(0.9917170885941424-0.13579477840576476j),(-1.7156253827028982e-05-3.052441427353186e-05j),206300000
(0.9897937246659751-0.13567229835066266j),(-4.8128243128410515e-05-5.1669597951562914e-05j),206400000
(0.9905408962274422-0.1356223533854235j),(-4.1355290017223744e-05-5.571268243164964e-05j),206500000
(0.9901426361490993-0.13571094663160424j),(-5.4417350425227685e-05-1.10053991729072e-05j),206600000
(0.9893726132272593-0.13580269601767786j),(1.3077085394184876e-05-1.3191134632754287e-05j),206700000
(0.9909634765903318-0.1364184248838242j),(3.2622792822646645e-05-3.210552196879975e-05j),206800000
(0.9907237746817658-0.13633282586776557j),(-4.399159016767085e-05-3.146658699693658e-05j),206900000
(0.9910490924905432-0.13649558735398581j),(3.7079868928673374e-05-1.66028379712063e-05j),207000000
(0.9896896308051475-0.13658750154411015j),(1.5671817465122997e-05-5.554395118164334e-05j),207100000
(0.9898865534651722-0.13671927941498205j),(-2.6450070229141627e-05-6.531353964215494e-05j),207200000
(0.990400087208997-0.1365761660603977j),(-3.352235009311835e-06-5.6318775294293065e-05j),207300000
(0.991207672957237-0.1365539656533216j),(-4.6364015976169123e-05-3.649242669581137e-05j),207400000
(0.9912933408361371-0.13683285020149288j),(-3.580884259723403e-05+1.8190226366586436e-05j),207500000
(0.9898197053872232-0.1368287793118368j),(-2.3215016428361147e-05-8.941285354791404e-06j),207600000
(0.9902782108712899-0.13734659753250536j),(-2.788796841444143e-05-4.086935731434035e-05j),207700000
(0.9902495064054389-0.1370695319111896j),(3.12908121274964e-05-3.761726718157184e-05j),207800000
(0.989376174515005-0.13667096446653915j),(-2.7464643000147244e-05-1.3937345811957089e-05j),207900000
(0.9903031711442659-0.13760028346314124j),(-8.499989446267223e-06-6.39758943825418e-05j),208000000
(0.9903502393255867-0.1375017689755272j),(-6.033573251329256e-05-5.038554582952378e-05j),208100000
(0.9907854293531348-0.13754499286117014j),(-1.45530073121793e-05-1.7877311063936055e-05j),208200000
(0.9906845573156597-0.13745031098409854j),(6.131450854281253e-05-5.02748129528948e-05j),208300000
(0.9903683710256279-0.1373730270875005j),(-2.120603899248212e-05-4.4545030692629075e-06j),208400000
(0.9898219909481061-0.137860463499711j),(-1.4376728067989092e-05+4.718976708137218e-06j),208500000
(0.9900524864249647-0.13748441766930197j),(-3.534000596281605e-05-1.1663611899743524e-05j),208600000
(0.9897236660969103-0.13770201331244186j),(-9.557920300705652e-07-5.228166856985278e-06j),208700000
(0.9901658062026041-0.13793846043377325j),(-8.60109095099994e-06-1.1830414923257264e-06j),208800000
(0.9906644634392874-0.1376030622024985j),(-1.0249826489962067e-05-1.5093081224839801e-05j),208900000
(0.9907268832297433-0.1383030691666485j),(-2.677589119126691e-05-3.0160819362826376e-05j),209000000
(0.9904592874293872-0.13802638119418995j),(-1.8753418296051756e-05-8.037388681578458e-05j),209100000
(0.9905232749469612-0.1388406287184306j),(-3.2489599510673e-05-3.09236750590793e-05j),209200000
(0.9905009599763415-0.13827628111778448j),(1.5823833557325575e-05-6.32601527954917e-05j),209300000
(0.9902293823503574-0.13873284828368646j),(-1.4533196275324498e-05-2.6505397821070568e-05j),209400000
(0.991098565117176-0.13897422198772355j),(1.6846524321386544e-05-2.0433445111152345e-05j),209500000
(0.9895346896739665-0.13852697249051038j),(3.276526389776127e-05-5.841674116665513e-05j),209600000
(0.9893288261428991-0.1388543642100309j),(-6.4438198418885785e-06-6.406208172162274e-05j),209700000
(0.9900220805899665-0.13889097371139397j),(-3.385950275754067e-05+1.87776402767025e-05j),209800000
(0.989197402057613-0.13932164354495602j),(-2.8600330577309654e-05-4.212819351879682e-05j),209900000
(0.9904115807796661-0.1391322560756547j),(-5.7570189581542074e-05-1.0488841711089296e-05j),210000000
(0.9899230138035543-0.13898268761850033j),(-2.493465814303576e-05-6.654742244623489e-05j),210000000
(0.9901584723422606-0.13881254299217485j),(-1.1660732768376393e-05-2.184086288397578e-05j),210100000
(0.9897799357653223-0.13949255707048458j),(-1.634842027306589e-05-3.7998802066747035e-05j),210200000
(0.9902465957785592-0.13928476608436052j),(-7.4749996488873475e-06-2.3949616739380056e-05j),210300000
(0.9898944470705733-0.13930911560752554j),(-4.588512067935061e-05-3.696650690798345e-05j),210400000
(0.9895024518553776-0.1400822395544006j),(1.532122102749932e-05-5.76209289087289e-05j),210500000
(0.9898942101340211-0.13985987527669097j),(2.190919508013034e-05-2.787410184943472e-05j),210600000
(0.9903600573118431-0.14005267561993026j),(2.4496483001240397e-05+2.1489698621992905e-05j),210700000
(0.9901096335065148-0.13975262283449943j),(-3.408680177979331e-05-4.3036818652152245e-05j),210800000
(0.9896162203718745-0.13991704230645655j),(-4.471912189191301e-05+1.3758701135399078e-06j),210900000
(0.9898251288505696-0.13983637658853723j),(-2.5649094543538828e-05-4.606385392341848e-05j),211000000
(0.9908219914617707-0.1399454762075794j),(1.7921715443308502e-05-4.965985765575613e-05j),211100000
(0.989943803716884-0.14028600499755434j),(-8.749637047081841e-06-3.685287712440862e-05j),211200000
(0.9903847229013172-0.14033981623985728j),(1.0542715009664955e-05-2.0972745333603933e-05j),211300000
(0.9906466412680992-0.14003886744448044j),(2.741568817578304e-06-5.8309570163725546e-05j),211400000
(0.9904288008477795-0.1404839896486495j),(-1.6891937264131068e-05-9.071712649114313e-05j),211500000
(0.9899839592073693-0.14059450964692385j),(3.4341763858617494e-05-1.5772431923726417e-05j),211600000
(0.9903190132840133-0.14072283021444035j),(9.596939118519958e-06-6.043655694323569e-06j),211700000
(0.9903826155964032-0.14103935168279874j),(-2.826647815840907e-05-6.261992691816922e-05j),211800000
(0.990317213603375-0.14089285864198903j),(-3.763374238565851e-05-3.1207867347644554e-05j),211900000
(0.9910900652978166-0.14105625742552255j),(-1.7031544925308365e-05+1.1506070615908628e-05j),212000000
(0.9899140391436231-0.14112948611662773j),(1.216408675341829e-05-3.607370759479972e-05j),212100000
(0.9889875042024723-0.14190145070196025j),(-6.376336454096e-06-9.454761953587128e-05j),212200000
(0.9885730295106635-0.1417999964131965j),(5.275295168540378e-06-6.633240478557682e-05j),212300000
(0.9884867184641928-0.1413710040585006j),(2.7645640328017215e-06-3.068946609755787e-05j),212400000
(0.9894707598019404-0.1414131263129434j),(5.347057178943986e-06-5.55181978337299e-05j),212500000
(0.9899260938664428-0.1414124981196424j),(2.609461835360886e-06-3.360318999766804e-05j),212600000
(0.9890884324083355-0.14174184203633347j),(-4.710139029189324e-05+4.543277648171042e-06j),212700000
(0.9892796051790724-0.14201212409846858j),(-3.086338944100698e-05-2.8734372369169997e-05j),212800000
(0.9900834199732691-0.141202877378603j),(3.1755172374476736e-05+1.042348618802591e-05j),212900000
(0.9898629451819999-0.1413278942725989j),(-6.22462444448581e-05-2.871594192112458e-05j),213000000
(0.9903972246896703-0.14172323176595172j),(8.43245250469681e-06-2.9574915033590855e-05j),213100000
(0.9894232379607969-0.14136890642910002j),(-2.110368880923274e-06-1.5721292545069486e-05j),213200000
(0.9890656516398938-0.14199170232363373j),(-1.6080403957778935e-06-6.209702895920058e-05j),213300000
(0.9889652974197589-0.14297618189972544j),(3.3880267528095535e-06-5.203516145310676e-05j),213400000
(0.989868819930356-0.14233845081441343j),(2.9455889226022394e-05-9.579504461349542e-06j),213500000
(0.9894801860095164-0.14215015836737516j),(4.994459318824246e-05-4.1699544103827594e-05j),213600000
(0.9898069722047094-0.1420859171382364j),(-4.882290323960792e-05-5.415116129037228e-06j),213700000
(0.9889109067432478-0.14256268117582765j),(-4.279648844584417e-05-2.9541435387347527e-05j),213800000
(0.9894564403226505-0.1424982916900128j),(-2.0648577433583492e-05-6.47098704074958e-05j),213900000
(0.9892643981559003-0.1430288267058102j),(-2.9400938913853315e-05-9.388604380469617e-05j),214000000
(0.98936755744782-0.14300268633169697j),(-3.3096645273596156e-05-1.8363784630982874e-05j),214100000
(0.9895666419857273-0.14234895882098061j),(-2.4204596483330194e-05+2.8749193645462907e-05j),214200000
(0.9887164096400745-0.1428441129027826j),(-3.762862424504656e-05-4.4760801272866646e-05j),214300000
(0.9883183773359331-0.1431686026965518j),(4.673750374405508e-06-7.064065551714716e-05j),214400000
(0.9890581470875173-0.14273219666042672j),(3.698580954784996e-05-8.311719474598378e-06j),214500000
(0.9891013048635134-0.14343370262298913j),(-1.7284389394512676e-05-6.757094910652222e-05j),214600000
(0.9896255699498636-0.1433133159074535j),(-1.695695889472921e-05-5.932896345392311e-05j),214700000
(0.989740625901101-0.14322631276039688j),(-2.8597026935361298e-05-6.093736038667381e-05j),214800000
(0.988938422139749-0.14290183159287134j),(-2.401992779207618e-06-3.960255529706169e-05j),214900000
(0.989168856055481-0.14404547850117516j),(-1.9663555015831516e-05+5.382152592603196e-07j),215000000
(0.9899702394781223-0.1438490943574101j),(-3.621397748382929e-05-2.8746037727375256e-05j),215100000
(0.9901373527754671-0.14341218708480785j),(-5.3973648349227455e-05-7.080323140605654e-05j),215200000
(0.9893284154342532-0.14343567683054959j),(-2.438155454458531e-05-8.498181340471915e-05j),215300000
(0.9890423570897313-0.14378324565961959j),(-8.673384619604349e-06-7.000105008205977e-05j),215400000
(0.9888298133107758-0.14363956186074137j),(1.9570975453186135e-05-4.848153972154706e-05j),215500000
(0.9889212812741102-0.1441536588231515j),(1.1954712029752515e-05+1.5766188816329462e-05j),215600000
(0.9891718430521768-0.14442400686557216j),(1.8445512679783972e-05-3.33386053692177e-05j),215700000
(0.9890112588747271-0.14414980284442758j),(1.3302422137047329e-05-4.404977346515744e-05j),215800000
(0.9897852541963911-0.14478714866796194j),(-3.7120422415409593e-06-4.932264606250866e-05j),215900000
(0.9891884542479132-0.14409747863233582j),(-4.4025039634285484e-05-9.284247586711254e-05j),216000000
(0.9892644520496616-0.14419523705182213j),(-6.0758164096233905e-05-0.00010496227810468944j),216100000
(0.9900379363515267-0.1447596755343973j),(1.6787060178077228e-06-1.2749682504231958e-05j),216200000
(0.9894746575038857-0.14434342783967255j),(-9.906204876659586e-06+7.270179273501994e-06j),216300000
(0.9886098506233958-0.14506589676842474j),(1.3831258609066924e-05-3.287463966758544e-05j),216400000
(0.9898792022574165-0.14491163572575022j),(-4.889282876971787e-06-3.852853518500669e-05j),216500000
(0.9896800570132891-0.1444451122026548j),(-2.399808521908478e-05-2.4635283188790967e-05j),216600000
(0.990040129418378-0.14535065649808643j),(-2.4190843032008003e-05-1.705070723205028e-05j),216700000
(0.9894884226558515-0.14535448675677815j),(-4.4999366482947356e-05-3.646955762983628e-05j),216800000
(0.9891249223075308-0.14488511484184805j),(-1.1440852835501688e-05-9.980608689219241e-06j),216900000
(0.9890102460842355-0.1452637131937702j),(-3.359592664556169e-05-1.1964570639029227e-05j),217000000
(0.9895613997487842-0.14573692133487068j),(-9.521496026573869e-06-2.240929758439676e-06j),217100000
(0.9890759122598487-0.14525653906901784j),(-1.4612219899670064e-05-5.665925810062318e-06j),217200000
(0.988498822366392-0.14585491283857055j),(-2.9821822085572737e-05-3.640464721539879e-05j),217300000
(0.9883811589813504-0.14590803659061177j),(-4.8708619978419916e-05-8.630314291012272e-05j),217400000
(0.9894187557040618-0.14565092054806728j),(1.222842025378283e-05-3.505370425950249e-05j),217500000
(0.9894684849688585-0.14579383912998067j),(-4.5683926757222304e-05-1.3419509618996603e-05j),217600000
(0.988519507743652-0.14637400255679453j),(-2.5831944009701454e-05-6.8891252420806e-05j),217700000
(0.9883791550929661-0.14538206220167968j),(-1.8986424420911906e-05-4.632852924439178e-05j),217800000
(0.9884668045510558-0.14588778881776274j),(-3.508626263465139e-05-8.60794558559915e-06j),217900000
(0.9896242924319099-0.14582347568642867j),(-1.964065325767268e-05+1.3970521552823661e-05j),218000000
(0.9887484159934992-0.14604194042620927j),(9.930419225729128e-06-3.770857717554266e-05j),218100000
(0.9891185439281269-0.14622785591591878j),(-2.4324422771075416e-06-4.946297089156531e-05j),218200000
(0.9893846458721842-0.14637394211638333j),(-4.946146366174493e-06-5.1019962934099585e-06j),218300000
(0.9886636861849994-0.1460672662678992j),(4.885282835571132e-06-2.604817394758127e-05j),218400000
(0.989084968861031-0.14697207205807092j),(1.7848319046583527e-05-4.404087133054735e-06j),218500000
(0.989469743785134-0.14671658183784386j),(-6.576407733728304e-05-5.940725849965246e-05j),218600000
(0.9885658943892665-0.14703636418369553j),(-2.6293155691507823e-05-5.965842716338729e-05j),218700000
(0.9886719121479168-0.14723257143034002j),(-6.010428601630612e-06-3.7607160842732085e-05j),218800000
(0.9887913987780809-0.14618966527161276j),(-1.6470203929696734e-05-1.8738440738444627e-05j),218900000
(0.9884417173652081-0.14702844119179326j),(-2.4221057613207015e-05-5.999833656173574e-05j),219000000
(0.9886649105910598-0.14748003379910624j),(1.904674310854309e-05-1.7411842894427405e-05j),219100000
(0.9889870440634698-0.14669634695137j),(-3.0731577547400205e-05-5.4895738460670247e-05j),219200000
(0.9886518578211977-0.14712446740991356j),(-4.864317803337899e-05-1.9524368407491852e-05j),219300000
(0.9887491335684381-0.14710419223947763j),(-2.5266239670794423e-05+2.2314722925893905e-05j),219400000
(0.9885396127592464-0.1473768458026179j),(1.60970396546046e-05-3.213441983412062e-05j),219500000
(0.9877277176869251-0.14677050525535737j),(-6.979689589593206e-06-5.83238291723779e-05j),219600000
(0.9882657507038489-0.147837570682611j),(-3.922299497902007e-05-6.934529401168231e-06j),219700000
(0.9884585197452466-0.14723788662654427j),(-3.95846833943639e-05-1.0061861117848168e-05j),219800000
(0.9887805911219738-0.1477481693003794j),(-1.2054889477007106e-05-3.0201366226245186e-05j),219900000
(0.9888727007178084-0.148152222934871j),(1.561191812719014e-05-3.89823645632708e-05j),220000000
(0.9887302849504553-0.14786468641988304j),(-1.4063650808283084e-06-5.753563760574342e-05j),220000000
(0.9882836236660341-0.14769026563303078j),(-1.2912353490613496e-05-4.509240292027107e-05j),220100000
(0.9885351115590504-0.14775031843947023j),(1.7640462725044673e-05-6.566477712981456e-05j),220200000
(0.9877648932699825-0.14795302532498972j),(-9.96330062115573e-06-5.3639783811847945e-05j),220300000
(0.9879426681786507-0.14748964148839358j),(-1.5305563265136094e-06-2.0238612730120956e-05j),220400000
(0.9882034480927803-0.1483322704426867j),(1.47181434020704e-05-6.354736911706231e-05j),220500000
(0.9884787392984656-0.14769915347001153j),(-6.435654638320061e-06-5.38531521286281e-05j),220600000
(0.9881585343193671-0.14788282735026345j),(-1.9668596379085874e-06-7.297775717618205e-05j),220700000
(0.9882756441755446-0.1483958756406424j),(1.6835333014465962e-05-4.071175159528802e-05j),220800000
(0.9892570751837786-0.14857083504569008j),(-1.197211935407216e-05-1.5308297818649753e-05j),220900000
(0.988586317131716-0.14863867292538116j),(-3.252185489744323e-05-4.882476794069555e-05j),221000000
(0.9888778101510607-0.14842916355157024j),(-3.632086994720789e-05-5.716295987593507e-05j),221100000
(0.9882240360163492-0.14842617208450973j),(-2.4927769089975865e-05-1.9134011191360498e-05j),221200000
(0.9882772298086175-0.1486426773279041j),(-3.385514426824479e-05-1.8110207253232674e-05j),221300000
(0.9887322567220075-0.1489237772025689j),(-3.225787124830427e-05-1.537642532024386e-05j),221400000
(0.9885591581274374-0.14839232921810755j),(-1.5915617126215255e-05-5.9180186562972366e-05j),221500000
(0.9889163366279152-0.14901924487235182j),(-4.147454907410144e-05-4.959478696521914e-05j),221600000
(0.9877344539441855-0.14860490852957373j),(-2.3195170623351586e-05-5.4239504224959976e-05j),221700000
(0.987601880251186-0.14867194514256973j),(7.208610656217166e-06-3.509142808500323e-05j),221800000
(0.9884637764488635-0.14917243559973523j),(-1.7619701745032846e-05-3.155656428017261e-05j),221900000
(0.9887054845222463-0.14913637952413242j),(-1.8238450309414374e-05-3.501171518246695e-05j),222000000
(0.9886092019272772-0.14932433627386282j),(-1.5002769129717514e-05-5.502386417238471e-05j),222100000
(0.9875911219365999-0.14940351359081014j),(-8.039376269565609e-05-1.1559722804333402e-05j),222200000
(0.9876955592511782-0.14943794337150287j),(-2.0337760557734486e-05-6.43896701565044e-05j),222300000
(0.9876555971486994-0.1496428654701707j),(-3.822652907992116e-05-3.0473227464093914e-05j),222400000
(0.9890522084367128-0.14957693905185737j),(-1.643926443856288e-06-1.810602469613766e-05j),222500000
(0.989025746914191-0.14917643201534475j),(5.4092120436262915e-05-4.548368320752097e-05j),222600000
(0.988513139710067-0.15001308350388723j),(-2.92176569326023e-05-5.015778257080073e-05j),222700000
(0.9877954347552724-0.14973782158157373j),(-6.2119870010345926e-06-1.1798119010324276e-05j),222800000
(0.9885446230106846-0.14995305016047375j),(1.2367788110623874e-05-2.7635158492234083e-05j),222900000
(0.9879497174077745-0.14939670107516856j),(-1.0662853423983584e-05+5.535507226415062e-07j),223000000
(0.9877504521011111-0.15071139967284475j),(-4.8641559525204303e-05-4.427289887471615e-05j),223100000
(0.9886281381918596-0.15003842097959208j),(-5.593982931276958e-05-2.5285261514327127e-05j),223200000
(0.9884635113888011-0.1500610232598939j),(-1.2441401693178796e-05-2.3219107665318534e-05j),223300000
(0.9879314468615337-0.1495275127069427j),(2.1485431903861584e-05-1.852173593045732e-05j),223400000
(0.9878140254947111-0.14996022533048664j),(-1.0725517694433315e-05-4.6612785821212504e-05j),223500000
(0.988090080531034-0.15036195041191813j),(-1.9040411243609943e-05+1.2574445030351724e-05j),223600000
(0.988048171546741-0.1509724895590641j),(1.0303787181819665e-05-3.422318950104784e-05j),223700000
(0.9882013368568691-0.15018197023154828j),(-6.019785676323468e-06-3.636260465693534e-05j),223800000
(0.9880885538907095-0.15019130439587325j),(-7.599056655656919e-05-5.250867448503913e-05j),223900000
(0.9893291831561705-0.15021634237330386j),(-4.4388297232529994e-05-4.653197386786547e-05j),224000000
(0.9893881494248691-0.15064537591938182j),(-3.902018002873527e-05-3.0279371898317832e-05j),224100000
(0.9884872096750307-0.15056905339881274j),(1.6579348807491654e-05-5.407169930117031e-05j),224200000
(0.9882298680959973-0.1508319262982027j),(-1.5963332976738748e-05-4.7249450685973656e-05j),224300000
(0.9879147311917617-0.15028974325344083j),(-1.3855816073935835e-05-5.933908724350837e-05j),224400000
(0.9877217044052589-0.15069053899622592j),(-4.125915077733146e-05-9.93473800879728e-05j),224500000
(0.9886396255466433-0.1513258522774216j),(-2.723659315039829e-05-6.78329428027281e-05j),224600000
(0.9877350597405516-0.15157177810527844j),(-6.660191972036439e-06-6.883702432750539e-05j),224700000
(0.9886663731346085-0.15149452293088783j),(-8.725040129015248e-05-9.0859991677168e-05j),224800000
(0.9886937784533433-0.1510520749446449j),(-9.46472752929338e-05-6.66655872502505e-05j),224900000
(0.9886184191646207-0.15131032512213302j),(-4.6031417722335604e-05-1.1958140606413475e-06j),225000000
(0.9880207885360125-0.15107084915520816j),(-1.408087735034905e-05-2.1362150112901015e-05j),225100000
(0.9881697320107328-0.15246330310929632j),(-5.565205122696934e-05-2.7436144549145612e-05j),225200000
(0.9885870218955085-0.15160339934706607j),(-4.407981677163218e-05-2.9505399258288533e-05j),225300000
(0.9874798691557498-0.15199657111116965j),(-2.055452034635974e-05-2.89570989869538e-05j),225400000
(0.9878342411565161-0.15193933253247704j),(-4.446657265332199e-05-0.00010250087116263924j),225500000
(0.9885363704855773-0.1512798238835285j),(-2.8784953471268662e-05-3.868033942990269e-05j),225600000
(0.9878794578344331-0.15163065584178265j),(-3.46360225492556e-05-6.808201412881628e-05j),225700000
(0.9877797151749758-0.15270114264761708j),(-1.5951322345315245e-05-2.1891225252122738e-05j),225800000
(0.9881216318351719-0.15164962798159654j),(-1.7685971965773733e-05-5.934246245920028e-05j),225900000
(0.987885694292138-0.15221829164943257j),(-3.4511796300906794e-05-4.711665199092084e-05j),226000000
(0.9874633432936764-0.1517671200589895j),(-4.266792796198426e-05-2.6832043812068976e-05j),226100000
(0.9880570790869112-0.15148979735089185j),(-4.2663409247431294e-05-1.2422911740653454e-05j),226200000
(0.9883939093068298-0.15295579729578485j),(-5.5127458822679695e-05-5.367463454870064e-05j),226300000
(0.9878356128204324-0.15241946394537984j),(-3.168666546356855e-05-7.009167843062599e-05j),226400000
(0.9876956140612488-0.1528911764718279j),(-3.9228296048311995e-05-3.648162162233119e-05j),226500000
(0.9879733419131373-0.1527596951574766j),(-4.78252006719704e-05-4.260725440332545e-05j),226600000
(0.9875932599733509-0.15228760657023763j),(-4.179049475803805e-05-3.6075923777114105e-05j),226700000
(0.9884610474739878-0.15294131295078942j),(1.1877991246522589e-05-8.131143609558035e-05j),226800000
(0.988200805857916-0.1525551049569087j),(-2.4958237687446027e-06-8.158614638885307e-05j),226900000
(0.9874687731662615-0.15254477407082262j),(-3.297891602860836e-05-3.156537504141669e-05j),227000000
(0.9873930331081813-0.1532306093965809j),(-1.963713124661271e-05-4.4320649531836075e-05j),227100000
(0.9877088334816393-0.15292979805575996j),(-7.392535896014525e-05-8.706414391470363e-06j),227200000
(0.9879531434295674-0.15319682643752552j),(2.8620426710588597e-06-8.127121045416152e-05j),227300000
(0.98843603298572-0.15346975199745114j),(-1.124813192665049e-05-9.501291774259365e-05j),227400000
(0.9883178191968465-0.1533060079151797j),(-3.046991933305164e-05-8.662971305926537e-05j),227500000
(0.9872826611544477-0.15341351905022046j),(-1.3696083210247097e-05-8.416660089499329e-05j),227600000
(0.987773423158891-0.15413744302587642j),(4.00490484355204e-05-1.0491268820699358e-05j),227700000
(0.9875733552888231-0.15367516220658822j),(1.4652964402269035e-05-4.2646028559088076e-05j),227800000
(0.9876911839672518-0.15339006070614525j),(-2.3995308597167934e-05-6.099864045184929e-05j),227900000
(0.988619571969667-0.15329041115048742j),(-2.3377372022286458e-05-5.2782493091620185e-05j),228000000
(0.9875796463060407-0.15360386411550672j),(-3.077727314811646e-05-9.815949854877183e-05j),228100000
(0.9878378449445838-0.15342810336621038j),(-4.716274155292925e-05-4.772043142622152e-05j),228200000
(0.9880210365079228-0.15393711050372214j),(-2.242489053821826e-05-4.6846814697193644e-05j),228300000
(0.9888518620690054-0.15399164038712762j),(-2.960319107879095e-05-1.9362507786138765e-05j),228400000
(0.9872352345524189-0.1536477122846501j),(-1.696332957206022e-05-5.826173805233697e-05j),228500000
(0.9876659608031944-0.1539154402030558j),(-8.207988570531683e-05-5.720447842331552e-05j),228600000
(0.9887627617307131-0.15382580645719282j),(-1.9269312554125242e-05-5.159779162922986e-05j),228700000
(0.9868417795114203-0.1542862485045592j),(5.199042013566256e-06-8.502787443078566e-05j),228800000
(0.987641591848245-0.1548077140100383j),(-2.1359306995634436e-05-5.8524745060077643e-05j),228900000
(0.9873759936092882-0.15478314946744334j),(-7.433844730011206e-05-0.00011246715196983357j),229000000
(0.9875422833415661-0.15442427446313456j),(-2.9113063231118547e-05-8.812286097700312e-05j),229100000
(0.9877662868125198-0.15429206422563288j),(-2.3218173055811042e-05-3.186890265526648e-05j),229200000
(0.9873788093423017-0.15388182991791427j),(-6.202635735260709e-05+1.9782463915479926e-05j),229300000
(0.9874034012109479-0.15450612328427812j),(-5.764029722406423e-05-2.0453430015215522e-05j),229400000
(0.9875918446074905-0.15444085340758262j),(-1.8998913731600833e-05-8.785777871735428e-05j),229500000
(0.9877846420878916-0.1548221712927401j),(-3.441834211405738e-05-6.628143410338622e-05j),229600000
(0.9878280803557198-0.15569974967221897j),(-8.166095779138153e-05-8.696708969408585e-05j),229700000
(0.9874723412107349-0.155198009050818j),(-3.266575532173874e-05-5.068023704753474e-05j),229800000
(0.9870555808609837-0.15444528374608635j),(-3.7693540779484614e-05-4.074713916523687e-06j),229900000
(0.9871325341537438-0.15620451998759832j),(-0.0001047508350853167-3.107403794516391e-05j),230000000
(0.9870999172849858-0.15630386483508718j),(-6.81013090283679e-05-5.369186046302407e-06j),230000000
(0.987758073564496-0.1552874259339997j),(-3.860673622784928e-05-6.873756966682339e-05j),230100000
(0.9875697446726182-0.1551667573516236j),(2.1367033890706063e-06-0.00010274494999745167j),230200000
(0.988208038948534-0.15582914143725185j),(-8.041768306514064e-05-3.0383953228808882e-05j),230300000
(0.9874774709142579-0.15516010615097237j),(-2.2131110843650477e-05-4.543160690288032e-05j),230400000
(0.9878850051873522-0.15582223082090627j),(-3.122234797233452e-05-5.754649970043312e-05j),230500000
(0.988017095528171-0.15612574939651444j),(-8.43106247585888e-05-8.313078435710447e-05j),230600000
(0.9872908115170422-0.15547026924100255j),(-3.611092141220844e-05-0.00010378238218939578j),230700000
(0.9875329533936287-0.15568355681820245j),(-8.348651260974987e-05-3.25581287169699e-05j),230800000
(0.9870218393990892-0.15570641349708653j),(-6.204008030984239e-05-0.00011945479378909088j),230900000
(0.9869587226462664-0.15609835064146682j),(-4.6972070164808476e-05-6.039162217936002e-05j),231000000
(0.9877132206171573-0.15548209598621202j),(-2.234504294414682e-05-3.549848764658586e-05j),231100000
(0.9878050976910859-0.15615005609562052j),(-7.337509235675998e-05-5.418233385090166e-05j),231200000
(0.9886851702238412-0.1559675349810962j),(-3.6776795100361833e-05-6.479685516702242e-05j),231300000
(0.9871030637348961-0.15703996372832008j),(-4.7031206374898254e-05-0.00010248620118508737j),231400000
(0.9871584105374944-0.1566771557751997j),(-2.0520230227244648e-05-5.170614108011008e-05j),231500000
(0.9869973678114322-0.15657338491420972j),(-4.445419320394397e-05-8.814179504538281e-05j),231600000
(0.9872503275986478-0.15646574520386086j),(-8.173777740913203e-05-0.00010331389210510915j),231700000
(0.9871946298983164-0.15696738761094173j),(-5.270605558217136e-05-8.777954698268744e-05j),231800000
(0.9867274730523795-0.15650292968540577j),(-9.444258185538526e-05-4.91328073335046e-05j),231900000
(0.987547618030939-0.15655257028606764j),(-4.668639000346961e-05-4.254008854165548e-05j),232000000
(0.9872055490716736-0.1570650003348999j),(-7.110177538956066e-05-9.993151184402122e-05j),232100000
(0.9870815704654154-0.1567098657711832j),(-7.67288160062078e-05-7.443129955626683e-05j),232200000
(0.98714966668766-0.15670280539651452j),(-1.8017533724549488e-05-8.405217510653909e-05j),232300000
(0.987042048183543-0.15703510216771852j),(-3.569480674979516e-05-3.801425362480615e-05j),232400000
(0.9864270079102143-0.1567243370965735j),(-5.509414821805893e-05-8.409605625807013e-05j),232500000
(0.9877974975059963-0.15729159406607499j),(-6.922975870070211e-05-3.0644260133854954e-05j),232600000
(0.9876604150231462-0.15755285612003678j),(-5.683171068476962e-05-8.935064239339178e-05j),232700000
(0.9868128625484212-0.15680244526185466j),(-4.7892154992673205e-05-8.323114600510185e-05j),232800000
(0.9871867808558296-0.15765517404438212j),(-6.284700629627634e-05-9.61977676158297e-05j),232900000
(0.9871727127126606-0.15726854005577218j),(-4.614886937341719e-05-2.183024192820177e-05j),233000000
(0.9868612202939069-0.15789421494397046j),(-6.122525326132699e-05-0.00012097110944715421j),233100000
(0.9870488496729287-0.15770793667044788j),(-8.795258798263963e-05-3.74865293569908e-05j),233200000
(0.9869241088799947-0.15709865743142606j),(-0.00012295174706637867-6.287667061667231e-05j),233300000
(0.9865593269196553-0.15754594078597015j),(-5.7115359138267314e-05-8.632184109111105e-05j),233400000
(0.9869405788084668-0.1576634512352165j),(-0.00011153918534208522-5.8107727547529287e-05j),233500000
(0.9876337491661075-0.1587685241414821j),(-5.7451178186556225e-05-7.855789164783696e-05j),233600000
(0.9874045438399203-0.15749892503207918j),(-4.669335373815728e-05-4.3353273910731834e-05j),233700000
(0.9870471096425578-0.15825400600528353j),(-8.848454273111385e-05-6.138665435265263e-05j),233800000
(0.9876219777627196-0.15847690415064883j),(-6.490673273571176e-05-8.682435371678269e-05j),233900000
(0.9869274273721704-0.15867087402109678j),(-5.836668790694736e-05-8.8627346430672e-05j),234000000
(0.9870237691292074-0.1592134911708037j),(-3.3996074398307825e-05-6.97997330431109e-05j),234100000
(0.9866355109902191-0.15879979121426946j),(-4.710333187821569e-05-1.669258067779483e-05j),234200000
(0.9867736937866785-0.1587231332392217j),(-6.906848947120018e-05+2.824395991596062e-06j),234300000
(0.9869726601193287-0.15898425243076864j),(-5.960632240176808e-05-4.180108503119889e-05j),234400000
(0.9865916644474514-0.15823968562653845j),(-9.152253931790901e-05-6.291317495863024e-05j),234500000
(0.9867107414148202-0.15874222568766494j),(-4.314589914061332e-05-0.00012031528468010172j),234600000
(0.9870588497831205-0.15902053888453715j),(-4.886879065814866e-05-6.55103269400827e-05j),234700000
(0.9869114520631398-0.1586597998357718j),(-0.000154938633193685-6.513712123586703e-05j),234800000
(0.9865594215494455-0.1592473816363741j),(-5.6085581410858486e-05-1.8736623909681665e-05j),234900000
(0.9875643497194434-0.15874773327557698j),(-0.00011712307244690967-1.6054385406172355e-05j),235000000
(0.9872923995411986-0.1589726443858688j),(-8.19803463313785e-05-3.92926554084362e-05j),235100000
(0.9871520341113218-0.15904187711672135j),(-0.00011316239757919092-3.15157402755996e-07j),235200000
(0.986560830901323-0.15854818043432548j),(-0.00012862381817255045-5.636150324272375e-05j),235300000
(0.9859321796993151-0.159709566085575j),(-0.00010115088537276015-7.350704499246474e-05j),235400000
(0.9871286128189662-0.1596336185625914j),(-0.00010422984915403659-9.64437000071508e-05j),235500000
(0.9863160917277953-0.1591952428911752j),(-0.00010495216280192916-0.00011289906171038492j),235600000
(0.9867443954710906-0.1599683161209267j),(-6.233626197163165e-05-3.7360989267408105e-05j),235700000
(0.9859186988840473-0.15993546478056658j),(-7.013703888003786e-05-8.833468739750418e-05j),235800000
(0.986771626844526-0.15963752562906042j),(-0.00012281633935656407-3.406648082633854e-05j),235900000
(0.9860949782571785-0.15956089644615445j),(-8.830674670619905e-05-6.972896147576234e-05j),236000000
(0.9864774312084381-0.16043631771589598j),(-0.00011188292944319385-6.38262891528294e-05j),236100000
(0.9865591495242944-0.15999585368870986j),(-0.00011921589577003714-0.00010060343096377949j),236200000
(0.986510346230086-0.16018391473843757j),(-0.00013615876057361168-8.876060291878387e-05j),236300000
(0.9863969499149831-0.1604467757755335j),(-0.00014382521733236018-7.134441887987364e-05j),236400000
(0.9874837035861471-0.16040269421544268j),(-5.979013953888307e-05-3.0666848016793804e-05j),236500000
(0.9866541650811113-0.15953317370165498j),(-4.082195192924859e-05-4.902604322988175e-05j),236600000
(0.986841072925598-0.1607178501655124j),(-3.372025366454292e-05-7.122873059468266e-05j),236700000
(0.9867533105402262-0.16081453497846965j),(-0.00011046245256383737-3.4372463115468015e-05j),236800000
(0.9859250200996508-0.16003026986151486j),(-0.000170079668098961-4.581436308126812e-05j),236900000
(0.98590498520236-0.16074628610376235j),(-7.392497247318308e-05-3.20438546029254e-05j),237000000
(0.9861566570392629-0.161650455507174j),(-9.745794524813507e-05-9.76639233558458e-05j),237100000
(0.9862544766376704-0.1600489063568568j),(-0.00013493492603822973-7.5885601475617735e-06j),237200000
(0.9858436622386328-0.1611033622840048j),(-6.727186569573599e-05-4.4197189157273514e-05j),237300000
(0.9865520029865489-0.16111751940346447j),(-0.00012368613923433703-4.616632447631358e-05j),237400000
(0.9858022283332982-0.16074544045109407j),(-0.00015334491683253993-5.089884147364918e-05j),237500000
(0.9861551321110517-0.16104328496707074j),(-0.00014747923860777774-8.532643220810777e-05j),237600000
(0.9858720307362054-0.16119701367150213j),(-0.00011908167254779607-5.251736341346278e-05j),237700000
(0.9861988395837624-0.1609776415865079j),(-0.00013856127473032363-4.987827500796852e-05j),237800000
(0.9864560944151353-0.16102948268471273j),(-7.469227369410722e-05-3.1228629867431934e-05j),237900000
(0.9857036395635435-0.16167746795219115j),(-6.257331637490566e-05-4.7322751672596865e-05j),238000000
(0.9864692519688376-0.1606926920270611j),(-0.0001580164669650101-4.2660871881099526e-05j),238100000
(0.986740406693273-0.16146107926657022j),(-0.00016089619762773246-3.273331681700646e-05j),238200000
(0.9863883685602975-0.16170079242871677j),(-0.00013675378410188578-6.538699345505688e-05j),238300000
(0.986091383076225-0.16158854728908967j),(-0.0001102439115682481-4.229592861161462e-05j),238400000
(0.9855351696085948-0.16183345059033125j),(-0.00012026707890349441-1.8775045151066556e-05j),238500000
(0.9863544463587889-0.16149555492251533j),(-0.00015795237547624566-5.986891323833602e-05j),238600000
(0.9859051664058-0.16154005489527287j),(-0.00015573299954391542-5.968128328991775e-05j),238700000
(0.9852899030522245-0.16180521673727372j),(-7.350695071375726e-05-4.47360898253089e-05j),238800000
(0.9864322512181141-0.16230316919822066j),(-0.00012105264068520482-2.9494175668309413e-05j),238900000
(0.9859914935900386-0.16163588963878506j),(-0.0001406067607094077-3.537625284872282e-05j),239000000
(0.9857468143792548-0.16185834088989856j),(-0.00015292168104352784-3.0342452974199188e-05j),239100000
(0.9861682743339028-0.16258579594655778j),(-9.028085525485115e-05-2.5693392315727047e-05j),239200000
(0.9855221403846401-0.16174071287954003j),(-0.0001490340595014539-5.4890964373006484e-05j),239300000
(0.9864468226892347-0.16253352124467654j),(-0.00014757386881208978-2.9280963781226773e-05j),239400000
(0.9862868830475175-0.1623154144350777j),(-0.00013552193764204196+2.7204092979384116e-05j),239500000
(0.9858606514367273-0.16223300040433616j),(-0.0001326234148679166-5.076786340288116e-05j),239600000
(0.9862110346153387-0.1626860826831298j),(-0.00012374592516161496-3.317002495283131e-05j),239700000
(0.9855566862270784-0.1626330057435975j),(-0.0001244669924619799+2.596068773551581e-05j),239800000
(0.9860209436722873-0.16220129062504277j),(-0.00012771486979011327-3.9549806969937145e-05j),239900000
(0.9882644836821076-0.16318991291273627j),(-0.00010227087588680674+3.352589698303816e-05j),240000000
(0.9845318999977761-0.16341029876677005j),(-0.00010774243636310236+1.6547852645661327e-05j),240000000
(0.9846681785810294-0.1628866479083917j),(-0.00014759057494000572-2.1889486540567255e-05j),240111111
(0.9860905239698718-0.16266348474101705j),(-0.0001401533247690779+2.1249297463477443e-05j),240222222
(0.9856648973303671-0.16280506033517647j),(-0.00012445039305191777-1.9301435226900662e-05j),240333333
(0.9859249700673411-0.16285278874218725j),(-0.0001071265869692369+2.41433434797519e-06j),240444444
(0.986502469847219-0.16252552708916523j),(-0.0001647144703051898-4.454291600168838e-05j),240555555
(0.9859528776396698-0.16233496679208745j),(-0.00019602586024966068-9.86750980249109e-06j),240666666
(0.9858347054356577-0.1637056784506713j),(-0.00011656266668500686+1.3120020477016568e-05j),240777777
(0.986512319092711-0.16324552059508976j),(-0.0001497370289133751+4.768443421836247e-05j),240888888
(0.9856041281726727-0.1633865689014563j),(-0.00012116897895200907-4.403764290355787e-06j),241000000
(0.9857063614578592-0.16291611366612907j),(-0.00015608376908018425+2.15633723485118e-05j),241111111
(0.9862279600928486-0.16385708216123512j),(-0.00012833174256195008+9.43979455775245e-06j),241222222
(0.9858919322182548-0.16296733579915348j),(-0.00012386217867079832-7.773540920478697e-07j),241333333
(0.9853345281206183-0.16400476047271528j),(-0.0001310286223486151+5.421476224675459e-06j),241444444
(0.9862084521245329-0.16367176142171017j),(-0.000142129513483801+4.3433730467271586e-05j),241555555
(0.9852643788506195-0.16326964820260192j),(-0.0001337239142638664-1.358815486785407e-05j),241666666
(0.9853374371223976-0.16437315238351702j),(-0.00011974113710947928+7.797246975269242e-07j),241777777
(0.9859240689184297-0.16415134103212203j),(-0.0001159384117926154+1.4784855933115793e-05j),241888888
(0.9856051102291173-0.1645798897697007j),(-0.00016868691107183704+5.304277739445917e-06j),242000000
(0.9863811285687079-0.1647827070790062j),(-6.313302121122075e-05-3.4517861514526624e-05j),242111111
(0.9858267631100385-0.16439614847008602j),(-0.0001036349480081616+1.1296057097524091e-05j),242222222
(0.9851111313629867-0.16475941749043024j),(-0.00012034889796270256+1.996781475767276e-05j),242333333
(0.9858830971709553-0.16431108902997718j),(-0.00014189797915395514+4.550409076369778e-05j),242444444
(0.9853874146420194-0.16430430458313258j),(-0.00016411515659408644+4.487337368932916e-05j),242555555
(0.9858700705742864-0.16436870563463038j),(-0.00018762938913938546+6.46620171865609e-05j),242666666
(0.9857871038497725-0.16487192357045963j),(-8.887111298903426e-05-4.136374404310041e-06j),242777777
(0.9859516596434502-0.16421963774529838j),(-0.00010672225356882112-5.872081513810804e-06j),242888888
(0.9851162177760697-0.164360146268074j),(-0.00010965211018756395+1.8668301764723413e-05j),243000000
(0.986093383765465-0.16450086351519602j),(-0.00010006155972526205+1.0874641191508613e-05j),243111111
(0.9848896675648057-0.16520499184706622j),(-0.00014964259233235836-1.6418449697915713e-05j),243222222
(0.9855358110475122-0.16500452689385672j),(-0.00013493451952424062+5.8550497760179144e-05j),243333333
(0.9857940675499475-0.16491313301297175j),(-0.00014062065045805097-7.079382848800386e-06j),243444444
(0.9857366807215053-0.16486097207022898j),(-0.0001440136178111325+5.109047304581264e-05j),243555555
(0.9853792620406523-0.1650597228149935j),(-0.0001321604165065535+4.583503030292666e-05j),243666666
(0.9857564854818329-0.1653328895106751j),(-0.0001466249059744621+2.7050604213795482e-05j),243777777
(0.9858551193076186-0.1652150675396405j),(-0.0001201921841598778+6.391788776422764e-05j),243888888
(0.9859333442542546-0.1658839033738991j),(-0.000150323771891769+7.696438312792147e-05j),244000000
(0.9851688501280296-0.16543085002790886j),(-0.00010799386138522862+4.505119233738636e-05j),244111111
(0.9851747488287237-0.1662821129801779j),(-0.00015157298420649998+2.3818350795464493e-05j),244222222
(0.9854186279822711-0.16603683197625146j),(-0.00010109283327976076+1.980656303023869e-05j),244333333
(0.985491359706571-0.16565861925187633j),(-0.0001166407119074792+4.695843158124032e-05j),244444444
(0.9853891735826614-0.16621899453739328j),(-0.00017471036693362654+0.00010875743275359936j),244555555
(0.9856288405281457-0.16577479871983183j),(-0.00017570141420862067+4.454562344871715e-05j),244666666
(0.985263604066791-0.16571377570926754j),(-0.00014706782860713207+3.5430718609296964e-05j),244777777
(0.9850525817066886-0.16593030567419892j),(-0.0001591069769298098+9.38610299534314e-05j),244888888
(0.9847388419777596-0.16634400146643616j),(-0.00012534724594715833+3.290871369724881e-05j),245000000
(0.98461150422573-0.16618644163859453j),(-0.00013092706741838758+3.47661148394783e-05j),245111111
(0.9854553771347945-0.16654377355637448j),(-0.00011400925700337091+4.297363629898957e-05j),245222222
(0.9852686888295354-0.1658754505177888j),(-0.00013858179208328504+4.7363456273945954e-05j),245333333
(0.9856598670800055-0.16636227929343125j),(-9.166550100613366e-05+5.791447453081266e-05j),245444444
(0.9857513310639681-0.1661675147106195j),(-0.00014026239239764782+2.874320153208976e-06j),245555555
(0.9855358225458207-0.16637947521121962j),(-0.00010475405790759729+4.991357843272014e-05j),245666666
(0.9855491553175191-0.16691762297131582j),(-9.033923458403444e-05+6.60106244530672e-05j),245777777
(0.9849393683244394-0.167222367159013j),(-0.00010314157355415081+3.8578362239275016e-05j),245888888
(0.9853828449165214-0.1666719931711894j),(-0.00011639321060681313+5.956442263082249e-05j),246000000
(0.9854373411593391-0.16715016544954733j),(-0.00011191087190836524+2.311268843245892e-05j),246111111
(0.9853882444764317-0.16743809130542292j),(-0.00011478037662616088+4.995830182154696e-05j),246222222
(0.9856999318871222-0.1673536806782979j),(-7.068011240704764e-05+5.7908931300819606e-05j),246333333
(0.9858024227336947-0.16716643227032094j),(-9.571824691543633e-05+7.29187105679072e-05j),246444444
(0.9851170727872528-0.16736651231503546j),(-9.359911685341647e-05+6.025089039316044e-05j),246555555
(0.9853497184384101-0.16806556606709952j),(-0.0001329753343958093+2.2682934011130656e-05j),246666666
(0.9845467664754826-0.16809703535522164j),(-0.00012132243481632723+2.75012746986192e-05j),246777777
(0.985717151592199-0.16709888057897568j),(-0.0001181135993663955+9.239947479893656e-05j),246888888
(0.9848516029086777-0.16796505565140996j),(-0.00015147795407103793+7.822853547948889e-05j),247000000
(0.9856247255226275-0.16804819164498183j),(-8.359597592166579e-05+0.00010904482852119571j),247111111
(0.9851045738434223-0.16753628797785114j),(-0.00013418433889973637+8.871117516506958e-05j),247222222
(0.9855729137839668-0.16839524746979206j),(-9.58225198813247e-05+9.616781071371972e-05j),247333333
(0.9854533792018707-0.1678081035320395j),(-0.00011855390763650547+5.5814488733675496e-05j),247444444
(0.9847969926158492-0.16802551476261546j),(-0.0001671932450440953+4.637534421170453e-05j),247555555
(0.9853748754005457-0.16815122609908623j),(-9.98733246038298e-05+6.539645759751027e-05j),247666666
(0.9854367989654356-0.16767715999785088j),(-9.822849802354693e-05+4.492798328418296e-05j),247777777
(0.9850040467791659-0.16796778939614035j),(-6.470996398895045e-05+8.799912410224707e-05j),247888888
(0.9852267830654624-0.16806872091528047j),(-0.00010679527712894627+6.58144239041419e-05j),248000000
(0.9852973220162645-0.1687781975099369j),(-0.00011542641454641038+8.237956687854646e-05j),248111111
(0.9852964113275862-0.16873050618559046j),(-0.00012989075063901028+0.00011287016162806286j),248222222
(0.9851902483665177-0.16841348376061843j),(-0.00016731194103641701+0.00011098200999308218j),248333333
(0.9847367075173783-0.1686646488219479j),(-7.461118444730124e-05+3.5046914738267286e-05j),248444444
(0.9856557550234065-0.1685683387053424j),(-8.931201079144466e-05+6.948971603952758e-05j),248555555
(0.9853153641751248-0.16861668400796953j),(-0.0001096418995279281+3.3643200722785896e-05j),248666666
(0.9851751889197167-0.16846136353057298j),(-8.128806897052726e-05+2.4097052256075287e-05j),248777777
(0.984915961531765-0.16871755466605284j),(-0.00014462083387133711+7.945847877369529e-05j),248888888
(0.9853571082056084-0.16904554848287737j),(-8.554359298989957e-05+4.2022389485968304e-05j),249000000
(0.985037481128463-0.1686498997046377j),(-6.777564883002846e-05+1.7612726660791188e-05j),249111111
(0.9855776187557601-0.1691209112533743j),(-9.502810164678741e-05+7.175822273751163e-05j),249222222
(0.9848961021523407-0.16938174894489763j),(-0.0001307226263614178+6.312468285093557e-05j),249333333
(0.9845749890027922-0.16967268863412946j),(-0.0001025458859309987+7.365836780533184e-05j),249444444
(0.9842810926561354-0.1696465573665518j),(-8.77562661432146e-05+9.223306402831407e-05j),249555555
(0.9857016419620036-0.16999409050620679j),(-0.00012517158807407903+0.00010100655974173894j),249666666
(0.9849282255231788-0.16932882251206055j),(-4.922250545433399e-05+5.3979229767237665e-05j),249777777
(0.9847575676747272-0.16948232723613008j),(-0.0001250381847439644+9.97645676959709e-05j),249888888
(0.9844198964188542-0.16994089075319396j),(-7.56581638784334e-05+9.406152593015134e-05j),250000000
